,Time,Subtitle,Translation
0,6s,"[man] 
Drummers only tonight. Drummers only.","""NETFLIX 오리지널 코미디 스페셜"" 드러머만 입장 가능합니다!"
1,16s,Not bad. All right.,"괜찮네요
들어가세요"
2,51s,"Have you guys ever checked into
one of those newer hotels,","혹시 최근에 지어진 호텔에
가본 적 있으세요?"
3,54s,"like the W Hotel, like a sort of
very futuristic-looking hotel,","W 호텔처럼
미래 지향적으로 장식하고"
4,59s,"with like sort of white
shag carpeting everywhere?","여기저기 하얀 카펫을
깔아 놓은 데요"
5,1:02,"And for some reason, this is the music
that seems to be playing all the time.","뭐 때문인지 계속
이런 노래가 나오더라고요"
6,1:09,"What is this music?
Who-- who makes this music? It...","이게 무슨 노래죠?
누가 만든 거죠?"
7,1:13,"It doesn't seem to have
a beginning or an end.",시작이나 끝도 없고
8,1:18,It just pulses like this and...,계속 이런 리듬이죠
9,1:22,"I'm gonna do my impression
of waiting to check in to the W Hotel.","W 호텔에서 체크인을 기다리는 
상황을 보여드릴게요"
10,1:27,The front desk is right here.,여기 안내 데스크가 있고요
11,1:42,That's it. Thank you.,"이겁니다
감사해요"
12,1:47,I find jazz music problematic.,저는 재즈가 좀 어려워요
13,1:51,"I have no--
Nothing against jazz musicians.","재즈 뮤지션에게
감정이 있는 건 아니고요"
14,1:54,"I'm sure people enjoy it, but the problem
with jazz is that my mind--","물론 사람들이 좋아하긴 하지만
제 문제는 재즈를 들으면"
15,1:58,"I immediately think, ""This is jazz,""",노래를 즐기는 게 아니라
16,2:01,as opposed to really enjoying the song.,'재즈잖아'라는 생각이 들죠
17,2:03,"That's the problem I have, is it just--
Right away, I'm like, ""Oh, this is jazz.""","이게 제 문제예요
바로 '아, 재즈잖아'하는 거죠"
18,2:06,"My belief is that everyone here
has the same problem.","여기 오신 분들 모두
동의하실 거라 믿어요"
19,2:10,"And to prove it,
I'm gonna play some-- some real jazz.","그걸 보여드리기 위해
진짜 재즈를 틀어 드리죠"
20,2:15,"And when you find your mind wandering,",마음이 동요되면서
21,2:18,"when you feel like, ""Oh, I'm sort of
checking out a little bit, ""","나도 그런 것 같다는
생각이 드시면"
22,2:22,"just honestly raise your hand.
I'm gonna do...",솔직하게 손을 들어 주세요
23,2:26,I'm gonna do the same thing.,저도 그렇게 할게요
24,2:27,All right.,좋습니다
25,2:32,"Wow, this is great.",좋네요
26,2:39,Right here.,여기요
27,2:42,I lose it right here.,저는 여기서 그러네요
28,2:47,"That song, it goes on
for another five minutes.","이런 식으로 
5분 동안 계속돼요"
29,2:52,There's more...,계속...
30,2:54,"Now, I just played it. What's the melody?
What's the melody?","방금 틀어드린 거
멜로디가 뭐였죠?"
31,2:57,Gone. Right?,까먹었죠?
32,3:01,"Have you guys ever traveled
to another country?",외국으로 여행하신 적 있으세요?
33,3:03,"You know, some place like Italy or Brazil?",이탈리아나 브라질 같은 곳?
34,3:07,"And you watch TV,
and someone comes on to sing,","외국에서 TV를 보는데
어떤 사람이 노래를 불러요"
35,3:11,"and it's someone you've never
seen before, a total stranger,",생전 처음 보는 사람이죠
36,3:14,"and there's a huge crowd, like an arena,
screaming for this person.","체육관 같은 데서 수많은 관중이
소리를 지르며 환호하고 있어요"
37,3:18,"""Who is that guy?""",'대체 누군데 이래?'
38,3:22,"You know, it's a sort of... You know.",이런 거 있잖아요
39,3:32,And they're freaking out.,그러면 좋아 죽죠
40,3:37,And I want to talk to that audience.,관중에게 물어보고 싶어요
41,3:39,"I want to go to those crowds
in whatever language they speak, and say,","관중 속에 들어가서
그 나라 말로 물어보고 싶어요"
42,3:43,"""You guys, you're cheering for nobody.
There's...","'별 거 아닌 사람한테
환호하고 있군요'"
43,3:47,"This guy, no one knows who he is.""","'저 사람 누군지 
아무도 모른다고요'"
44,3:50,"You know what's a crazy song?
That circus song.","미친 노래가 뭔지 아세요?
서커스 노래예요"
45,3:52,You know the circus song?,서커스 노래 아세요?
46,3:55,"What a crazy melody. Who--
So, a person wrote that.","멜로디 미친 거 아니에요?
어떤 사람이 이걸 썼겠죠"
47,4:04,My thought is that...,제 생각에는...
48,4:06,"this guy--
This person wrote this song, right?",이 노래를 쓴 작곡가가 있겠죠
49,4:09,"And then, someone from the circus
was like, ""Oh, I like that.","서커스에서 일하는 사람이 듣고
'노래 좋네요'"
50,4:15,Would you mind if I used it?,'제가 좀 써도 될까요?'
51,4:17,"I'm starting this thing called the circus,
and I'm just gonna use it, you know...""","'이 노래를 서커스라고 하죠
제가 좀 쓸게요'"
52,4:21,"And the other guy was like, ""Oh, my God, please knock yourself out.
Whatever you want to do.""","그러면 이랬겠죠
'세상에, 마음대로 하세요'"
53,4:25,And the guy from the circus sped it up.,"서커스에서 온 사람이
이걸 빠르게 만들어서"
54,4:29,"And it sort of got used
at the circus so much",서커스에서 엄청나게 쓴 거죠
55,4:32,"that it got associated with it,",이제는 자연스럽게 연상 돼서
56,4:34,"to the point where
in whatever city they were in,",어느 도시에 가든
57,4:37,"people would go up to the guy
who wrote the song like, ""Hey, man.",이 작곡가에게 이렇게 얘기하겠죠
58,4:39,"I love that circus song.""",'서커스 노래 좋아요'
59,4:40,"And he'd say, ""It's not the...","그러면 작곡가가
'아니...'"
60,4:44,"It's not the circus song. I wrote it.""","'서커스 노래 아니에요
제가 썼다고요'"
61,4:49,Another type of music I find problematic,"제가 어려워하는
다른 음악은"
62,4:52,"is zydeco music.
I don't know what to do with it.","자이데코예요
이건 어떻게 해야 할지"
63,4:53,"I don't know what it--
I just can't connect to it.","모르겠어요
감도 안 오고"
64,4:56,I don't know what it wants from me.,내게 뭘 원하는지도 모르겠어요
65,4:57,"If I play zydeco music,
I just don't know what to do.","자이데코를 연주할 때
어떻게 해야 할지 모르겠어요"
66,5:13,"I don't-- I-- It's too silly to dance to, right? But...","춤 추기도 어색하고요
안 그래요?"
67,5:24,Blues to me...,블루스는 말이죠...
68,5:26,I picture...,이런 느낌이에요
69,5:28,"a street fair, like a beer fest.","비어 페스트 같은
거리 축제를 하는 거예요"
70,5:30,"You know, like outdoors during the day.",낮에 야외에서 하는 거요
71,5:32,And blues is kind of like...,블루스는 어떠냐 하면
72,5:35,"It's great for like 20 seconds,",한 20초 정도는 좋은데
73,5:37,"and then immediately, I want to--
I just want to go.",갑자기 그냥 가고 싶어지는 거죠
74,5:40,"Do you ever go to a show--
Have you ever been to a show",어떤 쇼에 갔는데
75,5:44,and felt sorry for the band?,밴드에 미안해진 적 있으세요?
76,5:46,"Because you're the only person there,
and, like, they could see you.","관객이 나 하나밖에 없는 거죠
연주자들도 나를 봤고"
77,5:49,"The band is there, and they brought
all their equipment,",자기 장비를 다 가져와서
78,5:52,"and they're playing their hearts out,
and you're like... They can see you.","열성을 다해 연주하고 있어요
나를 보면서요"
79,5:57,It's a terrible feeling.,최악이죠
80,6:00,"I'm gonna do my impression
of being at, like, a beer fest,","비어 페스트에 간 
느낌을 보여드릴게요"
81,6:04,"and I'm in the street, watching this band,",거리에서 밴드를 보고 있는데
82,6:07,"and for a moment, it's great.",아주 잠깐은 좋았어요
83,6:09,"I'm so happy to hear blues,",블루스도 너무 좋고
84,6:11,but then... I want to go.,그런데... 가고 싶은 거예요
85,6:14,"And I just don't want--
I don't want the band to know,",밴드 몰래 가고 싶은데
86,6:17,but it's unavoidable.,그럴 수가 없죠
87,6:22,The band is up on stage right there.,"바로 저 무대 위에
밴드가 있어요"
88,7:03,Thanks.,감사합니다
89,7:10,"Heavy metal has gotten
more and more dense,","헤비메탈은 갈수록
더 난해해지고"
90,7:13,more and more dark.,어두워졌어요
91,7:15,"It's heavier than ever,
and that's great. I love that.","아주 격해졌죠
그건 좋아요"
92,7:19,"But by that trajectory,
going back in time,","그런데 궤도를 따라
과거로 돌아가 보면"
93,7:22,"there must have been a time
where doo-wop music",세상에서 가장 격한 음악이
94,7:24,"was the hardest music you've ever heard.
Right? It only makes sense.","두왑 음악이었을 때가 
있었을 거예요"
95,7:29,"There was a time where
someone heard doo-wop and was like,",그때는 사람들이 두왑을 들으면
96,7:31,"""This is too much. This is too loud.
Turn it down.""","'이건 과하네. 너무 시끄러워
소리 좀 줄여' 이랬을 거예요"
97,7:37,"So, I'm gonna do my impression
of a guy in the '50s,","제가 50년대에 사는
어떤 남자인데"
98,7:39,"and he's, like, at a doo-wop show,",두왑 쇼에 왔다고 생각해 보죠
99,7:42,"and it's the heaviest thing
he's ever heard, and he's so into it.","살면서 들은 것 중 제일 
격한 노래라 훅 빠진 거예요"
100,8:23,"It's pretty crazy music,
doo-wop, isn't it?",두왑이 좀 장난 아니잖아요
101,8:26,"Like, that's a band.",그러니까...밴드예요
102,8:28,"That's a real band.
They had a practice space and...","진짜 밴드요
연습실도 있고..."
103,8:34,"It was the '50s, and they were like,
""Hey, it's rock 'n' roll time.","50년대고 하니 그랬겠죠
'로큰롤이 대유행이니'"
104,8:37,"Let's make some rock 'n' roll songs.""",'우리도 로큰롤 하나 만들자'
105,8:38,"If I was in that band,
and someone was like,","제가 그 밴드에 있었다고 하죠
어떤 사람이"
106,8:42,"""Okay, what if I start...""",'이렇게 시작하면 어때?'
107,8:45,"I'd be like, ""No, we should really
write something.""","그러면 저는 '아니지
진짜 뭔가 써야 한다고'"
108,8:52,"So, I'm talking about being a drummer.","드러머로 사는 얘기를
하고 있어요"
109,8:55,"I love being a drummer.
I'm proud of being a drummer.","저는 드러머인 게 좋아요
자랑스럽습니다"
110,8:58,We are drummers.,우리는 드러머죠
111,9:00,We are all drummers.,우리 모두요
112,9:02,"There's a pride to it.
There's a pride to carrying a snare case","자부심이 있어요
공항에 스네어 가방을"
113,9:05,through an airport. You know?,들고 다니면 괜히 뿌듯해요
114,9:08,"You're just sort of--
And this is a secret.",이건 비밀인데요
115,9:10,You're just better than everybody.,"여러분은 
다른 사람들보다 우월해요"
116,9:13,"Not gonna check it, you're putting it
in the overhead compartment, right?","비행기에 들고 타서
머리 위 짐칸에 올릴 거잖아요"
117,9:16,You're a drummer.,드러머니까요
118,9:18,It's a sense of pride.,자부심이 있죠
119,9:19,"It's a sense of like,
""This is the tools of my trade.""",'이걸로 먹고 산다'하는 거죠
120,9:22,"And when I see a commercial,
you know, for like a new car--",자동차 광고 같은 걸 보면서
121,9:24,I don't know if you guys go through this.,여러분도 그랬을지 모르겠지만
122,9:27,"Do you ever look at a new car,","새 차를 보면
이런 생각이 들어요"
123,9:28,"and you're just like,
""Where does the kick drum go?""",'킥드럼은 어디에 넣지?'
124,9:33,"Right? ""Where's the hatchback for it?""","맞죠?
'해치백이 있어야 하는데?'"
125,9:37,"Do you ever talk to someone
who's been to Turkey, to Istanbul?","터키 이스탄불에 가 본 
사람이랑 얘기한 적 있어요?"
126,9:40,"My feeling as a drummer-- I don't know if you guys go through this.
I'm always like...","여러분도 같을지 모르겠지만
저는 드러머로서 이게 궁금해요"
127,9:44,"""Did you visit the Zildjian factory?""",'질지언 공장 가봤어요?'
128,9:46,This...,이...
129,9:48,"And then I judge them afterwards
if they're--","대답으로 그 사람을 
평가할 수 있어요"
130,9:50,"No, I really do know someone
who just went on a honeymoon there,","거기로 신혼여행을 간
사람이랑 얘기했는데"
131,9:52,"and I was like, ""Why did you not go
to the Zildjian factory? Why else go?""","'질지언 공장 왜 안 갔어?
그럴 거면 거길 왜 가?'"
132,9:58,"But we also have to be honest
with ourselves",물론 우리 자신에게 정직해야 해요
133,10:02,"about being drummers, right? Like...",드러머라는 것에 대해 말이죠
134,10:05,"Sometimes, you'll go do a gig.",종종 '긱' 공연을 하러 가는데
135,10:07,"Yes, I said--
""Gig"" is a good word to use, right?",'긱'이라고 해도 되죠?
136,10:09,"I can say ""gig.""",'긱'이라고 할게요
137,10:11,And...,그런데...
138,10:12,Do you ever bring your own cymbals?,본인 심벌즈 가져가세요?
139,10:14,Do we really need to bring them?,정말 가져갈 필요가 있나요?
140,10:17,"No, we do not.",아니죠
141,10:18,"I think it's because we want
to match the other musicians","다른 뮤지션처럼 보이고 싶어서
그런 것 같아요"
142,10:21,that are bringing guitars.,기타 가지고 다니듯이
143,10:22,I think we just want to carry something.,그냥 뭔가 가져가고 싶은 거죠
144,10:24,"And the same thing
goes for cymbal shopping.",심벌즈를 살 때도 마찬가지예요
145,10:27,It's kind of a lie.,좀 허풍이에요
146,10:29,Right? Just a sort of like--,그렇죠?
147,10:31,"You go to these cymbal shops,
and there's like cymbals everywhere.","심벌즈 가게에 가면
사방에 심벌즈를 전시해놨죠"
148,10:35,Like fine wine.,고급 와인처럼요
149,10:43,"There's only one word
we use to describe it,","심벌즈를 살 때
쓰는 단어가 있는데"
150,10:45,"whenever we buy that cymbal,
is that it's dark. It's dark.","심벌즈를 살 때
쓰는 단어가 있는데 '어둡다'예요"
151,10:49,The dark tone.,어두운 톤
152,10:52,We have to stop with the way,"여기서 잠깐 
발음을 다르게 해서"
153,10:54,"that we want to feel special
by pronouncing things weird.","특별하게 보이려고 하는
얘기를 해 보죠"
154,10:57,"Is it ""Pay-ste"" or ""Paiste""?","'페이스티'인가요?
'파이스티'인가요?"
155,10:59,"""Zoldjian""? ""Zildjian""?","'졸지언'?
'질지언'?"
156,11:01,"Neil ""Peert""? Neil ""Peart""?","'닐 필트'?
'닐 펄트'?"
157,11:05,Does it have to be that difficult?,이렇게 어려워야 하는 건가요?
158,11:07,And when we go look at drum kits...,드럼 세트를 보러 갈 때
159,11:10,"do we really think
that those little, teeny kits,",아주 단출한 재즈 세트를 보고
160,11:13,"those little jazz kits,
do we think they sound great?","정말로 소리가 좋다고 
생각하시나요?"
161,11:15,"or are we getting older,
and we don't want to carry...","아니면 나이도 들고
큰 드럼을 가지고 다니기 싫어서"
162,11:20,those big drums anymore?,그러는 걸까요?
163,11:22,I'm just asking.,그냥 물어보는 거예요
164,11:26,How many of you as drummers...,드러머로서 얼마나 많은 분이
165,11:30,"You're just so--
How much time has been spent--",여기에 시간을 투자할까요?
166,11:32,This is so much-- I--,이건 정말...
167,11:35,"I think if we took a film
of my experience as a drummer,","드러머로서의 제 삶을
영상으로 찍었다면"
168,11:38,"It would not be on stage,
it would be this business, and then...","아마 무대 위가 아니라
이 사업에 관련된 걸 거예요"
169,11:43,that.,이거요
170,11:51,"Do you ever have someone
who's not a drummer help you unpack?","드러머가 아닌 사람이
장비 푸는 걸 도와준 적 있나요?"
171,11:58,"""Here.""",'여기'
172,12:00,"""No, you-- You broke it.""","'아니...
망가뜨렸잖아'"
173,12:08,"Is it me, or is it just so hard to get
a snare drum to be exactly the right... way?","스네어 드럼을 제대로 세팅하기 
힘든 건 저뿐인가요?"
174,12:15,"Do you guys go through this?
I'm always like, ""No, damn it.","이런 적 있으세요?
전 맨날 이래요. '아니야'"
175,12:18,"No. No.""","'젠장, 아니라고'"
176,12:22,And drum companies...,드럼 회사는...
177,12:24,Stop. Stop coming up-- They're--,이제 그만 나와도 돼요
178,12:26,"Drum companies have to--
They're out of control. Stop...","통제 불능이에요
이제 그만..."
179,12:30,But the names of hardware...,하드웨어 이름은...
180,12:32,"I have a pedal
that I've been using for so--","페달이 하나 있는데
얼마나 썼냐면..."
181,12:34,Called Iron Cobra.,'아이언 코브라'라고 해요
182,12:36,I'm a grown man. I...,다 큰 어른인데
183,12:38,"It says on the pedal. It says Iron Co--
Iron Cobra? Iron...","페달에 '아이언 코브라'라고
쓰여 있다고요"
184,12:43,That's a cobra made out of iron.,철로 만든 코브라라니
185,12:46,You know cajóns?,'카혼스' 아세요?
186,12:48,They're-- Drum companies-- Yeah--,드럼 회사인데
187,12:51,Drum companies are trying to...,드럼 회사는...
188,12:53,"For those of you who aren't drummers,
I'll explain what a--","드러머가 아닌 분들께
설명해 드리죠"
189,12:55,"Cajón is a wooden box
that's supposed to sound like a drum.","'카혼'은 나무 상자인데
드럼 같은 소리가 나는 악기예요"
190,13:00,It sounds like this. It's like...,이런 소리가 나죠
191,13:03,You'll see people sitting on them.,그 위에 사람이 앉아서
192,13:05,"And they're trying to sell us
these cajóns.",'카혼'을 팔려 하고 있어요
193,13:06,"The fantasy is we're gonna go
on a camping trip and like...","캠핑을 가서 이렇게 하고 싶은
환상이 있는데"
194,13:13,"If someone did that, I'd be like,","그런 사람에게
말해주고 싶어요"
195,13:14,"""It's okay. You can just
clap your hands or something.""","'괜찮아요
그냥 손뼉 치면 되거든요'"
196,13:19,Do you ever watch a movie or TV show?,"이런 영화나 
TV 쇼 보신 적 있나요?"
197,13:21,"You're watching it, and there's a scene
with, like, a wedding band.",결혼반지가 나오는 장면에
198,13:26,And the band's playing.,밴드가 연주해요
199,13:28,"You know? It's like a really cool scene,
and everyone's acting and...","정말 멋진 장면에서
연기를 하고 있는데"
200,13:31,But you look at the...,정작 우리는...
201,13:33,You look at the drum kit...,드럼 세트를 보죠
202,13:42,"And it's just so wrong. You're like, ""No.""",드럼 세팅이 엉망인 거예요
203,13:44,"It takes you right out, right?",거기에 신경이 쓰이죠
204,13:51,Famous drummers...,유명한 드러머 분들..
205,13:53,"you guys, when you're making
your drum instruction videos,",드럼 가이드 영상을 만들 때
206,13:56,"please, work on the artwork,
and the lighting is horrible.","디자인에도 신경 좀 쓰세요
조명도 엉망이고요"
207,14:00,"Those-- Have you seen the lighting
in these things? Like...",조명이 어떤 줄 아세요?
208,14:04,"The sweat, the... Paradiddles.","땀에, 파라디들..."
209,14:14,I also wanted to discuss... kick pedals.,킥 페달 얘기도 해야겠네요
210,14:18,"Double kick--
You know double kick pedals, right?",더블킥 페달 아시죠?
211,14:20,Yeah.,네
212,14:22,I had one up here.,여기 하나 있어요
213,14:25,"I think-- Okay, I'm gonna--","좋아요
그러면..."
214,14:26,"I'm missing a double kick pedal
that's supposed to be up here.","여기 더블킥 페달이 
있어야 하는데 없네요"
215,14:29,I'm gonna go... Go grab it.,가서 가져올게요
216,14:40,It's perfectly fine.,완벽해
217,14:42,"Hi, excuse me.",여기요
218,14:44,"Oh, yeah.",네
219,14:45,Hi. Good. How can I help you?,"안녕하세요
뭘 도와드릴까요?"
220,14:46,"Good. I just wanted to get
this double kick pedal.","안녕하세요
이 더블킥 페달 사려고요"
221,14:48,I'm in a little bit of a rush.,좀 급해서요
222,14:50,"Well, this is kind of old-school now.","""프로페셔널 드럼 샵"" 이건 좀 구식이에요"
223,14:53,The newest thing is the octa-pedal.,'옥타 페달'이 새로 나왔는데
224,14:55,Octa-pedal?,'옥타 페달'요?
225,14:56,"Yeah, it's right over here. Check it out.","네, 여기 있는데
한번 보세요"
226,15:00,"This is an amazing piece of artwork
right here.",정말 엄청난 작품이에요
227,15:02,"It makes playing eight kick drums
a lot easier.","8개의 킥 드럼을
쉽게 연주하게 해주죠"
228,15:12,You're gonna rock this.,좋아하실 거예요
229,15:14,Octa-pedal...,'옥타 페달'이라...
230,15:16,I just can't picture it working.,"이게 어떻게 될지
상상이 안 가네요"
231,15:50,"Oh, that's incredible.",엄청나네요
232,15:51,"This could be you, too.",당신도 할 수 있어요
233,16:00,Sheila E.,실라 E.였습니다
234,16:06,I've toured around this country a lot.,저는 국내 투어를 많이 해서
235,16:09,I've been all over the place.,안 가본 곳이 없어요
236,16:10,"All kinds of venues, all kinds of cities,
all kinds of states.","다양한 주의 다양한 도시
여러 곳에 갔었죠"
237,16:14,And everyone speaks a different way.,가는 곳마다 발음이 다른데
238,16:18,It's kind of the beauty of it.,그게 매력이에요
239,16:21,"[affected Maine accent]
Maine...",메인에서는...
240,16:25,"Maine, you can almost hear England there.",거의 영국 발음 같아요
241,16:30,"[Vermont accent] Vermont, hit the Ts?
The T's are here, Vermont.","버몬트에서 'T'를 발음하나요?
'T'가 끝에 있죠. 버몬'트'"
242,16:34,"[Massachusetts accent]
Massachus-- My daughter. Massachu--","매사추세츠는...
딸이... 메사추..."
243,16:37,My daughter got married in June.,딸이 6월에 결혼했어
244,16:39,June. It's a kind of bite...,'준'(6월) 발음이...
245,16:41,It's a throat bite.,목구멍을 씹는 느낌이죠
246,16:43,"Boston, Massachusetts.","보스턴, 메사추세츠"
247,16:45,"[Connecticut accent] Connecticut, you get
a bit of that East Coast kind of--","코네티컷부터는
동부 해안 느낌이 나죠"
248,16:48,"Almost New York, but not quite.","뉴욕과 비슷하지만 
똑같지는 않아요"
249,16:49,"Connecticut.
That's my business, not yours.","코네티컷
당신이 알 바 아닙니다"
250,16:52,"Yeah, it's just, Connecticut.",이게 코네티컷이에요
251,16:55,"[New York accent]
Then New York City.",그다음은 뉴욕인데
252,16:56,New York City's got a lot of accents.,뉴욕은 악센트가 강해요
253,16:59,"Manhattan. Manhattan's kind of, you know--","맨해튼
맨해튼은..."
254,17:01,"Upper West Side is kind of
very serious, and...","어퍼 웨스트사이드가
좀 무섭죠"
255,17:04,I always fear a medical condition.,의료 환경이 걱정돼요
256,17:07,"Upper West Side medical condition, and...",어퍼 웨스트사이드의 의료 환경...
257,17:10,"[Brooklyn accent]
Brooklyn. Brooklyn's a little more tough.",브루클린은 좀 더 터프하죠
258,17:13,"Yeah, Brooklyn, what? Brooklyn.","그래, 브루클린. 뭐?
브루클린"
259,17:16,"Brooklyn's tough, but the Bronx--
[Bronx accent] The Bronx is in the lungs.","브루클린이 터프하다면
브롱크스는 폐부죠"
260,17:20,What? The Bronx.,"뭐?
브롱크스"
261,17:22,"[alternating accents]
Brooklyn. The Bronx. Brooklyn.","브루클린, 브롱크스, 브루클린"
262,17:24,Manhattan. Manhattan.,"맨해튼, 맨해튼"
263,17:27,Professional Manhattan. Brooklyn.,"전문적인 맨해튼
브루클린"
264,17:31,"[Queens accent]
Queens has got-- Queens. Nobody told me.","퀸스에는 퀸이 있죠
아무도 얘기를 안 해줬어"
265,17:35,Queens. Nobody told me.,"퀸스
아무도 얘기를 안 해줬어"
266,17:37,Why didn't you tell me?,왜 나한테 말 안 했어?
267,17:40,"[Long Island accent] Lo-- Lo-- Lo--
Long Island stalls for time.","로, 로, 롱아일랜드는
오래 시간을 끌었어요"
268,17:44,Stal-- I'm gonna stall.,내가 시간을 끌게
269,17:46,New Jersey.,뉴저지
270,17:48,"[Jersey accent]
New Jersey starts to kind of-- It--",뉴저지부터는...
271,17:50,New Jersey's almost like a little punch.,"뉴저지는 한 대
칠 것 같은 느낌이죠"
272,17:52,"About to punch, New Jersey.","주먹을 날릴 것 같죠
뉴저지"
273,17:54,"Got New Jersey, and then
Philadelphia and Pittsburgh.","뉴저지에 갔다가
필라델피아와 피츠버그에 갔죠"
274,17:58,"[Pittsburgh accent] You can just go there.
You can just go there to Pittsburgh.","가면 돼요
피츠버그로 가면 돼요"
275,18:01,"[Baltimore accent]
And then down to Baltimore. Motor oil.","그리고 볼티모어로 내려갔죠
'모터오일'"
276,18:04,"I always think ""motor oil.""",항상 '모터오일'이 생각나요
277,18:06,Baltimore. Motor oil.,"볼티모어
'모터오일'"
278,18:09,"[Virginian accent] 
Then down to Virginia. Virginia's got...","그리고 버지니아로 내려갔죠
버지니아에서는..."
279,18:13,"You kind of start to hear
a little bit of the Southern accent,",남부 억양이 들리기 시작하죠
280,18:15,but not too much.,심한 건 아니고요
281,18:17,"[accents switch] West Virginia's kind of--
You've heard that before.","그리고 웨스트버지니아는...
들어본 적이 있을 거예요"
282,18:20,And Kentucky tightens up a little.,켄터키에서 한층 더 조여 주죠
283,18:22,But Kentucky... the I is clo-- Kentucky.,"켄터키
'I'를 좁게... 켄터키"
284,18:26,"West Vir-- And then,
little bit more, North Carolina.","웨스트버지...
그리고 노스캐롤라이나"
285,18:29,"There's kind of a-- Now,  hold on.
North Carolina.","그러니까, 잠시만요
노스캐롤라이나"
286,18:33,"You mentioned two pumpkins.
I'm not sure--","호박 2개를 얘기하셨는데
잘 모르겠네요"
287,18:35,Just rethinking what you said there.,"방금 말씀하신 걸
다시 생각하고 있어요"
288,18:37,"And then... Then South Carolina,","그리고...
사우스캐롤라이나"
289,18:40,"there's a little bit of pageantry
in South Carolina.","사우스캐롤라이나에는
화려한 행사가 있죠"
290,18:44,"And Georgia, you start to lose
the R in Georgia.","조지아에서는
'R' 발음이 약해져요"
291,18:47,"Georgia, Atlanta.",조지아 애틀랜타
292,18:48,Florida. No-- Florida. Kind of...,"플로리다, 아니죠
플로리다"
293,18:52,"They kind of take two syllables,
turn them into one. Flo-- Florida.","여기 사람들은 음절 2개를 
하나로 발음해요. '플로, 플로다'"
294,18:55,Florida.,'플로다'
295,18:57,"But Miami's got a little bit of--
I am born in Miami,","마이애미는 좀 다르죠
저 마이애미에서 태어났어요"
296,19:00,"but I still have this accent, and...",아직도 이 악센트가 남아 있죠
297,19:02,"But Florida, mostly, I don't know why,
it was a baseball mitt.","왜인지는 모르지만
플로리다는 야구 글러브죠"
298,19:06,Baseball mitt.,야구 글러브
299,19:07,Alabama. 'Bama-- Alabama.,"앨라배마
'바이마, 앨라바이마'"
300,19:09,There's a kind of bounce to the word--,"단어를 발음할 때
약간 탄력이 있어요"
301,19:12,"The syllables, Alabama.","음절요
'앨라바이마'"
302,19:14,"Texas, I kind of...",텍사스는...
303,19:16,"Dallas. Dallas, to me,
seems the most forthright,","댈러스. 댈러스는...
아주 직설적인 느낌이에요"
304,19:19,"but then Houston,",반면 휴스턴은
305,19:21,"I feel like they're scolding you a little.
Houston.","혼나는 느낌이 들죠
휴스턴"
306,19:24,"But Austin's got--
Austin wants to have fun.","하지만 오스틴은...
재미가 있죠"
307,19:29,"I would like to put a little laugh
in Austin.",오스틴 하면 웃음이 나요
308,19:31,"[accent switches]
Dallas. Houston. Dallas.","댈러스, 휴스턴, 댈러스"
309,19:34,Dallas.,댈러스
310,19:35,"Oklahoma and Arkansas,
and then you go to Illinois.","오클라호마와 아칸소를 지나
일리노이로 가면"
311,19:39,You can start to get that--,이게 들리기 시작하는데...
312,19:40,"Actually, a lot of Southern Illinois
still has a bit of a drawl,","일리노이 남부 사람들은
길게 끄는 말투를 쓰거든요"
313,19:43,"but as you come up
through Indiana and Chicago,","그런데 인디애나와 
시카고를 거쳐 올라가면"
314,19:47,you start to get that Midwestern sound.,중서부 억양이 들리기 시작해요
315,19:51,Chicago. Chicago.,"시카고, 시카고"
316,19:53,Ca... Ba...,'캬... 뱌...'
317,19:55,Car. Whose car? Is that your car?,"차. 누구 차야?
저거 네 차니?"
318,19:58,"But Wisconsin's more Chicago
than Chicago, Wisconsin.","위스콘신은 시카고보다
더 시카고 같죠. 위스콘신"
319,20:03,This is the Minneapolis Police.,이건 미니애폴리스 경찰이고요
320,20:06,Minneapolis. Minnesota. Minnesota.,"미니애폴리스
미네소타, 미네소타"
321,20:09,"Duluth, almost Canadian, Duluth.","덜루스는 거의 캐나다 발음이죠
덜루스"
322,20:12,"But Canada's-- Oh, Canada, eh?
I know. We've heard it before, eh?","캐나다는 캐나다죠, 에이?
맞아요. 들어본 적 있죠, 에이?"
323,20:16,"Cigarettes, eh? Cigarettes.","담배, 에이? 
담배"
324,20:18,"And then as you go through Montana,
it starts to flatten out, Montana.","몬태나로 가면
차츰 편평해져요. '몬티아나'"
325,20:22,"I think they put a Y in their vowels
for some reason. Montana.","모음에 'Y'를 넣어서 
발음하는 것 같아요. '몬티아나'"
326,20:30,Idaho and Seattle.,아이다호와 시애틀
327,20:31,"Seattle is interesting because
they present their words on a plate.","시애틀도 재미있어요
접시에 단어를 적어서"
328,20:35,They present...,보여주죠
329,20:37,I'm from Seattle. These are the words.,"'시애틀에서 왔어요
여기 단어 보세요'"
330,20:42,"Portland is the same thing,
but set back a little bit,","포틀랜드도 마찬가지인데
좀 물러 서 있죠"
331,20:45,and a little more quiet.,좀 더 조용하고요
332,20:48,"So, they present the words to you,
but they take it back a little bit.","단어를 보여주고는
다시 가져가요"
333,20:51,No. No.,아니에요
334,20:55,"San Francisco. I--
The way I think of San Francisco","샌프란시스코...
제 느낌에 샌프란시스코는"
335,20:58,is this is a fact. This is a fact.,"이게 사실이에요
이게 사실이라고요"
336,21:02,Excuse me? No.,"뭐라고요? 
아니요"
337,21:04,That-- This is a fact.,이게 사실이에요
338,21:06,This is...,이게...
339,21:07,"But in Southern California,
as you go down,",남부 캘리포니아로 내려가면
340,21:10,the thing that you want to do,거기에서는
341,21:12,"is you want to pronounce
every part of the word.",단어 전체를 발음하려고 하죠
342,21:16,"Every syllable of every word.
Southern California.","단어의 모든 음절요
'서던 캘리포니아'"
343,21:23,"Arizona, and then going into Mexico.",애리조나를 거쳐 멕시코로 가면
344,21:25,"Mexico, the Spanish...","'메히코'
스페인어로..."
345,21:33,But lo Cubano...,'로 코바노'
346,21:46,Thank you very much. All right.,"감사합니다
좋아요"
347,21:52,"Do you ever see the thing that
these people do when there's an adult,","어른 하나랑 아이 하나가 있으면
어떤지 아세요?"
348,21:56,"and then there's a child--
They're talking to a child,",어린 애에게 얘기해요
349,21:58,"and then there's another adult
in the room,",방에 다른 어른이 함께 있으면
350,22:00,"and they sort of do a joke
that is only for the other adult?","어른끼리만 알아들을
농담을 하죠"
351,22:04,"They sort of link it with a wink.
You know, kind of like,",윙크를 하며 신호를 보내면서요
352,22:06,"""Hey. Did you get your driver's license?""",'너 운전면허증 땄니?'
353,22:14,"""Got a girlfriend?""",'여자친구는 있고?'
354,22:15,What's the wink for? What's the wink?,왜 윙크를 하는 거죠?
355,22:18,Do you ever step into an elevator?,엘리베이터를 탈 때 있죠
356,22:20,"You go in, it's just you,
and there's two people.","안에 당신 말고
두 사람이 있어요"
357,22:23,"And one person wants to carry on
the conversation at full volume, right?","그중 한 사람은
큰 소리로 얘기를 해요"
358,22:27,"But the other person wants to kill
the conversation, wants it done.","다른 사람은 말없이
조용히 있고 싶어 하고요"
359,22:32,"""I can't believe that guy said
he's from Peru.""",'그 사람 페루에서 왔다더라?'
360,22:34,"""I know.""",'그래'
361,22:38,"Something that people
are doing these days with words",요즘 사람들이 하는 것 중에
362,22:40,are they're slowing a word down,"문장 마지막 단어를
천천히 발음해서"
363,22:44,at the end of a sentence to emphasize it.,강조하는 게 있는데
364,22:46,They slow it almost to a dead stop.,"완전히 멈추듯이
천천히 말하죠"
365,22:49,"I was getting my hair cut,",머리를 자르러 갔는데
366,22:51,"and it was kind of crowded,
and I told the lady, I was just like,","사람이 많더라고요
그래서 미용사에게 말했죠"
367,22:53,"""Hey, you guys are doing great.
This is really good.""","'장사 엄청 잘 되네요
좋으시겠어요'"
368,22:55,"She's like,
""I know, it's great. It's like--","미용사가 얘기했죠
'네, 그렇죠'"
369,22:57,"It's weird because, like,
we don't really do any advertising.""","'참 희한해요. 저희는 광고도
안-하-는-데-요'"
370,23:07,Ever see this thing that people do where they play-act within their sentence?,"연극을 하듯 말하는 사람
보신 적 있으세요?"
371,23:11,They do a little act.,살짝 연기해요
372,23:13,"They sort of involve themselves
in an act in describing themselves.","자기 얘기를 할 때
연기를 가미하죠"
373,23:18,"You know what I mean? Kind of like,",무슨 말인지 아세요?
374,23:19,"""Yeah, it's really weird,
I'm, like, a parent now.","'정말 이상해
내가 부모가 됐다니'"
375,23:21,"It's weird, 'cause I'm, like,
going to PTA meetings.",'학부모 회의를 가고'
376,23:24,"I'm, like, buying toys.""",'장난감도 사고 말이야'
377,23:28,I am not impressed by great photography.,"저는 멋진 사진에
잘 감동하지 않는 편이죠"
378,23:33,"I don't care anymore.
I don't care about great photography.","별 관심 없어요
멋진 사진 따위"
379,23:36,It's overrated. So what?,"너무 과대평가되어 있죠
뭐 어쩌라고요?"
380,23:38,"I don't know what I'm supposed to do
with that information.","그걸로 어쩌라는 건지
모르겠어요"
381,23:40,"It's always sort of a wrinkled face.
Wrinkled.","맨 주름진 얼굴뿐이죠
주름요"
382,23:45,"Black and white, wrinkles.",흑백에 주름
383,23:48,"And like a shabby room.
A shabby living room, maybe.","허름한 방
아니면 허름한 거실에"
384,23:52,Maybe a picture of a beauty pageant.,미인 대회 사진이 있죠
385,23:54,"You know what great photography
is usually?","좋은 사진에 보통 
뭐가 있는 줄 아세요?"
386,23:57,It's poor people.,가난한 사람이 있어요
387,23:59,"Right? That's all it ever--
It's just poor people--","맞죠? 그게 다예요
가난한 사람..."
388,24:02,It's a poor person proud of something.,"가난하지만
긍지가 있는 사람"
389,24:05,Every great--,모든 훌륭한...
390,24:18,"I don't like camping,",캠핑도 별로 안 좋아해요
391,24:20,"because I don't like the sound
of the tent-- The zippers.",텐트 지퍼 소리를 싫어해서요
392,24:26,"First thing in the morning...
[imitates zipper]",아침에 눈 뜨면...
393,24:30,Do you ever feel sorry for a corporation?,"기업이 안됐다고 느낄 때
있으신가요?"
394,24:33,I feel sorry for Burger King.,저는 버거킹을 보면 그래요
395,24:35,I feel bad.,참 안됐죠
396,24:37,"I pull into a rest stop, and I'm like,
""Oh, Burger-- Look at them.""","쉬려고 차를 대다 보이면
'아, 버거... 저것 좀 봐'"
397,24:40,"I just-- Changing their logo
and, like, really...","로고도 바꾸고
정말..."
398,24:45,"They're still doing it, but they're...",아직도 하고 있다니
399,24:47,"And I'm sure someone from the company
would say, ""Actually, we're doing great.""","물론 그 기업에서는
'아주 잘 되고 있다'고 하겠지만"
400,24:50,"But to me, they don't seem like
they're in the conversation.","제가 보기엔
얘깃거리도 못 돼요"
401,24:55,You know what I mean? They're not in--,이해되세요?
402,24:56,"They're not a guilty pleasure.
They're not-- They're just Burger King.","죄책감 들지만 먹고 싶은 게 아닌
그냥 '버거킹'이죠"
403,24:58,"I'm like, ""Oh, I guess--
I guess we'll go there.""","'그냥... 저기나 가자'
이런 거요"
404,25:02,"I also feel sorry
for doctors from the 1700s.","또, 1700년대 의사들에게도
미안해요"
405,25:07,I feel bad for them.,참 안됐어요
406,25:08,We all-- We're so mean.,우리 너무 못된 거 아닌가요?
407,25:10,Why are you guys so mean to them?,왜 이렇게 짓궂어요?
408,25:11,"You're like, ""Oh, they used leeches,
those idiots.""","'거머리를 쓰다니
멍청이들'"
409,25:15,What?,네?
410,25:17,Leave them alone.,그러지 마세요
411,25:19,"If I was them, I'd be like,","내가 그 사람이었다면
이랬을 거예요"
412,25:20,"""Hey, I'm so sorry that we wanted
to help people.","'저기요. 미안하지만
사람들을 도우려던 거예요'"
413,25:25,And we don't have microscopes. I'm sorry.,"'현미경도 없었다고요
미안하게 됐네요'"
414,25:29,"Leeches, that's what we have.
I'm just trying to help people.""","'거머리 말고는 방법이 없어서요
그냥 도와주려는 거예요'"
415,25:35,"It's a wrap on back surgery.
Back surgery doesn't work.","허리 수술도 끝났어요
수술한다고 낫지 않죠"
416,25:38,No more back surgery.,허리 수술하지 마세요
417,25:40,"Don't you feel like with back surgery,",허리 수술하면 이렇지 않아요?
418,25:42,"it's like, ""Hey, do you want to go
do this thing?""","'저기, 이거 할래?'"
419,25:44,"""No, I just had back surgery.""","'아니
나 허리 수술했잖아'"
420,25:46,"Isn't supposed to be, ""They fixed it""?","'이제 나았어'라고 해야
맞는 거 아닌가요?"
421,25:50,"Do you ever notice that musicians,
like guitar players,","뮤지션, 예를 들어 기타리스트가"
422,25:53,"they have like weird, little,
wispy bodies?","이상하게 몸을 흐느적거리는 거
보셨어요?"
423,25:57,"Sloping... You know, sloped shoulders
and like wispy hands and arms.","흐느적흐느적... 어깨는 기우뚱
하고 팔이랑 손은 흐느적거리고"
424,26:02,But their heads are kind of too big.,근데 머리는 좀 크고요
425,26:05,"""Come see the show.""",'와서 쇼 구경하세요'
426,26:10,Aren't crazy people crazy?,"미친 사람은
정말 미친 거 아닌가요?"
427,26:14,That's a separate thought.,이건 다른 얘기인데요
428,26:15,"Just crazy people, they really do it 24/7.","정말 미친 사람들은
24시간 내내 미쳐있어요"
429,26:20,"When I see videos online
of people, like, releasing animals,","동물을 풀어주는 사람이 
올린 영상을"
430,26:25,"you know, like freeing--",온라인에서 봤는데
431,26:26,"Like, there'll be a goat or something
trapped in a barbed wire fence.","염소 같은 동물이
가시철조망에 걸린 거예요"
432,26:30,"They cut it, and then
these animals run away.","그걸 잘라 주니까
동물이 달아나 버렸죠"
433,26:33,They show zero gratitude.,"고마움이라고는
찾아볼 수 없어요"
434,26:36,Do you notice that?,알고 계셨나요?
435,26:37,"There's never the moment in the video
where they're like,",이런 영상은 본 적이 없어요
436,26:39,"""Oh, my God, thank you so much.
I can't believe it.""","'세상에, 너무 감사해요
믿을 수가 없네요!'"
437,26:41,They just run away.,그냥 도망쳐버리죠
438,26:46,"I'm gonna do my impression
of a decomposing fox.","제가 부패되고 있는 여우를
재연해 볼게요"
439,26:53,"You know, like those fast-motion videos.",저속 촬영한 비디오처럼요
440,26:56,Can you all see me? A little bit.,"저 보이세요?
좀 보이나요?"
441,27:27,Thank you.,감사합니다
442,27:29,"I had a near-death experience.
This really happened to me.","거의 죽을 뻔한
경험이 있어요"
443,27:33,I-- Have you guys gone to Disneyland?,디즈니랜드 가보셨죠?
444,27:36,"I had a really scary thing
happen to me there,",거기서 아주 끔찍한 일을 겪었는데
445,27:39,"where I'm on the Indiana Jones ride,
right?",인디애나 존스를 탔어요
446,27:43,This is true.,진짜예요
447,27:44,"I went on the Indiana Jones ride.
My sister and her two kids,","인디애나 존스에
여동생과 조카 둘이 앞에 타고"
448,27:48,"they were in the front,
and I was in the middle seat.",저는 중간에 탔어요
449,27:50,"And what it is, it's like
an amphibious vehicle, like a Jeep,","바퀴가 3개인
수륙양용차인데"
450,27:54,with like three wheels.,지프차 같은 거죠
451,27:56,"So I get on, get in,",아무튼 탔는데
452,27:58,"and my Jeep, mine, went off the tracks.","제가 탄 지프차가
트랙에서 탈출한 거예요"
453,28:04,Went off of the tracks.,트랙에서 탈출했다고요
454,28:07,"It jumped up, and it went through
this, like, tunnel,","그리고 뛰어오르더니
터널 같은 곳으로 빠졌어요"
455,28:11,like a rock tunnel...,바위 터널 같은 거요
456,28:13,"and, like, down, and then...",그리고 내려가더니...
457,28:17,"I'm like, ""How do I jump out
of this thing?"" And it goes...","'여기서 어떻게 뛰어내리지?'
라고 생각하고 있는데"
458,28:21,"It goes over this bridge, a bridge...",다리 쪽으로 가는 거예요
459,28:25,"that's falling apart.
It was like an old broken bridge.","끊어진 다리요...
오래돼서 망가진 다리 같았죠"
460,28:29,I don't know why it was in there.,그게 왜 거기 있는지 모르겠지만
461,28:31,"Horrifying. And there's kids in the front,","무서웠어요
앞에는 아이들도 있었고요"
462,28:34,"and there's this--
The feeling of arrows whizzing past me.","화살이 내 옆으로 쌩하고
지나가는 느낌이 들었죠"
463,28:38,And then...,그리고...
464,28:40,"Awful. And then I looked behind me,
and there's a boulder","끔찍했어요
뒤를 돌아봤더니"
465,28:43,coming through like this.,바위가 이렇게 굴러오는 거예요
466,28:45,"So I'm just like, ""Oh, that's-- Okay,
people make mistakes. I understand.""","'그래, 사람이니까
실수할 수도 있어'라고 생각했죠"
467,28:50,"So I get out,
and I get on the ride again.","그래서 내린 다음에
다시 한번 탔어요"
468,28:54,It happened again.,이번에도 똑같았죠
469,28:57,"Remember this, okay? If I die before you,","이거 기억해 주세요
만약에 제가 죽는다면"
470,29:00,"do not let my funeral
be, like, a joyous occasion.","제 장례식이 유쾌하지
않았으면 좋겠어요"
471,29:04,I want my funeral...,제 장례식은...
472,29:06,Please make sure this happens.,정말로
473,29:07,...to be terrifying.,무섭게 해주세요
474,29:09,"Funerals should be scary.
That's what they're for.","장례식은 무서워야 해요
그래야 하는 거예요"
475,29:13,"Right? It should be-- I want people
to come back from my funeral like,","제 장례식에 다녀온 사람들이
이렇게 얘기하면 좋겠어요"
476,29:16,"""That was horrible. That was...""",'정말 끔찍했어...'
477,29:20,"I want there to be screams,
and thunder and lightning,","비명이 들리고
천둥 번개가 치고"
478,29:23,and a horse-drawn carriage.,마차가 있었으면 좋겠어요
479,29:26,I want the body to be missing.,시체가 사라지고
480,29:28,"I want the sort of coffin to look like
a real coffin shape, and then--","관도 진짜 관처럼
생겼으면 좋겠어요"
481,29:32,"The music should be
that organ music, right?","오르간 음악을
배경으로 깔아야겠죠"
482,29:34,You know the organ music?,오르간 음악 아시죠?
483,29:40,"I want to hire an actor
to kind of like... greet people.","사람들을 맞이하는
배우를 고용해서"
484,29:49,"""Are you here for the funeral?""",'장례식 오셨나요?'
485,30:00,"You know what's weird about-- The weird thing about being a drummer
is the pathway behind the hi-hat.","드러머로서 늘 애를 먹는 건
하이햇 뒤로 들어올 때예요"
486,30:05,Right? Where do we go?,"그렇죠?
어디로 들어가야 하죠?"
487,30:08,"Never-- It's never right,
and this always happens.",잘 들어온 적이 없어요
488,30:17,My other problem with jazz...,"재즈에 관련된
저의 다른 문제는..."
489,30:21,"is that jazz drummers,
you know, they have their whole kit,","재즈 드러머는
보통 자기 세트가 있는데"
490,30:24,they never play it.,드럼에 손을 안 대요
491,30:25,"They never really
play the drums, do they?",정말로 드럼을 거의 안 쳐요
492,30:27,"Do ever notice that? You go to see
a jazz band, and it's just...","그거 아셨어요?
재즈 밴드를 보러 가면..."
493,30:48,Do you drummers--,드러머 여러분
494,30:49,"Do you guys have that friend
who thinks they can play the drums?","드럼 칠 줄 안다고
주장하는 친구 있으세요?"
495,30:53,Do you have that guy?,있으세요?
496,30:55,"That person who just,
""Hey, I could do this.""",'할 수 있다'는 사람은
497,30:57,It's always the same beat.,늘 같은 비트만 치죠
498,31:08,Do you ever see those drummers who...,이런 드러머 본 적 있으세요?
499,31:10,"They have that one reggae song,",레게 노래 하나가 있는데
500,31:12,"and they have to prove to you
that they can play--",당신에게 잘 친다는 걸 보여주려고
501,31:14,They play-- Overplay it.,과장해서 치는 거요
502,31:15,"It's like too reggae, you know.",너무 과하죠
503,31:24,Calm down.,진정하라고
504,31:31,"I don't know why,
this is my least favorite beat to play.","이유는 모르지만, 이게 제가
제일 싫어하는 비트예요"
505,31:35,I can't get into it.,이해가 안 돼요
506,31:36,There's something wrong with this beat.,이 비트는 뭔가 이상해요
507,31:42,"It's not fun to listen to,
not fun to play.","듣기에도 별로고
연주하기도 즐겁지 않죠"
508,31:51,Here are some drummers you might know.,"여러분이 아실만한
드러머를 좀 보여드리죠"
509,31:53,This is my impression of Ringo Starr.,링고 스타는 이렇게 쳐요
510,31:55,He's always very happy when he plays.,드럼 칠 때 항상 행복하죠
511,32:06,Keith Moon is a little more...,키스 문은 좀 더...
512,32:22,Larry Mullen from U2.,U2의 래리 멀린
513,32:28,He's sort of marching forward.,앞으로 전진하죠
514,32:35,"-[man] Copeland.
-There's-- Stewart Copeland.",그리고 스튜어트 코플랜드가 있죠
515,32:37,"Someone say Stewart Copeland?
He's kind of like...[","누가 이름 말씀하셨죠?
이런 느낌이에요"
516,32:54,"Meg White, she's great.",메그 화이트도 훌륭하죠
517,32:56,"She's got a very--
She's got an arc of drumming, so...","활 모양을 그리면서
드럼을 쳐요"
518,33:06,"A lot of drummers,",많은 드러머가
519,33:07,"they tell you that their favorite drummer
is John Bonham in a way--","가장 좋아하는 드러머로
존 본햄을 꼽죠"
520,33:10,As if they're the first person to say it.,"그 얘기를 하는 게
자기가 처음인 것처럼요"
521,33:12,"Like, ""You know who I like?",'제가 누구를 좋아하냐고요?'
522,33:16,"Bonham.""",'본햄이죠'
523,33:17,Do you ever see that...,그거 보셨어요?
524,33:18,"When a drummer plays on a ballad,",드러머가 발라드를 연주할 때
525,33:22,"they ding the cymbal at the end
for no reason.","마지막에 이유 없이
심벌즈를 쳐요"
526,33:24,It doesn't do anything to the song.,노래에 상관 없이요
527,33:26,Do you ever see that?,보셨어요?
528,33:28,♪ Until the end of time ♪,마지막까지...
529,33:34,Why? Leave it. Leave the song alone.,"왜죠?
그냥 노래가 끝나게 두세요"
530,33:37,"It's great. It ended already.
This did nothing.","좋잖아요
노래 이미 끝났다고요"
531,33:42,"How many people have either
been in this band,","얼마나 많은 사람이
이런 밴드에 있었거나"
532,33:46,or have had to see this type of band?,이런 밴드를 본 적이 있을까요?
533,35:03,Do you ever listen to NPR?,NPR 들어본 적 있으세요?
534,35:04,"And there... There are those drummers
who are too respectful...","지나치게 배려하는
드러머가 있어요"
535,35:09,Too respectful of the artist.,"아티스트를
너무 배려해요"
536,35:10,"They're so gentle, and they--",너무 공손하죠
537,35:13,"They usually play with, like,
a maraca and a mallet.","보통 마라카스나
말렛으로 연주해요"
538,35:22,I'll show you what I mean.,무슨 말인지 보여드릴게요
539,35:24,I'd like to bring on a special guest... here at NPR.,"여기 NPR에
스페셜 게스트를 모시도록 하죠"
540,35:33,"How's it going, Thao?","타오, 잘 지내세요?"
541,35:42,I'm doing well. Thank you.,"잘 지냅니다
감사해요"
542,35:43,Thanks for having me.,초대해줘서 고마워요
543,35:46,"Welcome to the station, and...",오신 걸 환영합니다
544,35:52,I understand you've been touring.,투어 중이시죠?
545,35:53,What's that like?,어떤가요?
546,35:56,"I'd say it's both inspiring
and devastating.","고무적인 동시에
파괴적이에요"
547,36:04,"But really beneficial, because...",아주 유익한 건 분명해요
548,36:07,"all points of joy and sorrow
are like messiahs of song to me.","기쁨과 슬픔 모두 저에게
노래의 메시아니까요"
549,36:14,"You're gonna play a song
from the new album, correct?","새 앨범에서 한 곡
들려주시겠어요?"
550,36:17,I would be honored.,영광입니다
551,36:18,"All right, let's get your whole band here,
and off you go.","밴드 모두 모시고
시작하죠"
552,36:40,♪ A window by the porch ♪,현관 옆에 난 창
553,36:46,♪ A faded mirror in the vestibule ♪,현관에 빛바랜 거울
554,36:53,"♪ A letter addressed
To the owner of the house ♪",집주인에게 보내진 편지
555,37:00,♪ With the rusty weather vane ♪,그리고 녹슨 풍향계
556,37:06,♪ But the owner is a ghost ♪,하지만 주인은 유령이지
557,37:11,♪ From Missouri ♪,미주리에서 왔다네
558,37:18,♪ From Missouri ♪,미주리에서 왔다네
559,37:27,Thank you. Thank you.,감사합니다
560,37:34,"One last impression of a drummer
I wanted to do is Tito Puente.","마지막으로 소개할 드러머는
티토 푸엔테입니다"
561,37:37,I used to see Tito Puente...,티토 푸엔테는
562,37:46,"He was so great, and he would do...","아름답죠 너무 훌륭해요
그리고..."
563,37:52,"He would sort of do
the same joke every night,",매일 밤 같은 농담을 할 테지만
564,37:54,"but I always thought
it was a brand-new joke","늘 새로운 농담이라고
생각할 거예요"
565,37:56,"until I saw it a few times,
but it's so good.","몇 번 들을 때까지 말이죠
그래도 너무 좋아요"
566,37:59,He was always like...,그는 항상...
567,38:08,Did you feel it?,느낌 왔나요?
568,38:12,"-Did you feel it?
-Yeah!","- 느낌 왔나요?
- 네"
569,38:14,"Did you feel it, beautiful baby?","느낌 왔나요, 이쁜 아기?"
570,38:18,"Not you, her.","당신 말고, 저 여자분!"
571,38:24,"-[man] Karen Carpenter.
-Karen Carpenter is great.","- 캐런 카펜터
- 캐런 카펜터 좋죠"
572,38:28,"Did you see that video of, like,
her playing all the different kits?","캐런이 각기 다른 세트를 연주하는
비디오 보셨어요?"
573,38:31,Yeah.,네
574,38:32,"I'm gonna do something similar, so...",저도 비슷한 걸 하려고요
575,38:35,There's this line of kits in front of me.,"제 앞에 드럼 세트
여러 개가 있어요"
576,38:37,"So, Revival Drums helped me do this.","리바이벌 드럼에서
도와주셨습니다"
577,38:39,This is drum kits through the decades.,수십 년간 나온 드럼 세트죠
578,38:43,Right? It's sort of working its way back.,예전엔 이렇게 사용했어요
579,38:45,"We started--
We couldn't really do the 1800s,",1800년대까지는 못 올라가요
580,38:47,"because that's sort of marching band drums,","왜냐하면 그건 행군 악단
드럼이거든요"
581,38:49,"but we figured maybe the '20s and '30s
was a good place to start.","20-30년대부터
시작하면 될 것 같아요"
582,38:55,So... here is this.,그래서... 여기 있습니다
583,38:58,Here's this kit from the '20s and '30s.,"여기 20-30년대의
드럼 세트가 있어요"
584,39:03,"And these are called traps,
because they were-- They're contraptions.","'트랩'이라고 불렸죠 
기이한 장치였으니까요"
585,39:08,"This is before they were really
riding on any cymbals or hi-hats.","이때는 사실상 심벌즈나
하이햇이 없었어요"
586,39:11,So it's kind of...,그래서 이건...
587,39:25,"And they would sort of hit the cymbal
without the kick drum.",킥드럼 없이 심벌즈만 쳤어요
588,39:27,You'd only hear it on its own.,심벌즈 소리만 들리겠죠
589,39:36,"The thing that-- There's also something called a lowboy,
that's like a little hi-hat down here.","'로보이'라고 부르던 것도 있는데
아래에 있는 작은 하이햇이죠"
590,39:41,"Before they could real-- Before they figured out to sort of
hit them, it was just down here.","하이햇을 치기 전까지는
이렇게 아래에 있었어요"
591,39:45,"There were all these sound effects
because of silent movies.","조용한 영화 덕분에
이런 음향 효과도 있었고요"
592,39:47,They would sort of play for those.,그런 용도로 연주했어요
593,39:49,So this is a Chinese tom-tom.,이건 중국 탐탐이고요
594,39:52,"Wood blocks, cowbell, cymbal.","우드 블록, 카우 벨, 심벌즈"
595,39:54,"So, pretty cool. I like this.","멋지죠
마음에 들어요"
596,39:57,Then we move on to the '40s.,이제 40년대로 가보죠
597,40:00,"This is a sort of Gene Krupa
big-band-style kit.","진 쿠르파의
빅밴드 스타일 세트네요"
598,40:03,And this is where like...,이런 느낌이죠
599,40:16,Or the du-- The hi-hat would sort of--,하이햇은
600,40:19,"That kind of came into play
when they could play with their sticks.","스틱으로 치기 시작하면서
연주에 사용됐어요"
601,40:26,And... And brushes...,브러시는...
602,40:35,"Brushes, so cool.",브러시 좋네요
603,40:37,"That's like the sort of last of that
sort of swinging sound.","이게 스윙 음악의
끝물 정도 될 겁니다"
604,40:42,"So, this is the '50s,
and this is where rock 'n' roll--","이제 50년대죠
로큰롤의 시대..."
605,40:45,"This is where sort of it became
less of that triplet feel,",셋잇단음표가 덜 나오고
606,40:49,and just kind of straight eighth notes.,정박 8분 음표가 주를 이루죠
607,41:03,They would also do--,그리고 또...
608,41:04,"A lot of '50s music sort of pause--
The drums would just pause for, like, a buildup.","많은 50년대 노래에는 드럼이
잠깐 멈추는 부분이 있어요"
609,41:20,Really nice sound. Then...,"소리 좋네요
그리고..."
610,41:26,"This is the '60s,",이건 60년대예요
611,41:28,"and this is where
things got a little more swishy",좀 말랑말랑할 때죠
612,41:32,and kind of funky at the same time.,동시에 펑키해졌고요
613,41:34,Kind of like...,이런 느낌이죠
614,41:53,"This is the sort of Ringo-style kit,
and they--",이건 링고 스타일의 세트인데요
615,41:56,"Apparently, people saw them
on Ed Sullivan,","당연히 에드 설리번 쇼에서
그들을 봤겠죠"
616,41:58,"and they just wanted--
Everyone wanted to be a drummer.","모두 드러머가
되고 싶어 했어요"
617,42:01,"That's kind of where
that all turned around.",모두 그쪽을 향하고 있었죠
618,42:03,"And then we've got the '70s,
where the kits kind of just grew.","그리고 70년대입니다
세트가 커졌어요"
619,42:09,"Just really big kits. You know, sort of...",엄청나게 큰 세트죠
620,42:20,"But somehow, strangely, softer music.","이상하게도 음악은
더 부드러워졌고요"
621,42:23,"Like bigger kits, but softer music.",큰 세트지만 음악은 부드럽죠
622,42:25,"And... a lot of their sound
kind of came...",소리 대부분이 이렇게...
623,42:30,There's a kind of really dead sound.,먹먹해진 소리죠
624,42:33,"I kind of picture--
Well, disco was kind of like...","제 머릿속에
디스코는 이런 거예요"
625,42:47,"Or even softer. Sometimes, it was...","아니면 더 부드럽게요
이렇게..."
626,43:02,"Speaking of deadened tom-toms,",소리를 죽인 탐탐 얘기를 하자면
627,43:05,"sometimes-- I don't know
how many Beatle fans are here,","여기 비틀스 팬이
얼마나 될지 모르겠지만"
628,43:07,but when Paul McCartney-- Yeah. When Paul McCartney plays drums...,폴 매카트니가 드럼을 칠 때
629,43:11,He's done so in a lot of his solo stuff.,솔로를 많이 하는데
630,43:13,"...he tends to stop his beat to do a fill,","필을 하려고
비트를 멈추는 경향이 있죠"
631,43:16,and then he doesn't end it with a cymbal.,그리고 필을 심벌즈로 안 끝내요
632,43:18,So it's kind of like...,이런 거죠
633,43:34,What a nice audience.,훌륭한 관객이시네요
634,43:35,It's so nice to see everybody. Hi.,만나서 너무 반가워요
635,43:40,This is kind of my favorite.,이게 제가 제일 좋아하는 거예요
636,43:42,"This is kind of where I grew up
listening to drummers.",자라면서 들었던 드럼 소리죠
637,43:45,This is a Simmons pad kit.,시먼스 패드 키트입니다
638,43:51,This is-- I brought this from home.,집에서 가져온 거예요
639,43:53,"But everything became
kind of up-tempo, you know.",전반적으로 빨라진 경향이 있죠
640,44:05,"Or there's the kind of--
The Minneapolis sound.","미니애폴리스 느낌의
소리가 있어요"
641,44:07,"I know those are LinnDrums, but I always--
When I think of Prince, it's...","'린드럼'인줄 알지만
프린스를 생각하면..."
642,44:19,That kind of...,이렇죠
643,44:20,"-Yeah!
-Yeah. Yes.","- 네!
- 네"
644,44:24,I could play this all-- I love these.,"이걸 다 치다니
너무 좋아요"
645,44:28,The '80s...,80년대...
646,44:32,"The poor '80s.
The '80s were kind of like...","불쌍한 80년대죠
각오는 이랬거든요"
647,44:35,"They-- Their attitude was like,
""No, now we begin the future.""","'아니
이제 우리가 미래를 시작한다'"
648,44:41,"Hexagonal drums. This is it.
No more drums. This is...","6각 드럼. 바로 이거야
더 이상의 드럼은 없어"
649,44:45,"But that-- That was it. It ended there.
It ended in 1988 or whatever.","근데 거기서 끝났어요
1988년쯤 끝났죠"
650,44:49,"Now, the '90s...",90년대로 가 볼게요
651,44:51,'90s is a curious decade of drumming.,"90년대는 드럼에 있어
호기심 많던 시기죠"
652,44:54,"Huge kick drums. Yellow, red.","거대한 킥드럼
노랑, 빨강"
653,44:58,Lot of colors. Lot of bright colors.,여러 가지 선명한 색깔
654,45:01,"It was kind of bottom heavy
with the toms, right?",탐은 낮고 무겁죠?
655,45:04,Sort of...,이렇게...
656,45:08,"But with the snare, super high and tight.","스네어는
훨씬 높고 팽팽하고요"
657,45:13,So...,그래서...
658,45:21,But...,그런데...
659,45:22,"Do you ever see the thing,
like in the '90s,",90년대에 이런 거 보셨어요?
660,45:24,"where they'd have a regular beat going,",보통 박자로 가다가
661,45:25,"and then they would sort of
abruptly cut to like",갑자기 끊고
662,45:29,a little sort of drum machine beat?,드럼 머신 같은 비트로 가죠
663,45:31,"You know, like....",이렇게요
664,45:40,"Lot of buildups, too, in the '90s.","90년대에는
고조되는 걸 많이 썼죠"
665,45:54,"So, that brings us to this.
This is the sort of...","여기까지 왔네요
이건..."
666,45:58,"I tried to come up with a 2000s kit,",2000년대 세트를 만들어 봤는데
667,46:00,and it's really-- What I've been seeing...,제가 본 것들은...
668,46:04,"I hope this isn't getting in your face.
Sorry about that.","얼굴 괜찮으세요?
죄송합니다"
669,46:07,"...is a lot of-- There's a lot of
vintage-looking drums,","빈티지처럼 보이는
드럼이 많더라고요"
670,46:10,kind of smaller.,좀 더 작고요
671,46:12,A Roland pad.,롤랜드 패드를 쓰고요
672,46:13,"They'll put a pad up here
instead of a rack tom.",랙탐 대신 여기에 패드를 놔요
673,46:15,"They do a lot of their fills
on the hi-hat.",하이햇으로 필을 많이 해요
674,46:18,"And also, there seems to be
a laptop going most of the time.",그리고 대부분 노트북이 있죠
675,46:24,"So, there's a lot of...",그래서...
676,46:30,And then a really dead-sounding cymbal.,심벌즈 소리는 죽이고요
677,46:41,"And there we go, there's everything.","됐습니다
이게 다예요"
678,46:43,Thank you.,감사합니다
679,46:48,"Thank you. Thank you, drums.",드럼도 수고했어요
680,46:57,"From Green Day, Tré Cool.",그린데이의 트레 쿨입니다
681,47:14,So...,그러면...
682,47:16,Tré and I are gonna show you,트레와 제가
683,47:18,"some of the dynamics
of being in a band together.","밴드를 같이 하다
벌어지는 일을 보여드리죠"
684,47:23,"One of them is... One of the first things
they do, is there's always...",그 중 첫 번째는 항상...
685,47:27,"If you're in a band with someone else,
there's always an inside joke,","다른 사람과 밴드를 하다 보면
서로만 아는 농담이 오가고"
686,47:29,and it's annoying to everyone else.,그 외에 사람은 짜증 나죠
687,47:33,"But to us, we love it.",우리끼리는 너무 재밌어요
688,47:35,"Hey, Tré, the orange is over.","트레, 오렌지는 끝났어"
689,47:40,The orange is over.,오렌지는 끝났다고
690,47:41,"No, stop, really.","그만해, 진짜"
691,47:49,"The other thing is,
sometimes a guitar player","다른 문제는
가끔 기타리스트가"
692,47:52,"will show a song to a drummer,",드러머에게 노래를 보여주죠
693,47:54,"and there's a clear one, the one count,",그리고 아주 명백한 사항이 있어요
694,47:59,but it's clear only to this guitar player.,"그런데 그게 
기타리스트한테만 그렇죠"
695,48:01,"And the drummer's usually got it right,",드러머는 보통 제대로 듣지만
696,48:02,but it kind of--,좀...
697,48:04,"It's kind of like this,
""Hey, man, I got a new song.","이런 편이죠
'있잖아, 노래 하나 썼어'"
698,48:06,"Let me show it to you first.""",'먼저 한번 들어봐'
699,48:11,"No, no, no.","'아니, 아니'"
700,48:13,"It's one, two, three, four.","'하나, 둘, 셋, 넷'"
701,48:16,"One, two, three, four.","'하나, 둘, 셋, 넷'"
702,48:17,"One, two-- No. No.","'하나, 둘...
아니, 아니야'"
703,48:21,"One, two, three, four.","'하나, 둘, 셋, 넷'"
704,48:23,"One, two, three, four.","'하나, 둘, 셋, 넷'"
705,48:29,That's how practice goes.,연습은 늘 이런 식이죠
706,48:37,"The other thing that bands do
when they practice is,","밴드가 연습할 때 생기는
또 다른 일은"
707,48:40,"a lot of their time
isn't spent songwriting.","노래를 만드는 데
시간을 쓰는 게 아니라"
708,48:42,It's just really dissing another band.,"다른 밴드를 디스하는 데
열중한다는 점이에요"
709,48:45,"They saw their friends' band.
They just saw them play,",친구의 밴드가 연주하는 걸 보고
710,48:49,and they just go on and on about,끊임없이 얘기하죠
711,48:51,"how terrible they are,
but they're nice guys.","연주는 너무 형편없었는데
사람들은 좋긴 하다고"
712,48:54,"Man, the Gym Socks, I--
I don't get it. They just...","'짐 삭스 있잖아
진짜 이해가 안 된다. 걔네...'"
713,48:57,They're not good.,'진짜 못하더라'
714,48:58,"Did you see how high the drummer
puts his cymbals?","'드러머가 심벌즈
엄청 높이 세팅한 거 봤어?'"
715,49:00,What is...,'그게 뭐냐?'
716,49:02,"-Why?
-Gym Socks, dudes suck.","- '왜 그런대?'
- '짐 삭스, 너희 별로임'"
717,49:04,"They suck. They're nice guys, but-- Also--","'완전 별로다
애들은 괜찮은데...'"
718,49:07,"-Super nice guys.
-Super nice guys.","- '완전 괜찮지'
- '완전 괜찮아'"
719,49:09,But...,'근데...'
720,49:11,This is not a song.,'이게 노래는 아니지'
721,49:15,Why? Why?,'왜 그런대?'
722,49:18,That's most of a band practice.,이게 밴드 연습의 대부분이죠
723,49:22,The other-- Thank you.,"다른...
감사합니다"
724,49:24,"The other thing-- A lot of discussion
if you're in a band",또 다른 건...밴드에 있다 보면
725,49:27,is about what time you have to get there.,"몇 시까지 가야 하는지에 대해
엄청나게 상의해요"
726,49:31,"So, if they're there at four,
don't we show up at five?","'걔네가 4시까지 온다니까
우리는 5시에 갈까?'"
727,49:34,Six?,'6시?'
728,49:36,I'm sure six is fine.,'6시 괜찮겠다'
729,49:36,"-Can you fit my kick drum in your car?
-Yeah.","- '차에 킥드럼 좀 넣어줄래?'
- '그래'"
730,49:40,Thank you.,고맙습니다
731,49:52,"I'd like to bring up,
from Warpaint, Stella Mozgawa.","워페인트의 스텔라 모즈가와를
모시겠습니다"
732,50:02,"The other thing that drummers deal with
is sound guys.","드러머는 또 
음향 기사와 일을 하죠"
733,50:05,"Sound guys, if you're a drummer,
they make the same joke every time.","그들은 매번 드러머에게
같은 농담을 해요"
734,50:09,It's always- You load in...,짐을 들여놓으면 항상...
735,50:11,"-Hi.
-Where's your gong?","- '안녕하세요'
- '징 안 가져 왔어요?'"
736,50:16,Good one. Next time.,'다음에요'
737,50:18,You should bring your gong.,'징 가져오셔야죠'
738,50:20,Okay. Yep.,'넵'
739,50:24,"And then much of our time
as drummers, it sounds--",드러머로서 많은 시간...
740,50:27,This is the sound of our life.,이 소리가 우리의 삶이죠
741,50:29,Kick.,킥
742,50:34,Keep going.,계속하세요
743,50:41,Snare.,스네어
744,50:46,Rack.,랙
745,50:51,Do you want that ring in there?,잔향 그대로 둘까요?
746,50:54,"-I can change it.
-No, it's okay.","- 바꿀 수 있어요
- 아니요, 됐어요"
747,50:56,"-Okay.
-Floor.","- 네
- 플로어"
748,50:59,Do you want that ring in there?,잔향 그대로 둘까요?
749,51:03,Do-- Yeah.,"아, 네"
750,51:04,"-Whole kit. Whole kit.
-Okay.","- 좋아요
- 네"
751,51:06,Yeah.,네
752,51:20,"Great. We don't have any mikes yet, but...","좋아요. 아직 마이크 설치를
안 하긴 했지만..."
753,51:22,"-Great.
-The other thing...","- 그렇군요
- 그리고 또..."
754,51:25,"musicians deal with--
Do you ever see, like,","또 다른 문제는...
이런 적 있으세요?"
755,51:28,"the guitar player who does not know
how to play the drums?",드럼 칠 줄 모르는 기타리스트요
756,51:31,"You could tell by the way
they hold the stick.",스틱 잡는 걸 보면 알 수 있죠
757,51:33,But they want to have drums on stage.,"그런데도 무대에
드럼이 있으면 좋아하죠"
758,51:36,"So, just do a regular beat.
So, if we're in a band...","일반 비트 좀 쳐 주세요
밴드를 하는데..."
759,51:57,Thank you.,감사합니다
760,52:03,There's-- How many of you drummers--,드러머 여러분
761,52:04,"You guys must be in bands.
Are you guys in bands?",밴드에서 활동하시죠?
762,52:08,Have you seen the--,이런 거 보셨어요?
763,52:09,"When a songwriter shows you a song
that has way too many parts.","작곡가가 노래를 보여줬는데
파트가 너무 많은 거죠"
764,52:14,"Okay, ready for the song?",노래 준비됐나요?
765,52:17,"So, it starts off-- It's just gonna go...",시작을 이런 식으로...
766,52:26,"And then--
So, then it just goes to a quick--","그다음엔
아주 빠르게 가죠"
767,52:41,This goes for a while.,한동안 이렇게 하다가
768,52:45,Stop.,멈추죠
769,52:46,Rest.,쉬고
770,52:47,"Rest, then...",쉰 다음에
771,52:52,Then it'll go...,이렇게...
772,53:02,This is just twice. And then...,두 번만 하고...
773,53:07,A little reggae part.,레게 파트가 잠깐 있고
774,53:12,And then...,그다음에...
775,53:18,"-No drums in this part.
-Okay. Yep.",이 파트엔 드럼이 없어요
776,53:21,"-Okay, ready?
-Yeah.","- 준비됐죠?
- 네"
777,53:24,"It's a seven count. One, two, three,
four, five, six, seven.","7에 갑시다
1, 2, 3, 4, 5, 6, 7"
778,53:49,Thank you. Stella Mozgawa.,"감사합니다
스텔라 모즈가와였습니다"
779,53:55,"How you guys doing? This is so much fun
for me, I just want you to know.",오늘 너무 재미있네요
780,54:04,"There's another drummer
I'm gonna bring up,","다른 드러머를
초대하려는 데요"
781,54:06,and he's originally from Austria.,오스트리아 출생입니다
782,54:08,"He's, like, a brilliant drum technician,",드럼 기술이 아주 탁월해요
783,54:12,and a drum aficionado.,드럼 마니아이기도 하죠
784,54:14,Just a real hero of drumming.,드럼의 전설입니다
785,54:16,You will not believe how great he is.,믿을 수 없을 만큼 훌륭하죠
786,54:19,His name is Thomas Lang. Thomas Lang.,토머스 랭입니다
787,54:23,"Thomas, how are you?","안녕하세요, 토머스"
788,54:25,"Thanks for doing this, buddy.",와 주셔서 감사해요
789,54:28,"So, Thomas is here, he's brilliant.",토머스는 정말 뛰어나요
790,54:31,"A real-- I mean, he's got
so much material out.",여러 가지 작업을 하셨죠
791,54:34,"He tours-- 78 countries,
I think you've been to?",78개 나라에서 투어도 하셨고요?
792,54:37,Yeah. This year.,올해만요
793,54:39,"So, I thought it would be cool
to bring him out,",이러면 어떨까 싶어요
794,54:42,and I wrote a little one-act play,제가 단막극을 하나 썼는데
795,54:46,"that we could read together.
There you go.","토머스와 함께 읽어 보려고요
여기 있습니다"
796,54:51,Okay.,좋아요
797,54:57,Here we go.,시작합시다
798,54:59,"Two brothers, Danny...
I'm Danny.","어떤 형제가 있어요
제가 대니고"
799,55:02,...and Edward... That's Thomas.,토머스가 에드워드예요
800,55:04,"...are at the airport,
just inside the terminal.",둘은 공항 터미널 안에 있어요
801,55:08,"Edward has a suitcase...
Your suitcase is there.",에드워드는 여행 가방을 들고 있죠
802,55:10,"...and Danny, me, is dropping him off.","대니는 형을 데려다주러
온 거고요"
803,55:13,"Okay... you all set?
Do you have your passport?","'그래, 준비됐어?
여권 챙겼고?'"
804,55:17,Of course I do.,'당연하지'
805,55:19,"Well, I'm just making sure.
People can be forgetful.","'그냥 확인해본 거야
깜빡할 수도 있으니까'"
806,55:22,Not me. I can't be forgetful.,'내가 깜빡할 리가 없지'
807,55:26,I suppose that to be true.,"'그래, 믿을게'"
808,55:28,"Can you imagine me
stepping off the plane, saying,","'비행기에서 내려서
내가 이럴 것 같아?'"
809,55:30,"""Hi. I don't have a passport,",'여권을 안 가져왔는데'
810,55:32,"but I'm going to be sightseeing here
for ten years.""","'여기서 10년 동안
관광할 거예요'"
811,55:34,"Is that what you're doing in Monte Carlo,
sightseeing?","'관광을 하러
몬테카를로에 간다고?'"
812,55:38,"Yes, my brother. For ten years.","'응, 10년 동안'"
813,55:42,"I imagine you could do that
in a few weeks, no?",'몇 주면 할 수 있을 텐데?'
814,55:44,"You can imagine all you want,
but when I sight-see,","'그건 네 생각이고
나는 관광할 때'"
815,55:48,I sight-see every building up close.,'모든 건물을 자세하게 봐'
816,55:52,The cement is like an inch from my face.,'시멘트 1cm 앞에서 본다고'
817,55:57,"I understand you wanting to travel,
but the family needs you here.","'여행하고 싶은 건 알겠는데
가족도 도와줘야지'"
818,56:04,We have to tend to the mitten shop.,'장갑 가게를 봐야 한다고'
819,56:05,"Mittens, mittens, mittens.","'장갑, 장갑, 장갑'"
820,56:08,"The world's bigger than mittens,
you know, Danny.","'대니
장갑보다 더 큰 세상이 있어'"
821,56:13,It is?,'그래?'
822,56:14,Yes.,'그럼'
823,56:19,"Danny, I'm older than you.",'내가 더 나이가 많잖아'
824,56:21,Who knows exactly how many years.,'몇 살 더 많은지 모르겠지만'
825,56:23,I'm guessing two.,'한 2살 차이?'
826,56:26,"But our parents,
they were too busy to tell us.","'부모님은 바쁘셔서
우리랑 얘기할 시간도 없잖아'"
827,56:29,I know.,'그러게'
828,56:30,"They were always deep in conversation
with each other.","'늘 부모님끼리 얘기하기
바쁘시니까'"
829,56:33,I wish they had time to talk to us.,"'우리한테도 얘기할 시간이
있으셨으면 좋겠어'"
830,56:36,Maybe we're the same age.,'우리 나이가 같을지 누가 알아?'
831,56:48,When's your flight?,'몇 시 비행기야?'
832,56:51,I have to look it up.,'확인해봐야 해'
833,56:52,I'm not going direct.,'바로 가는 게 아니야'
834,56:53,"I fly first to Toronto,
then I go to Dublin,","'토론토에 먼저 갔다가
더블린으로 가서'"
835,56:57,"then I go back to Atlanta,
and then right to Rome from there.","'다시 애틀랜타로 왔다가
거기서 로마로 가'"
836,57:01,"And from there, I'll take a train.",'거기서부터는 기차 타고 갈 거야'
837,57:04,Isn't there anything faster?,'더 빠른 방법 없어?'
838,57:06,"These pilots, they're the fastest
in the business.","'조종사 중에
제일 빠른 사람들이야'"
839,57:09,"I know some of them personally, actually.",'그중에 아는 사람도 있고'
840,57:11,Have you heard of José Medeiros?,'호세 메데이로스 알아?'
841,57:14,I haven't.,'아니'
842,57:16,He's from Toronto Airlines.,'토론토 항공 출신인데'
843,57:18,He's the best.,'그 사람이 최고야'
844,57:21,"I'm gonna miss you, Edward.","'보고 싶을 거야
에드워드'"
845,57:23,Look. Look.,'저기 좀 봐'
846,57:27,"They're towing your car, man.",'네 차 견인한다'
847,57:29,"You should've parked
in the drop-off area.","'그러게 승객 로딩 존에
주차하면 안 되지'"
848,57:31,"That's okay. I don't mind.
I'll deal with it next week.","'괜찮아, 상관없어
다음 주에 처리하지 뭐'"
849,57:37,"-Danny.
-Yes.","- '대니'
- '응'"
850,57:39,I just realized something.,'방금 뭘 깨달았어'
851,57:41,I forgot my passport.,'여권 안 가져 왔다'
852,57:42,I left it in the garage.,'차고에 두고 왔어'
853,57:44,Edward!,'에드워드!'
854,57:45,Thank you.,감사합니다
855,57:53,"There's someone who lives part-time
in this city,","이 도시에서 잠시
살고 계신 분이 있는데"
856,57:56,and it's John Waters.,바로 존 워터스입니다
857,57:58,"You guys know John Waters, the director?",존 워터스 감독 아시죠?
858,58:01,"When I was 15, he kind of saved my life.","제가 15살 때
이 분이 제 목숨을 살렸어요"
859,58:03,"He gave me purpose.
And it sounds like an exaggeration...","제 삶에 목적을 부여해줬죠
과장하는 것 같지만..."
860,58:08,"but what happened was,",무슨 일이 있었냐면
861,58:09,"I was 15, and I was in English class
in 8th grade,","15살 때 
8학년 영어 수업에"
862,58:12,"and I had this assignment that was like,","숙제가 있었는데
이런 거였어요"
863,58:15,"""If you had one more day to live,
what would you do?""","'하루만 더 살 수 있다면
무엇을 하겠는가?'"
864,58:18,"And everyone was like, ""Oh, I'd visit
my grandmother,"" and all this stuff,","다들 '할머니를 뵈러 가겠다'
이런 식으로 썼는데"
865,58:20,"and I just wrote this paper, it was like,",저는 뭐라고 했냐면
866,58:23,"""I would smash in all the store windows
on the street,","'거리에 있는 가게 창문을
모조리 부수고'"
867,58:28,"and I would set every place on fire.""
Right?","'전부 불을 지르겠다'
라고 했죠"
868,58:32,And I think I was trying to be funny.,장난이었던 것 같기도 한데
869,58:33,I don't know what I was trying to do.,뭘 하려고 했는지 잘 모르겠어요
870,58:35,"I really felt like if it was my last day
on Earth, I just wanted to sort of","만약 오늘이 내 인생 
마지막 날이라면"
871,58:38,just destroy everything.,정말로 다 부숴버리고 싶었죠
872,58:40,"So, my English teacher,
she didn't give me a grade.","영어 선생님은 
제 것을 채점하지 않고"
873,58:44,"She said, ""See me after class.""",'수업 끝나고 보자'고 하셨죠
874,58:46,"And for the next day-- The next day after,
she sent me to the school psychologist.","다음 날, 선생님은 저를 
학교 상담실에 보내셨어요"
875,58:50,"And he was like giving me--
It was really scary as a kid,","어린 눈에는 상담 선생님이
아주 무서웠는데 그 이유는"
876,58:53,"'cause he was giving me
this written test, it was like,","이런 필기시험을
보게 하셨거든요"
877,58:56,"""Do you see animals
that other people don't seem to see?","'남들이 보지 못하는
동물이 보이는가?'"
878,59:01,"Do you feel a tight band
wrapped around your head?""","'머리에 붕대를 
꽉 감은 느낌이 드는가?'"
879,59:04,"And I was like, ""No, no. This is--
You've misunderstood me.""","제가 그랬어요
'아니에요. 오해하신 거예요'"
880,59:08,"And, you know, when you're 15,
you don't know what you-- Who you are.","15살에는
내가 누구인지 잘 모르잖아요"
881,59:11,So then I heard John Waters on the radio.,"그러다 라디오에서
존 워터스가 나오는 걸 들었죠"
882,59:13,"He was doing, like,
a promotional interview",홍보 인터뷰를 하고 있었는데
883,59:16,for his book called Shock Value.,"'쇼크 밸류'라는 
그의 책에 관한 거였죠"
884,59:18,"And in the book, he's like,",이 책에 이런 말이 있어요
885,59:21,"""If someone pukes at one of my movies,
I consider it to be a standing ovation.""","'내 영화를 보고 구토가 난다면
그걸 기립 박수라고 생각하겠다'"
886,59:25,"And I was like,
""Yes, I want to be like that person. That kind of, like, weirdo.""
You know what I mean?","'나도 저런 또라이가 돼야지'
라고 생각했죠"
887,59:30,"I can't think of any other word.
So, it was such a great book,","다른 말은 떠오르지 않네요
아주 멋진 책이었어요"
888,59:33,so I wrote him this letter.,그래서 존에게 편지를 썼죠
889,59:34,"""Dear John, please do not regard this
as just another fan letter.","'존 감독님께
이건 평범한 팬레터가 아니에요'"
890,59:38,"You and I have very much in common,
except I'm 15 years old.","'감독님과 저는 공통점이 많아요
제가 15살이라는 것만 빼면요'"
891,59:43,"I also make films, and they're not
ordinary little movies.""","'저도 영화를 만드는데
평범한 것들은 아니에요'"
892,59:46,"I did, with my friends,",정말로 친구들과
893,59:47,"we used to make these little horror movies
with a lot of blood and stuff.","피칠을 한 짧은 공포영화
몇 편을 만들었어요"
894,59:50,"Just these little 8mm
three-minute things.",8mm로 찍은 3분짜리 영화죠
895,59:52,"""Every time you make a film,
people praise you as a genius,","'감독님이 영화를 만들 때마다
사람들이 천재라고 칭송해요'"
896,59:55,including me...,'저도 그중 하나죠'
897,59:57,but my films only get me to a psychiatrist,"'그런데 제가 만든 
영화를 보여주면'"
898,1:00:00,"or kicked out of where
I'm showing it. Why?""","'저를 정신과 의사에게 보내거나
그 자리에서 쫓아내요. 왜죠?'"
899,1:00:03,"That's not really true.
It was more related to the paper I wrote,","이건 사실이 아니에요
제가 쓴 논문에 관련된 건데"
900,1:00:07,but that was too complicated.,아무튼 그건 너무 복잡해요
901,1:00:08,"I don't know. I can't get into
my own 15-year-old head.","나도 몰라요
15살 때 무슨 생각이었는지"
902,1:00:11,"I want to go back and be like,
""Fred, write a factual letter,"" but...","다시 돌아가서 얘기하고 싶어요
'프레드, 사실만 써'"
903,1:00:16,"""When I was younger, I, too, wrecked cars""","'어렸을 때 저도
차를 부쉈어요'"
904,1:00:18,"So, in his book, he said he used
to light cars-- Little toy cars on fire.","책에서 어렸을 때 장난감 차에 
불을 붙였다고 했거든요"
905,1:00:21,I did the same thing.,저도 그걸 했어요
906,1:00:22,"""I burnt them. That was really great.",'불에 태웠는데 너무 신났어요'
907,1:00:26,"I don't even want to get into
how much we have in common.","'우리가 얼마나 비슷한지
자세히 얘기하진 않을게요'"
908,1:00:28,Let's just say it's a lot.,'아주 많다고만 해 두죠'
909,1:00:30,"I read Shock Value three times over,
and loved it more than anything.""","'쇼크 밸류를 세 번 읽었는데
어떤 책보다 좋아해요'"
910,1:00:33,That's true.,이건 사실이죠
911,1:00:34,"""I had it taken away from me in school
about seven times.","'학교에 가져갔다가
일곱 번이나 뺏겼어요'"
912,1:00:37,"I decided Cookie Mueller
was my favorite Dreamland girl,","'쿠키 뮬러가
제 이상형이라 생각했고'"
913,1:00:40,"and since she, too, lived in New York,",'뉴욕에 살고 있으니까'
914,1:00:42,I decided to look her up.,'한번 찾아보기로 했어요'
915,1:00:44,"I found her address, wrote to her,
and she wrote back","'쿠키의 주소를 찾아서 
편지를 썼고 답장을 받았는데'"
916,1:00:46,"with an autographed letter
and your address.","'사인과 함께 
감독님의 주소를 알려줬어요'"
917,1:00:48,Don't get mad at her for giving it to me.,"'저한테 알려줬다고
쿠키에게 화내지 마세요'"
918,1:00:50,"Please write back, okay, John?",'답장 꼭 써주실 거죠?'
919,1:00:52,"I feel I have a lot to learn from you
about my future.","'제 미래에 대해 
감독님께 많은 걸 배웠어요'"
920,1:00:55,"You are my idol,",'감독님은 제 우상이에요'
921,1:00:56,"and one day,",'언젠가'
922,1:00:58,"I will take over your puke-dom...""","'감독님의 구토 얘기를
제가 이어받겠습니다'"
923,1:01:00,He was the prince of puke.,감독님의 구토의 왕자였죠
924,1:01:02,"""...(if you don't mind).
You should see my movies.""","'괜찮으시면
제 영화를 봐 주세요'"
925,1:01:04,"Okay. So, a heart--","네, 진심..."
926,1:01:06,"Thank you. Yes, a heartfelt...","감사합니다
진심 어리죠"
927,1:01:13,"You know, no direction.",방향성이 없어요
928,1:01:14,"You know that feeling, you don't know--
You're sort of scared of yourself?","자기 자신이 무서운
그런 느낌 아시죠?"
929,1:01:18,"And... Well, I wrote him this letter.",이 편지를 존에게 보냈고
930,1:01:20,He wrote me back.,답장을 받았어요
931,1:01:22,"""Dear Freddy, thank you
for your enjoyable and funny letter.","'안녕 프레디
너의 재밌는 편지 고맙구나'"
932,1:01:25,"I guess the difference is that
they don't drag me to a psychiatrist","'사람들이 날 정신병원에 
보내지 않는 이유는'"
933,1:01:28,"because I've been making the films
for a long time,","'내가 오랫동안 
영화를 만들었기 때문이지'"
934,1:01:31,and you just started.,'너는 이제 시작했고 말이야'
935,1:01:32,"Just don't let anyone tell you
you can't do it,","'다른 사람 때문에 
포기하지 말고'"
936,1:01:35,"and just keep plugging away.""",'꾸준히 하렴'
937,1:01:37,"Right away, he took me seriously.",그는 바로 아주 진지하게
938,1:01:38,He really considered what I wrote to him.,"제가 편지에 쓴 것에 대해
얘기했어요"
939,1:01:41,"""I do hope you can take over my puke-dom.","'진심으로 네가 구토 얘기를
이어받길 바란다'"
940,1:01:43,"Just remember to keep it funny, because
it's simple to just be disgusting,","'재미도 있어야 한다는 것 잊지 마
역겹기만 하다면'"
941,1:01:47,but not so original.,'그건 진짜가 아니거든'
942,1:01:48,"The most important thing
is humor and originality.""","'가장 중요한 건
유머와 독창성이야'"
943,1:01:52,Fantastic.,기가 막히죠
944,1:01:53,"""I wish you lots of luck with your films.",'영화가 잘 되길 바라'
945,1:01:55,"The only way to learn is by doing it.""","'하면서 배우는 게
유일한 방법이란다'"
946,1:01:57,This last line is really cool.,마지막 줄이 너무 멋져요
947,1:01:59,"""Read Variety, it's the best textbook.","''버라이어티'라는 책을 읽으렴
최고의 교과서야'"
948,1:02:02,"Best, John Waters.""",'존 워터스가'
949,1:02:03,This stays with me today.,아직도 이걸 가지고 있어요
950,1:02:06,"It's such a loving, peaceful,
really artistic postcard.","사랑스럽고 평화로우며
예술적인 편지죠"
951,1:02:10,"And so, John Waters saved my life.","이렇게 존 워터스가
제 생명을 구한 겁니다"
952,1:02:18,"Thank you.
I'd like to bring up Stella Mozgawa.","감사합니다
스텔라 모즈가와를 모시죠"
953,1:02:20,You're right here.,여기로 오세요
954,1:02:29,Tré Cool.,트레 쿨
955,1:02:36,"Thanks, Tré.","고마워요, 트레"
956,1:02:38,"Thomas Lang, come on up.","토머스 랭, 나오세요"
957,1:02:43,Thanks.,감사합니다
958,1:02:48,The orange is over.,오렌지는 끝났어요
959,1:02:50,Yeah.,네
960,1:02:51,Yes.,네
961,1:02:54,"Hey, where's your gong?",징 어딨어요?
962,1:02:59,"One, two, three, four.","하나, 둘, 셋, 넷"
963,1:03:19,Stella Mozgawa.,스텔라 모즈가와
964,1:03:28,Tré Cool.,트레 쿨
965,1:03:38,Thomas Lang.,토머스 랭
966,1:03:47,Fred Armisen.,프레드 아미슨
967,1:03:57,Everybody.,다 같이
968,1:04:15,"One, two, three, four.",하나...
969,1:04:21,"-Those clubs, they get hot.
-You got to put the tape on.","- 이 클럽 진짜 좋아요
- 테이프를 붙이시면 돼요"
970,1:04:24,"-Thank you very much.
-You know what you need?","- 네, 감사합니다
- 정말 요긴한 게 있는데"
971,1:04:25,Splash cymbal.,스플래시 심벌즈예요
972,1:04:27,You can double it.,두 가지로 쓸 수 있죠
973,1:04:28,"An ashtray. You smoke?
You got an ashtray, you got a cymbal.","재떨이로요. 담배 피우세요?
재떨이도 되고 심벌즈도 되죠"
974,1:04:30,"-Look at that.
-Put these on the drums.","- 이것 좀 보세요
- 드럼에 붙이세요"
975,1:04:32,"It's gonna make it sound...
Sound like a studio.","이걸 붙이면
스튜디오 같은 소리가 나요"
976,1:04:35,Underrated.,싸게 나왔어요
977,1:04:37,"This goes right on top like this.
And you have this like this.","- 이게 위로 가죠
- 이게 2008년 '모던 드러머'예요"
978,1:04:39,"Look at this. You got everything in there.
Bill Stewart, Todd Sucherman.","이거 보세요. 여기 다 있어요
빌 스튜어트, 토드 수셔맨"
979,1:04:43,You got Derek Roddy.,데릭 로디...
980,1:04:45,"Unbelievable. Really, everybody.","말도 안 되는 거죠
다 있어요"
981,1:04:50,You got to have that.,이건 사셔야 해요
982,1:04:51,"I'm telling you, you need all this.
If you want to be a pro drummer,","진짜 드러머가 되려면
이게 다 필요해요"
983,1:04:54,"hey, you take-- Look. Look who you got--",이름만 보면
984,1:04:56,"-Is telling you about it.
-We do it all the time.","- 어떤 것인지 알 수 있죠
- 맨날 하는 일이에요"
985,1:04:59,"-Okay.
-It's a must-have.","- 알겠어요
- 꼭 필요한 거예요"
