,Time,Subtitle,Translation
0,4:42,"-Es tut mir leid.
-Was tut Ihnen leid?","- 정말 유감이에요
- 뭐가요?"
1,4:47,Dass Sie gestorben sind.,그것들이 죽은 거요
2,4:48,"Wie Sie gestorben sind,
das tut Ihnen leid.",그렇게 죽은 거 말이에요
3,5:46,"Zehn Meter freier Fall, so ein Fisch.
Das ist ein Barsch.","10m에서 떨어지는데 안 죽는
물고기가 어디 있겠어요, 농어인데"
4,5:50,Ich kenne Ihre Barsche.,그 농어들 알았는데
5,5:52,"Das war der Reinigungsdienst. Sind hereinspaziert, das Aquarium
rausgerissen, das Fenster geöffnet...","청소하는 직원이 창문에다
어항을 비웠나 봐요"
6,5:57,Und zack.,프레스토!
7,5:59,"Und wo war die Aufsicht? Die Aufsicht, liebe Frau Krüger,
hat Ihr Klavier getragen.","- 간수들은 뭐 하고요?
- 크루거 부인의 피아노를 옮겼죠"
8,6:03,"-Die gehen nicht.
-Herr Kowalski?","- 저 사람들은 안에 못 들어갑니다
- 코발스키 씨?"
9,6:05,Ja?,네?
10,6:07,"-Ich meine es ernst.
-Leider.","- 농담하시는 거겠죠
- 아닌데요"
11,6:11,"Wir sind angemeldet. Sie sind angemeldet, Frau Krüger.
Nicht Ihre Begleitung.","- 우린 등록했어요
- 일행 말고 크루거 부인만요"
12,6:15,Die gehen nicht. Wirklich nicht.,진짜 못 들어옵니다
13,6:19,Die Herren sind sehr nett.,좋은 사람들이에요
14,6:22,"Die Herren sind Müll. Und wir können
hier keinen Müll reinlassen.","쓰레기겠죠
우린 쓰레긴 못 들여보냅니다"
15,6:25,"Auch keinen netten. Kein Wunder,
dass Ihre Frau Sie verlassen hat.","- 좋은 쓰레기라도요
- 아내가 왜 떠났는지 알겠네요"
16,6:53,"-Hält ja keiner aus, so was.
-Was soll das denn?","- 정말 골칫덩어리네요
- 무슨 말이죠?"
17,6:59,"Ach, der grüne Pisser.",제기랄
18,7:17,Wo sind denn die Packer? SÜ Eins.,"- 이삿짐 옮기는 사람들은요?
- 밖에 있어요"
19,7:20,"-Herr Direktor.
-Nicht Direktor. Bitte. Nur Meyerbeer.","- 교도소장님...
- 그냥 마이어비어라고 불러요"
20,7:23,"Die Anlieferung haben Sie genehmigt,
Herr Meyerbeer.","배달해도 된다고 했잖아요
마이어비어 씨"
21,7:25,"Nein, ich habe nicht genehmigt, dass ein
paar Ex-Sträflinge Ihr Klavier anliefern.","아니요, 전 전과자들이 피아노를
들고 오는 건 허락하지 않았어요"
22,7:29,"Das muss Ihnen doch klar gewesen sein,
dass Sie unter SÜ Eins fallen.","그 사람들은 못 들어온단 걸
아셨잖아요"
23,7:32,Das war eine Kostenfrage.,돈 때문에 그랬죠
24,7:34,"Warum sagen Sie mir nichts vorher,
Frau Krüger?","왜 저한테 말씀 안 하셨나요
크루거 씨?"
25,7:38,Kostenfragen sind doch lösbar.,돈 문제라면 해결할 수 있어요
26,7:41,"Mein Honorar
wurde vor drei Jahren gestrichen. Den Klavierstimmer bezahle ich
aus eigener Tasche.","내 연봉이 3년 전에 끊겼어요
내가 피아노 튜너랑"
27,7:44,"Die Neuanschaffung eines Instruments
übernehme ich ebenfalls.",새 악기를 사야 한다고요
28,7:47,"Seit Sie hier sind,
war noch keine Kostenfrage lösbar, wenn man von Ihren Barschen absieht.","당신이 해결한 돈 문제라고는
송어가 다겠죠"
29,7:52,"Sie werden unsachlich, Frau Krüger. Ich mach mir Sorgen um meine Schülerinnen.","- 논점을 흐리지 마세요
- 난 내 학생들이 걱정돼요"
30,7:58,Vier.,4명요
31,8:01,"-Wie bitte?
-Vier. Sie haben vier Schülerinnen. Vier.","- 네?
- 4명요, 학생이 4명 있다고요"
32,8:04,Eine hat sich gestern Nacht aufgehängt. Und die andere ist Kollege Mütze.,"여학생 하나는 어제 목을 매달았고
다른 하나는 뮤체죠"
33,8:09,"Das ist auf der einen Seite schön
und auf der anderen Seite, na ja.",그에겐 잘된 일이지만 우린
34,8:12,"Wir haben gedacht, er wäre so etwas
wie ein Vollzugsbeamter.","그가 교도관처럼
행동해주길 바랐어요"
35,8:17,"So komme denn, brandneues Klavier.","피아노야, 너는 자유야!"
36,8:20,Das andere war hässlich und auch alt.,그러니 가만히 잘 들으렴
37,8:24,"Nun freu dich mit Frau Krüger und mit mir
auf die Justizvollzugsanstalt.","크루거 씨가 널 감옥에서
새로 맞이하고 싶어 하거든"
38,8:28,"Ja, danke, Herr Mütze.","고마워요, 뮤체 씨"
39,8:32,"Allmählich zeigen Sie ihr wahres Niveau,
junger Mann.",본색이 나오시는군요
40,8:35,"Frau Krüger. Sie haben wirklich
jedes Recht, mich zu beleidigen.",크루거 부인 저를 모욕하시는 것도 이해합니다
41,8:39,"Aber vergessen Sie bitte nicht,
dass es hier 300 Gefangene gibt.","하지만 우린 3백 명의
죄수가 있어요"
42,8:42,"Sie haben ein Büro und ein Klavierzimmer
und vier Personen, die das nutzen. Das ist ein bisschen...","근데 당신은 사무실에 피아노실에
4명의 학생밖에 없죠"
43,8:47,"Ich werde von vielen Seiten gedrängt,
das Klavierzimmer abzuschaffen.","피아노실을 아예 없애라는
사람들도 있어요"
44,8:54,"Wissen Sie, an wen Sie mich erinnern,
Herr Direktor? Nicht Direktor, Meyerbeer.","- 교도관님을 보니 누가 생각나요
- 마이어비어라니까요"
45,8:57,"An meinen ersten Direktor. Der wollte
auch nicht, dass man ihn Direktor nennt.","내 첫 소장도 교도관님 대신
이름을 불러달라고 했죠"
46,9:01,"-Anstaltsleiter.
-Sturmbandführer.","- 교도소장요?
- SS 돌격대 소령 출신이었죠"
47,9:12,"Sie sind wirklich schon sehr lange hier,
Frau Krüger.","크루거 부인은 여기
너무 오랫동안 계셨네요"
48,9:37,"Kurse, bitte.",피아노 레슨받을래?
49,9:40,Klavierkurse neu.,피아노 레슨?
50,9:44,Bitte.,한 장 받아
51,9:47,Klavierkurse neu.,여기 있어
52,10:07,Ich bin gewiss...,저는
53,10:09,...dass weder Tod noch Leben.,죽음이나 생명
54,10:11,"weder Engel noch Mächte noch Gewalten,",천사나 막강한 권력
55,10:14,"weder Gegenwärtiges noch Zukünftiges,",현재나 미래
56,10:17,"weder Hohes noch Tiefes,
noch eine andere Kreatur","어떠한 물건이나 다른 존재가
예수 그리스도 안에 살아있는"
57,10:22,"uns scheiden kann von der Liebe Gottes,
die in Jesus Christus ist, unserem Herrn.","하나님의 사랑으로부터 우릴
갈라놓지 못함을 믿습니다"
58,10:26,Amen.,아멘
59,10:34,Wir gedenken in Trauer der Verstorbenen,죽은 이를 애도하며
60,10:37,und hören Ihre Lieblingssonate.,"망자가 가장 좋아했던
소나타를 듣겠습니다"
61,10:41,Mozart A-Dur.,모차르트의 A 장조입니다
62,12:25,"Die Weiber sagen,
du hast nichts bemerkt in der Nacht?",어젯밤에 아무 눈치 못 챘어?
63,12:28,"Ayse, sie ist neu.","아이제, 걔는 신입이었잖아"
64,12:30,"Halt dich raus, Frankie.
Die Erwachsenen unterhalten sich, okay?","프랭키, 어른 말하는데
끼어들지 마"
65,12:34,Also...,그래서
66,12:35,Hast nichts gemerkt? Ich hab geschlafen.,"- 아무것도 눈치 못 챘어?
- 난 자고 있었어"
67,12:39,Du hast geschlafen.,자고 있었다고?
68,12:43,Sie hat geschlafen.,자고 있었다네
69,12:48,Muss ja ein ziemlich gesunder Schlaf sein.,진짜 깊이 자나 보네
70,12:50,"Merkst nicht,
dass neben dir jemand verreckt?",누가 옆에서 목매는 것도 모르고
71,12:55,"Weißt du, was ich glaube?",내 생각은 뭔지 알아?
72,13:00,Du hast gar nicht geschlafen.,넌 한숨도 안 잤어
73,13:02,Du hast Sie zappeln lassen.,그냥 걔가 목매달게 놔둔 거지?
74,13:05,Du bist so n Typ.,넌 그럴 인간이야
75,13:07,"der wartet nur drauf,
einer Leiche die letzte Kippe zu klauen.","시체한테서 마지막 담배를
훔치는 그런 인간"
76,13:13,Schielst du?,너 사팔뜨기야?
77,13:19,"Du läufst mir rein, Jenny.","너도 당하게 될 거야, 제니"
78,13:22,Nicht anfassen.,내 몸에 손대지 마
79,13:26,"Nicht anfassen, hab ich gesagt. Ruhe.","- 만지지 말라고!
- 조용히 해!"
80,13:59,"Entschuldigung, die Neuen warten.",새 학생들이 기다리고 있어요
81,14:03,"Wie duftet doch der Flieder,
so mild so stark und voll?","'라일락의 향기가
너무 부드럽고 강하고 향기로워'"
82,14:12,"-Hans Sachs in ""Die Meistersinger""?
-Du liebtest mich um meine Abenteuer?","- 한스 작스의 마스터징어 대사요?
- '그녀는 내가 겪었던 위험을'"
83,14:16,"Um deines Mitleids willen liebte ich dich.
Othello.","'좋아했고, 그 점을 동정한
그녀가 좋았다' 오셀로 대사군요"
84,14:20,Sei dir der Frieden im Tod beschieden?,'죽음에서 평안을 찾기를...'
85,14:24,Sei dir der Frieden...,'평안을 찾기를...'
86,14:27,Sei dir der Frieden...,'평안을 찾기를...'
87,14:29,"-Das ist nicht leicht.
-Lern damit zu lernen.","- 이건 어려운데요
- 뮤체 씨, 더 공부하세요"
88,14:31,Sonst kommen Sie auf keinen grünen Zweig.,안 그러면 아무것도 못 돼요
89,14:34,"-Puccini?
-Puccini.","- 푸치니요?
- 푸치니라니"
90,14:36,"-Nein?
-Nein, nein. Kommen die Damen.","- 아닌가요?
- 학생들 들어오라고 하세요"
91,14:43,Hier.,어서요
92,15:00,Draufdrücken?,이걸 눌러요?
93,15:02,Ja.,그래
94,16:17,"-Ihre Hände sind wund.
-Ein bisschen.","- 손이 아픈가 보구나
- 약간요"
95,16:19,"-Wovon?
-Was geht es Sie an?","- 어떻게 된 거니?
- 상관하지 마요"
96,16:25,"Warum wollen Sie
mit diesen Händen Klavier spielen?",그 손으로 피아노를 치려고?
97,16:28,Ich habe keine anderen.,손은 이거밖에 없으니까요
98,16:34,Bringen Sie sie raus.,얘를 내보내요
99,16:36,"Schon, Frau Krüger. Aber...",그렇지만 크루거 부인...
100,16:39,"-Ich glaube, die ist ganz gut.
-Sofort.","- 재능이 있어 보이는데요
- 당장요!"
101,16:42,"-Jenny von Loeben.
-Jenny.","- 에니 본 로에벤...
- 제니예요"
102,16:44,"Musikalisch, steht hier.",여기 음악적 재능이 있다고 하네요
103,16:49,"-Was ist mit meiner Klavierstunde?
-Sie werden darauf verzichten können.","- 제 피아노 레슨은요?
- 안 해도 잘 살 거야 뭐가 문제예요?"
104,16:54,"Junge Frau, in diesem Raum
benimmt man sich.",무례하게 굴지 말거라
105,16:57,Was n los?,뭐예요?
106,16:59,"Ich soll nicht spielen,
weil ich keine anderen Hände hab? Was ist das
für n faschistischer Scheiß hier?","내 손 때문에 못 친다고요?
파시스트같이 굴지 말아요!"
107,17:04,"Nicht anfassen.
Ich hab gesagt, nicht anfassen.","내 몸에 손대지 마요
손대지 말라고요!"
108,17:07,Raus hier.,가자
109,17:11,Nein. Scheiße. Fuck.,이런 제기랄!
110,19:49,Bitte.,들어가 보세요
111,20:22,Ich...,난...
112,20:27,"Ich weiß nicht,
wo Sie Ihre Fähigkeit erworben haben.","어디서 그런 연주법을
배웠는지 모르겠구나"
113,20:30,"Verpiss dich, Mann.",꺼져요!
114,20:31,Es interessiert mich auch nicht.,그리고 관심도 없어
115,20:36,Diese Negermusik ist nicht der Rede wert.,그 흑인 음악은 쓰레기니까
116,20:41,Aber...,하지만
117,20:44,Es war dennoch...,그래도...
118,20:47,...ungewöhnlich.,특이하긴 해
119,20:52,"Gott scheint Ihnen
etwas geliehen zu haben.","하나님이 너한테 뭔가
특별한 걸 주셨나 보구나"
120,21:00,"Ich halte Sie für niederträchtig,
das sollten Sie wissen. Aber...",넌 정말 경멸스럽지만
121,21:05,Sie haben eine Gabe.,재능이 있어
122,21:10,"Und damit haben Sie eine Pflicht,
Ihre Gabe zu erhalten.","그리고 넌 그 재능을
지킬 의무가 있어"
123,21:17,"Wenn Sie bezahlt haben für das, was Sie
heute den Menschen hier angetan haben...","오늘 네가 사람들에게
한 짓의 대가를 치르고 나면"
124,21:26,"...dann kann ich Ihnen
meine Hilfe anbieten.",내가 도움을 줄 수 있어
125,21:32,"Diese Hilfe wird sich nicht
auf Ihre Person beziehen, niemals.","이건 네가 사람이 되도록
돕겠다는 게 아니야"
126,21:40,"Ich kann Ihnen helfen,
dass Sie besser spielen.","네가 더 나은 피아니스트가
되도록 돕겠단 말이지"
127,21:45,"Nicht, dass Sie besser werden.","하지만 널 더 나은 사람으론
만들어줄 순 없어"
128,21:49,Überlegen Sie es sich.,잘 생각해봐
129,23:30,Haben wir Sie geweckt?,저희가 깨웠나요?
130,23:32,Um die Zeit schläft man nicht.,지금은 잘 시간이 아니지
131,23:38,Papa kann noch nicht richtig sprechen.,아빠가 아직도 말을 잘 못 하세요
132,23:40,"-Das ist Clara.
-Ich bin Clara.","- 얘는 클라라예요
- 전 클라라예요"
133,23:43,"Nun, Clara, kannst du denn auch
einen schönen Knicks machen?","클라라, 예쁘게 인사할 수 있니?"
134,23:49,Das ist schade.,그거 안타깝구나
135,24:07,Ist das ihr Mann?,저분이 할머니 남편이에요?
136,24:10,"Ich habe keinen Mann, Liebes.",난 남편이 없단다
137,24:15,Ist er tot?,돌아가셨어요?
138,24:17,"Nein, Clara.","아니, 클라라"
139,24:19,Nur der Schönheit weihte ich mein Leben.,"'난 내 삶을
아름다움을 위해 바쳤다'"
140,24:30,Tosca aus Tosca.,'토스카'의 토스카가 한 대사네요
141,24:32,Dies Bildnis ist bezaubernd schön.,'이 형상은 마법처럼 아름답구나'
142,24:41,Tamino in die Zaubertröte.,'마술 꽈리'의 타미노가 한 대사요
143,24:44,Zauberflöte.,'마술 피리'겠지
144,24:47,Und du sollst mein...,'그리고 당신은...'
145,24:54,"Und du sollst mein Gebieter sein.
Arabella in Arabella.","'그리고 당신은 내 군주입니다'
'아라벨라'의 아라벨라 대사지"
146,25:00,Papa kommt ins Fernsehen.,아빠가 TV에 나올 거예요
147,25:02,"Schön, dass das Pauken was genützt hat.",공부한 게 도움이 좀 됐군요
148,25:07,Wir vermissen Sie alle sehr.,전부 당신을 그리워해요
149,25:22,"Was macht denn die Frau,
Sie wissen schon welche, meint Papa.","'그 여자는 어때요?'라고
아빠가 그러는데요"
150,25:26,Die Dame wird streng bestraft.,심한 처벌을 받을 거예요
151,25:34,"Wenn Papa zurück ist,
reißt er ihr den Arsch auf.","아빠가 돌아가면
그 여자를 가만 안 놔둔대요"
152,25:59,"In Ihrem Brief
fehlt das Wort ""Entschuldigung"", es fehlt das Wort ""Bitte"",
und ""Danke"" fehlt natürlich auch.","편지에 '죄송하며, 부탁드립니다
고맙습니다'라는 말이 빠졌던데"
153,26:04,"Tschuldigung, bitte, danke.","죄송, 부탁, 고마워"
154,26:12,Essen Sie ihn auf. Ich soll den Brief essen?,"- 이걸 먹어
- 편지를 먹으라고요?"
155,26:16,"-Essen Sie ihn.
-Warum?","- 먹어
- 왜요?"
156,26:17,Regel Nr. 1. Was muss man denn bei Regel Nr. 2 essen?,"- 첫 번째 규칙이야
- 그럼 두 번째론 뭘 먹는데요?"
157,26:22,"Für die Art Unterricht, die ich Ihnen
anbiete, ist Demut unerlässlich.","나한테 배우려면 먼저
겸손함부터 배워"
158,26:25,"Demut ist die Regel Nr. 1. Sie werden tun, was ich Ihnen sage.
Sie werden sich nicht beklagen.","그게 첫 번째 규칙이야
불평 없이 내가 하라는 대로 해"
159,26:30,"Nicht mit Worten, nicht mit Blicken.
Niemals.","불평하는 말이나
노려보는 것도 금지야"
160,26:33,"Soll das heißen,
ich soll Ihr winselnder Sklave sein?","당신한테 꼼짝 못하는
노예가 되라고요?"
161,26:41,Okay. Nein. Gut.,"뭐, 그럼 어쩔 수 없지"
162,26:43,Hallo. Gut. Ist kapiert. Einverstanden.,"이봐요! 알았어요
알겠다고요"
163,26:50,Setzen Sie sich wieder.,다시 앉아요
164,26:52,Setzen Sie sich wieder.,앉아요
165,26:57,Bitte.,부탁이에요
166,27:02,Bin ich halt Ihr winselnder Sklave.,노예가 될게요
167,27:14,Regel Nr. 2: Ihre Hände!.,두 번째 규칙은 네 손이야
168,27:18,"Die werden Sie brauchen,
also Schluss damit.","손이 필요할 테니까
그 짓은 그만둬"
169,27:23,Und Regel Nr. 3: Sie riechen.,세 번째 규칙은 네 냄새야
170,27:25,"Ich möchte nicht neben jemandem sitzen,
der sich nicht wäscht.","씻지도 않는 사람 옆에는
앉기 싫어"
171,27:31,Regel Nr. 4: der Wettbewerb.,네 번째 규칙은 경연 대회야
172,27:36,Was für ein Wettbewerb?,무슨 경연 대회요?
173,27:39,"Es gibt einen Wettbewerb
für Nachwuchspianisten. Jeder unter 21 kann daran teilnehmen.","21세 이하의 재능 있는 인재를
위한 피아노 경연 대회가 있는데"
174,27:43,"Ich möchte,
dass Sie in die Endrunde kommen.",네가 결승전까지 올랐으면 해
175,27:45,"Ich denke,
man muss dem Mädel eine Chance geben.","- 그 애한테 기회를 줘야 해요
- 그렇죠"
176,27:48,Diesem Gör?,"- 그 망나니요?
- 디터, 왜 안 돼요?"
177,27:49,"-Dieter, sei nicht so verbohrt.
-Nenn mich nicht Dieter.","- 그 망나니요?
- 디터, 왜 안 돼요? 디터라고 부르지 마요
뮤체가 몇 주나 의식을 잃었었어요"
178,27:51,Immer das Gleiche.,"디터라고 부르지 마요
뮤체가 몇 주나 의식을 잃었었어요"
179,27:52,"Der Mann liegt vier Wochen flach,
das Gör steht unter verschärftem Arrest.","디터라고 부르지 마요
뮤체가 몇 주나 의식을 잃었었어요 독방에 감금되어 있는데
온종일 피아노를 치게 하겠다고요?"
180,27:56,"Jetzt wird Sie eine Extrawurst kriegen
und vor sich hindudeln.","독방에 감금되어 있는데
온종일 피아노를 치게 하겠다고요?"
181,27:58,"Ist das gerecht? Gerecht kann nur heißen, einer
spezifischen Situation gerecht zu werden.","- 그게 공정해요?
- 늘 특정한 상황을 고려해야죠"
182,28:03,"-Wenn ich das schon höre.
-Du bist so was von verbohrt.","- 무슨 말도 안 되는 소리예요!
- 왜 그렇게 고집불통이에요"
183,28:06,"Herr Kowalski,
lassen Sie Ihre Frau Stellung beziehen. Exfrau bitte.","- 아내분 말씀을 끝까지 듣죠
- 전 부인이에요!"
184,28:11,"Wir sollten der Selbstaufgabe
entgegenwirken. Jennys Biographie hat Interferenzen.","제니를 지원해야 해요
걔의 약력에는 장애가 있어서..."
185,28:15,"Gib doch nicht so an. Die hat da draußen
regelrecht jemanden abgeschlachtet.","장애라니요?
사람을 완전히 도살했는데"
186,28:19,"Verzeihung. Ich fänd es gut,
wenn man sich daran halten würde,",잠시만요! 이러지 말고... 근데 저 말이 맞아요!
187,28:24,dass man hier nicht alles aufrollt. Bitte.,제발 그만두세요!
188,28:29,Wir sind doch erwachsene Menschen.,우린 모두 성인이잖아요
189,28:32,Frau Hoffmann. Danke.,"- 호프만 씨
- 감사합니다"
190,28:35,"Jenny hat keine Kontakte nach außen. Sie bekommt keinen Besuch
von Ihrer Familie","제니는 그녀의 가족이나
외부의 그 누구와도 접촉이 없어요"
191,28:39,"und scheint auch wenig Wert
darauf zu legen.",별로 상관하는 것 같진 않지만
192,28:41,"Sie hat hier drin keine Bezugsperson,
ihre Perspektive ist gleich null.","마음을 둘만 한 부모도
아무런 희망도 없어요"
193,28:45,Was schlagen Sie vor?,그래서 제안하는 게 뭐죠?
194,28:48,"Wir sollten es mit den Klavierstunden
versuchen.","- 피아노 레슨을 받는 거죠
- 그러면 어떻게 되겠어요!"
195,28:51,Wo kommen wir denn da hin?,"- 코발스키 씨
- 난 이 감옥의 모든 교도관과"
196,28:52,"Ich rede hier als Vertreter aller Beamten
und Angestellten des Vollzugs.","- 코발스키 씨
- 난 이 감옥의 모든 교도관과 직원을 대표합니다
그렇게 가해자에게 상을 주면"
197,28:56,"Wo kommen wir hin, wenn Gewalttäter
auch noch dafür belohnt werden?","직원을 대표합니다
그렇게 가해자에게 상을 주면 - 여기가 어떻게 되겠어요?
- 정말 말이 안 통하네요"
198,29:00,Es ist sinnlos.,"- 여기가 어떻게 되겠어요?
- 정말 말이 안 통하네요"
199,29:02,"Ich verletze einen Beamten schwer und darf ein paar Tage später
""Alle meine Entchen"" trällern.","간수를 거의 죽일 뻔했는데
피아노 레슨을 받다니요"
200,29:06,"Ich finde, das geht nicht.
Das geht wirklich nicht.",그건 말이 안 돼요!
201,29:10,Frau Krüger.,크루거 부인
202,29:15,Ich weiß nicht.,전 모르겠네요
203,29:17,"Was könnte die Insassin
im besten Fall erreichen?","이 수감자가 경연 대회에서
얼마나 성적을 낼 수 있죠?"
204,29:21,Den Sieg.,1등을 할 수 있어요
205,29:25,"Und das wäre dann sicher
ein Sieg für uns alle.","그렇게 되면 우리한테
모두 좋은 일이겠죠"
206,29:29,"Und natürlich auch ein Sieg
für Sie ganz persönlich,","그리고 교도소장님한테는
특히 더 좋을 테고요"
207,29:32,Herr Meyerbeer.,마이어비어 씨
208,29:39,Was hab ich davon?,난 뭘 얻는데요?
209,29:42,Regel Nr. 5.,다섯 번째 규칙
210,29:44,Es geht nicht um Sie.,이건 널 위한 게 아니야
211,29:50,"Als ich so alt war wie der da, bin ich in
New York und Amsterdam aufgetreten.","내가 저 아이 나이일 때
뉴욕, 암스테르담에서 공연했어요"
212,29:53,"Mit zehn hatte ich bereits den Arsch voll
internationaler Wettbewerbe hinter mir.","10살 때는 수많은
국제 경연 대회에서 연주를 했고요"
213,29:58,Die Hälfte davon gewonnen.,그중 절반은 내가 우승했죠
214,30:01,"Mein Adoptivvater wollte
ne Art Scheißmozart aus mir machen.","내 양아버지는
날 모차르트로 만들려고 했어요"
215,30:03,"Mit zwölf hab ich es gelassen.
Daraufhin hat er mich durchgefickt.","12살에 그만두자
날 미친 듯이 강간하더군요"
216,30:07,"Seitdem ist mir nicht nach irgend
so ner scheiß Art Wettbewerb.","그러니까 멍청한 경연 대회에
나갈 마음이 없다고요"
217,30:13,"Dann fangen wir am besten noch mal
bei Regel Nr. 1 an.","그럼 다시 첫 번째 규칙으로
돌아가 보는 게 좋겠구나"
218,30:42,"-Guten Morgen.
-Hey.",좋은 아침이야 안녕하세요
219,30:47,"Ich nenn alle meine Schülerinnen
beim Vornamen, wenn es Ihnen r echt ist.","난 내 학생들 이름을
편하게 부르는데 - 그래도 괜찮겠지?
- 네, 제니라고 부르세요"
220,30:52,"Kein Problem, Jenny.","- 그래도 괜찮겠지?
- 네, 제니라고 부르세요"
221,30:55,"Ja, setzten Sie sich, Jenny.","제니, 앉으렴"
222,30:57,"Ich denke,
wir beginnen mit etwas Leichtem.",그럼 쉬운 것부터 시작해보자
223,31:00,"Schubert, Impromptus Nr.2.",슈베르트 2번 즉흥곡
224,31:04,As-Dur.,A 플랫 장조로
225,31:06,"Dann machen wir uns mal ein Bild
über Ihre Technik.",네 기교를 한번 봐야겠어
226,31:11,Wir wollen anfangen.,저희 시작하려고 하는데요
227,31:13,Bitte.,하세요
228,31:16,Herr Kowalski?,코발스키 씨?
229,31:19,"Wir würden gerne anfangen,
die da müssen weg.",네? 수갑을 벗겨주세요
230,31:21,"Die Insassin ist LS, da dürfen die
Handfesseln nicht abgenommen werden.",수감자의 수갑은 풀 수 없어요
231,31:25,"-Bitte, machen Sie sich nicht lächerlich.
-Tut mir Leid, sind die Vorschriften.","- 말도 안 돼요
- 미안합니다 - 그게 규칙이에요
- 말도 안 되는 소리예요"
232,31:29,Aber das ist doch Unsinn.,"- 그게 규칙이에요
- 말도 안 되는 소리예요"
233,31:31,"Wie soll ich denn Unterricht halten
auf die Art?","어떻게 수갑을 채우고
가르치라는 거예요?"
234,31:35,Ist nur zu Ihrer Sicherheit.,당신의 안전을 위해서예요
235,31:40,"Also gut, dann...","그래, 그럼..."
236,31:42,"Dann werden wir heute Noten lesen. Das können Sie doch, oder?","악보를 읽어보자
읽을 줄 알지?"
237,31:49,"-Können Sie Noten lesen?
-Ja.","- 그렇지?
- 네"
238,31:53,"Ja, also was für eine Taktart haben wir?",박자는 뭐지?
239,31:55,Dreiviertel.,"- 4분의 3박자요
- 좋아"
240,31:56,"Gut, ich gebe die Viertel vor
und Sie singen die Melodie. Etwa so.","- 4분의 3박자요
- 좋아 내가 4분음표를 연주할 테니
네가 멜로디를 부르렴"
241,32:01,"Eins, zwei.","하나, 둘"
242,32:05,"-Herr Kowalski?
-Sie müssen das Heft weiter weg halten.","- 코발스키 씨?
- 한 발자국 물러서세요"
243,32:08,"Wenn ich das Heft weiter weg halte,
können wir die Noten nicht mehr erkennen.","물러서면 제니가
악보를 못 읽어요"
244,32:12,"-Tut mir leid, 1 m Abstand.
-Warum?","- 1m 떨어지세요
- 왜죠?"
245,32:14,"-Wegen Ihrer Hand.
-Was ist mit meiner Hand?","- 손 때문에요
- 그게 어때서요?"
246,32:17,Sie könnten gebissen werden.,물 수 있으니까요
247,32:20,"Jenny, haben Sie vor,
mir in die Hand zu beißen?","제니, 내 손을 물 생각이니?"
248,32:24,Nein.,아니요
249,32:28,"Die beißt sich doch sogar
in die eigene Hand.",자기 손도 저렇게 깨물잖아요
250,32:43,Für wen halten Sie mich eigentlich?,내가 뭐라고 이러는 겁니까?
251,32:46,"Das hängt davon ab,
wie weit Sie kommt.","그건 걔가 얼마나
하느냐에 달렸어요"
252,32:55,"Okay, ich kann es versuchen.","좋아요, 내가 한번 해보죠"
253,33:03,Ob die Redaktion da mitmacht?,"하지만 편집국에서
뭐라고 할지 나도 몰라요"
254,33:20,Da ist ja unsere Frau Krüger.,크루거 부인
255,33:22,"Darf ich vorstellen,
Herr Wahrich vom Spiegel.","슈피겔에서 나오신
와리치 씨입니다"
256,33:27,"Ich wäre froh wenn,
Sie freundlicher zur Presse wären. Er macht einen Beitrag
über unsere Anstalt.","잘 대해주세요
우리 감옥에 대한 기사를 쓴대요"
257,33:31,Ich habe jetzt Unterricht.,지금 가르칠 시간인데요
258,33:34,"Könnte Ihre Schülerin
uns etwas vorspielen?","쟤가 우리를 위해
뭔가 연주해줄 수 있나요?"
259,33:37,Wir sind noch nicht soweit.,"- 아직은 안 돼요
- 부탁입니다"
260,33:39,"-Wir waren erst beim Notenlesen.
-Dann machen wir Notenlesen.","- 아직 악보를 읽고 있어요
- 그럼 악보를 읽어주세요"
261,33:42,Nein.,아니요
262,33:45,Vier.,4분이면 돼요
263,33:51,Bitte.,시작하세요
264,33:57,Dann brauch ich meine Handschellen.,그럼 수갑이 필요하겠는데요
265,34:03,Bisher war nur mit Handschellen.,지금까지 수갑을 차고 했으니까요
266,34:05,"-Kommt bestimmt gut mit Handschellen.
-Find ich auch.","- 수갑 아이디어 좋은데요
- 나도 그래요"
267,34:08,Mit Handschellen.,그럼 수갑을 채울까요?
268,34:15,"Auf den Rücken, bitte.",등 뒤로 채워주세요
269,34:20,"Ja, klar, auf den Rücken.","그래, 등 뒤로 해주지"
270,35:24,Nie wieder. Nie wieder diese Negermusik.,다시는 흑인 음악을 연주하지 마!
271,35:33,"-Was?
-Negermusik.","- 뭐요?
- 흑인 음악 말이야"
272,35:35,"Was soll der Scheiß?
Das ist, was ich gut finde.","뭔 개소리예요!
그게 내가 좋아하는 거라고요"
273,35:56,"-Tut es Ihnen wenigstens leid?
-Ja.","- 최소한 미안하긴 해요?
- 그래"
274,36:00,Ja. Es tut mir leid.,"그래, 미안해"
275,36:12,Gut.,좋아요
276,38:24,Och Gott. Das sind ja die falschen.,"이런, 이건 다른 거네요"
277,38:29,"Weißt du, dass es Trompeterfische gibt?",트럼펫 피쉬라고 아나요?
278,38:31,"Und Geigenrochen, sogar Trommelsalben.",피들 피쉬랑 드럼 피쉬는요?
279,38:35,Das reicht für ein ganzes Orchester.,"그것들로 오케스트라를
할 수도 있죠"
280,38:39,Sie hat wirklich kleine Hände.,손이 아주 작네요
281,38:42,"Wenn es Klavierfische geben würde,
die würden aussehen wie deine Tochter.","피아노 피쉬가 있었다면
당신 딸을 닮았을 거예요"
282,38:45,Kann der Papa wirklich stolz sein.,아빠로서 자랑스러워 하셔도 돼요
283,38:48,"Den Wettbewerb morgen
gewinnt die mit links, ja.","내일 경연 대회는 걔한테
식은 죽 먹기일 겁니다"
284,38:52,Ist nur die erste Runde.,이제 겨우 1회전이에요
285,38:54,Wirst du denn hingehen?,거기 오실 겁니까?
286,38:56,"Ich meine, heimlich natürlich.",물론 신분을 숨기고 말이죠
287,39:14,"-Trägt sie zivil?
-Natürlich ist sie zivil.","- 민간인 옷을 입었나요?
- 물론이죠"
288,39:18,"Ist sie gewaschen? Tut mir leid,
ich habe nicht an ihr geschnuppert.","- 깨끗하던가요?
- 냄새는 안 맡아봤어요"
289,40:01,"-Was ist das denn bitte?
-Das ist zivil.","- 저게 뭐예요?
- 민간인 옷이죠"
290,40:05,"Wir müssen einkaufen. -Dafür habe ich keine Befugnis.
-Sofort.","- 쟤 옷을 사야 해요
- 그건 안 됩니다"
291,40:08,"-Das können Sie vergessen.
-Ein Pullover, eine Hose, ein paar Schuhe.","- 포기하세요
- 스웨터랑 바지랑 신발"
292,40:12,"In so einem Aufzug
brauchen wir nicht anzutreten.",이런 옷이라면 갈 필요도 없어요
293,40:16,Dann steigen wir halt wieder ein.,그럼 감옥으로 다시 돌아가죠
294,40:27,"-Nein.
-Oh doch.","- 아, 싫어요
- 그래, 이거야"
295,40:29,Auf gar keinen Fall.,싫어요
296,40:32,Ziehen Sie die Jacke aus.,잠바를 벗어
297,40:35,Ziehen Sie den Mantel aus.,코트 벗어요
298,40:52,Jetzt sind Sie dran.,이제 네 차례야
299,40:55,"-Kann man Stipendien eintragen?
-Gerne. -Mehrere?
-Alle.","- 제 봉급도 적어야 하나요?
- 네, 전부요"
300,40:59,"-Ich bin Meisterschülerin.
-Ruhig eintragen. Und Stipendiatin auch.","- 전 석사 학생인데요
- 그걸 적으세요"
301,41:02,"-Sind Sie auch Stipendiatin?
-Nee, ich bin Mörderin.","- 석사 학생인가요?
- 아니요, 전 살인자인데요"
302,41:05,"Tragen Sie es ein.
Man weiß nie, wozu es gut ist.","그것도 적으세요
뭐가 도움이 될지 모르니까요"
303,41:19,"Wenn ich so was schon sehe, diese Lullis.",저 멍청이들이나 겨루라죠
304,41:21,"Soll die es unter sich ausmachen,
ich hol mir da keinen runter.",저 멍청이들이나 겨루라죠 이거 안 꼴려요
305,41:27,"Wir sind jetzt hier
und wir bringen es auch zu Ende.","이제 여기 왔으니
끝까지 해봐야지"
306,41:30,"Nein, das machen wir nicht,
du blöde Fotze!","아니, 싫어
이 망할년아!"
307,41:40,"-Sie haben Angst.
-Ja klar, ich habe Angst.","- 넌 겁이 나는 거야
- 네, 겁나요"
308,41:44,"Oh, habe ich Angst.","네, 겁나 죽겠어요!"
309,41:46,Ist ganz natürlich. Der da drin hat auch Angst.,"그건 정상적인 거야
저기 저 남자도 마찬가지고"
310,41:50,"Und das zu Recht. Wahrscheinlich
hat er keinen Fetzen Talent.","당연히 겁이 나야지
재능이라곤 없으니까"
311,41:55,"-Bei Ihnen ist das was anderes.
-Diese Psychokacke können Sie sich sparen.","- 하지만 넌 달라
- 그런 미친 소리는 접어둬요"
312,42:05,"Wenn Sie es hier und heute nicht schaffen,
dann schaffen Sie es niemals.","오늘 여기서 못 해내면
넌 절대 못 해낼 거야"
313,42:09,"-Hören Sie auf.
-Sind Sie ein Angsthase, Jenny?","- 그만 해요
- 그럼 넌 겁쟁이야"
314,42:12,"-Sie sollen aufhören.
-Ein Angsthase.","- 그만하라고요
- 겁쟁이"
315,42:14,"-Ich warne Sie.
-Ein Angsthase.","- 경고했어요
- 겁쟁이"
316,42:16,"Sie sollen die Schnauze halten, Mann.","젠장, 입 닥치라고!"
317,44:56,"Wir müssen noch mal anhalten, bevor wir
da sind. Fahren Sie uns zum Krankenhaus.",돌아가기 전에 병원에 가야 해요
318,45:00,"Ich hab mich bequatschen lassen. Hab Ihre Kleine ins Krankenhaus gefahren
wegen Ihrer Hände.","그래서 걔 손 때문에
병원으로 데려갔죠"
319,45:06,Ich könnte mich Ohrfeigen dafür.,제 뺨이라도 쳐야 할까 봐요
320,45:11,Sehen Sie?,봤죠?
321,45:14,Ich bin konsequent.,난 원칙주의자예요
322,45:16,"Da macht man einmal im Leben eine Ausnahme
und wird sofort beschissen.","근데 한 번 예외를 뒀더니
이렇게 당하잖아요"
323,45:21,Dabei sag ich meinen Kindern:,늘 제 아이들에게 말하죠
324,45:23,"Vertraut keinem Menschen.
Seid niemals gutmütig.","아무도 믿지 말고
아무도 돕지 말라고요"
325,45:27,"Schenkt keinen Krümel
von eurer Milchschnitte her. Dann halt ich mich selbst nicht dran.","누구에게도 뭘 해주지 말라고요
근데 제가 그 원칙을 깨다니요"
326,46:19,"Ich hab gedacht, Sie wären nicht so dumm.",네가 그렇게 멍청할지는 몰랐어
327,46:24,"Vielleicht sind Sie nicht dumm.
Vielleicht sind Sie...",멍청한 게 아니라 그냥...
328,46:31,Ich weiß auch nicht.,"아, 모르겠구나"
329,46:34,"Was wäre passiert,
wenn die Scheibe nicht gehalten hätte?",창문이 부서졌으면 어쩔 뻔했니?
330,46:39,"Schöne Aussicht, was?",경치가 예쁘죠?
331,46:47,"Sie haben heute geschafft,
was Ihnen niemand zugetraut hätte.",오늘 넌 굉장한 일을 해냈어
332,46:51,Und gleich spucken Sie drauf.,그러고는 다 망쳤지
333,46:56,Was ist denn los mit Ihnen?,도대체 왜 그러는 거니?
334,47:00,"Ich wusste, dass die Scheibe hält.",창문이 안 깨질지 알았어요
335,47:16,"Als mein Baby geboren wurde,
bin ich schon mal gegengerannt.","내 아기가 태어났을 때도
그렇게 해봤거든요"
336,47:19,Zwei oder drei Stockwerke höher.,2층인가 3층이었는데
337,47:22,Da war die Aussicht noch schöner.,경치가 더 좋았죠
338,47:27,16 Stunden hat die Geburt gedauert.,16시간을 진통했는데
339,47:31,"Als ich dem Arzt sagte,
dass ich nicht mehr kann...",의사한테 더는 못 참겠다고 했죠
340,47:36,"gab er mir zur Antwort,
ich soll mich nicht so anstellen, ich will ja nur Haftunterbrechung.","그랬더니 의사는 감옥 밖에
더 있으려고 사기 친단 거예요"
341,47:40,"Bei einem Kaiserschnitt
kriegt man Haftunterbrechung.",제왕절개를 해야 하는데
342,47:47,"Haben Sie nicht gemacht, den Schnitt.",안 해줬어요
343,47:51,Sie haben mich reißen lassen.,그냥 찢어지게 놔뒀죠
344,47:55,Dann bin ich weggekippt.,그리고 정신을 잃었는데
345,47:57,"Als ich aufwachte,
stand da ne Schwester und sagte...",정신을 차리자 간호사가
346,48:03,"""Ihr Baby...",제 아기가
347,48:06,Ihr Baby ist nicht mehr da.,죽었다고 했어요
348,48:10,"Es ist einfach nicht mehr da.""",죽었다고요
349,48:13,Kreislaufversagen.,순환 허탈로요
350,48:18,Es hieß Oskar.,그 아이 이름은 오스카였어요
351,48:24,Scheiße.,젠장
352,48:29,"Drei Stunden später haben die
mich wieder in den Knast gebracht.","3시간 후에 그들은 날 다시
감옥으로 데려왔죠"
353,48:37,"War ein schöner Name, Oskar.","오스카, 좋은 이름이죠"
354,50:43,"-Warum hören Sie auf?
-Das war super.","- 왜 멈추는 거야?
- 그 정도면 됐잖아요"
355,50:48,"-Da lachen ja die Hühner.
-Ich brauch ne Pause.","- 농담하니?
- 좀 쉴게요"
356,50:50,Sie brauchen keine Pause. Ich werd wohl ne Pause kriegen dürfen.,"- 아니, 안 돼
- 좀 쉬는 게 어때서요?"
357,50:54,"Sie hatten drei Jahre Pause gehabt.
Spielen Sie noch mal.","3년이나 쉬었잖아
다시 시작해"
358,50:58,"-Ich bin hier seit zwei Stunden.
-Ich auch.","- 여기서 두 시간이나 있었어요
- 나도 마찬가지야"
359,51:02,Ich höre.,다시 치렴
360,51:04,"Ja, bitte.",어서!
361,51:09,"Ja, bitte.",'어서!'
362,51:13,"-Jenny.
-Frau Krüger.","- 제니
- 크루거 아줌마"
363,51:16,"Also Jenny, wirklich, Konzentration.","제니, 제발 집중해!"
364,51:34,Pardon.,실례합니다
365,51:54,Es tut mir leid.,미안해요
366,52:00,Ich hätte was sagen sollen.,말해줬어야 하는데
367,52:03,"Die sitzt neben Ihnen
und spielt Beethoven. Ja, Sie ist begabt.","- 쟤가 베토벤을 연주하고 있네요
- 재능이 있어요"
368,52:08,"Da sehen, Sie wie begabt die ist.",얼마나 재능이 있는지 보이시죠?
369,52:10,"Es ist nichts Persönliches,
ich übe nur mit ihr.","다른 뜻이 있는 건 아니에요
우린 그냥 연습하는 거예요"
370,52:13,Sie nimmt an einem Wettbewerb teil.,경연 대회에 나갈 거라서요
371,52:17,Ich auch.,저도요
372,52:19,Morgen Abend. In Farbe.,내일 TV에서요
373,52:24,Schon vergessen?,기억하시죠?
374,52:40,"Damit, meine Damen und Herren, kommen wir
zur alles entscheidenden Schlussfrage.","자, 신사 숙녀 여러분
오늘의 마지막 질문인데요"
375,52:45,Die das Blatt ja noch einmal wenden kann.,이걸로 역전될 수 있습니다
376,52:48,Vielleicht klappt es ja diesmal.,이번에는 맞힐 수도 있을 겁니다
377,52:50,"Achtung, hier ist Sie. Die Jackpotfrage.","잘 들어보세요
역전의 기회가 있는 질문입니다"
378,52:58,"Wenn Mozart für Cinderella
eine Oper geschrieben hätte,","모차르트가 신데렐라를 위한
오페라를 썼다면"
379,53:04,"was für ein Käse
wäre dabei herausgekommen?",어떤 치즈가 되었을까요?
380,53:17,Aber Mozart hat doch nie...,하지만 모차르트는 한 번도...
381,53:19,"Das war doch nie Käse, was der...","- 왜 치즈를...
- 모차르트가 신데렐라를 위한"
382,53:21,"Wenn Mozart für Cinderella
eine Oper geschrieben hätte,","- 왜 치즈를...
- 모차르트가 신데렐라를 위한 오페라를 썼다면
어떤 치즈가 되었을까요?"
383,53:23,"was für ein Käse
wäre dabei herausgekommen?","오페라를 썼다면
어떤 치즈가 되었을까요?"
384,53:25,Mozarella.,모차렐라요
385,53:26,"Und diese Antwort,
meine Damen und Herren, ist richtig.",신사 숙녀 여러분 이것은 정답입니다!
386,53:53,"Sehen Sie mal, wer wieder da ist.",누가 돌아왔나 봐
387,53:56,Inspektion. Aufstehen.,"검사다
일어나"
388,53:59,Aufstehen!,일어나!
389,54:37,"Wissen Sie, was das bedeutet?",이게 무슨 뜻인지 알아?
390,54:40,Glück?,행운요?
391,54:45,Ungezieferbefall.,벌레가 퍼졌단 거지
392,54:48,Da werden wir Sie wohl verlegen müssen.,널 옮겨야겠어
393,54:52,"Und zufällig weiß ich schon
ein schönes Plätzchen.",네가 갈만한 데를 알고 있지
394,54:57,"Gefällt es dir bei uns?
Wie findest du es. Ist es okay?","넌 여기가 좋아?
맘에 들어?"
395,55:00,Man kommt unter Leute.,사람 만나기 좋은 곳이잖아
396,55:03,"Ich sag dir mal was.
Du kannst hier machen, was du willst.","여기선 네가 원하는
뭐든지 할 수 있어"
397,55:06,"Ist wie ne Wiese hier, ehrlich.",놀이터랑 똑같지
398,55:08,Nur das eine solltest du niemals tun.,"하지만 한 가지 절대
해서는 안 되는 게 있어"
399,55:10,"Du weißt schon.
Das, was du ganz besonders gut kannst.",네가 제일 잘하는 거
400,55:13,Klavier spielen.,피아노 치는 거
401,55:17,Schlafen.,"아니, 잠자는 거"
402,55:43,Du wirst viel berühmter werden als er.,넌 그 애보다 훨씬 유명해질 거야
403,55:47,Viel größer.,훨씬 더
404,55:48,Ich glaub so sehr an dich.,난 널 믿어
405,55:51,"Sie werden dir auch
eine Glatze schneiden. Ach was.","- 그놈들이 네 머리도 밀걸
- 아니야"
406,55:57,"Im Sommer bin ich hier draußen
mit so nem Pony.","올여름에 난 조랑말을 타고
여기를 나갈 거야"
407,55:59,"Und was, wenn nicht?",그렇게 안 되면?
408,56:06,Dann nicht.,그럼 어쩔 수 없지
409,56:13,"-Scheiße. Scheißdreck!
-Hör auf.","- 엿 먹어
- 그만해!"
410,56:20,Ist die Zeit um?,시간 다 됐어요?
411,56:36,"-Wir sollten mal eine kurze Pause machen.
-Ich will keine Pause.","- 잠깐 쉬다가 하자
- 싫어요"
412,56:39,Sie brauchen eine.,그래도 좀 쉬어야지
413,56:45,"Ist das nicht merkwürdig,
wie schwer es uns beiden fällt?",우리 둘 다 살갑게 구는 게...
414,56:48,Was denn?,뭐요?
415,56:50,Freundlich zu sein.,이렇게 어려워서야
416,57:07,Ist für mich?,나 주는 거예요?
417,57:08,Für morgen.,내일 입고 하렴
418,57:10,Also für Sie.,그럼 크루거 부인을 위한 거네요
419,57:13,Für wen auch immer.,누구를 위한 거든지
420,57:17,Danke.,고마워요
421,57:18,Haben Sie Entschuldigung gesagt?,사과했니?
422,57:21,"-Zu wem?
-Sie wissen, zu wem.","- 누구한테요?
- 누군지 알잖니"
423,57:38,"-Versuchen Sie sich locker zu machen.
-Ich bin locker.","- 긴장을 풀어
- 긴장 풀었어요"
424,57:42,"Gut, ich seh mal nach.",내가 가서 확인해볼게
425,58:26,Entschuldigung.,미안해요
426,58:46,"Es ist soweit, Jenny.","네 차례야, 제니!"
427,58:50,"-Sind Sie locker?
-Ja.","- 긴장 풀었어?
- 네"
428,59:01,Sie waren sensationell.,너 정말 굉장했어
429,59:04,Sie waren wunderbar.,정말 잘했어
430,59:08,"Ich hab gleich gewusst,
dass Sie groß rauskommen können.",난 네가 뮤체를 패기 전부터
431,59:11,Noch bevor Sie ihn verhauen haben!.,크게 될지 알았어
432,59:14,"Das war ein Witz. Herr Mütze, mein Gott.","농담이에요, 뮤체
기분 풀어요"
433,59:17,Entschuldigung.,미안해요
434,59:20,Sie haben sich doch entschuldigt?,"너 사과한 거구나, 그렇지?"
435,59:23,Ja.,네
436,59:25,Dann können wir uns ja vertragen.,그러니까 이제 화해해요
437,59:28,Dann vertragen wir uns jetzt alle mal.,그 기념으로 한잔해요
438,59:31,"-Sie trinken doch gar nicht.
-Stimmt, ich trinke ja gar nicht.","- 술 안 드시는지 알았는데요
- 맞아요, 전 안 마시죠"
439,59:41,"Es ist ein Mensch, den ich immer schätzen
werde, aber er geht mir auf die Nerven.","늘 뮤체를 존중하겠지만
좀 신경 거슬리는 건 사실이야"
440,59:47,So wie ich?,나처럼요?
441,59:49,"Ach was,
Sie gehen mir doch nicht auf die Nerven.","아니, 넌 거슬리지 않아"
442,59:54,Ich sags jetzt mal als Erste.,"좋아요, 내가 먼저 말하죠"
443,59:57,"Und ich habs nicht mal zu Leuten gesagt,
mit denen ich geschlafen habe.","난 나랑 잔 사람한테도
이 말 해본 적 없어요"
444,1:00:04,Ich mag Sie.,당신이 좋아요
445,1:00:09,Und Sie?,당신은요?
446,1:00:11,Mögen Sie mich?,내가 좋아요?
447,1:00:21,Haben Sie die Frage verstanden?,내 질문이 뭔지 알아들었어요?
448,1:00:24,"So ein schlechtes Gehör
habe ich auch wieder nicht.",귀 안 먹었어!
449,1:00:44,Nein.,안 돼
450,1:00:50,"Sie sind jetzt in der letzten Runde.
Also üben.","이제 결승전에 올라갔어
연습해야 해"
451,1:00:54,Auf dem Teppich bleiben.,그렇다고 우쭐해 하지 말고
452,1:00:58,Als ob nichts wäre.,아무것도 아닌 것처럼 생각해
453,1:01:05,Ja.,그래
454,1:01:21,Bitte eine Frage noch. Eine letzte Frage.,마지막으로 질문 하나만 더할게요
455,1:01:24,"Ich denke, das reicht jetzt.",그 정도면 된 것 같은데요
456,1:01:26,"Wie kann es sein, dass sie hier landet?",어쩌다가 여기 들어온 거죠?
457,1:01:30,"Ich meine, dass so ein großes Talent
ausgerechnet hier landet.",그렇게 재능이 많은 아가씨가
458,1:01:33,Damit befasse ich mich nicht.,전 그런 거 관심 없어요
459,1:01:37,"Kommt es Ihnen nicht komisch vor,
neben einer Mörderin zu sitzen?","살인자 옆에 앉아있는 게
이상하지 않나요?"
460,1:01:41,"Wie gesagt,
dafür interessiere ich mich nicht.",말했듯이 그런 건 관심 없어요
461,1:01:47,"Was sagen Sie dazu, dass sie diesen Mann
geköpft und zersägt hat?","그 남자의 목을 자르고
토막냈는데도요?"
462,1:01:50,"Seinen Kopf
hat man auf der Müllkippe gefunden.",쓰레기통에서 머리를 찾았대요
463,1:01:53,Von Ratten angefressen.,쥐한테 반쯤 먹힌 머리를요
464,1:01:57,Ich interessiere mich nur für die Musik.,전 음악에만 관심이 있어요
465,1:02:04,"Versteh nicht, warum Sie sich so aufregen.","왜 이렇게 기분이 상한 거죠?
잘 가요"
466,1:02:08,"Sie haben sich doch noch nie
dafür interessiert. Tschüs.","- 잘 가세요
- 걔 과거는 관심 없었잖아요 - 안녕히 가세요
- 잘 가세요"
467,1:02:13,"Was glauben Sie denn,
was Sie in der Akte finden?",파일에서 뭘 찾으려고요?
468,1:02:20,"Frau Krüger, ich bitte Sie,
Sie haben etwas Großartiges geleistet.","크루거 부인
대단한 일을 해내셨잖아요"
469,1:02:24,"-Die Medien sind wahnsinnig interessiert.
-Wenn es stimmt...","- 언론의 관심도 사고...
- 그게 사실이면"
470,1:02:27,"...wie soll ich
einen solchen Menschen unterrichten?","- 어떻게 걔랑 같이 일해요?
- 봉급을 계속 받고 싶다면"
471,1:02:30,"Falls es um die Honorierung Ihrer Arbeit
geht, ich meine, ich bin sicher, wir...","- 어떻게 걔랑 같이 일해요?
- 봉급을 계속 받고 싶다면 - 방법을 찾아내셔야죠
- 파일을 보여달라고요!"
472,1:02:34,Ich möchte ihre Akte sehen.,"- 방법을 찾아내셔야죠
- 파일을 보여달라고요!"
473,1:03:24,Ist was?,뭐?
474,1:03:55,Wo ist sie?,크루거 부인은 어디에 계세요?
475,1:03:59,"-Nein.
-Was, nein?","- 됐어
- 무슨 말이에요?"
476,1:04:03,Ich nehme Ihre Entschuldigung nicht an.,네 사과를 안 받아들인다고
477,1:04:08,Ist sie krank?,아픈가요?
478,1:04:11,"Geben Sie mir den Schlüssel,
ich muss üben.","- 가자
- 열쇠 줘요, 연습해야 해요"
479,1:04:17,Nicht anfassen.,손대지 마
480,1:04:30,Frau Krüger?,크루거 부인?
481,1:04:31,Was wollen Sie?,무슨 일이시죠?
482,1:04:33,Ich heiße von Loeben.,전 본 로에벤이라고 합니다
483,1:04:39,"-Sie kennen das Foto.
-Ich kenne Jennys Akte.","- 사진을 보셨군요
- 제니의 파일을 봤어요"
484,1:04:46,Meine Tochter hat das nicht getan.,제 딸이 한 게 아닙니다
485,1:04:49,Wir werden nicht über Jennys Akte reden.,"제니의 파일에 대해서라면
얘기하고 싶지 않아요"
486,1:04:58,Vielleicht reden wir über Ihre Akte.,"그럼 당신 파일에 대해서
얘기하죠"
487,1:05:03,Wir reden gar nicht mehr.,아무 얘기도 하고 싶지 않아요
488,1:05:12,4. Februar 1945.,'1945년 2월 4일'
489,1:05:21,"Fragen Sie mich nicht,
aus welchem Archiv ich das habe.",이걸 어디서 찾았는진 묻지 마세요
490,1:05:30,"Ich glaube, Sie sollten jetzt gehen,
Herr von Loeben.","그만 나가주세요
본 로에벤 씨"
491,1:05:34,"Sie haben nichts zu befürchten.
Niemand weiß davon.","걱정하지 마세요
아무도 이걸 모르니까요"
492,1:05:38,Sie haben wirklich nichts zu befürchten.,겁먹을 필요 없어요
493,1:05:43,Haben Sie sich beruhigt?,진정됐나?
494,1:05:48,"-Haben Sie sich beruhigt?
-Ja.","- 진정했냐고?
- 네"
495,1:05:50,Ja.,네
496,1:05:55,Sie schätzen Herrn Furtwängler?,푸르트벵글러 씨를 존경했나?
497,1:05:59,Ich hatte bei ihm Unterricht.,그분은 제 선생님이었어요
498,1:06:03,Er hat sich sehr für Sie eingesetzt.,널 많이 도와주셨더군
499,1:06:07,Er schreibt... Moment.,그분이 적으시길 네가...
500,1:06:10,"Sie seien die beste deutsche Pianistin
Ihres Jahrgangs.","네 연령대 중 최고의
독일 피아니스트이고"
501,1:06:12,"Dabei weltanschaulich gefestigt,
aber geistig überspannt.","이상적인 사람이지만
화를 못 참는다고 하시더군"
502,1:06:17,Ja.,네
503,1:06:22,Kommunistin?,공산주의자인가?
504,1:06:24,Nein.,아니요
505,1:06:26,Verwandt?,관계가 있나?
506,1:06:28,"-Wie bitte?
-Sind Sie mit der Verurteilten verwandt?","- 네?
- 재소자와 관계가 있냐고?"
507,1:06:31,Nein.,아니요
508,1:06:32,Befreundet?,친구인가?
509,1:06:34,"-Ja, ich bin...
-Nein.","- 네, 전...
- 아니"
510,1:06:38,"Sie sind ganz bestimmt nicht
mit einem Volksschädling befreundet.",넌 기생충이랑 친구가 아니지
511,1:06:45,Nein.,아니에요
512,1:06:47,Sind Sie sicher?,확실한가?
513,1:06:52,"Ja, ich bin...","네, 전..."
514,1:06:55,Ich war nur Ihre Klavierlehrerin.,"그냥 그녀의
피아노 선생님이었어요"
515,1:07:05,In den Morgenstunden des 2. Februar,"나, 트루드 크루거는"
516,1:07:08,"tat ich, Traude Krüger,",1926년 11월 21일생이며
517,1:07:11,"geboren am 21. November 1926,",2월 2일 아침부터
518,1:07:15,"Dienst in meiner Dienstelle, dem Wehrmachtshospital III
im Zuchthaus Luckau.","루카우 감옥의
독일 국방군 3 병원에서 일했다"
519,1:07:30,"Die Sanitätsabteilung,
in der ich dienstverpflichtet bin,",내가 근무한 병동은
520,1:07:34,"wurde von dem Terrorangriff der
Angloamerikaner um 07:45 Uhr überrascht.","아침 7시 45분 미군의
테러 공격을 받았다"
521,1:07:39,"Mehrere Fliegerbomben schlugen
in unserer unmittelbaren Umgebung ein.","전투기에서 병원에
폭탄을 여럿 투하했고"
522,1:07:44,"Gebäude und Wehrmachtsangehörige
kamen zu Schaden.","건물이 파괴되고
독일 국방 군인들이 부상을 입었다"
523,1:07:55,"Wie ich später erfuhr,",나중에 알게 된 사실은
524,1:07:57,"ist auch eine Exekution
durch den Angriff unterbrochen worden.","그 공격으로 인해
사형이 중단됐다는 것이다"
525,1:08:02,"Die Verurteile,",난 그 재소자
526,1:08:04,"Fräulein Hannah Gibowski,
ist mir flüchtig bekannt.",한나 게보스키와 잠깐 알고 지냈다
527,1:08:13,"Für meine Tätigkeit als Sanitätskraft
wurde ich mehrmals belobigt.",난 응급 의료원으로서 여러 상도 받았다
528,1:08:18,"Es ist mir unerklärlich,
wieso ich am fraglichen Tag",난 내가 왜 그날 의무를 저버리고
529,1:08:22,"meine Dienstpflicht verletzt und mich
von meiner Dienstelle entfernt habe.",난 내가 왜 그날 의무를 저버리고 근무지를 떠났는지 알 수 없다
530,1:08:27,"Dies muss aus einem Erschöpfungszustand
heraus geschehen sein.",분명히 피곤해서였을 것이다
531,1:08:31,"Mit meiner Bekanntschaft
zu der Verurteilten","이 직무 태만은 재소자와 내가
아는 사이였단 것과는"
532,1:08:34,"hatte meine Pflichtvergessenheit
nichts zu tun.","이 직무 태만은 재소자와 내가
아는 사이였단 것과는 전혀 관계가 없었다"
533,1:09:24,Jenny brach alles ab.,제니는 뭘 끝내본 적이 없어요
534,1:09:26,"Sie landete auf der Straße, und dort,
oder in irgendeinem Bahnhofsklo,","그러다가 거리로 나갔죠 공중 화장실인가에서
잘생긴 사기꾼을 만났나 봐요"
535,1:09:30,"lernte sie
so einen hübschen kleinen Stricher kennen.","공중 화장실인가에서
잘생긴 사기꾼을 만났나 봐요"
536,1:09:35,Billigste Sorte.,천박하기 짝이 없는 놈이었죠
537,1:09:38,Und dann...,그러다가
538,1:09:40,"...hat dieser Junge
seinen Vater umgebracht.",그 남자애가 자기 아버지를 죽였죠
539,1:09:47,Sie haben es ja hübsch hier.,여기 좋은데요
540,1:09:49,"In den Akten steht,
Ihre Tochter habe es getan.","파일에 따르면 당신 딸이
저질렀다던데요"
541,1:09:52,"-Das ist nicht wahr.
-Deshalb sitzt sie im Gefängnis.","- 그건 사실이 아니에요
- 근데 왜 감옥에 있나요?"
542,1:09:56,"Sie sitzt im Gefängnis,
weil Sie verurteilt wurde, nicht weil Sie es getan hat.","유죄 판결을 받았기 때문이죠
범죄를 저질러서가 아니라요"
543,1:10:01,"Sie hat sich belastet,
hat diese Null gedeckt.","그놈을 덮어주려고
자기가 다 뒤집어쓴 거죠"
544,1:10:06,Er ließ Sie fallen und kam frei.,"그놈은 얘를 버리고
자유로워지고요"
545,1:10:09,Sie hat jede Hilfe abgelehnt.,"제가 그놈이 한 짓에 대해
증언을 하라고 했더니"
546,1:10:12,"Weil ich ihr sagen musste, dass sie
gegen diesen Stricher aussagen muss.",어떤 도움도 마다했어요
547,1:10:18,"Sie war von ihm schwanger,
haben Sie davon... Ja.","- 걔를 임신까지 시켰는데, 아...
- 네"
548,1:10:23,"Als sie wütend wurde
und mich da mit hineinzog","그리고 화가 나서는
날 여기에 엮어 넣었어요"
549,1:10:28,und im Prozess unsere...,법정에서 우리의...
550,1:10:31,...unsere Beziehung erwähnte...,관계를 다 밝혔어요
551,1:10:36,Was sollte ich tun?,내가 뭘 어쩌겠어요?
552,1:10:39,"Sagen, jawohl,
ich habe mit meiner Tochter geschlafen?",딸이랑 잤다고 인정해요?
553,1:10:41,Meine Frau hätte sich was angetan.,"그랬다면 내 아내는
아마 자살했을 거예요"
554,1:10:46,Was wollen Sie von mir?,나한테 원하는 게 뭐죠?
555,1:10:50,"Sie haben Jennys Klavierunterricht
abgebrochen.","제니의 피아노 레슨을
취소하셨다고요"
556,1:10:53,Sie hat nichts getan.,그 아이는 무고합니다
557,1:10:57,Sie hat doch gar nichts getan.,아무 짓도 하지 않았어요!
558,1:11:38,"Was soll das?
Warum sitzen Sie nicht an Ihrem Flügel?","이게 뭐야?
왜 피아노를 연주하지 않아?"
559,1:11:59,"Guten Tag, Frau Krüger.","크루거 부인, 안녕하세요"
560,1:12:05,"-Schön, dass Sie wieder da sind.
-Was wird denn das?","- 다시 돌아오셔서 기뻐요
- 뭐 하는 거예요?"
561,1:12:08,Wir wollten Ihnen eine Freude machen.,놀래켜주고 싶었어요
562,1:12:11,Ich und Clara.,클라라랑 제가요
563,1:12:18,"Und, Clara,
kannst du mittlerweile einen Knicks?","클라라, 이제 예쁘게
인사할 수 있니?"
564,1:12:23,"Dann kannst du mir
auch keine Freude machen.",그렇다면 네 깜짝 선물은 사양하마
565,1:12:26,"Sie haben Jenny drei Tage lang
das Klavier entzogen? Ist das so?","제니가 3일간 피아노를 못 치게
했다면서요, 그게 사실인가요?"
566,1:12:31,"Frau Krüger, das war nur wegen
der Ablage, die ist frisch gestrichen.",악보대를 칠해야 해서요
567,1:12:35,"Gehen Sie,
Sie können woanders weiterbasteln.",가서 다른 거 고치세요
568,1:12:44,"Und diese Negermusik
will ich auch nicht mehr hören.",그리고 넌 흑인 음악 좀 그만 쳐!
569,1:13:12,"Negermusik, hm?",흑인 음악이라고요?
570,1:13:14,"Sie verwischen Ihren Anschlag,
Sie zerstören Ihre Technik, das lasse ich nicht zu.","네 재능을 그렇게
망치게 놔두진 않을 거야"
571,1:13:19,"In einer Woche ist das Konzert.
Wir haben eine Verabredung.",콘서트가 1주일 후에 있어
572,1:13:22,"Sie haben drei Tage
in den Wind geschossen, nicht ich.","- 우린 약속을 했어
- 당신이 3일간 안 나왔잖아요"
573,1:13:24,"Ich mach alles, was Sie wollen. Ich
spiel das Programm, das Sie vorgeben.","당신이 하라는 대로 하고
고르는 곡을 연주했어요"
574,1:13:27,"Ich dresch diesen scheiß Schumann,
bis er mir aus den Ohren quillt.","내 귀가 아플 때까지
당신이 고른 슈만을 연주했다고요"
575,1:13:30,"Also bleiben Sie cool,
wenn ich mal was Gutes spiele.","그러니까 내가 원하는 걸
연주한다고 너무 기겁하지 마요"
576,1:13:33,"-Ach, Sie meinen diese Geräusche?
-Ja.",그건 소음이야
577,1:13:35,Das ist meins. Das bin ich.,"그건 제 거예요
저라고요"
578,1:13:37,Verstanden?,알겠어요?
579,1:13:45,"Wenn ich es noch einmal höre,
melde ich Sie ab.",그 음악이 또 들리면 다 끝이야
580,1:13:48,"Sie wollen, dass ich auch
so n scheiß Knicks mache.","나한테도 예쁘게
인사하라고 그러시죠"
581,1:13:51,"Sie wollen,
dass ich so n scheiß Knicks mache. Ich will, dass Sie gewinnen.","- 그걸 원하잖아요
- 아니, 네가 이기길 원해"
582,1:13:55,"Sie wollen, dass ich n scheiß Knicks
mache. Das ist alles, was Sie wollen.","당신이 원하는 건 사람들이
당신한테 절하는 거죠"
583,1:13:58,"Das werde ich nicht tun.
Niemals. Auch nicht vor Ihnen.","하지만 난 그런 거 절대 안 해요
누구를 위해서도요"
584,1:14:06,Wollen wir reingehen?,안으로 들어갈까?
585,1:17:02,"Können wir sie
nicht trotzdem teilnehmen lassen? Nach der Sache?","- 경연에 나가면 안 되겠죠?
- 이 짓을 했는데도요?"
586,1:17:08,Ich weiß.,알아요
587,1:17:10,"-Mein Gott, wir haben so ne gute Presse.
-Die Gefangene hat ne gute Presse.","- 하지만 언론도 좋게 나갔는데
- 이 짓을 했잖아요"
588,1:17:14,Melancholie hinter Gittern.,'감옥에서 슬퍼하고 있다'라니
589,1:17:16,"Dafür, dass man in fünf Monaten
zwei Menschen halb totschlägt, ist das eine sehr gute Presse.","두 명이나 죽일 뻔했단 걸
감안하면 그건 좋게 나간 거죠!"
590,1:17:20,"-Sie verkürzen den Sachverhalt.
-Ja, auf das Wesentliche.","- 그것만이 사실은 아니잖아
- 그게 핵심이에요"
591,1:17:23,"Was glauben Sie,
was diese Blätter schreiben, wenn wir ihr die Chance plötzlich nehmen,
zwei Tage vor dem Finale?","그럼 경연 이틀 전에 못 나가게
하면 언론이 가만있겠어요?"
592,1:17:28,"Erstens nimmt sie sich ihre Chance,
zweitens interessiert es mich einen Scheißdreck,
was irgendwelche Blätter schreiben.","걔가 스스로 망친 거예요
신문에서 뭐라 하든 상관없어요"
593,1:17:34,"-Was ist, wenn die über dich schreiben?
-Über mich?","- 당신에 대해서 적으면요?
- 나요?"
594,1:17:36,"Ja. ""Kleinlicher Vollzugsbeamter
verhindert Weltkarriere.""","'옹졸한 교도관이
세계적인 경력을 망치다'"
595,1:17:39,Da gibt es Schlimmeres.,그것보다 더한 것도 있죠
596,1:17:41,"""Karrieregeile Psychologin
setzt sich für Mörderin ein, weil sie der Schutz der Öffentlichkeit...""","'경력에 목맨 심리학자, 살인자를
도와 공공을 위험에 빠뜨리다'"
597,1:17:45,Diese Überschrift ist ein bisschen lang.,그 머리기사는 좀 기네요
598,1:17:50,"Wie wärs denn mit
""JVA-Direktor muss gehen""?","그럼 이건 어때요
'교도소장 사임을 강요당하다'"
599,1:17:56,"-Ach ja?
-Ja.","- 그래요?
- 그럼요"
600,1:17:59,"-Sie meinen also...
-Ich meine.","- 그럼 자네가...
- 네, 그럴 거예요"
601,1:18:07,"Nun, ich denke, der Kollege hat es
sehr schön auf den Punkt gebracht.",코발스키 씨 말이 일리가 있네요
602,1:18:11,"Ich werde die Ausgangserlaubnis
für Ihre Schülerin aufheben und sie unter verschärften Arrest stellen.","당신 학생에 대한 허가를 철회하니
독방에 다시 가두세요"
603,1:18:16,"-Der Fall wird untersucht.
-Damit zerstören Sie ein Leben.","- 조사를 해봅시다
- 그 애 인생을 망치는 거예요"
604,1:18:20,"Vielleicht kann Jenny es
im nächsten Jahr versuchen.",제니는 내년에 다시 도전하면 돼요
605,1:18:23,"Dann hat sie mehr Zeit, sich mit
Ihnen auf den Wettbewerb vorzubereiten.",그럼 준비할 시간이 더 있으니까요
606,1:18:26,"Nächstes Jahr kann sie nicht mehr
daran teilnehmen. Sie ist dann zu alt.",내년에는 제니 나이가 너무 많아요
607,1:18:31,Und ich auch.,나도 그렇고요
608,1:18:35,Deshalb möchte ich Ihnen etwas mitteilen.,그래서 드리는 말씀이에요
609,1:19:23,Was fällt Ihnen ein.,어떻게 감히 그런 짓을!
610,1:19:43,"Man hat mir gesagt,
dass Sie aufhören wollen. Stimmt das?","그만두신다던데
사실인가요?"
611,1:19:51,Warum waren Sie so hässlich zu mir?,"저한테 왜 그렇게
모질게 구신 거예요?"
612,1:19:55,"Und dieses Luder
spielt einfach auf dem Klavier.","그 계집애는 그냥 피아노만
이용하는 거예요"
613,1:19:58,"Dafür habe ich 500 Euro gespendet,
das wissen Sie doch.","제가 5백 유로나 기부했어요
아시잖아요"
614,1:20:08,"Nehmen Sie, was Sie brauchen.",원하는 만큼 가져가요
615,1:20:16,"Ich möchte nicht, dass Sie alles
hinschmeißen. Auf gar keinen Fall.","전 진짜 선생님이
포기하지 않으셨으면 좋겠어요!"
616,1:20:20,"Gestern Abend, was war das?",그럼 어젯밤의 일은요?
617,1:20:28,"Fragen Sie doch nicht so,
als wär ich kein guter Mensch.","제가 좋은 사람이
아니란 듯이 물었잖아요"
618,1:20:32,"Ein komplett guter Mensch
sind Sie auch nicht.",그건 부인도 마찬가지예요
619,1:20:35,"-Sie haben das veranlasst, nicht wahr?
-Und wenn?","- 당신 생각이었죠, 안 그래요?
- 그랬다면요?"
620,1:20:40,"Gehen Sie zum Direktor
und sagen Sie ihm, was Sie sagen müssen.","마이어비어 씨께 사실대로
말씀드리세요"
621,1:20:43,"Ich hab die Clara, Frau Krüger.
Ich hab Familie, ich kann das nicht.","크루거 부인, 전 가족이 있어요
그럴 수는 없어요"
622,1:20:47,"Oh, gebt mir meine Freiheit wieder.","'오, 내 자유를 돌려주오'"
623,1:20:53,"Oh, gebt mir meine Freiheit wieder.","'오, 내 자유를 돌려주오'"
624,1:21:00,"Oh, gebt mir...","- '오, 내...'
- '그리고 전투에서 내 수치심을'"
625,1:21:01,"Und ich wasch weg die Schmach
mit Blut im Kampf.","- '오, 내...'
- '그리고 전투에서 내 수치심을' '피로 씻어주오'"
626,1:21:50,Das sind SÜ Einser.,저 사람들은 못 들어와요
627,1:21:53,Das ist mein letzter Tag.,오늘은 내 마지막 날이에요
628,1:21:55,Ich hole nur mein Klavier.,내 피아노만 가져갈게요
629,1:22:00,"Erklären Sie mir eins, Frau Krüger:","크루거 부인, 말씀해보세요"
630,1:22:02,"Was haben die Jungs,
was andere nicht haben?",저들에게 어떤 특출난 면이 있죠?
631,1:22:09,"Der eine ist ein Mörder, und der andere
hat seine Nichte vergewaltigt.","한 명은 살인자고
다른 한 명은 조카를 강간했어요"
632,1:22:20,"Sie werden mir fehlen, Frau Krüger.",크루거 부인이 그리울 겁니다
633,1:23:42,Danke.,고마워요
634,1:23:45,"Es wird so vier Stunden dauern.
Dann bricht hier die Hölle los.",4시간 후면 난리가 날 겁니다
635,1:23:50,Leben Sie wohl.,잘 있어요
636,1:24:03,"So leb denn wohl,
du liebes kleines Tischchen.","'그럼 잘 가렴
내 작은 탁자야'"
637,1:24:07,Manon aus Manon?,"'마농'에서 마농이 하는
대사인가요?"
638,1:25:06,"Sie werden dafür
einen guten Preis erzielen.",좋은 값에 팔아줘요
639,1:25:36,"-Ist ja viel Gerümpel.
-Ihr Kleid hängt da drüben.","- 쓰레기가 많네요
- 네 드레스는 저기 있어"
640,1:25:40,"-Ihre Schuhe sind geputzt.
-Wer kriegt das alles, wenn Sie tot sind?","- 네 신발도 닦아 놨어
- 죽으면 이걸 다 누가 가져요?"
641,1:25:44,"Beeilen Sie sich,
Sie müssen sich noch umziehen.","서둘러
옷도 갈아입어야 하는데"
642,1:25:59,"Ich nehm mir was zu trinken, ja?",물 좀 마실게요
643,1:26:16,"Ja, Krüger hier.","여보세요
크루거라고 하는데요"
644,1:26:18,"Ich rufe an wegen der Nachmeldung.
Von Loeben.","제니 본 로에벤 때문에
전화드려요"
645,1:26:21,"Ja, ich weiß. Jetzt aber doch.","네, 경연에 가게 됐어요"
646,1:26:24,Freut mich auch.,저도 기쁩니다
647,1:26:26,Besprech ich das mit Ihnen?,경연 책임자이신가요?
648,1:26:29,"Ja, dann holen Sie ihn doch.",책임자분을 좀 바꿔주세요
649,1:26:30,"Ich dachte, Sie trinken keinen Alkohol.",술 안 드시는지 알았는데요
650,1:26:33,"-Oh, Jenny, ziehen Sie sich bitte was an.
-Ich dachte, Sie trinken keinen Alkohol.","- 제니, 옷 좀 입어!
- 술 안 드시는지 알았는데요"
651,1:26:37,"-Herr Soldat.
-Bitte.","- 제니, 옷 좀 입어!
- 술 안 드시는지 알았는데요 제발"
652,1:26:42,Lassen Sie uns ein andermal darüber reden.,"- 아빠가 왔었어요?
- 지금은 이럴 때가 아니야 - 아니요, 지금 얘기해요
- 제니, 서둘러야 해"
653,1:26:44,"-Wir müssen los.
-Wir müssen gar nichts.","- 아니요, 지금 얘기해요
- 제니, 서둘러야 해"
654,1:26:46,"Sie lassen diesen scheiß Telefonhörer los
und sagen mir,","- 아니요, 지금 얘기해요
- 제니, 서둘러야 해 전화 끊고 말해줘요
우리 아빠가 여기서 뭘 했는지"
655,1:26:49,"was mein verschissener Vater
hier zu tun hat.","전화 끊고 말해줘요
우리 아빠가 여기서 뭘 했는지"
656,1:26:51,Ansonsten raste ich auf der Stelle aus.,안 그러면 돌아버릴 테니까요
657,1:27:02,"Es stimmt, er war hier. Nein! Scheiße! Fuck!","- 그래, 여기 왔었어
- 이런, 제기랄!"
658,1:27:08,"-Bitte hören Sie auf!
-Oh, Scheiße!","- 제발, 그만해!
- 젠장!"
659,1:27:14,"Er hat Sie gekauft. Das hier
ist alles auf seinem Mist gewachsen.","아빠가 당신을 매수한 거지
다 계획한 거야!"
660,1:27:17,"-So war das ganz und gar nicht.
-Klar.","아니, 그렇지 않아"
661,1:27:19,"Der weiß ganz genau,
was da im Knast abgeht.",감옥에서 나와서는
662,1:27:22,"Der sieht, da ist ne scheiß Lehrerin, die
sich so ne scheiß Wohnung leisten kann!","불쌍한 선생을 따라서
거지 같은 아파트에 가서"
663,1:27:26,"Dann hat er
sein Portemonnaie aufgeschnallt!",그 잘나신 지갑을 연 거네요
664,1:27:28,"-Das ist ein großes Missverständnis.
-Sie haben mich angelogen.","- 네가 오해하는 거야
- 당신은 나한테 거짓말했어요"
665,1:27:31,"-Nein.
-Die ganze Zeit!","- 아니야
- 맞아요, 계속해서 거짓말한 거야"
666,1:27:34,Fuck!,제기랄!
667,1:27:36,Und das Kleid?,그리고 이 드레스는요?
668,1:27:39,"Hat er das ausgesucht?
Ist das von ihm, das Kleid?","아빠가 골랐나요?
이걸 아빠가 샀냐고요"
669,1:27:44,Und die Salben und die Handcremes?,이 핸드크림은요?
670,1:27:46,"Die Stücke, hat er die Stücke ausgesucht?",아빠가 음악도 고른 거예요?
671,1:27:49,"-Hat er Schumann ausgesucht, mein Vater?
-Oh Gott, ich...",아빠가 슈만을 골랐냐고요
672,1:27:58,"Wahrscheinlich hat er mich aus dem Knast
geholt. Du kriegst das doch gar nicht hin.","아빠가 아마 날 감옥에서 뺏겠죠
할망구가 못 하니까"
673,1:28:03,"Glaub mir, Jenny,
ich hab nie Geld erhalten.","내 말을 믿어줘
돈 같은 건 안 받았어"
674,1:28:06,Es bedeutet mir nichts.,난 돈 같은 건 관심 없어
675,1:28:09,Ich liebe einfach nur die Musik.,음악만을 사랑해
676,1:28:11,Niemand liebt einfach nur die Musik.,음악만 사랑하는 사람은 없어요
677,1:28:14,"Du geilst dich daran auf,
dass du ne tolle Schülerin hast.","재능있는 학생이 있으니까
흥분된 거잖아요"
678,1:28:17,"Du bist eitel und vom Ehrgeiz zerfressen.
Du hast dich nie für mich interessiert.","당신은 야망과 허영 덩어리야
나 같은 건 관심도 없어"
679,1:28:21,Aber Jenny...,하지만 제니...
680,1:28:24,Das habe ich doch immer gesagt.,내가 시작부터 말했잖아
681,1:28:27,Dass ich mich nicht für dich interessiere.,너한테는 관심 없다고
682,1:28:36,Wo gehst du hin?,어디 가니?
683,1:28:39,Wo gehst du hin?,어디 가?
684,1:28:42,Weg.,떠나요
685,1:28:44,Wir könnten es noch schaffen.,아직도 경연에 갈 수 있어
686,1:29:03,Aufmachen.,문 열어요
687,1:29:05,"-Sieh dir das an, bitte.
-Was steht da drin?","- 이걸 봐
- 뭔데 그래요?"
688,1:29:09,"Ich weiß, wer du bist.
Du bist ne blöde Hure.","- 내가 누군지 봐
- 당신은 멍청한 창녀죠"
689,1:29:11,"-Nein, ich bin eine blöde Lesbe.
-Na also.","- 아니, 난 멍청한 레즈비언이야
- 봤죠?"
690,1:29:30,Was hast du gesagt?,뭐라고 했어요?
691,1:29:33,"Das ist doch deine Ausdrucksweise, oder?","그게 너의 소통 방식이지
안 그래?"
692,1:29:42,Ich habe eine Frau geliebt.,난 한때 여자를 사랑했어
693,1:29:45,Sie ist tot.,그 사람은 죽었지
694,1:29:49,Ich liebe sie immer noch.,아직도 그녀를 사랑해
695,1:29:53,Steht alles da drin.,이 안에 다 있어
696,1:29:58,"-Iss es auf.
-Jenny. Iss es auf.","- 어서 먹어요
- 제니"
697,1:30:00,"-Du glaubst mir nicht?
-Iss es auf, Mann!","- 내 말을 못 믿어?
- 이걸 먹으라고요!"
698,1:30:03,"Komm, friss es!",어서 먹어요!
699,1:30:06,"Das kannst du nicht machen. Komm mir nicht hinterher
oder du fängst eine.","- 제니, 제발...
- 날 따라오면 칠 거예요"
700,1:30:13,"Jenny, bleib stehen.","제니, 기다려!"
701,1:30:15,Du kleine Ratte.,이 쥐새끼 같은 것!
702,1:30:50,Du hast mich geschlagen.,너 날 때렸어
703,1:30:58,Ich habe es gesagt.,경고했잖아요
704,1:31:08,Wurden wir gesehen?,우릴 본 사람 있어?
705,1:31:10,Wie war sie?,어떤 분이었어요?
706,1:31:12,Anders.,"- 달랐어
- 여기 공산주의자라고 돼 있네요"
707,1:31:14,"-Hier steht Kommunistin.
-Das meine ich.","- 달랐어
- 여기 공산주의자라고 돼 있네요 내 말이 그거야"
708,1:31:19,Wir wurden nicht gesehen.,아무도 우릴 본 사람 없어요
709,1:31:27,"Hannah wusste, was Hass ist.",한나는 증오가 뭔지 알았지
710,1:31:33,"Und sie wusste, was Liebe ist.",그리고 사랑이 뭔지도 알았어
711,1:31:38,"Wer weiß das schon. Den meisten reicht es,
wenn man ihnen Gute Nacht sagt.","대부분 사람은 자기 전에
키스받는 것만으로도 행복해하지"
712,1:31:45,"Das Bild hat sie drei Tage
vor ihrer Verhaftung gemacht.","그녀는 그 사진을
체포되기 3일 전에 찍었어"
713,1:31:49,"Eine Genossin war gefoltert worden
und hatte ihren Namen genannt.","동지가 고문당하면서
그녀의 이름을 불어버렸지"
714,1:31:55,"Hannah sollte auf dem Schafott
hingerichtet werden.",한나는 참수형을 받기로 돼 있었어
715,1:31:59,Aber...,하지만
716,1:32:02,"...am Tag ihrer Hinrichtung
hat eine Bombe das Schafott zerfetzt.","사형 집행일 날
폭탄으로 처형대가 파괴됐지"
717,1:32:12,"Deshalb ließen sie sich
was anderes einfallen.","그래서 그들은 다른 방법을
생각해냈어"
718,1:33:17,"Soll ich jetzt heulen, oder was?",내가 울기라도 해야 하나요?
719,1:33:22,"Meinst du, mir fällt das alles leicht?",이게 쉬운 것 같아?
720,1:33:26,"Meinst du, ich habe das heute
einfach so gemacht?",나한테 오늘이 쉬웠을 것 같니?
721,1:33:30,"Was glaubst du wohl, warum ich
60 Jahre lang hier geblieben bin?","내가 왜 여기서
60년을 살았을 것 같니?"
722,1:33:33,Wegen ner Toten? Na toll.,"시체 때문에요?
잘됐네요"
723,1:33:36,"Ne Lesbe, die auf Leichen steht.
Sie sind ein perverser Freak, Madame.","시체를 좋아하는 레즈비언이라
완전 변태네요"
724,1:33:43,Was fällt dir ein?,어떻게 감히!
725,1:33:47,"Was fällt dir ein, so zu reden?",어떻게 그런 말을 할 수 있어?
726,1:33:51,"Ich habe dich monatelang
auf diesen Tag heute vorbereitet.","난 오늘을 위해서
정말 열심히 일했어"
727,1:33:54,"Ich habe dir dein schlechtes Benehmen, deine Ausbrüche, deine Respektlosigkeiten
nachgesehen.","너의 무례한 태도와
성질도 다 참아가면서"
728,1:33:58,Ich habe dich aus dem Gefängnis geholt.,널 감옥에서도 꺼내줬어
729,1:34:01,Ich erzähle dir von einem Menschen.,내가 사랑한 유일한 사람에 대해
730,1:34:04,"Dem einzigen Menschen, der mir was
bedeutet. Und du trampelst darauf herum. So mein ich das...","- 말해줬더니 그렇게 모욕해?
- 그런 뜻이 아니라..."
731,1:34:08,"Du kennst nicht die Leichtigkeit
der Vernichtung. Du hast keine Ahnung.","네 재능이 얼마나
쉽게 사라질 수 있는지 모르지?"
732,1:34:12,"Du spülst dein Talent ins Klosett.
Wie kannst du das wagen.","어떻게 네 재능을
그렇게 버릴 수 있니?"
733,1:34:15,"-Hören Sie...
-Halt die Klappe!","- 내 말 좀...
- 닥쳐!"
734,1:34:24,Diese Frau hat man einfach umgebracht.,그들은 이 여자를 그냥 죽였어
735,1:34:29,"Obwohl sie nichts getan hat,
ganz im Gegensatz zu dir.","너랑은 다르게
아무 짓도 하지 않았는데도!"
736,1:34:36,Vielleicht hatte sie auch ein Talent.,그녀에게도 재능이 있었는지 몰라
737,1:34:42,"Vielleicht hätte sie alles darum gegeben,
dieses Talent zu vollenden.","그리고 그 재능을 살리려고
뭐든지 했을 거야"
738,1:34:47,Was ist denn sonst der Sinn?,"인생에 그거 말고
다른 게 뭐가 있어?"
739,1:34:50,"Was ist der Sinn, Jenny von Loeben?","우리 삶의 목적이 뭐지
제니 본 로에벤?"
740,1:34:54,"Liegt der Sinn darin,
jemandem den Schädel einzuschlagen?",누군가의 머리를 깨뜨리는 거?
741,1:34:57,"Oder Jahrzehnte
in einer Zelle zu versauern?","아니면 감옥에서
수십 년을 낭비하는 거?"
742,1:35:01,"Oder etwa darin,
die Welt in Schutt und Asche zu legen?","그것도 아니면
세상을 다 부숴 놓는 거?"
743,1:35:05,Wir haben eine verdammte Aufgabe.,우리 모두 해야 할 일이 있다고!
744,1:35:10,"Ich weiß nicht,
was meine Aufgabe hier gewesen ist.",여기서 내가 할 일이 뭔지 몰랐어
745,1:35:15,Vielleicht einfach nur durchhalten.,그냥 인내하는 건지도 모르지
746,1:35:18,Aber deine Aufgabe...,하지만 네가 할 일은
747,1:35:21,...ist so hell wie der leuchtende Tag.,저 밝은 날처럼 명확해
748,1:35:25,"Deine Aufgabe ist es,",네가 할 일은
749,1:35:27,"und verzeih mir meine Ausdrucksweise,
deinen bequemen Arsch","거친 표현을 써서 미안하지만 네 게으른 몸뚱이를 일으켜서
움직이는 거야"
750,1:35:31,"hier aus meinem Sessel zu hieven
und dich auf die Socken zu machen.","네 게으른 몸뚱이를 일으켜서
움직이는 거야"
751,1:35:36,Deine Aufgabe beginnt in zwei Stunden.,네가 할 일이 두 시간 후에 시작해
752,1:35:40,In der Deutschen Oper.,도이치 오페라에서
753,1:35:42,"Das, Jenny, ist deine Aufgabe.",그게 네가 할 일이야!
754,1:36:49,Guten Abend.,안녕하세요
755,1:36:51,"-Es hat schon angefangen.
-Ich bin Teilnehmer.","- 벌써 시작했어요
- 결승전에 나가요"
756,1:36:57,Bei Jugend musiziert?,청소년 경연 대회에서요?
757,1:36:59,Jenny von Loeben.,제니 본 로에벤요!
758,1:37:01,"Ich habe vor zwei Stunden angerufen.
Nachmeldung.","두 시간 전에 전화드렸는데
지체가 됐어요"
759,1:37:06,"-Da brauche ich ihren Ausweis für.
-Ich bitte Sie.","- 신분증을 봐야 합니다
- 부탁드려요"
760,1:37:09,"-Ja, oder irgendetwas Vergleichbares.
-Besorge ich Ihnen.","- 아니면 비슷한 거라도요
- 금방 올게요"
761,1:37:55,"Ich kann bestätigen,
dass dies Fräulein von Loeben ist. Und wer sind Sie?","- 진짜 본 로에벤이 맞습니다
- 그러는 분은 누구시죠?"
762,1:37:59,Ihr Vater.,아이의 아빠입니다
763,1:38:01,"Sie ist auch auf meinem
Familienschwimmpass eingetragen.","이름이 가족 수영장
출입증에 있죠?"
764,1:38:23,Schumann. Find ich eine gute Entscheidung.,슈만은 좋은 선택이구나
765,1:38:37,"Ich hoffe, du gewinnst, Jenny.","네가 우승했으면 좋겠다, 제니"
766,1:38:39,"Ich hoffe, du stirbst, Vati.",난 아빠가 죽었으면 좋겠어요
767,1:39:02,"Er weiß nichts von Schumann. Es ist nicht seine Wahl.
Es ist meine Wahl.","네 아빤 슈만에 대해 모르셔
그건 온전히 내 선택이었어"
768,1:39:12,"Ich weiß, du wirst es wunderbar spielen.",넌 잘할 거야
769,1:39:20,Noch zwei Minuten.,2분 남았습니다
770,1:39:36,Viel Glück.,행운을 빌어
771,1:39:45,Schöne Hände.,아름다운 손이구나
772,1:39:50,Danke.,고마워요
773,1:40:47,"Meine Damen und Herren,
eine Programmänderung.",신사 숙녀 여러분
774,1:40:53,...uns sehr freuen. Jenny von Loeben.,제니 본 로에벤을 맞아주십시오
775,1:41:05,Wir hören Schumann. Das a-moll-Konzert.,"슈만의 피아노 협주곡 A 단조를
듣겠습니다"
776,1:41:31,Ich wars. Ich hab sie rausgeholt.,"내가 했어요
내가 빼냈어요"
777,1:41:33,"Waidmanns Heil, Frau Krüger.
Da haben wir die Scheiße am Laufen.","크루거 부인
우리 진짜 큰일 났어요"
778,1:41:38,Geben Sie ihr die paar Minuten.,저 아이에게 몇 분만 주세요
779,1:41:42,Ich bitte Sie.,부탁드려요
780,1:41:45,"-Ich bitte Sie.
-Was heißt denn, ein paar Minuten?","- 제발요
- 몇 분이라니 무슨 말이에요?"
781,1:41:50,Vier.,4분요
