,Time,Subtitle,Translation
0,38s,MAN: (WHISPERING) Fiona.,피오나
1,41s,Fiona.,여보
2,47s,Falling asleep? No.,"- 졸려?
- 아니"
3,49s,I think you are. No.,"- 졸린 것 같은데
- 아니야"
4,51s,"-Are you sure?
-I am.","- 진짜?
- 응"
5,52s,Are you sure? I'm sure.,"- 정말?
- 그렇다니까"
6,55s,"My stomach's gonna start
growling any second now.","이제 배가 밥 달라고
꼬르륵거리겠어"
7,58s,I think you're falling asleep.,진짜 졸린 것 같은데
8,1:00,I'm not falling asleep.,나 안 졸려
9,1:02,Don't start.,하지 마
10,1:04,"What?
Start what? -[inaudible].
-What?","- 뭘 하지 마?
- 셔윈"
11,1:06,"What did I start? -This.
-What did I start?","- 내가 뭘 했는데?
- 이거"
12,1:08,This.,"- 뭘 어쨌다고?
- 못된 손!"
13,1:11,Stop it.,하지 마
14,1:12,"[laughing] Stop.
[laughing] Stop it!","그만해 - 하지 말라고
- 뭘?"
15,1:17,What?,"- 하지 말라고
- 뭘? - 무슨 말인지 모르겠네
- 불공평해"
16,1:18,"I don't know what
you're talking about.
It's not fair.","- 무슨 말인지 모르겠네
- 불공평해"
17,1:20,What?,뭐가?
18,1:21,"Because you're not--
you're not ticklish.","자기는 간지럼 안 타니까
나만 불리해"
19,1:23,"-It's not fair.
-Oh, sorry.","자기는 간지럼 안 타니까
나만 불리해 미안"
20,1:31,"--[laughing] Don't
make fun of me.",놀리지 마
21,1:34,"Don't go away, yo.",다시는 어디 가지 마
22,1:37,OK? K.,"- 알았지?
- 그래"
23,1:40,K?,알았지?
24,3:39,RECORDED VOICE: One new message.,새 메시지가 하나 있습니다
25,3:42,"MAN: Fiona, it's Juan. Where are you?","피오나, 나 후안이야
어디 있어?"
26,3:45,I just tried your cell phone.,휴대폰으로 전화했었는데
27,3:46,"Uh, I don't know what
you want me to do.","어쩌라는 건지 모르겠네 먼저 가서 회의 시작할게
늦게라도 와, 연락해줘"
28,3:49,"I'm gonna go ahead
and start the meeting. Come late if you can.
Call me.","먼저 가서 회의 시작할게
늦게라도 와, 연락해줘"
29,4:00,"This is Fiona. Leave a message, and
I'll get back to you.","피오나예요, 메시지 남겨주세요
바로 연락드릴게요"
30,4:03,Thanks.,"피오나예요, 메시지 남겨주세요
바로 연락드릴게요 고맙습니다"
31,4:11,"Sherwin, it's me.","셔윈, 나야"
32,4:14,I think you're right.,자기 말이 맞는 것 같아
33,4:15,"I should go see my mom
before it's too late.","너무 늦기 전에
엄마 뵈러 가야겠어"
34,4:19,I'll call you on my home. Love you.,"집에 갈 때 전화할게
사랑해"
35,4:45,Fiona?,당신이야?
36,4:46,MAN (ON PHONE): Hi. Is this Sherwin Owens?,셔윈 오언스 씨?
37,4:50,"Yeah, who's this?","네, 누구시죠?"
38,4:51,"MAN (ON PHONE): You
live at 21 Long Avenue?",롱 가 21번지에 사십니까?
39,4:54,"Yeah, I do.",그런데요
40,4:55,"This is Officer Holson, the
Atlanta Police Department.","애틀랜타 경찰서의
홀슨 경관입니다"
41,4:58,"We sent an officer
by twice today to get in contact with you.","오늘 연락드리려고
경관을 두 번이나 보냈었습니다"
42,5:03,"Uh, what is this concerning?",무슨 일이시죠?
43,5:06,"MAN (ON PHONE): I'm
sorry to tell you","오언스 씨
전화로 이런 말씀 드려 유감이지만"
44,5:08,"this over the phone, Mr.
Owens, but your wife was","오언스 씨
전화로 이런 말씀 드려 유감이지만 부인께서 교통사고로"
45,5:11,involved in a traffic accident.,부인께서 교통사고로
46,5:12,And it was a fatal accident.,사망하셨습니다
47,5:26,"Mr. Owens, you're still here?","오언스 씨
듣고 계십니까?"
48,5:28,"Would you like to
speak to someone, sir? We can send an officer
by immediately.","말씀 나눠 보시겠습니까?
경관을 바로 보내드리죠"
49,5:34,"--[breathing heavily] Can--
can you-- can you please--",부탁인데...
50,5:40,"can you please, um-- can
you help-- but can you--",그러니까... 도와주실 수가...
51,6:07,"FIONA (ON RECORDING):
Hey, this is Fiona. Leave a message.","피오나예요
메시지 남겨주세요"
52,7:29,"Hi, Uh, Mr Owens?",안녕하세요 오언스 씨?
53,7:36,Yeah.,네
54,7:37,"Uh, John Scott from
Lincoln Crematorium.","링컨 화장터에서 온
존 스콧입니다"
55,7:46,May I come in?,들어가도 될까요?
56,7:56,"I-- I know how difficult
it must be to come to us.","직접 방문하시는 게
얼마나 힘드셨을지 압니다"
57,8:00,"So I am happy to
bring her to you.","그래서 제가 기꺼이
부인분을 모셔왔습니다"
58,8:07,Thank you. I'm very sorry for your loss.,"- 고맙습니다
- 삼가 조의를 표합니다"
59,8:11,Mr Owens? I need you to sign.,"오언스 씨
서명해주셔야 하는데요"
60,8:50,"WOMAN: Hello, sunshine.","어이, 일어나"
61,8:57,Sherwin.,셔윈
62,8:59,Get up.,일어나
63,9:05,Sherwin.,셔윈
64,9:08,Get up.,일어나
65,9:10,"Sherwin, come on.","셔윈, 얼른"
66,9:12,Get up.,일어나
67,9:21,What are you doing here?,여기는 웬일이야?
68,9:28,Shouldn't you be at work?,일할 시간 아니야?
69,9:30,WOMAN: Yeah.,맞아
70,9:38,Dammit.,젠장
71,9:46,"P, seriously, can you--","피, 제발 좀..."
72,9:49,Yes. There we go.,이제 됐다
73,9:52,"Oh. you need to stop
smoking and drinking.",담배랑 술 좀 끊으셔
74,9:54,It's disgusting. And you stink.,"지긋지긋하다
진짜 냄새 고약해"
75,9:57,Come eat.,와서 먹어
76,9:58,"I don't know what would
make you think I want to eat.",누가 배고프다고 했어?
77,10:01,"PENELOPE: Because you haven't
in I don't know how long.",안 먹은 지 오래됐잖아
78,10:09,"What are you gonna
do about the service?",장례식은 어떻게 할 거야?
79,10:11,"Seriously, P, I know
you're trying to help,","제발...
도와주려는 건 아는데"
80,10:13,but you-- you just need to--,그냥 좀...
81,10:15,"PENELOPE: I'm getting
15 calls a day.",하루에 전화가 15통이나 와
82,10:17,"Well, tell them to get a life.",자기들이나 잘하라고 해
83,10:18,There's no fucking way.,어쩔 수 없잖아
84,10:22,I will take care of it.,"알았어, 내가 처리할게"
85,10:26,"SHERWIN: Just let it go.
Let it go. Just let it ring.",그냥 받지 마
86,10:30,"FIONA (ON RECORDING): You've
reached Sherwin and Fiona.
Please leave a message.","셔윈과 피오나예요
메시지 남겨주세요"
87,10:33,"LUCINDA (ON RECORDING):
It's Lucina.",나 루신다야
88,10:36,"LUCINDA (ON RECORDING):
I wanted to see","장모님이야 자네가 잠시 메인 주에
올 수 있나 물어보려고"
89,10:38,"if you might like to come
up here to Maine for a bit.","자네가 잠시 메인 주에
올 수 있나 물어보려고"
90,10:40,"I though it might
do us some good.",그러는 게 좋을 것 같았네
91,10:42,No need to call.,전화 안 해도 돼
92,10:49,"There is nothing
you could have done.","네가 할 수 있었던 일은
아무것도 없어"
93,10:51,Course there is.,없긴 왜 없어
94,10:54,PENELOPE: No. You did not put her in that car.,"아니, 네가 피오나를
그 차에 태운 거 아니잖아"
95,10:57,"I was supposed to
take care of her. PENELOPE: And you did.","- 내가 신경 써야 했어
- 신경 썼어"
96,11:00,How can you say that?,어떻게 그렇게 말해?
97,11:03,And then missing her.,피오나가 그리워
98,11:07,You have the food.,좀 먹어
99,11:11,"And there's no reason to
call Fiona's mom back.","장모님께
다시 전화할 필요 없어"
100,11:13,I'll deal with her.,내가 상대할게
101,11:16,Call me if you need me.,나 필요하면 불러
102,11:19,I love you.,사랑해
103,11:57,"FIONA: Everything is
harder than it is.",자기 때문에 상황이 더 애매해
104,12:00,SHERWIN: Should we go see her?,장모님 뵈러 가야 하나?
105,12:06,I don't know.,글쎄
106,12:10,She tried to destroy us.,우리 못 잡아먹어서 안달일걸
107,12:14,We're strong.,그 정도야 거뜬하잖아
108,12:39,Go see your uncle.,"이리 와
외삼촌한테 가봐"
109,12:41,Go.,얼른
110,12:55,"SHERWIN: What are
you doing here?",네가 여기 왜 왔어?
111,12:57,Mom said you wanted to play.,"엄마가 외삼촌이
놀고 싶다고 했다던데"
112,12:59,Did she?,그랬어?
113,13:15,I've got a-- I've got a cold.,나 감기 걸렸어
114,13:23,"You swapped these. JAMAL: No, I didn't.","- 네가 바꿨네
- 아니야"
115,13:25,SHERWIN: So why-- where am I?,"- 네가 바꿨네
- 아니야 그럼 뭐야?
난 어디 있어?"
116,13:28,JAMAL: Click Start. SHERWIN: I just clicked Start.,"- 시작 버튼 눌러
- 눌렀어"
117,13:30,"JAMAL: No, you didn't.",안 눌렀잖아
118,13:32,[laughing] You're crazy. Whatever. I still win.,"치사해
그래도 내가 이겨"
119,13:37,"SHERWIN: Oh, you're right.","네 말이 맞다
저게 내 거다"
120,13:43,"Can you get out of the way? Really, Mom?","- 좀 비키지?
- 엄마 비켜줘"
121,13:45,Give me a second. Give me a second.,잠깐만
122,13:47,Cleaning up after you. What happened?,"- 좀 치우자
- 뭔데?"
123,13:49,"Hey, that's-- can I?","잠깐만, 그건 주지?"
124,13:52,"No, you don't need this.","아니, 필요 없잖아"
125,13:53,P. Yes?,"- 피
- 왜?"
126,13:55,Have some apples.,사과나 먹어
127,13:58,"What, you start the
game and not tell me?","뭐야, 말도 안 하고
게임 시작하기냐?"
128,14:05,"Mom said not to talk
about Auntie Fiona.","엄마가 피오나 외숙모
얘기하지 말랬어"
129,14:12,That's OK.,괜찮아
130,14:20,I'm sorry.,정말 안됐어
131,14:25,"Thanks, Jamal.","고맙다, 자말"
132,17:22,Sherwin? Hi.,"- 셔윈?
- 안녕하세요"
133,17:23,"Hi. I'm Ann, Lucinda's nurse.","앤이에요
루신다의 간호인이죠"
134,17:26,"Oh, nice to meet you. Nice to meet you, too.","- 반갑습니다
- 반가워요"
135,17:29,"Come in, please. Thank you.","- 들어오세요
- 감사합니다"
136,17:41,Lucinda is expecting you.,루신다가 계속 기다렸는데
137,17:42,"Um, but she's resting now. So she'll see you at dinner.","지금은 쉬고 계시니
저녁때 뵙게 될 거예요"
138,17:45,OK.,"- 알겠어요
- 그래요"
139,17:47,I-- I'll show you to your room.,묵을 곳을 보여줄게요
140,17:59,"Yes, just up here.",여기 위층이에요
141,18:05,"There's a bathroom right
there to your left.",욕실은 왼쪽에 있고
142,18:07,"And there are clean
towels in there for you.",깨끗한 수건 준비해놨어요
143,18:10,"OK. ANN: I need to get
back to Lucinda.","- 네
- 난 루신다한테 가봐야겠네요"
144,18:13,"If you need anything,
just let me know.","필요한 거 있으면
말씀하세요"
145,18:16,Thank you. OK.,"- 고맙습니다
- 그래요"
146,19:55,"ANN: Oh, hey.",왔네요
147,19:58,Finding everything OK? Yeah.,뭐 필요한 거 있어요?
148,20:00,"Uh, is anything to drink?","네, 혹시 술 있나요?"
149,20:03,ANN: Course.,그럼요
150,20:04,Wine or whiskey?,"와인이오, 위스키요?"
151,20:05,"Uh, whiskey would be great. Whiskey? Great.","- 위스키가 좋겠네요
- 위스키요? 그래요"
152,20:09,Here you go. Perfect.,"- 여기요
- 좋네요"
153,20:14,You gonna have one?,"- 한잔하실래요?
- 아뇨, 괜찮아요"
154,20:15,"Uh, no, thank you.","- 한잔하실래요?
- 아뇨, 괜찮아요 그래요"
155,20:18,I'm so sorry.,정말 안타까워요
156,20:24,Thank you.,고마워요
157,20:26,"As you know, she was just
here, and it was really","알다시피
피오나가 여기 왔었어요"
158,20:29,good to finally meet her.,"드디어 만나게 돼서
정말 좋았죠"
159,20:33,Did you like her? Very much.,"- 피오나를 좋아했나요?
- 아주 많이요"
160,20:37,"Yeah, me, too.",나도 그래요
161,20:42,No one should lose a child.,"그 누구도
아이를 잃어서는 안 돼요"
162,20:46,Or a wife.,아내도 그렇고요
163,20:47,Of course.,그럼요
164,21:03,"What is that on the,
um-- on the island that I can see from upstairs?",위층에서 보이는 섬은 뭐죠?
165,21:08,"Oh, that's the lighthouse.",등대예요
166,21:09,"It has a great story, too.",대단한 사연이 담겨 있죠
167,21:12,"What, the lighthouse? Mhm.","- 등대에 말인가요?
- 네"
168,21:19,You gonna tell me the story?,그 사연 말해줄 건가요?
169,21:23,"Um, well, the lighthouse
is on an island,",섬 위에 등대가 있잖아요
170,21:28,"and the caretaker was lonely,
so he married this young girl","외로웠던 등대지기가
젊은 처녀와 결혼을 해서"
171,21:32,and brought her over with him.,섬으로 데려왔어요
172,21:34,"But when she had been there
for a while, she looked at him","근데 시간이 좀 흐르자
그 여자가 남자에게 말했죠"
173,21:37,"and said, there's nothing to do.","근데 시간이 좀 흐르자
그 여자가 남자에게 말했죠 '아무것도 할 게 없어'"
174,21:41,So he brought her a piano.,그래서 피아노를 구해줬는데
175,21:43,"But when the boat came
with the instrument,",피아노를 실은 배가 도착해보니
176,21:46,it only had one sheet of music.,악보는 딱 한 장만 있었던 거예요
177,21:49,"And she played and
played and played",그래서 그 여자는 쉬지 않고
178,21:52,"that same song over and over
again until he went mad.","똑같은 노래를 쳐댔죠
남자가 미쳐버릴 때까지요"
179,21:58,"He chopped the piano with
an ax, chopped her head off,","남자는 도끼로
피아노를 박살 냈고 여자 목을 자르고
자기도 자살했어요"
180,22:02,and then killed himself.,"여자 목을 자르고
자기도 자살했어요"
181,22:07,Was that inappropriate?,"미안해요
너무 뜬금없었나요?"
182,22:10,Shit.,이런
183,22:16,"I don't know why I said that. No, it's OK.","- 괜히 말한 것 같네요
- 괜찮아요"
184,23:20,"Hello, Mrs. Wright.","안녕하세요, 장모님"
185,23:22,Hi.,왔군
186,23:24,"Please, have a seat.",자리에 앉게
187,23:29,Thank you.,감사합니다
188,23:30,You're welcome.,천만에
189,23:41,Here we are.,드디어 보네
190,23:48,This looks very nice.,음식이 맛있어 보이네요
191,23:51,I'm surprised you came.,자네가 와서 놀랐어
192,23:54,"Me, too.",저도요
193,23:58,"Me, too.",저도 놀랐네요
194,24:04,How was your drive?,오는 길은 어땠나?
195,24:06,"Oh, fine.",괜찮았어요
196,24:12,"Actually, everything's
excruciating right now.",실은 뭘 해도 죽을 맛이네요
197,24:18,I'm barely myself.,정신이 하나도 없어요
198,24:29,"She was just here,
and she was fine.","피오나는 여기 왔을 때
멀쩡했어"
199,24:36,Fine?,멀쩡해요?
200,24:40,So what happened?,"근데...
어떻게 된 건가?"
201,24:47,"Um, well, from
what I was told, she was in traffic changing lanes--","제가 듣기론
피오나가 차선을 바꾸다가..."
202,24:53,I know that.,그건 알아
203,24:55,I read what happened.,사고 경위서 읽었네
204,24:58,"Oh, I see.",그렇군요
205,25:02,I don't believe it.,난 그 말 안 믿어
206,25:06,"--[exhales] We sang
karaoke the night before.","그 전날 밤에
노래방에 갔었어요"
207,25:13,Was she drunk?,내 딸이 술 취했었나?
208,25:14,No. It was the middle of the day. She was a good driver.,"아뇨, 대낮이었고
피오나는 운전 잘했습니다"
209,25:17,Not that day.,그날은 아니었지
210,25:21,What was different?,뭐가 달랐는데?
211,25:23,I don't know.,글쎄요
212,25:25,It was raining. She was rushing.,"- 비가 오는데 서둘렀어요
- 어째서?"
213,25:29,It was an accident.,사고였다고요
214,25:33,Excuse me.,실례해요
215,25:36,Would you like to eat with us?,"- 같이 식사할래?
- 아뇨"
216,25:38,"No, thank you.","- 같이 식사할래?
- 아뇨 가게 닫기 전에 다녀올게요"
217,25:40,"I need to get to the
store before it closes.",가게 닫기 전에 다녀올게요
218,25:41,Do you need anything?,뭐 필요한 거 있어요?
219,25:44,"No, thank you.","아뇨, 고마워요"
220,25:45,"LUCINDA: Well, you
look very tired.",자네 꽤 피곤해 보이는데
221,25:47,"Maybe she should get
you some sleeping pills.",수면제 좀 사다 달라고 하지
222,25:50,No. That's OK.,"- 괜찮아요
- 그래요"
223,26:00,Ann is very good.,앤은 정말 좋아
224,26:02,She does more than she should.,이것저것 신경을 많이 써줘
225,26:06,Sometimes.,가끔이지만
226,26:09,All the time.,실은 항상 그래
227,26:25,"(BOTH SINGING) I've done
all right up till now.",난 여태까지 잘해왔어
228,26:28,"It's the light of day
that shows me how.",햇살이 방법을 알려줄 거야
229,26:32,And when the night falls.,그리고 해가 저물면
230,26:35,Be serious.,진지하게 해
231,26:36,(SINGING) My loneliness calls.,내 외로움이 외치지
232,26:39,"(BOTH SINGING) Oh, I
wanna dance with somebody.",누군가와 춤추고 싶어
233,27:04,SHERWIN: You were great.,끝내줬어
234,27:05,FIONA: You were great.,자기가 끝내줬지
235,27:08,Baby.,우리 자기
236,27:12,"Suzy, could I get another
gin and tonic, please?",진토닉 한 잔 더 주실래요?
237,27:15,What are you doing?,뭐 하는 거야?
238,27:17,Seriously? Why are you drinking so much?,"- 진심이야?
- 왜 이렇게 많이 마셔?"
239,27:19,I thought we were having fun. We are having fun.,"- 우리 재미있게 논 줄 알았는데
- 놀고야 있지"
240,27:22,But I just don't understand.,근데 이해가 안 돼
241,27:24,"What, fun?",노는 게?
242,27:25,"Oh, come on, Fiona. Just leave it.","- 그만해, 여보
- 그냥 놔둬"
243,27:28,"Why are you
drinking so much when we're trying to get pregnant?","아기 가지려고 하는데
왜 이렇게 많이 마셔?"
244,27:32,"If I'm drinking
right now, I guess","지금 마시는 거 보면
임신할 생각이 없나 보지"
245,27:33,"I'm not trying to get pregnant,
not thinking about it.","지금 마시는 거 보면
임신할 생각이 없나 보지 관둬"
246,28:05,LUCINDA: How is he today?,셔윈은 오늘 어때?
247,28:08,ANN: Tired.,피곤해하네요
248,28:09,He should have flown.,비행기 타고 왔으면 좋았잖아
249,28:11,LUCINDA: He's stubborn.,고집불통이야
250,28:14,ANN: What makes you say that?,왜 그렇게 말하세요?
251,28:16,He seems kind.,친절해 보이는데
252,28:18,LUCINDA: He wants something.,무슨 꿍꿍이가 있는 거지
253,28:20,ANN: Like what?,어떤 거요?
254,28:23,Didn't you invite him?,직접 부르신 거 아니었나요?
255,28:25,LUCINDA: Yes.,그랬지
256,28:29,But I didn't think he'd come.,진짜 올 줄은 몰랐어
257,28:54,Shit.,젠장
258,29:33,"I hadn't seen her in so long. And I-- SHERWIN: Fiona, stop. Stop.","- 엄마 못 본 지 너무 오래돼서...
- 여보, 그만해"
259,29:38,"Can we just talk about us? Sherwin, what's the point?","- 우리 얘기만 할래?
- 자기, 왜 그래?"
260,29:41,"SHERWIN: Because you're
confusing things, and you're confusing me.","오락가락하면서
나까지 정신 쏙 빼놓잖아"
261,29:45,I can't.,난 못 해
262,29:47,"SHERWIN: I thought
we talked about this. Didn't we have a plan?","다 끝난 얘기잖아
계획 세우지 않았어?"
263,29:51,"It's-- it's-- it's--
better like this.",이러는 게 나아
264,29:55,SHERWIN: For who? Please.,"- 누구한테?
- 제발"
265,29:57,"SHERWIN: It's not
better for me, baby. Sherwin.","- 난 전혀 아니야
- 자기야"
266,29:59,SHERWIN: I wanna be a father. Please.,"- 난 아빠가 되고 싶어
- 제발"
267,30:25,SHERWIN: What are you afraid of?,뭐가 두려운 건데?
268,30:31,SHERWIN: What are you afraid of?,대체 뭐가 두려워?
269,30:33,"I'm afraid of making
a child feel unwanted.","아이한테... 환영받지 못한다는
느낌을 줄까 봐 걱정돼"
270,30:39,SHERWIN: But you wouldn't.,안 그럴 거잖아
271,30:40,"FIONA: You don't know that, SHERWIN: Baby, I do.","- 자기는 몰라
- 다 알아"
272,30:43,"She's the only mother
I know, Sherwin.","엄마는
우리 엄마 하나로 족해"
273,30:46,"SHERWIN: You are being
so selfish right now.",진짜 이기적이다
274,33:56,"Is he friendly? MAN: Yeah.
She's good.","- 그 개 순한가요?
- 그럼, 착하지"
275,33:58,She's all right. She won't do anything.,"괜찮네
아무 짓도 안 할 거야"
276,34:02,SHERWIN: Hi. What's his name?,"안녕, 멍멍아
개 이름이 뭐죠?"
277,34:04,MAN: Tammy. That's her name.,태미라고 하네
278,34:06,"Hey. Hey, Tammy.","안녕, 태미"
279,34:11,MAN: She's a good dog.,착한 녀석이야
280,34:11,Hi. Sherwin.,"- 안녕하세요
- 셔윈"
281,34:14,Uncle George.,"- 작은아버님, 조지시죠?
- 그래"
282,34:16,It's good of you to come.,잘 왔네
283,34:18,I can't imagine it's easy.,쉽지 않았을 텐데
284,34:31,It's a horrible thing.,정말 끔찍한 일이야
285,34:36,You meant a lot to her.,"집사람이 작은아버님께
많이 의지했어요"
286,34:45,She tell you we went fishing?,"피오나가 나랑
낚시 갔던 얘기 했나?"
287,34:48,She hated fishing.,집사람은 낚시 싫어했어요
288,34:50,"Well, she probably just
wanted to get out on the lake.","아마 호수에서
도망가고 싶었을 거야"
289,34:54,"And to get away
from her mother.","장모님한테서도
도망가고 싶었겠죠"
290,34:56,"Well, they-- if you ask me,
they're both a little dramatic.","내 생각으로는
둘 다 좀 심해"
291,35:04,It's wild here.,여기는 자연 그대로네요
292,35:06,UNCLE GEORGE: You think?,그런가?
293,35:07,Yeah.,네
294,35:10,It's home.,저기가 집이야
295,35:13,Look what I just hung.,내가 걸어 놓은 것 좀 보게
296,35:15,SHERWIN: Nice.,멋지네요
297,35:18,"That's gonna drive
Lucinda crazy.","저거 보면
루신다가 노발대발할 거야"
298,35:21,I hope she can hear it.,"자기 침실에서
저 소리를 듣고"
299,35:24,"From her bedroom
and think about me.",날 떠올리면 좋겠군
300,35:41,How is she today?,장모님은 좀 어때요?
301,35:43,"She's-- never great
in the morning.",아침에는 늘 저기압이세요
302,35:47,"Oh, um-- she would like
to have lunch with you.","참, 점심 같이 먹고 싶으시대요"
303,35:52,"Would you mind
eating in her room?","루신다 방에서 먹어도
괜찮나요?"
304,35:55,Is that what she wants?,그러고 싶으시대요?
305,35:57,I think so.,그런 것 같아요
306,36:01,What?,왜요?
307,36:03,That's weird.,이상하네요
308,36:05,ANN: Is it? In her room?,"- 그래요?
- 장모님 방에서요?"
309,36:08,Is egg salad OK?,달걀 샐러드 괜찮아요?
310,36:10,"Oh, I make a mean egg salad.",내가 기막히게 만들게요
311,36:14,ANN: You sure?,정말요?
312,36:15,"What, that my egg salad's good? ANN: No, I-- um.","- 내 샐러드 맛있냐고요?
- 그게 아니라..."
313,36:18,Great.,그래요
314,36:19,"Um, I'll let you know
when she's ready.",루신다 준비되면 알려줄게요
315,36:22,All right.,그래요
316,36:23,ANN: Thank you.,고마워요
317,36:41,Come in.,들어오게
318,36:48,Ann said you made lunch.,"자네가 점심을 만들었다고
앤이 그러던데"
319,36:52,"I don't remember
hearing that you cook.",요리도 하는지 몰랐네
320,36:55,They're just sandwiches.,그냥 샌드위치예요
321,36:59,LUCINDA: Where were you?,어디 갔었어?
322,37:01,"Uh, I went for a
walk down to the lake.",호수로 산책하러 갔었어요
323,37:04,"Um, I should have changed. I'm sorry.","옷을 갈아입었어야 했는데
죄송해요"
324,37:09,"LUCINDA: It's
beautiful down there. Yeah.","- 거기 경치 좋지
- 네"
325,37:18,"Do you-- do you mind if I-- No, no, no.","- 앉아도 될까요?
- 그럼"
326,37:23,"Yeah, it's very, uh--
it's very quiet down there.",거기 정말 한적해요
327,37:27,How many people live here?,여기 몇 명이나 살죠?
328,37:29,In the town?,이 동네에?
329,37:31,Not many.,별로 없어
330,37:32,"SHERWIN: Yeah, I can tell. You don't mind
being so isolated?","그런 것 같아요
이렇게 외진데 괜찮으세요?"
331,37:37,I don't think of it that way.,문제 될 건 없지
332,37:39,It's peaceful.,평화롭잖아
333,37:41,What do you do all day?,종일 뭘 하세요?
334,37:43,"Right now I'm trying
to eat my lunch.",지금은 점심 먹으려는 참이지
335,37:51,"I always liked
swimming down there.","난 호수에서 수영하는 걸
참 좋아했었어"
336,37:56,"Fiona always
preferred the ocean.",피오나는 바다를 더 좋아했지
337,37:59,I never understood it.,왜 그랬나 몰라
338,38:01,It's punishingly cold.,바다는 너무 춥잖아
339,38:03,"Yeah, she loved the water. LUCINDA: Yeah.","- 네, 피오나는 물을 좋아했어요
- 그래"
340,38:11,"I haven't run an
obituary here yet.",아직 여기서 부고를 못 냈네
341,38:15,"I was wondering if
you'd like to write it.",혹시 자네가 쓰고 싶으려나 해서
342,38:19,My sister sent one from Atlanta. Did you get it?,"제 누나가 애틀랜타에서
하나 보냈는데 받으셨어요?"
343,38:21,Probably.,아마 왔겠지
344,38:23,There's been too much mail.,우편물이 너무 많이 왔었어
345,38:25,"Well, you can modify that.",그거 고쳐 쓰셔도 돼요
346,38:27,"LUCINDA: Do you want to
take it down to the paper?","자네가 신문사에
부고 낼 텐가?"
347,38:29,No.,"자네가 신문사에
부고 낼 텐가? 아뇨"
348,38:37,"Um, I, uh, found this
just before I left.","여기 오려던 차에
이걸 찾았어요"
349,38:44,LUCINDA: Oh.,세상에
350,38:47,Darling.,내 딸
351,38:48,"She never talked
about cheerleading.","치어리더였다는 얘기는
전혀 안 했어요"
352,38:51,"She was only a cheerleader
for a little while.","치어리더는
그냥 잠깐 했던 거야"
353,38:54,"That's probably why she
didn't mention it to you.",그래서 말을 안 했겠지
354,38:58,"And she became embarrassed, you
know, when she found feminism.","피오나는 페미니즘을 알고 나선
창피해했다네"
355,39:10,"I, uh-- met George.",실은... 조지를 만났어요
356,39:15,"LUCINDA: He's a
pain but attentive.","골치 아프지만
신경을 많이 써주지"
357,39:18,Thank God he shaved that beard.,"턱수염을 깎아서
얼마나 다행인지"
358,39:21,He looked like a troll.,꼭 트롤 같았다니까
359,39:23,"--[chuckles] Did you
tell him to shave it?",장모님이 깎으라고 하셨어요?
360,39:28,"I let him know it
wasn't attractive.",하나도 안 멋있다고 알려줬지
361,39:32,He has a nice face.,생김새는 괜찮잖아
362,39:35,Did he tell you the joke?,농담도 하던가?
363,39:37,"No, he didn't, uh-- he
didn't tell any jokes.","아뇨, 전혀 안 하셨어요"
364,39:39,Do you wanna hear it?,듣고 싶어?
365,39:41,Sure.,그럼요
366,39:43,"George is from here, you know.",조지는 여기 출신이잖아
367,39:46,OK.,네
368,39:47,"Well, there was this man.",한 남자가 있었는데...
369,39:51,We'll call him Bill.,빌이라고 부르도록 하세
370,39:53,"And he moved here from another
state when he was an infant.","빌은 다른 주에서
여기로 이사 왔어 아기 때 말이야"
371,40:01,Let's say New Hampshire.,뉴햄프셔 주라고 하세
372,40:04,And he lived to be 93.,"하여튼 93세에
눈을 감았는데"
373,40:07,"And when he died, his tombstone
read, ""Almost a Mainer.""","죽고 나서
묘비에 이렇게 쓰여 있었어 '메인 주 반 토박이'"
374,40:15,That's it.,그게 끝이야
375,40:21,"--[laughing] It's
George's one joke.",조지가 하는 농담이 그래
376,40:31,It's funny.,재미있네요
377,40:33,"LUCINDA: I don't
know about that.","글쎄, 난 모르겠네"
378,40:39,I hate pickles.,난 피클은 질색이야
379,40:42,"Of course, you'd have no way
of knowing that, would you?",자네는 당연히 몰랐겠지?
380,40:45,"Uh, no. Can I get you something else?","네, 다른 거 가져다 드릴까요?"
381,40:51,Maybe cup of coffee in a bit.,커피나 한잔 갖다 주게
382,40:55,Thank you.,고맙네
383,41:01,"Oh, I'd like dinner to be nice.",저녁은 괜찮으면 좋겠어
384,41:08,Sure.,그럼요
385,41:21,LUCINDA: We didn't need him.,사위가 와도 소용이 없네
386,41:25,"LUCINDA: Oh, it's exhausting.",힘들어 죽겠어
387,41:30,ANN: Need anything?,뭐 드릴까요?
388,41:32,"LUCINDA: I think I'd
like a cup of coffee.",커피나 한잔 마셔야겠어
389,43:12,ANN: Hey.,셔윈
390,43:14,"I was beginning to worry
you had gotten lost.","길을 잃었나
막 걱정하던 참이었어요"
391,43:19,"I, uh-- I noticed you almost
finished yours, so, um--",그게... 다 떨어진 것 같아서 샀어요
392,43:24,You didn't need to do that. Thank you.,"안 그래도 되는데...
고마워요"
393,43:27,Want a drink?,한잔할래요?
394,43:29,OK.,그래요
395,43:31,How do you take it?,어떻게 마실래요?
396,43:32,"Um, I don't know. How do you take it?","글쎄요, 어떻게 마셔요?"
397,43:34,"Uh, usually straight.",보통은 스트레이트로 마시죠
398,43:39,Drink every day?,술을 매일 마셔요?
399,43:45,Cheers.,"- 건배
- 건배"
400,43:52,"So, uh, what are we
making for dinner?",저녁은 뭐로 할까요?
401,43:54,"No, no, no. You-- you've done enough.","아뇨, 그만하면 됐어요"
402,43:57,What else am I doing?,그럼 뭘 하죠?
403,43:59,OK.,알겠어요
404,44:02,George brought over some fish.,조지가 생선을 갖다 줬어요
405,44:06,"I think he scaled them, but
they need to be cleaned.","비늘은 벗긴 것 같은데
손질을 좀 해야 할 것 같네요"
406,44:10,Oh. OK.,그렇군요
407,44:14,"We just open them up, gut them.",생선 배를 갈라서...
408,44:17,"Wait, am I doing this?","- 내장 제거해줘요
- 잠깐, 내가 해요?"
409,44:18,"Yes, you are.",그럼요
410,44:24,You'll be fine.,잘할 수 있을 거예요
411,44:26,Outside.,밖에서요
412,44:49,"Ann, can I get a plate, please?","앤, 접시 줄래요?"
413,44:51,ANN: OK!,알았어요
414,45:02,Thank you.,고마워요
415,45:06,"Oh, not bad for a city boy.",도시 남자치곤 제법이네요
416,45:12,OK.,이리 줘요
417,45:14,So heavy.,꽤 무겁네요
418,45:27,"Hey, Sherwin.",셔윈
419,45:29,Look at that.,저것 봐요
420,45:32,Did you make it?,직접 만든 거예요?
421,45:33,"Oh, no, I'm not that nice.","아뇨, 난 저런 솜씨 없어요"
422,45:36,"A neighbor heard that
we have a special guest,","한 이웃이 우리 집에
귀한 손님 왔다니까"
423,45:38,and she made it just for you.,"대접하라고
만들어 준 거예요"
424,45:41,Is it safe to eat?,먹어도 안전한 거예요?
425,45:55,"What happened when
Fiona was here?","피오나가 여기 왔을 때
무슨 일이 있었죠?"
426,45:58,"Ooh, honey.","이런, 셔윈"
427,46:06,They fought a lot.,둘이 많이 싸웠어요
428,46:10,"[sighing] She meant well,
but it's complicated.","잘되라고 그런 거지만
복잡하네요"
429,46:16,"Lucinda had been
through chemo, and Fiona wasn't here to see that.","루신다가 항암 치료를 받았는데
피오나는 안 찾아 왔어요"
430,46:20,"It's hard to tell
how sick she is.","장모님 상태가
얼마나 안 좋은지 모르겠네요"
431,46:24,ANN: She's sick.,편찮아요
432,46:26,How sick?,얼마나요?
433,46:27,ANN: She has a lot of pain.,고통이 상당하죠
434,46:30,She's tough.,강하신 분이에요
435,46:32,"But Fiona, she didn't--
excuse my language--","하지만... 이런 말 미안하지만
피오나는 루신다에게 냉담했어요"
436,46:39,take any of Lucinda's shit.,"이런 말 미안하지만
피오나는 루신다에게 냉담했어요"
437,46:41,"She was really upset
when she came home.","집에 왔을 때
아주 화난 상태였죠"
438,46:43,Yeah.,네
439,46:45,"Well, I imagine she knew
she'd never see her mom again.","이제 다시는 엄마를
안 볼 거란 걸 아는 것 같더라고요"
440,46:50,How would she know that? She knew.,"- 피오나가 그걸 어떻게 알아요?
- 피오나는 알았어요"
441,46:53,You know.,그럴 만하잖아요
442,46:58,"I'm sure Lucinda knew, too.",분명 루신다도 알았을 거고요
443,47:04,"She just thought
it would be her.","루신다는 피오나라면
그럴 거라고 여겼죠"
444,47:23,"It was thoughtful of
you to get some wine.","자네, 와인을 사오다니 세심하군"
445,47:27,"It's the same bottle Fiona
bought when she was here.","피오나도 여기 올 때
똑같은 와인을 사 왔었는데"
446,47:30,"She said it was the only
decent wine they had.","가게에 괜찮은 와인이
저것밖에 없었대"
447,47:32,"Well, that's true.",진짜 그렇더라고요
448,47:34,I guess you shared taste.,둘이 입맛이 똑같았나 보네
449,47:38,That's what happens.,그런가 보네요
450,47:40,"So you seem to, uh, have
a good support system here with Ann and George.","앤과 조지가 장모님을
잘 챙기는 것 같아요"
451,47:46,Paid help is hardly support.,"돈 받고 돕는 건
챙기는 게 아니지"
452,47:49,"And my brother-in-law just
wants to get into my bed.","조지는 내 침실에
기어들어 오고 싶은 거고"
453,47:57,Do you doubt it?,아닌 것 같아?
454,48:01,I-- no.,아뇨
455,48:04,"But, uh, at least
you're not alone.",어쨌든 혼자는 아니시네요
456,48:06,"I've been alone
since Fiona left.","피오나가 떠난 후로
쭉 혼자였지"
457,48:18,"I just don't know why she
always had to be so tight.","그 애는 왜 늘 그렇게
빡빡하게 살았나 몰라"
458,48:25,So in control.,너무 주도적이었어
459,48:28,Control of what? Everything.,"- 어떤 면에서요?
- 이것저것 다"
460,48:30,She always had to have her way.,뭐든 자기 방식이 있었지
461,48:32,She was a strong woman. LUCINDA: But it's not that.,"- 씩씩한 사람이었죠
- 그런 게 아니야"
462,48:35,It's her rigidity.,융통성이 없는 거지
463,48:39,"SHERWIN: Maybe she acted that
way when she felt threatened.","위협을 느껴서
그런 식으로 행동했을 겁니다"
464,48:41,Is my cancer threatening?,"내가 암 걸린 게
위협적인가?"
465,48:44,She even wanted to control that.,"그것까지 자기 마음대로
하려고 했네"
466,48:47,"Can't remember the last
time I saw her relaxed.","느긋하게 있는 꼴을
언제 봤나 모르겠어"
467,48:50,"Well, when was the last
time you were relaxed?","장모님은 언제 마지막으로
느긋하셨어요?"
468,48:52,"Well, I'm barely alive.",난 오늘내일하잖아
469,48:53,"There must be something
relaxed about that.",곧 느긋해질 거야
470,49:02,Lucinda.,장모님
471,49:06,What?,왜?
472,49:08,"Is there any way
I can help you?","제가 도와드릴 수 있는
방법이 있나요?"
473,49:25,This might make you smile.,"이거 보시면
웃으실 수도 있어요"
474,49:26,"I, uh-- I found this upstairs.",위층에서 찾았죠
475,49:32,"Um-- there is--
yeah, right here,","여기 어디...
네, 여기 있네요"
476,49:37,this-- this part right here.,이 부분이오
477,49:42,"LUCINDA: My eyes
aren't too good. Will you read it?","내가 눈이 침침하니
읽어주겠나?"
478,49:44,"Oh, yeah, of course.","네, 그럼요"
479,49:47,"""Mommy made us lunch, and Shane
said, where's the bathroom?","'엄마가 점심을 만들어 주셨는데' '셰인이 이렇게 말했다
'화장실이 어디죠?'"
480,49:53,"Oh, never mind. It was just gas.""","''괜찮아요
그냥 방귀였네요''"
481,50:05,"SHERWIN: When did
she write that?",피오나가 몇 살 때 쓴 거예요?
482,50:06,"Oh, she was probably five.",아마 다섯 살 때였을 거야
483,50:16,"She said she was
trying to get pregnant.","아기 가지려고
노력할 거라고 했었는데"
484,50:22,She told you that?,그런 말을 했어요?
485,50:35,"Parenthood brings out
the best in people.","부모가 되는 건
최선을 다하게 하지"
486,50:39,And the worst.,최악이기도 하고
487,50:48,"(CRYING) She took
so much with her.","피오나가 너무 많은 걸
앗아갔어요"
488,51:02,I'm sorry.,죄송합니다
489,52:04,Lucinda?,장모님?
490,52:12,Lucinda?,장모님?
491,52:27,Lucin-- Lucinda!,장모님!
492,52:31,Are you OK?,괜찮으세요?
493,52:33,Lucinda!,장모님
494,52:34,Can you hear me?,들리세요?
495,52:37,Lucinda.,장모님
496,52:40,"It's gonna be OK, OK?",괜찮을 거예요
497,52:41,"I'm gonna get you
to the hospital. All right?","병원에 모셔다드릴게요, 네?"
498,52:44,Stay away from the hospital! Stay!,병원에 가지 마!
499,52:46,"-Stay away!
-OK, OK.","- 가지 마
- 알았어요"
500,52:48,Away from the hospital!,병원에 가지 마!
501,52:50,"OK. Listen, are you hurt? Are you hurt?","알겠어요
어디 다치셨어요?"
502,52:53,Are you hurt?,다치셨어요?
503,52:55,Let's get you on the bed.,침대에 누우세요
504,52:57,Lucinda.,장모님
505,53:00,"LUCINDA: Oh, Ann! What?","- 앤
- 뭐라고요?"
506,53:02,Ann! She left.,"- 앤!
- 앤은 갔어요"
507,53:04,Ann left.,"맙소사, 앤"
508,53:05,"LUCINDA: Ann, God.",세상에
509,53:06,Oh!,됐어요
510,53:08,"Oh, God! Lucinda.","- 맙소사!
- 장모님"
511,53:12,OK.,됐어요
512,53:14,OK.,괜찮아요
513,53:15,"LUCINDA: [groaning] Oh, God. SHERWIN: OK, I'm-- no.","- 이런
- 제가..."
514,53:20,"LUCINDA: [laughing] What are you--
what are you doing?","안 돼요, 왜 이러세요?"
515,53:23,LUCINDA: [laughing],안 돼
516,53:29,[groaning] (WHISPERING) Please!,가지 마 제발
517,53:32,Don't leave me! Please don't leave me!,날 혼자 두지 마
518,53:35,"Oh, please don't leave me!",제발 제발 가지 마
519,53:37,Please don't leave me.,제발 가지 마
520,53:39,"Oh, please.",제발
521,53:52,Ann?,"- 여보세요?
- 앤?"
522,53:54,"Ann, I-- I need your help.","앤, 도와줘요"
523,53:58,She's-- she's hysterical.,알겠어요 장모님이 발작을 일으켰어요
524,54:01,"ANN: (ON PHONE) Um,
there's a bottle","바로 옆, 꽃병 뒤쪽에"
525,54:03,"of Valium on top of the shelf
right next to or in a vase.","바로 옆, 꽃병 뒤쪽에 선반 꼭대기를 보면
신경 안정제가 있어요"
526,54:06,"Give her one and
she'll calm down.","한 알 드리면
진정될 거예요"
527,54:10,Did you find it?,찾았어요?
528,54:11,"Yeah. Yeah, I've got it.","네, 찾았어요"
529,54:13,"ANN: (ON PHONE)
I'll be right over. Try to get some sleep. OK.","- 바로 갈게요, 눈 좀 붙여요
- 네"
530,54:17,LUCINDA: Ann!,앤!
531,54:20,Come back!,돌아와
532,58:13,Traveling so fucking long.,진입로가 진짜 기네요
533,58:15,"We're gonna have
to cut the pant leg. OK.","- 바지를 좀 잘라야겠어요
- 그래요"
534,58:19,ANN: What happened?,어떻게 된 거예요?
535,58:21,I was shot at.,총에 맞았어요
536,58:23,Shit.,저런...
537,58:26,It's open season. I am so sorry.,"지금 사냥철인데
험한 일 당했네요"
538,58:29,"[gasps] Careful, please. ANN: All right.","- 살살해요
- 알았어요"
539,58:33,ANN: It's just a bad scrape.,살짝 스쳤네요
540,58:37,I see why she hated this place.,"집사람이 여기를
왜 싫어했는지 알겠어요"
541,58:49,I'm exhausted.,진이 다 빠지네요
542,58:53,How you feeling?,좀 어때요?
543,58:57,You'll be OK.,괜찮을 거예요
544,58:59,"It'll look bad
for a couple days. But you'll be fine.","며칠은 고생하겠지만
별 탈 없을 거예요"
545,59:02,"Think you can hobble over and
have some tea with Lucinda?","다리 불편해도
루신다랑 차 마실 수 있겠어요?"
546,59:06,"What, now?",지금요?
547,59:09,ANN: She's worried about you.,걱정되신대요
548,59:11,"Oh, yeah, I'm sure.",그러시겠죠
549,59:24,Yes?,응?
550,59:28,Ann said you wanted to see me.,"저 찾으셨다고
앤이 그러던데요"
551,59:30,"You should always be careful
when running in the country.","시골에서 뛸 때는
늘 조심해야지"
552,59:34,"Well, I'm not gonna be
running again anytime soon.",이제 안 뛰려고요
553,59:37,Here. Sit down.,이리 와서 앉게
554,59:39,"No, no. I'm gonna rest upstairs.","- 아뇨, 위층에서 쉴게요
- 얼른"
555,59:41,"-Please.
-No, honestly, I'm fine. LUCINDA: Just hand me
the pillow, please.","- 정말 괜찮아요
- 베개 좀 줘 봐"
556,59:46,Give me the pillow.,베개 줘
557,59:51,There you go.,여기 앉게
558,1:00:02,How does it feel?,좀 어때?
559,1:00:03,It-- it really hurts.,진짜 아파요
560,1:00:05,It's throbbing.,욱신욱신해요
561,1:00:11,"Ann said I got
you up last night.","앤이 그러는데
어젯밤에 나 때문에 깼다면서"
562,1:00:14,Yeah.,네
563,1:00:18,Are you OK?,괜찮으세요?
564,1:00:20,I feel-- strange.,기분이 좀... 묘해
565,1:00:25,I'm sorry I disturbed you.,잠 깨워서 미안하네
566,1:00:28,As long as you're OK.,괜찮으시면 됐어요
567,1:00:32,"What are you planning
to do with her ashes?","피오나 유골은
어떻게 할 계획인가?"
568,1:00:36,"Lucinda, please.","장모님, 제발요"
569,1:00:38,"Well, we don't want to
have a double funeral.","장례식을 두 번 치를 수는
없는 노릇이잖아"
570,1:00:42,"I will tell you when
I make up my mind.",마음 정하면 말씀드릴게요
571,1:00:45,"LUCINDA: We have a plot
next to her father.","애 아버지 묘 옆에
터가 있어"
572,1:00:47,"Well, she didn't
want to be buried.","피오나는 땅에 묻히는 건
싫댔어요"
573,1:00:49,"Oh, I wouldn't be
too sure about that.","글쎄, 그건 모르지"
574,1:00:52,"She always wanted to
be next to her father.","그 애는 늘
아빠 옆에 묻히고 싶어 했어"
575,1:00:55,I didn't bring her ashes.,유골 안 가져왔어요
576,1:00:56,OK?,아셨죠?
577,1:00:59,I'm gonna go rest upstairs.,올라가서 쉴게요
578,1:02:06,The house smells like smoke.,집에서 담배 냄새가 나
579,1:02:08,I was smoking on the porch.,현관에서 한 대 피웠어요
580,1:02:12,"Not a good time to
pick up old habits.","해묵은 습관을 다시 시작하기
좋은 때가 아닌데"
581,1:02:17,Thanks for the advice.,충고 감사하네요
582,1:02:31,Want some salad?,샐러드 드실래요?
583,1:02:32,Please.,그래
584,1:02:38,"We could use real plates,
even if it's just sandwiches.","그냥 샌드위치라도
접시에 담지 그랬어"
585,1:02:42,Ann didn't want to do dishes.,설거지하기 싫었어요
586,1:02:44,More?,더 드려요?
587,1:02:46,Thank you.,고맙네
588,1:02:50,Your leg seems better. You're not limping around.,"다리 괜찮은 것 같네
이제 안 절뚝거려"
589,1:03:51,"You should, uh, go
in the living room,","장모님... 거실로 가서
편하게 쉬세요"
590,1:03:56,be more comfortable.,"거실로 가서
편하게 쉬세요"
591,1:03:58,I was just on my way.,가려던 참이야
592,1:04:02,Stop smoking in my house.,"내 집에서
담배 피우지 말게"
593,1:04:18,Thank you.,고맙네
594,1:04:20,Thank you.,고마워
595,1:04:43,This sandwich wasn't half bad.,샌드위치 괜찮았어
596,1:04:52,"Sorry, what?",뭐라고요?
597,1:04:53,"I just said the
sandwich was fine.",샌드위치 괜찮았다고
598,1:04:59,That's good.,다행이네요
599,1:05:02,"You really should get
some sleeping pills.","자네 정말
수면제 좀 먹어야겠어"
600,1:05:06,"You look like you
haven't slept in ages.",오랫동안 못 잔 얼굴이야
601,1:05:09,"Well, my wife just died.",아내가 죽었으니까요
602,1:05:12,My child died.,죽은 건 내 자식이기도 해
603,1:05:14,My child.,내 딸...
604,1:05:16,I know that.,압니다
605,1:05:18,Why do you act so pious?,왜 그렇게 목을 매나?
606,1:05:21,It's pathetic.,한심하군
607,1:05:25,"It's a good thing you
never had children.","자식이 없었으니
얼마나 다행이야"
608,1:05:28,"Oh, I'm sure you think that.",그렇게 생각하실 줄 알았어요
609,1:05:30,You would.,그러시겠죠
610,1:05:33,Don't presume to know me.,"나에 대해 안다는 듯
말하지 마"
611,1:05:35,"I can see why she
never came here.","피오나가 왜 발을 끊었는지
알겠네요"
612,1:05:38,LUCINDA: Oh? She just did.,멋대로 그런 거지
613,1:05:40,Look how that turned out. That wasn't my fault.,"- 어떻게 됐는지 보세요
- 내 잘못이 아니었어"
614,1:05:42,No? LUCINDA: No.,"- 아니라고요?
- 그래"
615,1:05:44,"I saw how she came
back from here.","장모님 만나고
어떤 상태로 돌아왔는지 봤어요"
616,1:05:47,That was you.,장모님 때문이었어요
617,1:05:48,How dare you.,감히 그런 말을
618,1:05:51,Liar. Excuse me?,"- 거짓말쟁이
- 뭐라고요?"
619,1:05:54,LUCINDA: I found her ashes.,피오나 유골을 봤어
620,1:05:57,So what?,그래서요?
621,1:06:01,Why did you come here?,자네 여기 왜 왔나?
622,1:06:06,"Trying to see what
she was hiding from?","피오나가 뭘 숨겼는지
비밀 캐러 온 거지?"
623,1:06:10,"The truth is she just
wanted to be different.","사실 그 애는
다르게 살고 싶어 했어"
624,1:06:15,She spent her whole life trying.,일평생 발버둥 쳤지
625,1:06:18,"And you-- you were just another
way to make her feel special.","자네는... 그냥 그 애를
특별하게 해줄 다른 방편이었어"
626,1:06:23,"She always needed
to feel so special.","늘 특별해지고 싶어서
안달이 난 애였으니까"
627,1:06:29,You could have been anyone.,자네가 아니어도 상관없었어
628,1:09:01,Sherwin?,"안녕, 셔윈?"
629,1:09:02,Hey.,안녕
630,1:09:03,You forget about me?,나 까맣게 잊었어?
631,1:09:06,You forget to call your sister?,"아니, 너야말로 누나한테
전화 한 통 안 해주니?"
632,1:09:08,All right.,그러게
633,1:09:11,"Yeah, I'm fine.","- 괜찮아?
- 응, 괜찮아"
634,1:09:13,I'm coming home. PENELOPE (ON PHONE): Thank God.,"- 나 집에 갈 거야
- 다행이다"
635,1:09:16,I've been worried about you. Yeah.,"- 계속 걱정했어
- 응"
636,1:09:18,I'll call you when I'm back.,갈 때 전화할게
637,1:09:19,"PENELOPE (ON PHONE): All right.
Drive safe.","그래, 운전 조심해"
638,1:10:23,Lucinda.,장모님
639,1:10:28,Lucinda.,장모님
640,1:10:30,Morning.,잘 주무셨어요?
641,1:10:32,"It's afternoon, I think.",벌써 오후야
642,1:10:35,You must be hungry.,배고프겠네
643,1:10:36,I-- I brought you a danish.,빵 좀 챙겨왔네
644,1:10:56,How did you get here?,여기 어떻게 오셨어요?
645,1:10:58,Ann drove me.,앤이 태워줬어
646,1:10:59,"Took me all morning to
convince her to leave me,","데려다 달라고 앤을
아침 내내 설득했지"
647,1:11:03,She shouldn't have.,그럴 필요 없었는데
648,1:11:04,"Oh, I get my way, too.",난 원하는 건 얻어내
649,1:11:06,Sometimes.,가끔은 말이야
650,1:11:12,"I needed to see you
before you left.","자네가 떠나기 전에
얼굴을 봐야 했네"
651,1:11:19,OK.,네
652,1:11:23,Can I take you home?,집까지 모셔다드릴까요?
653,1:11:25,I'm pretty cold.,꽤 쌀쌀하네
654,1:11:32,I brought a photo to show you.,"자네 보여주려고
사진 챙겨 왔어"
655,1:11:41,"That's Carl, my
husband, holding Fiona.","피오나 아빠가
피오나 안고 있는 사진이야"
656,1:11:46,I was so young when I met him.,"이이를 만났을 때
난 참 젊었지"
657,1:11:52,You would have liked him.,자네도 장인을 좋아했을 거야
658,1:11:54,"He was smart, too.",똑똑한 사람이었어
659,1:12:01,"I put my life on
hold after Carl.","나는 사별하고
내 인생은 뒷전이었어"
660,1:12:03,You don't have to do that.,자네는 그럴 필요 없네
661,1:12:07,"Fiona hated me for
the life I chose.","그렇게 산다고
피오나는 날 미워했지"
662,1:12:12,"She certainly wouldn't
want it for you.","분명 자네는
안 그랬으면 할 거야"
663,1:12:17,I'm not sure it's that easy.,그게 쉽게 될지 모르겠네요
664,1:12:19,LUCINDA: No.,안 되지
665,1:12:20,No.,안 되더라고
666,1:12:22,It's not.,쉽지 않아
667,1:12:25,I couldn't do it.,난 그러지 못했어
668,1:12:30,But you?,근데 자네는?
669,1:12:33,You try.,자네는 노력해 봐
670,1:13:32,"(YELLING) It should
have been me, not Fiona!","피오나가 아니라
내가 죽어야 했는데!"
671,1:14:28,I don't regret coming.,"여기 온 거
후회 안 해요"
672,1:14:32,No? No.,"- 그래?
- 네"
