,Time,Subtitle,Translation,Transliteration
0,6s,"“NETFLIX 제공
NETFLIX 오리지널 영화”","“NETFLIX 제공
NETFLIX 오리지널 영화”","“ NETFLIX   jegong 
 NETFLIX   olijineol   yeonghwa ”"
1,13s,“실화를 바탕으로 제작”,“실화를 바탕으로 제작”,“ silhwaleul   batang-eulo   jejag ”
2,17s,“캄보디아의 딸은 기억한다”,“캄보디아의 딸은 기억한다”,“ kambodi-a-ui   ttal-eun   gi-eoghanda ”
3,30s,"인구 7백만 명의
작은 나라인 캄보디아는","인구 7백만 명의
작은 나라인 캄보디아는","ingu   7baegman   myeong-ui 
 jag-eun   nala-in   kambodi-aneun"
4,33s,"1954년 제네바 협정 이후
중립국이 되었습니다","1954년 제네바 협정 이후
중립국이 되었습니다","1954nyeon   jeneba   hyeobjeong   ihu 
 junglibgug-i   doe-eoss-seubnida"
5,45s,그때부터 미국의 정책은,그때부터 미국의 정책은,geu-ttaebuteo   migug-ui   jeongchaeg-eun
6,47s,"캄보디아의 중립성을
존중하는 방향이었습니다","캄보디아의 중립성을
존중하는 방향이었습니다","kambodi-a-ui   junglibseong-eul 
 jonjunghaneun   banghyang-i-eoss-seubnida"
7,52s,“이제 끝이다”,“이제 끝이다”,“ ije   kkeut-ida ”
8,58s,베트남 쪽 강의 군대는,베트남 쪽 강의 군대는,beteunam   jjog   gang-ui   gundaeneun
9,1:01,"국경을 신경 쓰지
않는 것 같습니다","국경을 신경 쓰지
않는 것 같습니다","guggyeong-eul   singyeong   sseuji 
 anhneun   geos   gatseubnida"
10,1:07,전쟁이 불가피하다는 구실로,전쟁이 불가피하다는 구실로,jeonjaeng-i   bulgapihadaneun   gusillo
11,1:09,캄보디아에 왔어요,캄보디아에 왔어요,kambodi-a-e   wass-eo-yo
12,1:14,"- 캄보디아에 와서 좋으세요?
- 전혀요","- 캄보디아에 와서 좋으세요?
- 전혀요","-   kambodi-a-e   waseo   joh-euse-yo ? 
 -   jeonhyeo-yo"
13,1:17,"희생자 대다수는
무고한 캄보디아인입니다","희생자 대다수는
무고한 캄보디아인입니다","huisaengja   daedasuneun 
 mugohan   kambodi-a-in-ibnida"
14,1:21,"최종 합의까지는
난항이 예상됩니다","최종 합의까지는
난항이 예상됩니다","choejong   hab-ui-kkajineun 
 nanhang-i   yesangdoebnida"
15,1:26,"이게 결국은 캄보디아를
돕는 일입니다","이게 결국은 캄보디아를
돕는 일입니다","ige   gyeolgug-eun   kambodi-aleul 
 dobneun   il-ibnida"
16,1:33,이건 캄보디아 침략이 아닙니다,이건 캄보디아 침략이 아닙니다,igeon   kambodi-a   chimlyag-i   anibnida
17,1:46,"닉슨 독트린이
동남아시아에선 실패했습니다","닉슨 독트린이
동남아시아에선 실패했습니다","nigseun   dogteulin-i 
 dongnam-asi-a-eseon   silpaehaess-seubnida"
18,1:50,"베트남에서 시작된 전쟁이
캄보디아까지 집어삼켰습니다","베트남에서 시작된 전쟁이
캄보디아까지 집어삼켰습니다","beteunam-eseo   sijagdoen   jeonjaeng-i 
 kambodi-a-kkaji   jib-eosamkyeoss-seubnida"
19,1:54,"미군의 폭격에
분노하는 사람이 많습니다","미군의 폭격에
분노하는 사람이 많습니다","migun-ui   poggyeog-e 
 bunnohaneun   salam-i   manhseubnida"
20,2:00,"수천 명이 죽고, 농장과
생활 터전이 파괴됐습니다","수천 명이 죽고, 농장과
생활 터전이 파괴됐습니다","sucheon   myeong-i   juggo ,   nongjanggwa 
 saenghwal   teojeon-i   pagoedwaess-seubnida"
21,2:04,"많은 이가 크메르 루주로
돌아섰습니다","많은 이가 크메르 루주로
돌아섰습니다","manh-eun   iga   keumeleu   lujulo 
 dol-aseoss-seubnida"
22,2:10,"캄보디아를 론 놀 장군으로부터
탈취하겠다고 약속했기 때문이죠","캄보디아를 론 놀 장군으로부터
탈취하겠다고 약속했기 때문이죠","kambodi-aleul   lon   nol   janggun-eulobuteo 
 talchwihagessdago   yagsoghaessgi   ttaemun-ijyo"
23,2:14,"하지만 크메르 루주의
지도자나 그 목적에 관해서는","하지만 크메르 루주의
지도자나 그 목적에 관해서는","hajiman   keumeleu   luju-ui 
 jidojana   geu   mogjeog-e   gwanhaeseoneun"
24,2:16,잘 알려진 바가 없습니다,잘 알려진 바가 없습니다,jal   allyeojin   baga   eobs-seubnida
25,2:19,"공산 반군이 이제
프놈펜을 포위했습니다","공산 반군이 이제
프놈펜을 포위했습니다","gongsan   bangun-i   ije 
 peunompen-eul   po-wihaess-seubnida"
26,2:24,전날 포드 대통령의,전날 포드 대통령의,jeonnal   podeu   daetonglyeong-ui
27,2:26,"캄보디아에 지원군을
보내지 말자는 연설이","캄보디아에 지원군을
보내지 말자는 연설이","kambodi-a-e   ji-wongun-eul 
 bonaeji   maljaneun   yeonseol-i"
28,2:28,"대사관이 철수하는 데
영향을 준 모양입니다","대사관이 철수하는 데
영향을 준 모양입니다","daesagwan-i   cheolsuhaneun   de 
 yeonghyang-eul   jun   mo-yang-ibnida"
29,2:32,“1975년 4월”,“1975년 4월”,“ 1975nyeon   4wol ”
30,2:33,"토요일 아침에
미군이 철수한다는 소식입니다","토요일 아침에
미군이 철수한다는 소식입니다","to-yo-il   achim-e 
 migun-i   cheolsuhandaneun   sosig-ibnida"
31,2:38,"기자와 재류 외국인은
오전 9시 전까지 미 대사관에","기자와 재류 외국인은
오전 9시 전까지 미 대사관에","gija-wa   jaelyu   oegug-in-eun 
 ojeon   9si   jeonkkaji   mi   daesagwan-e"
32,2:42,모이라는 명령을 받았습니다,모이라는 명령을 받았습니다,mo-ilaneun   myeonglyeong-eul   bad-ass-seubnida
33,2:44,"대사관 가까이 있는 학교가
임시 착륙지로 사용됩니다","대사관 가까이 있는 학교가
임시 착륙지로 사용됩니다","daesagwan   ga-kka-i   issneun   haggyoga 
 imsi   chaglyugjilo   sa-yongdoebnida"
34,2:50,"헬리콥터 대피 작전은
미 해군이 수행합니다","헬리콥터 대피 작전은
미 해군이 수행합니다","hellikobteo   daepi   jagjeon-eun 
 mi   haegun-i   suhaenghabnida"
35,3:34,로웅,로웅,lo-ung
36,3:36,"로웅, 내려와!","로웅, 내려와!","lo-ung ,   naelyeo-wa !"
37,3:39,"조심해, 떨어지겠다","조심해, 떨어지겠다","josimhae ,   tteol-eojigessda"
38,3:51,"더러워라, 다 먹었구나?","더러워라, 다 먹었구나?","deoleo-wola ,   da   meog-eossguna ?"
39,3:57,가서 손 씻자,가서 손 씻자,gaseo   son   ssisja
40,4:36,오빠들이랑 잘 놀았어?,오빠들이랑 잘 놀았어?,o-ppadeul-ilang   jal   nol-ass-eo ?
41,4:38,"쿠이 오빠처럼 못 추겠어요
너무 어려워요","쿠이 오빠처럼 못 추겠어요
너무 어려워요","ku-i   o-ppacheoleom   mos   chugess-eo-yo 
 neomu   eolyeo-wo-yo"
42,4:44,"괜찮아, 아빠가 가르쳐 줄게","괜찮아, 아빠가 가르쳐 줄게","gwaenchanh-a ,   a-ppaga   galeuchyeo   julge"
43,4:48,네,네,ne
44,4:50,"큰일입니다, 대위님","큰일입니다, 대위님","keun-il-ibnida ,   dae-winim"
45,4:52,미군이 우릴 버렸습니다,미군이 우릴 버렸습니다,migun-i   ulil   beolyeoss-seubnida
46,4:54,"대사관에서 한 사람도
빠짐없이 대피했어요","대사관에서 한 사람도
빠짐없이 대피했어요","daesagwan-eseo   han   salamdo 
 ppajim-eobs-i   daepihaess-eo-yo"
47,4:58,애초에 믿지 말아야 했어,애초에 믿지 말아야 했어,aecho-e   midji   mal-a-ya   haess-eo
48,5:01,"크메르 루주가
언제 닥칠지 모릅니다","크메르 루주가
언제 닥칠지 모릅니다","keumeleu   lujuga 
 eonje   dagchilji   moleubnida"
49,5:05,"반군이 여기까지 오면
론 놀 장군님은 어찌 될까요?","반군이 여기까지 오면
론 놀 장군님은 어찌 될까요?","bangun-i   yeogi-kkaji   omyeon 
 lon   nol   janggunnim-eun   eo-jji   doelkka-yo ?"
50,5:11,다 같은 캄보디아인이야,다 같은 캄보디아인이야,da   gat-eun   kambodi-a-in-i-ya
51,5:15,잃은 게 많아,잃은 게 많아,ilh-eun   ge   manh-a
52,5:17,재건할 기회를 놓치면 안 돼,재건할 기회를 놓치면 안 돼,jaegeonhal   gihoeleul   nohchimyeon   an   dwae
53,5:27,다들 밥 먹어,다들 밥 먹어,dadeul   bab   meog-eo
54,5:32,로웅,로웅,lo-ung
55,5:35,한 숟갈만 줄까?,한 숟갈만 줄까?,han   sudgalman   julkka ?
56,5:37,뚱뚱해지면 안 되니까!,뚱뚱해지면 안 되니까!,ttungttunghaejimyeon   an   doeni-kka !
57,5:39,초우한테도 좀 줘,초우한테도 좀 줘,cho-uhantedo   jom   jwo
58,5:42,달걀 줘?,달걀 줘?,dalgyal   jwo ?
59,5:48,그만하고 밥 먹어,그만하고 밥 먹어,geumanhago   bab   meog-eo
60,5:54,소스 받아,소스 받아,soseu   bad-a
61,6:27,로웅!,로웅!,lo-ung !
62,6:28,로웅! 초우!,로웅! 초우!,lo-ung !   cho-u !
63,6:30,집에 들어와!,집에 들어와!,jib-e   deul-eo-wa !
64,6:33,로웅!,로웅!,lo-ung !
65,6:46,단결하라!,단결하라!,dangyeolhala !
66,6:52,"미국인이 떠났다!
캄보디아, 단결하라!","미국인이 떠났다!
캄보디아, 단결하라!","migug-in-i   tteonassda ! 
 kambodi-a ,   dangyeolhala !"
67,7:08,"초우 언니, 어서!","초우 언니, 어서!","cho-u   eonni ,   eoseo !"
68,7:10,"형제들을 맞아주자!
캄보디아, 단결하라!","형제들을 맞아주자!
캄보디아, 단결하라!","hyeongjedeul-eul   maj-ajuja ! 
 kambodi-a ,   dangyeolhala !"
69,7:14,빨리 와!,빨리 와!,ppalli   wa !
70,7:33,가서 점심 먹어,가서 점심 먹어,gaseo   jeomsim   meog-eo
71,7:36,밖이 왜 저래요?,밖이 왜 저래요?,bakk-i   wae   jeolae-yo ?
72,8:02,"환영한다, 형제들이여","환영한다, 형제들이여","hwan-yeonghanda ,   hyeongjedeul-i-yeo"
73,8:04,우린 피를 보고 싶지 않다,우린 피를 보고 싶지 않다,ulin   pileul   bogo   sipji   anhda
74,8:06,모두 캄보디아인이니까,모두 캄보디아인이니까,modu   kambodi-a-in-ini-kka
75,8:10,이제 우리나라를 되찾았다,이제 우리나라를 되찾았다,ije   ulinalaleul   doechaj-assda
76,8:15,"앙카르가 전국에서
승리를 거뒀다","앙카르가 전국에서
승리를 거뒀다","angkaleuga   jeongug-eseo 
 seunglileul   geodwossda"
77,8:17,무기를 버리고 항복하라,무기를 버리고 항복하라,mugileul   beoligo   hangboghala
78,8:21,이제 앙카르에 복종해!,이제 앙카르에 복종해!,ije   angkaleu-e   bogjonghae !
79,8:26,"멩, 쿠이, 들어와","멩, 쿠이, 들어와","meng ,   ku-i ,   deul-eo-wa"
80,8:30,로웅,로웅,lo-ung
81,8:32,가서 뭐 먹어,가서 뭐 먹어,gaseo   mwo   meog-eo
82,8:33,아빠가 짐 싸래요,아빠가 짐 싸래요,a-ppaga   jim   ssalae-yo
83,8:35,어떻게 된 걸까?,어떻게 된 걸까?,eo-tteohge   doen   geolkka ?
84,8:37,나도 몰라,나도 몰라,nado   molla
85,8:44,쿠이! 이건 못 가지고 가,쿠이! 이건 못 가지고 가,ku-i !   igeon   mos   gajigo   ga
86,8:46,중요한 것만 챙겨,중요한 것만 챙겨,jung-yohan   geosman   chaenggyeo
87,8:48,로웅! 짐 싸야지,로웅! 짐 싸야지,lo-ung !   jim   ssa-yaji
88,8:52,정말 필요한 것만 가져가,정말 필요한 것만 가져가,jeongmal   pil-yohan   geosman   gajyeoga
89,8:57,"엄마, 새해 드레스
가지고 가도 돼요?","엄마, 새해 드레스
가지고 가도 돼요?","eomma ,   saehae   deuleseu 
 gajigo   gado   dwae-yo ?"
90,8:59,제발요,제발요,jebal-yo
91,9:01,엄마 가방에 넣자,엄마 가방에 넣자,eomma   gabang-e   neohja
92,9:03,가서 지어크 옷 갈아입혀,가서 지어크 옷 갈아입혀,gaseo   ji-eokeu   os   gal-a-ibhyeo
93,9:06,로웅,로웅,lo-ung
94,9:07,"가만히 서 있지 말고
옷 갈아입어","가만히 서 있지 말고
옷 갈아입어","gamanhi   seo   issji   malgo 
 os   gal-a-ib-eo"
95,9:23,사흘 동안 이 도시에서 나가,사흘 동안 이 도시에서 나가,saheul   dong-an   i   dosi-eseo   naga
96,9:27,"로웅, 어서!","로웅, 어서!","lo-ung ,   eoseo !"
97,9:33,"아빠, 차 타고 가요","아빠, 차 타고 가요","a-ppa ,   cha   tago   ga-yo"
98,9:35,"트럭 타야 해, 얼른 와!","트럭 타야 해, 얼른 와!","teuleog   ta-ya   hae ,   eolleun   wa !"
99,9:40,미국인이 폭격을 가하려고 한다,미국인이 폭격을 가하려고 한다,migug-in-i   poggyeog-eul   gahalyeogo   handa
100,9:43,사흘 후 돌아오도록,사흘 후 돌아오도록,saheul   hu   dol-a-odolog
101,9:45,"얘들아, 얼른 타","얘들아, 얼른 타","yaedeul-a ,   eolleun   ta"
102,9:51,앉아,앉아,anj-a
103,10:05,찍지 마!,찍지 마!,jjigji   ma !
104,10:13,셔츠랑 신발 벗어!,셔츠랑 신발 벗어!,syeocheulang   sinbal   beos-eo !
105,10:16,왜 이래요?,왜 이래요?,wae   ilae-yo ?
106,10:18,트럭에 실어,트럭에 실어,teuleog-e   sil-eo
107,10:40,움직여!,움직여!,umjig-yeo !
108,10:42,"폭격이 있을 예정이니
모두 떠나도록!","폭격이 있을 예정이니
모두 떠나도록!","poggyeog-i   iss-eul   yejeong-ini 
 modu   tteonadolog !"
109,10:45,시골은 안전하다,시골은 안전하다,sigol-eun   anjeonhada
110,10:47,사흘 후엔 돌아와도 된다,사흘 후엔 돌아와도 된다,saheul   hu-en   dol-a-wado   doenda
111,10:49,앙카르에 토 달지 말고,앙카르에 토 달지 말고,angkaleu-e   to   dalji   malgo
112,10:58,빨리 나가요!,빨리 나가요!,ppalli   naga-yo !
113,11:02,아빠 친구예요,아빠 친구예요,a-ppa   chingu-ye-yo
114,12:08,"내려, 로웅","내려, 로웅","naelyeo ,   lo-ung"
115,12:18,얼른 가야지,얼른 가야지,eolleun   ga-yaji
116,12:23,"여보, 이제 어떡해?","여보, 이제 어떡해?","yeobo ,   ije   eo-tteoghae ?"
117,12:26,"괜찮아
오늘 밤은 여기에서 자자","괜찮아
오늘 밤은 여기에서 자자","gwaenchanh-a 
 oneul   bam-eun   yeogi-eseo   jaja"
118,12:28,더 멀리는 못 가,더 멀리는 못 가,deo   meollineun   mos   ga
119,12:31,정리 좀 하자,정리 좀 하자,jeongli   jom   haja
120,13:02,당장 떠나라!,당장 떠나라!,dangjang   tteonala !
121,13:36,어이!,어이!,eo-i !
122,13:38,얼른 가!,얼른 가!,eolleun   ga !
123,13:39,일어나,일어나,il-eona
124,13:41,갈 시간이야,갈 시간이야,gal   sigan-i-ya
125,13:43,일어나,일어나,il-eona
126,13:45,이봐!,이봐!,ibwa !
127,13:48,짐 싸!,짐 싸!,jim   ssa !
128,13:51,"트럭은 앙카르가 가져간다
필요 없지?","트럭은 앙카르가 가져간다
필요 없지?","teuleog-eun   angkaleuga   gajyeoganda 
 pil-yo   eobsji ?"
129,13:55,짐 건네줘,짐 건네줘,jim   geonnejwo
130,13:57,트럭에서 짐 내리고,트럭에서 짐 내리고,teuleog-eseo   jim   naeligo
131,14:03,"로웅, 이거 입어","로웅, 이거 입어","lo-ung ,   igeo   ib-eo"
132,14:05,필요한 것만 챙겨,필요한 것만 챙겨,pil-yohan   geosman   chaenggyeo
133,14:09,"아빠, 가방 주세요","아빠, 가방 주세요","a-ppa ,   gabang   juse-yo"
134,14:14,"이봐, 동무!","이봐, 동무!","ibwa ,   dongmu !"
135,14:16,당신 시계,당신 시계,dangsin   sigye
136,14:18,앙카르에 필요하겠어,앙카르에 필요하겠어,angkaleu-e   pil-yohagess-eo
137,14:21,이리 넘겨,이리 넘겨,ili   neomgyeo
138,14:22,앙카르를 위해서,앙카르를 위해서,angkaleuleul   wihaeseo
139,14:29,시계 아주 좋은데?,시계 아주 좋은데?,sigye   aju   joh-eunde ?
140,14:31,"뭐 하다 왔길래
이런 시계가 있어?","뭐 하다 왔길래
이런 시계가 있어?","mwo   hada   wassgillae 
 ileon   sigyega   iss-eo ?"
141,14:35,상사한테서 받았습니다,상사한테서 받았습니다,sangsahanteseo   bad-ass-seubnida
142,14:41,얼른 가자,얼른 가자,eolleun   gaja
143,14:42,공무원이었나?,공무원이었나?,gongmu-won-i-eossna ?
144,14:46,"무슨 말씀이신지...
외국어 못 해요","무슨 말씀이신지...
외국어 못 해요","museun   mal-sseum-isinji . . . 
 oegug-eo   mos   hae-yo"
145,14:48,하는 것 같은데,하는 것 같은데,haneun   geos   gat-eunde
146,14:50,정부 소속이었지?,정부 소속이었지?,jeongbu   sosog-i-eossji ?
147,14:53,"- 빨리 정리해!
- 정말 모릅니다","- 빨리 정리해!
- 정말 모릅니다","-   ppalli   jeonglihae ! 
 -   jeongmal   moleubnida"
148,14:55,알아들었잖아,알아들었잖아,al-adeul-eossjanh-a
149,14:58,"우리 말로 해주세요
못 알아들어요","우리 말로 해주세요
못 알아들어요","uli   mallo   haejuse-yo 
 mos   al-adeul-eo-yo"
150,15:02,짐 챙기자,짐 챙기자,jim   chaenggija
151,15:03,가자,가자,gaja
152,15:06,서둘러,서둘러,seodulleo
153,15:20,더 빨리 가!,더 빨리 가!,deo   ppalli   ga !
154,15:25,계속 걸어! 빨리!,계속 걸어! 빨리!,gyesog   geol-eo !   ppalli !
155,17:22,"왜 그래, 아가?","왜 그래, 아가?","wae   geulae ,   aga ?"
156,17:24,"사흘 후면 집에 갈 수
있다고 했잖아요","사흘 후면 집에 갈 수
있다고 했잖아요","saheul   humyeon   jib-e   gal   su 
 issdago   haessjanh-a-yo"
157,17:30,잘 모르겠구나,잘 모르겠구나,jal   moleugessguna
158,17:33,오늘이 사흘째인데,오늘이 사흘째인데,oneul-i   saheuljjae-inde
159,17:36,"미안해, 그래도
계속 걸어야 해","미안해, 그래도
계속 걸어야 해","mi-anhae ,   geulaedo 
 gyesog   geol-eo-ya   hae"
160,17:39,집에 가고 싶어요,집에 가고 싶어요,jib-e   gago   sip-eo-yo
161,17:43,집에는 못 가,집에는 못 가,jib-eneun   mos   ga
162,17:50,가자,가자,gaja
163,17:52,계속 걷자,계속 걷자,gyesog   geodja
164,17:55,용기를 내,용기를 내,yonggileul   nae
165,17:57,곧 쉴 수 있을 거야,곧 쉴 수 있을 거야,god   swil   su   iss-eul   geo-ya
166,18:16,주목!,주목!,jumog !
167,18:18,"아무도 허가 없이
못 지나간다!","아무도 허가 없이
못 지나간다!","amudo   heoga   eobs-i 
 mos   jinaganda !"
168,18:22,앞으로 와!,앞으로 와!,ap-eulo   wa !
169,18:28,"모든 공무원, 경찰
군인, 교사는","모든 공무원, 경찰
군인, 교사는","modeun   gongmu-won ,   gyeongchal 
 gun-in ,   gyosaneun"
170,18:33,앞으로 나와서 신분을 밝혀라,앞으로 나와서 신분을 밝혀라,ap-eulo   na-waseo   sinbun-eul   balghyeola
171,18:40,"모두 자기 이름을
등록해야 한다","모두 자기 이름을
등록해야 한다","modu   jagi   ileum-eul 
 deungloghae-ya   handa"
172,18:44,론 놀 밑의 군인이나,론 놀 밑의 군인이나,lon   nol   mit-ui   gun-in-ina
173,18:46,"일할 수 없는 자는
옆으로 서라","일할 수 없는 자는
옆으로 서라","ilhal   su   eobsneun   janeun 
 yeop-eulo   seola"
174,18:49,우린 그냥 노동자야,우린 그냥 노동자야,ulin   geunyang   nodongja-ya
175,18:51,"말대꾸하지 말고
하라는 대로 해","말대꾸하지 말고
하라는 대로 해","maldae-kkuhaji   malgo 
 halaneun   daelo   hae"
176,18:57,앞으로 나와!,앞으로 나와!,ap-eulo   na-wa !
177,19:04,이제 돈은 필요 없다,이제 돈은 필요 없다,ije   don-eun   pil-yo   eobsda
178,19:07,새로운 캄보디아에서는,새로운 캄보디아에서는,saelo-un   kambodi-a-eseoneun
179,19:09,"은행, 상업
개인 재산이 없다","은행, 상업
개인 재산이 없다","eunhaeng ,   sang-eob 
 gae-in   jaesan-i   eobsda"
180,19:14,"부자도 거지도 없고
모두가 평등하다","부자도 거지도 없고
모두가 평등하다","bujado   geojido   eobsgo 
 moduga   pyeongdeunghada"
181,19:17,직업이 뭐지?,직업이 뭐지?,jig-eob-i   mwoji ?
182,19:19,론 놀 군복 아니야?,론 놀 군복 아니야?,lon   nol   gunbog   ani-ya ?
183,19:22,제 거 아니에요,제 거 아니에요,je   geo   ani-e-yo
184,19:25,끌고 가!,끌고 가!,kkeulgo   ga !
185,19:36,직업은?,직업은?,jig-eob-eun ?
186,19:38,항구에서 짐 쌓는 일을 합니다,항구에서 짐 쌓는 일을 합니다,hanggu-eseo   jim   ssahneun   il-eul   habnida
187,19:47,신발 벗겨,신발 벗겨,sinbal   beosgyeo
188,20:16,"좋아, 끝났다
지나가도 돼","좋아, 끝났다
지나가도 돼","joh-a ,   kkeutnassda 
 jinagado   dwae"
189,20:20,다음!,다음!,da-eum !
190,21:35,"로웅, 호수에 가자","로웅, 호수에 가자","lo-ung ,   hosu-e   gaja"
191,22:25,일어나!,일어나!,il-eona !
192,22:28,"로웅, 일어나","로웅, 일어나","lo-ung ,   il-eona"
193,22:33,"빨리 물건 챙겨, 가야 해","빨리 물건 챙겨, 가야 해","ppalli   mulgeon   chaenggyeo ,   ga-ya   hae"
194,22:45,"너희 중놈들은
아무 쓸모가 없어","너희 중놈들은
아무 쓸모가 없어","neohui   jungnomdeul-eun 
 amu   sseulmoga   eobs-eo"
195,22:48,"기생충 같으니!
더 열심히 일해!","기생충 같으니!
더 열심히 일해!","gisaengchung   gat-euni ! 
 deo   yeolsimhi   ilhae !"
196,22:55,이제 너희가 소 대신이야!,이제 너희가 소 대신이야!,ije   neohuiga   so   daesin-i-ya !
197,22:59,밭을 갈아!,밭을 갈아!,bat-eul   gal-a !
198,23:01,"앙카르를 위해
더 열심히 일해!","앙카르를 위해
더 열심히 일해!","angkaleuleul   wihae 
 deo   yeolsimhi   ilhae !"
199,23:13,너희 외삼촌 같은데?,너희 외삼촌 같은데?,neohui   oesamchon   gat-eunde ?
200,23:22,레앙 오빠!,레앙 오빠!,le-ang   o-ppa !
201,23:31,"프놈펜 대피 소식 듣고
널 계속 찾아다녔어","프놈펜 대피 소식 듣고
널 계속 찾아다녔어","peunompen   daepi   sosig   deudgo 
 neol   gyesog   chaj-adanyeoss-eo"
202,23:34,"안녕하세요, 삼촌","안녕하세요, 삼촌","annyeonghase-yo ,   samchon"
203,23:36,수레에 먹을 게 좀 있어,수레에 먹을 게 좀 있어,sule-e   meog-eul   ge   jom   iss-eo
204,25:06,저 사람들 되게 가난해 보여요,저 사람들 되게 가난해 보여요,jeo   salamdeul   doege   gananhae   bo-yeo-yo
205,25:10,우리도 이제 가난해,우리도 이제 가난해,ulido   ije   gananhae
206,25:12,"오늘부터 부자니 가난하니
따지면 안 돼","오늘부터 부자니 가난하니
따지면 안 돼","oneulbuteo   bujani   gananhani 
 ttajimyeon   an   dwae"
207,26:22,"프놈펜에서 전원
대피하라고 했다면서?","프놈펜에서 전원
대피하라고 했다면서?","peunompen-eseo   jeon-won 
 daepihalago   haessdamyeonseo ?"
208,26:26,폭격당했어?,폭격당했어?,poggyeogdanghaess-eo ?
209,26:29,"앙카르 말로는 그런다는데
소리는 못 들었어요","앙카르 말로는 그런다는데
소리는 못 들었어요","angkaleu   malloneun   geuleondaneunde 
 solineun   mos   deul-eoss-eo-yo"
210,26:35,"여긴 미군한테 몇 년째
폭격 맞는 중이야","여긴 미군한테 몇 년째
폭격 맞는 중이야","yeogin   migunhante   myeoch   nyeon-jjae 
 poggyeog   majneun   jung-i-ya"
211,26:40,"며칠 연속으로
떨어질 때도 있지","며칠 연속으로
떨어질 때도 있지","myeochil   yeonsog-eulo 
 tteol-eojil   ttaedo   issji"
212,26:44,"우리 집이 날아가고
소도 여럿 죽었어","우리 집이 날아가고
소도 여럿 죽었어","uli   jib-i   nal-agago 
 sodo   yeoleos   jug-eoss-eo"
213,26:47,"난 그래서 크메르 루주
혁명을 지지해","난 그래서 크메르 루주
혁명을 지지해","nan   geulaeseo   keumeleu   luju 
 hyeogmyeong-eul   jijihae"
214,26:51,새 캄보디아를 보고 싶으니까,새 캄보디아를 보고 싶으니까,sae   kambodi-aleul   bogo   sip-euni-kka
215,26:54,"여긴 우리 땅이야
물도 우리 거고","여긴 우리 땅이야
물도 우리 거고","yeogin   uli   ttang-i-ya 
 muldo   uli   geogo"
216,26:59,여기 머무르려면,여기 머무르려면,yeogi   meomuleulyeomyeon
217,27:01,"마을 이장님께
허가를 받아야 해","마을 이장님께
허가를 받아야 해","ma-eul   ijangnimkke 
 heogaleul   bad-a-ya   hae"
218,27:05,자넨 도시 출신이니 조심해,자넨 도시 출신이니 조심해,janen   dosi   chulsin-ini   josimhae
219,27:09,감시하는 사람이 많거든,감시하는 사람이 많거든,gamsihaneun   salam-i   manhgeodeun
220,27:52,같이 살 수는 없어,같이 살 수는 없어,gat-i   sal   suneun   eobs-eo
221,27:55,"론 놀 대위였다는 게 밝혀지면
우리도 죽어","론 놀 대위였다는 게 밝혀지면
우리도 죽어","lon   nol   dae-wi-yeossdaneun   ge   balghyeojimyeon 
 ulido   jug-eo"
222,28:00,내 동생이잖아!,내 동생이잖아!,nae   dongsaeng-ijanh-a !
223,28:04,알잖아,알잖아,aljanh-a
224,28:05,"이제 가족이고 뭐고
소용없다는 거","이제 가족이고 뭐고
소용없다는 거","ije   gajog-igo   mwogo 
 so-yong-eobsdaneun   geo"
225,28:10,"알아, 잘 알지","알아, 잘 알지","al-a ,   jal   alji"
226,28:15,이러다 다 죽어,이러다 다 죽어,ileoda   da   jug-eo
227,28:20,같이 죽었으면 좋겠어?,같이 죽었으면 좋겠어?,gat-i   jug-eoss-eumyeon   johgess-eo ?
228,28:51,동무!,동무!,dongmu !
229,30:19,"이리 와서
무릎에 앉아, 아가","이리 와서
무릎에 앉아, 아가","ili   waseo 
 muleup-e   anj-a ,   aga"
230,30:29,"여기에서 기다리면
물과 쉴 곳을 찾아준대","여기에서 기다리면
물과 쉴 곳을 찾아준대","yeogi-eseo   gidalimyeon 
 mulgwa   swil   gos-eul   chaj-ajundae"
231,30:35,"미국 방송국에서
사이공이 함락됐다던데","미국 방송국에서
사이공이 함락됐다던데","migug   bangsonggug-eseo 
 sa-igong-i   hamlagdwaessdadeonde"
232,30:39,베트남에서 철수했대,베트남에서 철수했대,beteunam-eseo   cheolsuhaessdae
233,32:09,트럭에서 내려! 빨리!,트럭에서 내려! 빨리!,teuleog-eseo   naelyeo !   ppalli !
234,32:49,전부 수레에 타!,전부 수레에 타!,jeonbu   sule-e   ta !
235,32:55,따라와,따라와,ttala-wa
236,32:56,오빠랑 수레에 타,오빠랑 수레에 타,o-ppalang   sule-e   ta
237,32:59,괜찮을 거야,괜찮을 거야,gwaenchanh-eul   geo-ya
238,33:30,이 기생충 같은 중놈들아,이 기생충 같은 중놈들아,i   gisaengchung   gat-eun   jungnomdeul-a
239,33:34,"인민의 고혈을
빨아먹는 거머리들!","인민의 고혈을
빨아먹는 거머리들!","inmin-ui   gohyeol-eul 
 ppal-ameogneun   geomeolideul !"
240,33:50,빨리 가,빨리 가,ppalli   ga
241,33:59,내려!,내려!,naelyeo !
242,34:06,"가자, 로웅","가자, 로웅","gaja ,   lo-ung"
243,34:07,"내려, 혼나겠어!","내려, 혼나겠어!","naelyeo ,   honnagess-eo !"
244,34:16,동생 데리고 가,동생 데리고 가,dongsaeng   deligo   ga
245,34:21,아빠가 내려줄게,아빠가 내려줄게,a-ppaga   naelyeojulge
246,34:30,거기 있으면 안 돼,거기 있으면 안 돼,geogi   iss-eumyeon   an   dwae
247,34:47,짐을 전부 내려놔,짐을 전부 내려놔,jim-eul   jeonbu   naelyeonwa
248,34:55,"앙카르는 제국주의와
봉건제를 청산하려고 한다","앙카르는 제국주의와
봉건제를 청산하려고 한다","angkaleuneun   jegugju-ui-wa 
 bonggeonjeleul   cheongsanhalyeogo   handa"
249,35:04,"외국 물건이 이 나라 국민을
타락시키고 있어","외국 물건이 이 나라 국민을
타락시키고 있어","oegug   mulgeon-i   i   nala   gugmin-eul 
 talagsikigo   iss-eo"
250,35:11,개인 재산은 전부 포기해라,개인 재산은 전부 포기해라,gae-in   jaesan-eun   jeonbu   pogihaela
251,35:14,이기적인 생각을 버려,이기적인 생각을 버려,igijeog-in   saenggag-eul   beolyeo
252,35:19,"앙카르가 너희를
보살펴 줄 거다","앙카르가 너희를
보살펴 줄 거다","angkaleuga   neohuileul 
 bosalpyeo   jul   geoda"
253,35:23,앙카르가 너희 가족이야,앙카르가 너희 가족이야,angkaleuga   neohui   gajog-i-ya
254,35:31,따라와!,따라와!,ttala-wa !
255,35:33,어서!,어서!,eoseo !
256,35:44,"- 기생충!
- 총 맞아 죽을 놈!","- 기생충!
- 총 맞아 죽을 놈!","-   gisaengchung ! 
 -   chong   maj-a   jug-eul   nom !"
257,35:47,"우리같이 성실한 사람들을
뜯어먹고 살지","우리같이 성실한 사람들을
뜯어먹고 살지","uligat-i   seongsilhan   salamdeul-eul 
 tteud-eomeoggo   salji"
258,35:49,걷지도 못하나?,걷지도 못하나?,geodjido   moshana ?
259,35:54,움직여!,움직여!,umjig-yeo !
260,35:56,여기가 너희 땅이다,여기가 너희 땅이다,yeogiga   neohui   ttang-ida
261,36:00,여기에서 살아,여기에서 살아,yeogi-eseo   sal-a
262,36:08,우리 땅은 저쪽이래,우리 땅은 저쪽이래,uli   ttang-eun   jeo-jjog-ilae
263,36:32,동무들!,동무들!,dongmudeul !
264,36:34,"첫 번째 임무는
집을 짓는 것이다","첫 번째 임무는
집을 짓는 것이다","cheos   beon-jjae   immuneun 
 jib-eul   jisneun   geos-ida"
265,36:38,아무도 대신 안 지어줘!,아무도 대신 안 지어줘!,amudo   daesin   an   ji-eojwo !
266,36:41,"열매를 따다 모두 옷을
같은 색으로 염색해","열매를 따다 모두 옷을
같은 색으로 염색해","yeolmaeleul   ttada   modu   os-eul 
 gat-eun   saeg-eulo   yeomsaeghae"
267,36:48,우린 모두 평등하다,우린 모두 평등하다,ulin   modu   pyeongdeunghada
268,36:52,같은 옷을 입어서,같은 옷을 입어서,gat-eun   os-eul   ib-eoseo
269,36:54,"부패한 서양 사회의
허영심을 없애버리고","부패한 서양 사회의
허영심을 없애버리고","bupaehan   seo-yang   sahoe-ui 
 heo-yeongsim-eul   eobs-aebeoligo"
270,36:59,혁명 정신을 갖추자,혁명 정신을 갖추자,hyeogmyeong   jeongsin-eul   gajchuja
271,37:03,앙카르에 절대복종하라,앙카르에 절대복종하라,angkaleu-e   jeoldaebogjonghala
272,37:05,앙카르가 곧 법이다,앙카르가 곧 법이다,angkaleuga   god   beob-ida
273,37:08,셔츠 줘,셔츠 줘,syeocheu   jwo
274,37:10,얼른,얼른,eolleun
275,37:29,"초우, 이리 와","초우, 이리 와","cho-u ,   ili   wa"
276,37:35,이 셔츠 숨겨,이 셔츠 숨겨,i   syeocheu   sumgyeo
277,38:48,앞으로 와,앞으로 와,ap-eulo   wa
278,39:05,"동무, 앉아","동무, 앉아","dongmu ,   anj-a"
279,39:09,"동무들, 여기 앉아","동무들, 여기 앉아","dongmudeul ,   yeogi   anj-a"
280,39:10,이쪽으로,이쪽으로,i-jjog-eulo
281,39:13,앉아,앉아,anj-a
282,39:33,"이제 개인주의나
개인 재산은 없다","이제 개인주의나
개인 재산은 없다","ije   gae-inju-uina 
 gae-in   jaesan-eun   eobsda"
283,39:43,개인 소지품은 전부 버려,개인 소지품은 전부 버려,gae-in   sojipum-eun   jeonbu   beolyeo
284,40:47,앙카르는 위대하다,앙카르는 위대하다,angkaleuneun   widaehada
285,40:51,"앙카르는 크메르인을
구원하고 자유롭게 한다","앙카르는 크메르인을
구원하고 자유롭게 한다","angkaleuneun   keumeleu-in-eul 
 gu-wonhago   ja-yulobge   handa"
286,41:10,"앙카르를 위해
열심히 일해라","앙카르를 위해
열심히 일해라","angkaleuleul   wihae 
 yeolsimhi   ilhaela"
287,41:14,최선을 다해,최선을 다해,choeseon-eul   dahae
288,41:21,동무들!,동무들!,dongmudeul !
289,41:23,"이제부터는 농사를
날씨에 의존하지 않는다","이제부터는 농사를
날씨에 의존하지 않는다","ijebuteoneun   nongsaleul 
 nal-ssi-e   uijonhaji   anhneunda"
290,41:26,언제든 물을 쓸 수 있다,언제든 물을 쓸 수 있다,eonjedeun   mul-eul   sseul   su   issda
291,41:30,"논을 종이 삼아
괭이를 붓 삼아","논을 종이 삼아
괭이를 붓 삼아","non-eul   jong-i   sam-a 
 gwaeng-ileul   bus   sam-a"
292,41:34,모든 걸 바쳐 일한다,모든 걸 바쳐 일한다,modeun   geol   bachyeo   ilhanda
293,41:36,똑바로 파야지!,똑바로 파야지!,ttogbalo   pa-yaji !
294,41:40,이랑을 고르게 해라,이랑을 고르게 해라,ilang-eul   goleuge   haela
295,41:44,계속 일해!,계속 일해!,gyesog   ilhae !
296,42:17,"앙카르가 캄푸치아 혁명을
이끌리라!","앙카르가 캄푸치아 혁명을
이끌리라!","angkaleuga   kampuchi-a   hyeogmyeong-eul 
 i-kkeullila !"
297,42:22,"앙카르가 캄푸치아 혁명을
이끌리라!","앙카르가 캄푸치아 혁명을
이끌리라!","angkaleuga   kampuchi-a   hyeogmyeong-eul 
 i-kkeullila !"
298,42:29,"코응 동무
무슨 할 말 있나?","코응 동무
무슨 할 말 있나?","ko-eung   dongmu 
 museun   hal   mal   issna ?"
299,42:31,"순 동무가 혁명 약품을
사용하지 않습니다","순 동무가 혁명 약품을
사용하지 않습니다","sun   dongmuga   hyeogmyeong   yagpum-eul 
 sa-yonghaji   anhseubnida"
300,42:36,"대신 서양 약을
구하고 있습니다","대신 서양 약을
구하고 있습니다","daesin   seo-yang   yag-eul 
 guhago   iss-seubnida"
301,42:39,저도 봤습니다,저도 봤습니다,jeodo   bwass-seubnida
302,42:41,"순 동무, 일어나라","순 동무, 일어나라","sun   dongmu ,   il-eonala"
303,42:45,사실인가?,사실인가?,sasil-inga ?
304,42:47,"아이가 열이 나고
설사가 심했어요","아이가 열이 나고
설사가 심했어요","a-iga   yeol-i   nago 
 seolsaga   simhaess-eo-yo"
305,42:50,"프랑스제 약을 안 썼으면
죽었을 거예요","프랑스제 약을 안 썼으면
죽었을 거예요","peulangseuje   yag-eul   an   sseoss-eumyeon 
 jug-eoss-eul   geo-ye-yo"
306,42:54,"죄송합니다, 동무","죄송합니다, 동무","joesonghabnida ,   dongmu"
307,42:57,앙카르는 믿지 않는다,앙카르는 믿지 않는다,angkaleuneun   midji   anhneunda
308,42:59,아니에요! 정말이에요!,아니에요! 정말이에요!,ani-e-yo !   jeongmal-i-e-yo !
309,43:01,"아직도 개인주의에서
못 빠져나왔군","아직도 개인주의에서
못 빠져나왔군","ajigdo   gae-inju-ui-eseo 
 mos   ppajyeona-wassgun"
310,43:03,"프로엠 동무
재교육 시설로 데려가라","프로엠 동무
재교육 시설로 데려가라","peulo-em   dongmu 
 jaegyo-yug   siseollo   delyeogala"
311,43:06,안 돼요!,안 돼요!,an   dwae-yo !
312,43:07,제발 봐주세요!,제발 봐주세요!,jebal   bwajuse-yo !
313,43:11,"잘못했어요, 동무!","잘못했어요, 동무!","jalmoshaess-eo-yo ,   dongmu !"
314,43:15,앉아!,앉아!,anj-a !
315,43:18,"앙카르에 충성심을 보여준
코응 동무에게 감사한다","앙카르에 충성심을 보여준
코응 동무에게 감사한다","angkaleu-e   chungseongsim-eul   bo-yeojun 
 ko-eung   dongmu-ege   gamsahanda"
316,43:24,옛날 사고방식은 버려라,옛날 사고방식은 버려라,yesnal   sagobangsig-eun   beolyeola
317,43:27,"앙카르는 보이는 적과
안 보이는 적","앙카르는 보이는 적과
안 보이는 적","angkaleuneun   bo-ineun   jeoggwa 
 an   bo-ineun   jeog"
318,43:31,모두를 없앨 것이다,모두를 없앨 것이다,moduleul   eobs-ael   geos-ida
319,43:49,"내가 누군지 알면
당신이랑 애들도 위험해","내가 누군지 알면
당신이랑 애들도 위험해","naega   nugunji   almyeon 
 dangsin-ilang   aedeuldo   wiheomhae"
320,43:56,꼭 상의한 대로 해,꼭 상의한 대로 해,kkog   sang-uihan   daelo   hae
321,43:59,이해하지?,이해하지?,ihaehaji ?
322,44:02,"안 돼, 애들이 너무 어려","안 돼, 애들이 너무 어려","an   dwae ,   aedeul-i   neomu   eolyeo"
323,44:06,약속해 줘,약속해 줘,yagsoghae   jwo
324,45:35,"전선에 나간 동무에게 보낼
쌀과 채소가 필요하다","전선에 나간 동무에게 보낼
쌀과 채소가 필요하다","jeonseon-e   nagan   dongmu-ege   bonael 
 ssalgwa   chaesoga   pil-yohada"
325,45:41,다시 밭에 가서 일해,다시 밭에 가서 일해,dasi   bat-e   gaseo   ilhae
326,46:37,"열심히 일하고
사람들 심기 거스르지 마","열심히 일하고
사람들 심기 거스르지 마","yeolsimhi   ilhago 
 salamdeul   simgi   geoseuleuji   ma"
327,46:43,알았어요,알았어요,al-ass-eo-yo
328,46:48,신의 가호가 있기를,신의 가호가 있기를,sin-ui   gahoga   issgileul
329,46:55,앙카르를 부모로 섬겨라,앙카르를 부모로 섬겨라,angkaleuleul   bumolo   seomgyeola
330,47:04,"앙카르에 봉사할
강인한 청년이 필요하다","앙카르에 봉사할
강인한 청년이 필요하다","angkaleu-e   bongsahal 
 gang-inhan   cheongnyeon-i   pil-yohada"
331,47:09,혁명은 이 마을에서만이 아니라,혁명은 이 마을에서만이 아니라,hyeogmyeong-eun   i   ma-eul-eseoman-i   anila
332,47:12,"캄푸치아 전역에서
이뤄지고 있다","캄푸치아 전역에서
이뤄지고 있다","kampuchi-a   jeon-yeog-eseo 
 ilwojigo   issda"
333,47:19,"앙카르는 모두를 위해
최고의 선택을 내린다","앙카르는 모두를 위해
최고의 선택을 내린다","angkaleuneun   moduleul   wihae 
 choego-ui   seontaeg-eul   naelinda"
334,47:24,전선으로 가라!,전선으로 가라!,jeonseon-eulo   gala !
335,47:31,몸조심하고 동생들 잘 돌봐줘,몸조심하고 동생들 잘 돌봐줘,momjosimhago   dongsaengdeul   jal   dolbwajwo
336,47:35,로웅,로웅,lo-ung
337,47:43,혁명 정신을 갖춰야 한다,혁명 정신을 갖춰야 한다,hyeogmyeong   jeongsin-eul   gajchwo-ya   handa
338,47:56,줄 맞춰 서,줄 맞춰 서,jul   majchwo   seo
339,50:24,"모든 잘못은 앙카르에
보고해야 한다","모든 잘못은 앙카르에
보고해야 한다","modeun   jalmos-eun   angkaleu-e 
 bogohae-ya   handa"
340,50:26,서로를 감시해라,서로를 감시해라,seololeul   gamsihaela
341,50:35,콩을 왜 먹었지?,콩을 왜 먹었지?,kong-eul   wae   meog-eossji ?
342,50:36,왜 먹었나 대답해!,왜 먹었나 대답해!,wae   meog-eossna   daedabhae !
343,50:41,죄송합니다,죄송합니다,joesonghabnida
344,50:42,한 번만 봐주세요,한 번만 봐주세요,han   beonman   bwajuse-yo
345,50:45,죄송해?,죄송해?,joesonghae ?
346,50:47,도둑질을 하고 용서를 바라?,도둑질을 하고 용서를 바라?,dodugjil-eul   hago   yongseoleul   bala ?
347,50:52,죄송해요,죄송해요,joesonghae-yo
348,50:53,왜 그랬지?,왜 그랬지?,wae   geulaessji ?
349,50:56,솔직하게 대답해!,솔직하게 대답해!,soljighage   daedabhae !
350,50:58,조금밖에 안 먹었어요,조금밖에 안 먹었어요,jogeumbakk-e   an   meog-eoss-eo-yo
351,51:00,조금?,조금?,jogeum ?
352,51:02,이렇게 먹어 놓고?,이렇게 먹어 놓고?,ileohge   meog-eo   nohgo ?
353,51:08,감히 말대답을 해?,감히 말대답을 해?,gamhi   maldaedab-eul   hae ?
354,51:15,또 잡아뗄 거야?,또 잡아뗄 거야?,tto   jab-a-ttel   geo-ya ?
355,51:17,다시 일해!,다시 일해!,dasi   ilhae !
356,51:20,너도 마찬가지야!,너도 마찬가지야!,neodo   machangaji-ya !
357,51:37,"적을 살려두느니
죄 없는 생명 하나를","적을 살려두느니
죄 없는 생명 하나를","jeog-eul   sallyeoduneuni 
 joe   eobsneun   saengmyeong   hanaleul"
358,51:40,희생하는 게 낫다,희생하는 게 낫다,huisaenghaneun   ge   nasda
359,51:52,"서둘러
누가 못 보게 하고","서둘러
누가 못 보게 하고","seodulleo 
 nuga   mos   boge   hago"
360,52:02,이걸 좀 가져 왔어,이걸 좀 가져 왔어,igeol   jom   gajyeo   wass-eo
361,52:13,넣어 놔,넣어 놔,neoh-eo   nwa
362,52:20,다른 것도 있어,다른 것도 있어,daleun   geosdo   iss-eo
363,52:50,"먹어, 아가","먹어, 아가","meog-eo ,   aga"
364,53:15,"- 맛있니?
- 네, 아빠","- 맛있니?
- 네, 아빠","-   mas-issni ? 
 -   ne ,   a-ppa"
365,53:23,이렇게 해,이렇게 해,ileohge   hae
366,53:30,"나중에 집에 돌아가면
뭘 먹고 싶어?","나중에 집에 돌아가면
뭘 먹고 싶어?","najung-e   jib-e   dol-agamyeon 
 mwol   meoggo   sip-eo ?"
367,53:36,엄마가 만든 닭고기 수프요,엄마가 만든 닭고기 수프요,eommaga   mandeun   dalggogi   supeu-yo
368,53:45,우리 아가는?,우리 아가는?,uli   aganeun ?
369,53:48,"바삭바삭하게 구운
돼지고기요","바삭바삭하게 구운
돼지고기요","basagbasaghage   gu-un 
 dwaejigogi-yo"
370,53:50,"엄마는 코코넛 커스터드가
먹고 싶구나","엄마는 코코넛 커스터드가
먹고 싶구나","eommaneun   kokoneos   keoseuteodeuga 
 meoggo   sipguna"
371,53:58,이게 다야,이게 다야,ige   da-ya
372,56:47,누가 쌀에 손댔나 봐요,누가 쌀에 손댔나 봐요,nuga   ssal-e   sondaessna   bwa-yo
373,57:04,쥐였나 보지,쥐였나 보지,jwi-yeossna   boji
374,57:05,"괜찮아
더 높이 달면 돼","괜찮아
더 높이 달면 돼","gwaenchanh-a 
 deo   nop-i   dalmyeon   dwae"
375,57:12,"킴, 동생을 왜 때리니?","킴, 동생을 왜 때리니?","kim ,   dongsaeng-eul   wae   ttaelini ?"
376,57:22,걱정하지 마,걱정하지 마,geogjeonghaji   ma
377,57:37,"이리 와, 우리 아들","이리 와, 우리 아들","ili   wa ,   uli   adeul"
378,57:47,싸우지 마라,싸우지 마라,ssa-uji   mala
379,57:57,서로 사랑하고 살아야지,서로 사랑하고 살아야지,seolo   salanghago   sal-a-yaji
380,58:02,"울지 마, 괜찮아","울지 마, 괜찮아","ulji   ma ,   gwaenchanh-a"
381,58:06,울지 마,울지 마,ulji   ma
382,58:08,울면 안 돼,울면 안 돼,ulmyeon   an   dwae
383,58:14,가서 엄마 도와줘,가서 엄마 도와줘,gaseo   eomma   do-wajwo
384,58:17,엄마 속상하게 하지 말고,엄마 속상하게 하지 말고,eomma   sogsanghage   haji   malgo
385,59:41,엄마!,엄마!,eomma !
386,59:45,동무,동무,dongmu
387,59:47,뭐죠?,뭐죠?,mwojyo ?
388,59:48,앙카르에서 소식이 왔어요,앙카르에서 소식이 왔어요,angkaleu-eseo   sosig-i   wass-eo-yo
389,59:53,따님 키어브에 관한 소식이에요,따님 키어브에 관한 소식이에요,ttanim   ki-eobeu-e   gwanhan   sosig-i-e-yo
390,1:00:08,고마워요,고마워요,goma-wo-yo
391,1:00:12,이리 와,이리 와,ili   wa
392,1:01:44,괜찮아,괜찮아,gwaenchanh-a
393,1:01:46,걱정하지 마,걱정하지 마,geogjeonghaji   ma
394,1:01:47,엄마 여기 있잖아,엄마 여기 있잖아,eomma   yeogi   issjanh-a
395,1:01:55,널 보살펴주려고 왔어,널 보살펴주려고 왔어,neol   bosalpyeojulyeogo   wass-eo
396,1:02:46,더 빨리 일해!,더 빨리 일해!,deo   ppalli   ilhae !
397,1:03:16,왜 멀뚱멀뚱 서 있어?,왜 멀뚱멀뚱 서 있어?,wae   meol-ttungmeol-ttung   seo   iss-eo ?
398,1:03:18,어서 일해!,어서 일해!,eoseo   ilhae !
399,1:03:40,사람이 죽으면 어떻게 돼?,사람이 죽으면 어떻게 돼?,salam-i   jug-eumyeon   eo-tteohge   dwae ?
400,1:03:44,처음에는 죽은 줄 모르고,처음에는 죽은 줄 모르고,cheo-eum-eneun   jug-eun   jul   moleugo
401,1:03:49,편안하게 잔대,편안하게 잔대,pyeon-anhage   jandae
402,1:03:53,사흘간 자고 나서,사흘간 자고 나서,saheulgan   jago   naseo
403,1:03:56,3일째에 깨어나는데,3일째에 깨어나는데,3iljjae-e   kkae-eonaneunde
404,1:03:59,그때 죽었다는 걸 깨닫는대,그때 죽었다는 걸 깨닫는대,geu-ttae   jug-eossdaneun   geol   kkaedadneundae
405,1:04:04,강으로 가서,강으로 가서,gang-eulo   gaseo
406,1:04:09,몸의 더러움을 씻어낸 다음,몸의 더러움을 씻어낸 다음,mom-ui   deoleo-um-eul   ssis-eonaen   da-eum
407,1:04:13,"환생하려고
천국으로 여행을 떠난대","환생하려고
천국으로 여행을 떠난대","hwansaenghalyeogo 
 cheongug-eulo   yeohaeng-eul   tteonandae"
408,1:04:22,그게 어딘데?,그게 어딘데?,geuge   eodinde ?
409,1:04:29,나도 몰라,나도 몰라,nado   molla
410,1:04:35,"키어브 언니는
여기 안 와도 되면 좋겠다","키어브 언니는
여기 안 와도 되면 좋겠다","ki-eobeu   eonnineun 
 yeogi   an   wado   doemyeon   johgessda"
411,1:06:29,"- 임 동무 여기 있나?
- 네, 동무","- 임 동무 여기 있나?
- 네, 동무","-   im   dongmu   yeogi   issna ? 
 -   ne ,   dongmu"
412,1:06:42,"동무, 무슨 일입니까?","동무, 무슨 일입니까?","dongmu ,   museun   il-ibni-kka ?"
413,1:06:44,"프레이 스베이의
다리 보수에 일손이 모자라다","프레이 스베이의
다리 보수에 일손이 모자라다","peule-i   seube-i-ui 
 dali   bosu-e   ilson-i   mojalada"
414,1:06:50,동무가 필요해,동무가 필요해,dongmuga   pil-yohae
415,1:06:53,"잠시만요, 동무","잠시만요, 동무","jamsiman-yo ,   dongmu"
416,1:07:11,"애들 안 놀라게
담담한 표정으로 있어","애들 안 놀라게
담담한 표정으로 있어","aedeul   an   nollage 
 damdamhan   pyojeong-eulo   iss-eo"
417,1:07:23,가야 해,가야 해,ga-ya   hae
418,1:08:06,내려가야지,내려가야지,naelyeoga-yaji
419,1:08:16,이제 네가 제일 큰 오빠야,이제 네가 제일 큰 오빠야,ije   nega   je-il   keun   o-ppa-ya
420,1:08:20,그만! 시간 없어!,그만! 시간 없어!,geuman !   sigan   eobs-eo !
421,1:08:22,갈게,갈게,galge
422,1:08:26,괜찮아,괜찮아,gwaenchanh-a
423,1:08:57,"형제자매들
일할 시간이다","형제자매들
일할 시간이다","hyeongjejamaedeul 
 ilhal   sigan-ida"
424,1:09:02,어서 시작해!,어서 시작해!,eoseo   sijaghae !
425,1:09:04,아빠!,아빠!,a-ppa !
426,1:09:15,"아빠, 이리 와요!","아빠, 이리 와요!","a-ppa ,   ili   wa-yo !"
427,1:10:39,배가 아파,배가 아파,baega   apa
428,1:10:46,"엄마, 배고파요","엄마, 배고파요","eomma ,   baegopa-yo"
429,1:10:50,"알았어, 엄마가 갈게","알았어, 엄마가 갈게","al-ass-eo ,   eommaga   galge"
430,1:11:25,누구지?,누구지?,nuguji ?
431,1:11:27,잡히면 맞아 죽을 줄 알아,잡히면 맞아 죽을 줄 알아,jabhimyeon   maj-a   jug-eul   jul   al-a
432,1:11:30,"- 죄송합니다
- 내 말 못 들었어?","- 죄송합니다
- 내 말 못 들었어?","-   joesonghabnida 
 -   nae   mal   mos   deul-eoss-eo ?"
433,1:11:33,"- 대답을 해!
- 죄송해요!","- 대답을 해!
- 죄송해요!","-   daedab-eul   hae ! 
 -   joesonghae-yo !"
434,1:11:37,먹어! 먹어 보라고!,먹어! 먹어 보라고!,meog-eo !   meog-eo   bolago !
435,1:11:40,용서해 주세요!,용서해 주세요!,yongseohae   juse-yo !
436,1:11:43,이 꼬맹이가!,이 꼬맹이가!,i   kkomaeng-iga !
437,1:11:46,또 훔칠 거냐?,또 훔칠 거냐?,tto   humchil   geonya ?
438,1:11:47,안 그럴게요,안 그럴게요,an   geuleolge-yo
439,1:11:49,또 이러는 날에는,또 이러는 날에는,tto   ileoneun   nal-eneun
440,1:11:51,죽는 줄 알아!,죽는 줄 알아!,jugneun   jul   al-a !
441,1:11:56,썩 꺼져!,썩 꺼져!,sseog   kkeojyeo !
442,1:12:00,얼른!,얼른!,eolleun !
443,1:12:15,불쌍한 내 새끼,불쌍한 내 새끼,bul-ssanghan   nae   sae-kki
444,1:12:17,"죄송해요
잘해보려고 한 건데","죄송해요
잘해보려고 한 건데","joesonghae-yo 
 jalhaebolyeogo   han   geonde"
445,1:12:27,살살 할게,살살 할게,salsal   halge
446,1:13:07,모두 멀리 도망쳐,모두 멀리 도망쳐,modu   meolli   domangchyeo
447,1:13:11,각자 다른 방향으로 가,각자 다른 방향으로 가,gagja   daleun   banghyang-eulo   ga
448,1:13:15,킴은 남쪽,킴은 남쪽,kim-eun   namjjog
449,1:13:19,초우는 북쪽,초우는 북쪽,cho-uneun   bugjjog
450,1:13:23,로웅은 동쪽으로 가,로웅은 동쪽으로 가,lo-ung-eun   dongjjog-eulo   ga
451,1:13:26,알겠니?,알겠니?,algessni ?
452,1:13:39,"수용소가 나올 때까지
계속 걸어야 해","수용소가 나올 때까지
계속 걸어야 해","su-yongsoga   na-ol   ttae-kkaji 
 gyesog   geol-eo-ya   hae"
453,1:13:46,"고아라고 말하면
받아줄 거야","고아라고 말하면
받아줄 거야","go-alago   malhamyeon 
 bad-ajul   geo-ya"
454,1:13:54,"아무한테도
진짜 이름을 말하지 마","아무한테도
진짜 이름을 말하지 마","amuhantedo 
 jin-jja   ileum-eul   malhaji   ma"
455,1:14:00,"그러면 하나가 잡혀도
나머지는 무사할 거야","그러면 하나가 잡혀도
나머지는 무사할 거야","geuleomyeon   hanaga   jabhyeodo 
 nameojineun   musahal   geo-ya"
456,1:14:20,"아빠가 너희에게
이걸 남겼어","아빠가 너희에게
이걸 남겼어","a-ppaga   neohui-ege 
 igeol   namgyeoss-eo"
457,1:14:24,"“아빠, 엄마는
너희를 사랑한단다”","“아빠, 엄마는
너희를 사랑한단다”","“ a-ppa ,   eommaneun 
 neohuileul   salanghandanda ”"
458,1:15:04,가기 싫어요,가기 싫어요,gagi   silh-eo-yo
459,1:15:06,가야 해,가야 해,ga-ya   hae
460,1:15:11,"- 엄마!
- 어쩔 수 없어!","- 엄마!
- 어쩔 수 없어!","-   eomma ! 
 -   eo-jjeol   su   eobs-eo !"
461,1:15:14,도망쳐야 해,도망쳐야 해,domangchyeo-ya   hae
462,1:15:19,가,가,ga
463,1:15:21,나가!,나가!,naga !
464,1:15:23,일어나!,일어나!,il-eona !
465,1:17:21,가자,가자,gaja
466,1:17:41,"어이, 동무들","어이, 동무들","eo-i ,   dongmudeul"
467,1:17:43,아이 둘이 돌아다니고 있어,아이 둘이 돌아다니고 있어,a-i   dul-i   dol-adanigo   iss-eo
468,1:18:00,동무!,동무!,dongmu !
469,1:18:19,어디로 가려고?,어디로 가려고?,eodilo   galyeogo ?
470,1:18:20,"저희는 고아예요
살 곳을 찾고 있어요","저희는 고아예요
살 곳을 찾고 있어요","jeohuineun   go-a-ye-yo 
 sal   gos-eul   chajgo   iss-eo-yo"
471,1:18:35,저쪽으로 계속 걸어,저쪽으로 계속 걸어,jeo-jjog-eulo   gyesog   geol-eo
472,1:18:38,"붉은 깃발이
보이는 곳이 밭이야","붉은 깃발이
보이는 곳이 밭이야","bulg-eun   gisbal-i 
 bo-ineun   gos-i   bat-i-ya"
473,1:18:55,고맙습니다,고맙습니다,gomabseubnida
474,1:19:58,"동무, 여기에서
뭐 하는 거지?","동무, 여기에서
뭐 하는 거지?","dongmu ,   yeogi-eseo 
 mwo   haneun   geoji ?"
475,1:20:00,언니랑 전 고아예요,언니랑 전 고아예요,eonnilang   jeon   go-a-ye-yo
476,1:20:04,몇 살이야?,몇 살이야?,myeoch   sal-i-ya ?
477,1:20:06,"전 7살이고
언니는 10살이에요","전 7살이고
언니는 10살이에요","jeon   7sal-igo 
 eonnineun   10sal-i-e-yo"
478,1:20:11,짐 저기에 내려놓고,짐 저기에 내려놓고,jim   jeogi-e   naelyeonohgo
479,1:20:13,바로 일하러 가,바로 일하러 가,balo   ilhaleo   ga
480,1:20:15,"알겠습니다, 동무","알겠습니다, 동무","algess-seubnida ,   dongmu"
481,1:20:25,빨리!,빨리!,ppalli !
482,1:21:02,이름이 뭐야?,이름이 뭐야?,ileum-i   mwo-ya ?
483,1:21:04,사린,사린,salin
484,1:21:12,앙카르는 위대하다,앙카르는 위대하다,angkaleuneun   widaehada
485,1:21:14,"앙카르는 크메르인을
구원하고 자유롭게 한다","앙카르는 크메르인을
구원하고 자유롭게 한다","angkaleuneun   keumeleu-in-eul 
 gu-wonhago   ja-yulobge   handa"
486,1:21:18,"너희는 모두
앙카르의 자식이다","너희는 모두
앙카르의 자식이다","neohuineun   modu 
 angkaleu-ui   jasig-ida"
487,1:21:23,"찰흙은 부드러워야
형태를 잡을 수 있지","찰흙은 부드러워야
형태를 잡을 수 있지","chalheulg-eun   budeuleo-wo-ya 
 hyeongtaeleul   jab-eul   su   issji"
488,1:21:25,"너희 같은 아이만이
그런 깨끗한 존재다","너희 같은 아이만이
그런 깨끗한 존재다","neohui   gat-eun   a-iman-i 
 geuleon   kkae-kkeushan   jonjaeda"
489,1:21:28,"전선에 있는 전사들은
베트남군을 때려 부수고 있다","전선에 있는 전사들은
베트남군을 때려 부수고 있다","jeonseon-e   issneun   jeonsadeul-eun 
 beteunamgun-eul   ttaelyeo   busugo   issda"
490,1:21:33,"영광스러운 혁명의
캄푸치아 만세!","영광스러운 혁명의
캄푸치아 만세!","yeonggwangseuleo-un   hyeogmyeong-ui 
 kampuchi-a   manse !"
491,1:23:50,"사린 동무, 사트 동무!
이리로 와!","사린 동무, 사트 동무!
이리로 와!","salin   dongmu ,   sateu   dongmu ! 
 ililo   wa !"
492,1:24:01,빨리!,빨리!,ppalli !
493,1:24:34,"떨어져!
정에 치우치지 마라!","떨어져!
정에 치우치지 마라!","tteol-eojyeo ! 
 jeong-e   chi-uchiji   mala !"
494,1:24:38,"약해지면 안 돼
어서 걸어!","약해지면 안 돼
어서 걸어!","yaghaejimyeon   an   dwae 
 eoseo   geol-eo !"
495,1:24:47,"가자, 동무들","가자, 동무들","gaja ,   dongmudeul"
496,1:24:54,어서,어서,eoseo
497,1:25:10,발 끌지 말고!,발 끌지 말고!,bal   kkeulji   malgo !
498,1:26:04,스레이 동무!,스레이 동무!,seule-i   dongmu !
499,1:26:08,새 동무들을 데려왔습니다,새 동무들을 데려왔습니다,sae   dongmudeul-eul   delyeo-wass-seubnida
500,1:26:10,"아주 똑똑하고
강한 아이들입니다","아주 똑똑하고
강한 아이들입니다","aju   ttogttoghago 
 ganghan   a-ideul-ibnida"
501,1:26:13,혁명에 도움이 될 거예요,혁명에 도움이 될 거예요,hyeogmyeong-e   do-um-i   doel   geo-ye-yo
502,1:26:16,따라와,따라와,ttala-wa
503,1:26:21,베트남을 부수자!,베트남을 부수자!,beteunam-eul   busuja !
504,1:26:26,베트남은 바퀴벌레다,베트남은 바퀴벌레다,beteunam-eun   bakwibeolleda
505,1:26:29,"칼로 배를 쑤셔서
내장을 뽑아버려!","칼로 배를 쑤셔서
내장을 뽑아버려!","kallo   baeleul   ssusyeoseo 
 naejang-eul   ppob-abeolyeo !"
506,1:26:35,"우리 나라를 침략하면
어떻게 되는지 보여주자!","우리 나라를 침략하면
어떻게 되는지 보여주자!","uli   nalaleul   chimlyaghamyeon 
 eo-tteohge   doeneunji   bo-yeojuja !"
507,1:26:50,일어서!,일어서!,il-eoseo !
508,1:26:53,명심해,명심해,myeongsimhae
509,1:26:55,잘 들어라,잘 들어라,jal   deul-eola
510,1:26:57,혁명 정신을 갖춰야 한다,혁명 정신을 갖춰야 한다,hyeogmyeong   jeongsin-eul   gajchwo-ya   handa
511,1:27:18,봤지?,봤지?,bwassji ?
512,1:27:19,적을 무서워하지 마라!,적을 무서워하지 마라!,jeog-eul   museo-wohaji   mala !
513,1:27:21,고통도 무기로 사용해,고통도 무기로 사용해,gotongdo   mugilo   sa-yonghae
514,1:27:24,"적 앞에서는
약한 모습을 보이지 마","적 앞에서는
약한 모습을 보이지 마","jeog   ap-eseoneun 
 yaghan   moseub-eul   bo-iji   ma"
515,1:27:28,알아들었나?,알아들었나?,al-adeul-eossna ?
516,1:27:29,알겠습니다,알겠습니다,algess-seubnida
517,1:27:33,이해했어?,이해했어?,ihaehaess-eo ?
518,1:27:34,그렇습니다,그렇습니다,geuleohseubnida
519,1:27:38,대련 시작! 위치로,대련 시작! 위치로,daelyeon   sijag !   wichilo
520,1:27:55,땅을 잘 파고,땅을 잘 파고,ttang-eul   jal   pago
521,1:27:56,핀을 뽑아서 돌려,핀을 뽑아서 돌려,pin-eul   ppob-aseo   dollyeo
522,1:28:01,넣어,넣어,neoh-eo
523,1:28:06,평평히 두고,평평히 두고,pyeongpyeonghi   dugo
524,1:28:10,설치해,설치해,seolchihae
525,1:28:25,"나뭇잎, 가지, 흙으로 덮어","나뭇잎, 가지, 흙으로 덮어","namus-ip ,   gaji ,   heulg-eulo   deop-eo"
526,1:31:29,집중해라,집중해라,jibjunghaela
527,1:31:32,"이건 우리에게
아주 귀중한 무기다","이건 우리에게
아주 귀중한 무기다","igeon   uli-ege 
 aju   gwijunghan   mugida"
528,1:31:35,누구나 쏠 수 있지,누구나 쏠 수 있지,nuguna   ssol   su   issji
529,1:31:40,"탄창을 꺼내서 채우고
다시 넣는다","탄창을 꺼내서 채우고
다시 넣는다","tanchang-eul   kkeonaeseo   chae-ugo 
 dasi   neohneunda"
530,1:31:46,이렇게 눌러,이렇게 눌러,ileohge   nulleo
531,1:31:49,겨냥하고,겨냥하고,gyeonyanghago
532,1:31:51,오른손으로 방아쇠를 당겨,오른손으로 방아쇠를 당겨,oleunson-eulo   bang-asoeleul   danggyeo
533,1:32:11,"- 알겠나?
- 네","- 알겠나?
- 네","-   algessna ? 
 -   ne"
534,1:32:14,"- 확실해?
- 네","- 확실해?
- 네","-   hwagsilhae ? 
 -   ne"
535,1:32:16,"영광스러운 혁명의
무적 캄푸치아 군대 만세!","영광스러운 혁명의
무적 캄푸치아 군대 만세!","yeonggwangseuleo-un   hyeogmyeong-ui 
 mujeog   kampuchi-a   gundae   manse !"
536,1:34:42,다음!,다음!,da-eum !
537,1:35:08,"언니랑 몇 시간만 있다가
바로 돌아와","언니랑 몇 시간만 있다가
바로 돌아와","eonnilang   myeoch   siganman   issdaga 
 balo   dol-a-wa"
538,1:36:52,군대가 찾아왔었어,군대가 찾아왔었어,gundaega   chaj-a-wass-eoss-eo
539,1:38:19,엄마! 일어나요!,엄마! 일어나요!,eomma !   il-eona-yo !
540,1:38:22,엄마!,엄마!,eomma !
541,1:38:25,엄마!,엄마!,eomma !
542,1:39:20,"동무들, 차렷!","동무들, 차렷!","dongmudeul ,   chalyeos !"
543,1:39:26,"방심하지 마라!
방심하면 죽는다","방심하지 마라!
방심하면 죽는다","bangsimhaji   mala ! 
 bangsimhamyeon   jugneunda"
544,1:39:32,"어떻게 해서든
자신을 지켜야 한다","어떻게 해서든
자신을 지켜야 한다","eo-tteohge   haeseodeun 
 jasin-eul   jikyeo-ya   handa"
545,1:39:35,"- 이해했나?
- 네","- 이해했나?
- 네","-   ihaehaessna ? 
 -   ne"
546,1:39:38,"- 베트남을 무찌르자!
- 무찌르자!","- 베트남을 무찌르자!
- 무찌르자!","-   beteunam-eul   mu-jjileuja ! 
 -   mu-jjileuja !"
547,1:39:41,"영광스러운 혁명의
무적 캄푸치아 군대 만세!","영광스러운 혁명의
무적 캄푸치아 군대 만세!","yeonggwangseuleo-un   hyeogmyeong-ui 
 mujeog   kampuchi-a   gundae   manse !"
548,1:41:16,따라와,따라와,ttala-wa
549,1:41:25,초우 언니!,초우 언니!,cho-u   eonni !
550,1:41:29,언니!,언니!,eonni !
551,1:48:24,우리랑 같이 있자,우리랑 같이 있자,ulilang   gat-i   issja
552,1:48:37,"얘는 가트 동무
그리고 얜 게 동무야","얘는 가트 동무
그리고 얜 게 동무야","yaeneun   gateu   dongmu 
 geuligo   yaen   ge   dongmu-ya"
553,1:48:44,함께 지내자,함께 지내자,hamkke   jinaeja
554,1:48:46,나 닭 있어,나 닭 있어,na   dalg   iss-eo
555,1:48:49,같이 먹자,같이 먹자,gat-i   meogja
556,1:49:42,뱀 안에 알이 있어!,뱀 안에 알이 있어!,baem   an-e   al-i   iss-eo !
557,1:49:45,"- 알 맛있지
- 맞아","- 알 맛있지
- 맞아","-   al   mas-issji 
 -   maj-a"
558,1:51:46,"로웅, 빨리!","로웅, 빨리!","lo-ung ,   ppalli !"
559,1:58:49,동무!,동무!,dongmu !
560,1:58:51,"크메르 루주 군인이 잡혔어!
저기로 끌고 간대!","크메르 루주 군인이 잡혔어!
저기로 끌고 간대!","keumeleu   luju   gun-in-i   jabhyeoss-eo ! 
 jeogilo   kkeulgo   gandae !"
561,2:03:58,이름이 뭐니?,이름이 뭐니?,ileum-i   mwoni ?
562,2:04:00,마니라고?,마니라고?,manilago ?
563,2:04:02,이름이 뭐야?,이름이 뭐야?,ileum-i   mwo-ya ?
564,2:04:05,네 이름은?,네 이름은?,ne   ileum-eun ?
565,2:06:37,"“이 영화는 크메르 루주에
목숨을 잃은 사람과”","“이 영화는 크메르 루주에
목숨을 잃은 사람과”","“ i   yeonghwaneun   keumeleu   luju-e 
 mogsum-eul   ilh-eun   salamgwa ”"
566,2:06:45,"“살아남은 사람에게
바칩니다”","“살아남은 사람에게
바칩니다”","“ sal-anam-eun   salam-ege 
 bachibnida ”"
567,2:08:18,"“미국 공군 자료에서
270만 톤의 화약이”","“미국 공군 자료에서
270만 톤의 화약이”","“ migug   gonggun   jalyo-eseo 
 270man   ton-ui   hwa-yag-i ”"
568,2:08:22,"“중립국이었던
캄보디아에 비밀리로”","“중립국이었던
캄보디아에 비밀리로”","“ junglibgug-i-eossdeon 
 kambodi-a-e   bimillilo ”"
569,2:08:25,“투하됐음이 밝혀졌다”,“투하됐음이 밝혀졌다”,“ tuhadwaess-eum-i   balghyeojyeossda ”
570,2:08:28,“크메르 루주는 조직적으로”,“크메르 루주는 조직적으로”,“ keumeleu   lujuneun   jojigjeog-eulo ”
571,2:08:31,"“처형, 굶주림
강제 노동을 통해”","“처형, 굶주림
강제 노동을 통해”","“ cheohyeong ,   gulmjulim 
 gangje   nodong-eul   tonghae ”"
572,2:08:33,"“캄보디아 인구
약 4분의 1을 죽였다”","“캄보디아 인구
약 4분의 1을 죽였다”","“ kambodi-a   ingu 
 yag   4bun-ui   1eul   jug-yeossda ”"
573,2:08:37,“캄보디아의 딸은 기억한다”,“캄보디아의 딸은 기억한다”,“ kambodi-a-ui   ttal-eun   gi-eoghanda ”
574,2:08:41,“아무도 잊지 않도록”,“아무도 잊지 않도록”,“ amudo   ij-ji   anhdolog ”
575,2:15:47,자막: 박새별,자막: 박새별,jamag :   bagsaebyeol
