,Time,Subtitle,Translation
0,57s,"[man] Our world never stops moving,","우리의 세상은
끊임없이 움직이며"
1,1:00,"changing,",변화하고
2,1:02,evolving.,진화한다
3,1:05,"Every day, we go about our routines.","우리는 매일
같은 일상을 반복한다"
4,1:11,"Work, home, family.","일, 집, 가족"
5,1:17,But who are we?,하지만 우리는 누구일까?
6,1:20,Who am I?,나는 누구일까?
7,1:25,You think you know your beautiful wife...,내 아내를 잘 알고
8,1:29,your adorable kids...,사랑스러운 자식들과
9,1:35,and who you work for.,내 소속을 안다고 여기지만
10,1:38,But what if you don't?,그게 아니라면?
11,1:42,And the truth...,그리고 진실은...
12,1:45,once you knew it...,그걸 깨닫는 순간
13,1:48,would change everything.,모든 걸 바꿔놓는다
14,2:25,[woman] Another nightmare?,또 악몽 꿨어?
15,2:28,[man] Yeah.,응
16,2:29,I'm sorry.,미안해
17,2:32,[woman] Please see someone.,진찰 좀 받아봐
18,2:35,"I'm worried about you,
and so are the girls.","나도 애들도
당신이 걱정돼서 그래"
19,2:41,I can figure this out.,내가 알아서 할게
20,2:47,Wanna hear an even scarier nightmare?,더 무서운 악몽 들려줄까?
21,2:51,This husband...,한 남편이
22,2:52,"refuses to deal with his issues,","자기 문제를
해결할 생각을 안 해서"
23,2:55,"and so his wife goes insane
from lack of sleep,","그 아내가
수면 부족으로 미쳐"
24,3:00,and pushes him out a window.,남편을 창밖으로 밀어버린다
25,3:05,The end.,끝
26,3:49,"[monkey] Monkey see, monkey do!","원숭이는 보고, 따라 하지"
27,3:56,"Hey, what are you doing?","우리 딸, 뭐 하니?"
28,3:58,"Playing with monkey.
You can be my assistant.","원숭이랑 놀아요
아빠가 내 조수할래요?"
29,4:01,"I can be your assistant?
Well, I'd love to be your assistant,","아빠도 물론
네 조수가 되고 싶지만"
30,4:04,but I have to get to work on time.,회사에 지각하면 안 되거든
31,4:08,But you know what?,이렇게 하자
32,4:09,"Since we've all been
working really hard lately, right?","우리 가족 모두
최근에 열심히 일했잖아"
33,4:13,Especially Herman.,특히 허먼은요
34,4:15,"Especially Herman,
that's what I was thinking.","허먼은 특히 그렇지
아빠도 그 생각 중이었어"
35,4:18,"Why don't I get off of work early
and we can go to the pier?","오늘은 일찍 올 테니까
같이 부두에 갈까?"
36,4:22,[girl] Does Hanna have to come?,언니도 가요?
37,4:24,"-Hanna does have to come.
-Yeah, your big sister has to come.","- 언니도 가야지
- 언니도 데려갈 건데"
38,4:27,"But we're gonna force her
to have a good time,","대신 재밌게 놀라고
단단히 일러둘게"
39,4:29,"and if not... I'll show you.
I'll show you what we're gonna do.","근데 말 안 들으면
이렇게 할 거야"
40,4:32,"No, no!",안 돼!
41,4:34,"[laughing] Stop, stop, stop!","그만, 하지 마세요"
42,4:36,"Speaking of which, uh, where is she?",해나는 어디 있어?
43,4:38,"-One guess.
-Oh.",어디겠어?
44,4:40,"-Bye, Daddy.
-Bye, Luce.","- 아빠, 안녕
- 이따 보자, 루시"
45,4:44,"Oh, and Samantha keeps asking","맞다, 서맨사가
계속 물어보더라"
46,4:46,"when we're gonna have that party
to celebrate my work thing.","내 승진 기념 파티
언제 열 거냐고"
47,4:50,"Oh, yeah, um...","아, 그거..."
48,4:52,Let's do it tomorrow.,내일 하자
49,4:54,"-Yeah?
-Yeah.","- 정말?
- 응"
50,4:55,Okay.,알겠어
51,4:56,"I'm beginning to forget
what our friends look like.",친구들 얼굴 까먹을 참이었는데
52,5:01,"-Love you.
-You too.","- 사랑해
- 나도"
53,5:06,[whispers] The pier!,부두에 간다!
54,5:11,Good morning.,좋은 아침
55,5:13,Lobby?,로비 가시죠?
56,5:15,"Yes, please.",그래
57,5:22,It's nice weather outside.,바깥 날씨가 좋던데
58,5:24,"No talking while the elevator
is in motion, please.","승강기가 움직일 땐
말하지 마세요"
59,5:27,"Oh, that's right.",그렇지
60,5:29,Okay.,알겠다
61,5:31,"Oh, look at that, perfect timing.",완벽한 타이밍에 탔군
62,5:33,"-Pete.
-Hey.","- 피트
- 레이"
63,5:36,Ms. Elevator Person.,승강기 안내원도 계시네
64,5:40,How's the j-o-b?,일은 어떠니?
65,5:41,"Just a cog in the machine, sir.",일개 소모품인 기분이에요
66,5:43,"I'd complain to corporate,
but who would listen?","회사에 항의할 건데
듣지도 않겠죠"
67,5:47,"Thank you, miss.",고맙다
68,5:49,"Hey, Mr. Wright?",라이트 아저씨
69,5:51,Can I come see Maggie later?,이따 매기 보러 가도 돼요?
70,5:52,"Totally. Hey, we've got
a new sound system set up.","그럼, 새 스피커도 달았어"
71,5:55,"-Dance party time!
-Awesome!","- 댄스 파티 열자
- 재밌겠다"
72,5:57,"Actually, tonight we were planning
on family night.","오늘 저녁에는
가족 약속이 있어"
73,5:59,"Okay, cool. Another time.",그럼 다음에 놀러 오렴
74,6:01,Enjoy!,좋은 시간 보내!
75,6:03,"-What are you trying to do?
-Wait, wait! No, no! Wait, wait, wait!","- 가족 약속은 무슨
- 잠깐, 얘기 좀 들어봐"
76,6:11,"I know I've been out of it
these last couple weeks.","아빠가 몇 주 동안
정신없었던 거 알아"
77,6:13,Weeks?,몇 주?
78,6:15,That was a good insult.,정곡을 찔렀네
79,6:17,Thank you.,고마워요
80,6:20,Can we please spend time as a family?,"가족끼리 오붓하게
시간 보내는 거 어때?"
81,6:22,I really want to make it up to you guys.,"엄마랑 너희한테
만회할 기회를 주렴"
82,6:25,So what are we gonna do?,뭐 할 건데요?
83,6:27,I don't know.,글쎄다
84,6:29,"Guess you're just gonna
have to go upstairs and find out.",위층으로 올라가서 물어봐
85,7:33,God dammit!,젠장!
86,7:34,"-[Peter sighs]
-[woman] Reset.",재가동해
87,7:42,"Wow. I don't remember the last time
I saw you crash a machine.",자네도 고장을 내던가?
88,7:46,"The current split
and blew up both the systems.","전류가 분할되면서
양쪽 시스템이 터져버렸어"
89,7:49,"Sleeping okay? Yeah. Well, better.","- 잠은 잘 자?
- 응, 좋아졌어"
90,7:53,"You know, it's funny,
I was talking to somebody",일전에 아주 우연히
91,7:56,"and they were telling me
about this clinic that people go to...","누구한테 들었는데
불면증에 스트레스를"
92,7:59,"for, you know, sleeplessness and stress.",전문으로 다루는 병원이 있대
93,8:02,I could get you the number.,번호 알아봐 줄까?
94,8:04,"-I'm just trying...
-No, no. It's just a little mistake.","- 혹시라도 도움이...
- 그냥 실수한 거야"
95,8:09,I'm gonna fix it.,고치면 돼
96,8:10,Sure. I got you.,"그래, 그럼"
97,8:13,Okay.,그렇게 해
98,8:15,"-Let me know if you need anything.
-Okay.","- 필요한 거 있으면 말해
- 그럴게"
99,8:18,"Oh, um... David?","참, 데이비드"
100,8:21,"Is there any way I could...
take off early today?","혹시 오늘 좀
일찍 퇴근해도 될까?"
101,8:25,Will you call the number for me?,그 병원에 연락할 거야?
102,8:28,Yeah.,할게
103,8:30,All right.,알겠어
104,8:44,"[woman] The aim would be to update
the drainage systems","이 사업의 목표는
프레스콧과 콜더"
105,8:47,"along Prescott, Calder, and Willow.","윌로가를 따라 설치된
배수 시스템의 개선입니다"
106,8:50,"Now, I believe that if we focus
on the tunnels beneath these streets,",이 도로 아래 터널을 보수하면
107,8:53,"we could reduce overall runoff
in the city's west side by up to 30%.","도시 서부 지역 유수를
30%까지 줄일 수 있어요"
108,8:59,"Thank you all so much.
That's all for today.","들어주셔서 감사합니다
이상입니다"
109,9:04,"They should have done the upgrade
years ago.",진작에 보수해야 했지
110,9:06,"Hey, that was great, Al.","발표 좋았어요, 앨리스"
111,9:08,"-Thank you.
-Not at all.","- 감사해요
- 천만에요"
112,9:10,It makes me look good for promoting you.,승진시킨 보람이 있네요
113,9:12,"You want to work late tonight,","좀 늦게 퇴근할래요? 이 계획을 수자원부에
전달할 방법을 논의해보죠"
114,9:14,"talk about how to get this over the line
with Water and Power?","이 계획을 수자원부에
전달할 방법을 논의해보죠"
115,9:17,"Oh, I-I was actually going to ask you
if I could leave early today.","실은 일찍 퇴근해도 될지
여쭤보려고 했어요"
116,9:21,"-Yeah.
-Thank you.","- 그렇게 해요
- 감사합니다"
117,9:25,"WHOLE LIFE
WELLNESS CENTER","""온전한 삶
건강 관리 센터"""
118,10:06,"[woman] If we gave them a chance, maybe
they could be of benefit to the planet.",그들에게 기회를 준다면 지구에 득이 될 수도 있죠
119,10:10,"Besides, whether we like it or not,
they're here to stay,","우리가 좋든 싫든
이왕 같이 살게 된 거"
120,10:13,so we should entertain the possibility,"저들에게도
우리와 동등한 권리가"
121,10:15,"they be given the same rights
as you and I.","부여될 가능성을
고려해야 해요"
122,10:17,"[man] Same rights as you and I?
They have no rights.","우리와 동등한 권리요?
권리는 무슨 권리입니까?"
123,10:19,"At some point, they will rise up,",언젠가 그들은 폭동을 일으켜
124,10:21,"they will overtake us,
they will subdue us.","우리 위에 서서
군림하려 들 거고"
125,10:24,Okay? They will conquer humanity.,인류를 정복할 거라고요
126,10:25,"I don't mean to be alarmist,
but it's happening,","괜한 공포 조장이 아니라
이게 현실입니다"
127,10:28,"we see it happening,
and we need to take action now!","눈앞에서 일어나고 있고
당장 조치를 취해야 해요"
128,10:44,Alice!,앨리스!
129,11:24,"Do you-- do you see that?
Do you see that light?",저기 저 빛 보여요?
130,11:27,That light?,저 빛요
131,11:47,CITY ANTIQUES,"""골동품 상점"""
132,12:01,"[Alice] He probably
just had to stay late at work.",아마 야근해야 했을 거야
133,12:04,You don't need to make excuses for him.,아빠 대신 변명 안 해도 돼요
134,12:09,"You have the right to be upset
with him, honey.","아빠 때문에 화나도
뭐라고 할 사람 없어"
135,12:12,He should have called.,연락도 없었잖아
136,12:15,"He loves you, you know that.",아빠가 널 사랑하는 건 알지?
137,12:18,"[Hanna] Yeah, I know.",알아요
138,12:22,Good night.,잘 자렴
139,12:51,"[Peter] Hey, I'm really sorry.","여보, 미안해"
140,12:54,"-I see you got time to go shopping.
-Oh, I got this for the girls.","쇼핑할 시간은 있었나 보네 - 애들 주려고 샀어
- 그랬겠지"
141,12:58,Sure you did.,"- 애들 주려고 샀어
- 그랬겠지"
142,13:03,"-Can you just give me a break?
-A break? From what, exactly?","나 좀 봐주면 안 돼? 뭘 어떻게 봐줄까?
내가 사라져줘?"
143,13:06,"-From me? Or the girls?
-That's not what I'm saying.","뭘 어떻게 봐줄까?
내가 사라져줘? - 아니면 애들?
- 그런 말이 아냐"
144,13:09,"Okay, well, it sure as hell
is what you're doing.","- 아니면 애들?
- 그런 말이 아냐 행동이 말해주잖아"
145,13:16,"I had one of those nightmares,",항상 꾸던 악몽을...
146,13:19,today... at work.,오늘 회사에서도 꿨어
147,13:22,"I passed out, and that's why I'm late.","나도 모르게 쓰러졌나 봐
그래서 늦은 거야"
148,13:28,"Peter, I...",피터
149,13:31,"I am worried about you, okay?",난 당신이 걱정돼
150,13:33,I know.,알아
151,13:34,"This is me, this is your daughters,
they're worried about you too.","나랑 애들이
당신을 얼마나 걱정하는데"
152,13:37,I don't...,대체 왜...
153,13:39,"understand why you won't
just get some help.","도움을 안 받는 건지
이해가 안 돼"
154,13:41,They're just gonna say it's in my head.,내 망상이라고 할 테니까
155,13:43,Because it is just in your head.,당신 망상 맞아
156,13:47,[Lucy] Mommy?,엄마?
157,13:53,Why were you guys yelling?,왜 아빠랑 싸워요?
158,13:54,"It's okay, baby. Come on.
Everything's fine.","아냐, 별일 아니니까
걱정 말고 자"
159,14:18,"[Lucy] Mommy, wake up.","엄마, 일어나요"
160,14:21,"Mommy, please, wake up.","엄마, 제발 일어나요"
161,14:24,Please. Please.,제발요
162,14:27,"Mommy, wake up.",이제 그만 일어나요
163,14:32,"Mommy, please, wake up.","엄마, 제발 일어나요"
164,14:43,"-[Alice] Girls!
-[Lucy] No, no, no, no! Stop!","- 얘들아!
- 안 돼, 하지 마! - 그만해!
- 얘들아"
165,14:46,"[Alice] Hey, girls! Girls!
Stop for a second, please.","얘들아, 1초만이라도
가만히 있어봐"
166,14:51,"-Have you seen my briefcase anywhere?
-[Hanna and Lucy] No!","엄마 서류 가방 봤니? - 아뇨
- 못 봤어요"
167,14:55,"WHOLE LIFE
WELLNESS CENTER","""온전한 삶
건강 관리 센터"""
168,15:01,"[Peter] Morning, girls.",잘들 잤니?
169,15:03,Can we talk about last night?,어제 얘기 좀 할까?
170,15:09,Hanna...,해나
171,15:10,"Hey, I'm sorry.",아빠가 미안해
172,15:20,"Hey, what's up with Herman?",허먼은 왜 그러니?
173,15:22,"-[Lucy] He won't talk anymore.
-[Peter] Yeah?","- 말을 안 해요
- 그래?"
174,15:27,Maybe he's mad at you.,아빠한테 화났나 봐요
175,15:30,Oh.,이런
176,15:33,Well...,뭐...
177,15:35,he has every right to be.,그럴 만하지
178,15:38,"Hey, Luce, can I talk to Herman?","아빠가 허먼하고
얘기 좀 해도 될까?"
179,15:44,"Herman, I understand your frustration,","허먼, 실망한 거 알아"
180,15:48,and...,그리고...
181,15:49,"while an apology isn't fix-all,",사과로 해결되진 않겠지만
182,15:52,I am sorry that I missed family night.,어제 약속 못 지켜서 미안해
183,15:57,"If you want, I can take a look at him, see if there's anything I can do
about that voice.","괜찮으면
아빠가 한번 고쳐볼게"
184,16:05,[Lucy] When's he gonna talk again?,다시 말할 수 있을까요?
185,16:07,"I think if we just reroute
one of these wires...","이 전선만
다른 데 연결하면 될 거야"
186,16:13,"All right, Herman, what do you say?","허먼, 이제 어떠니?"
187,16:15,"[Herman] Monkey see, monkey do!","원숭이는 보고, 따라 하지"
188,16:18,"Thanks, Dad.","고마워요, 아빠"
189,16:20,"[Herman] Monkey see, monkey do!","원숭이는 보고, 따라 하지"
190,16:30,I called that doctor.,의사한테 연락했어
191,16:31,She's gonna see me after work today.,오늘 퇴근하고 가볼 거야
192,16:35,Really?,진짜?
193,16:37,Yup. You bet.,"그래, 진짜"
194,16:58,"[woman] Here at Whole Life, your mental health
is our number one priority.","저희는 여러분의 정신 건강을
최우선으로 생각합니다"
195,17:02,"Become the best you you can be,","행복하고 건강한 사회를
조성하기 위해"
196,17:04,"with our discreet and expert services,
provided at no cost to you,","무료로 제공해 드리는
전문가의 도움을 받아"
197,17:09,"in the interest of a happy
and healthy society.",최상의 건강 상태를 누리세요
198,17:15,[man] What do you see?,뭐가 보여요?
199,17:18,"I'm sorry, what?",뭐라고요?
200,17:21,"You're having trouble sleeping, right?",수면 장애가 있죠?
201,17:24,"-Yeah.
-Yeah. Yeah.","- 네
- 그렇겠죠"
202,17:27,"Well, something's coming.",뭔가가 다가오고 있어요
203,17:31,What do you mean something's coming?,그게 무슨 소리예요?
204,17:34,The lights.,그 빛요
205,17:36,"Yeah, up above.","네, 하늘에서요"
206,17:38,All the people running...,사람들은 도망치고...
207,17:41,dying.,죽어가죠
208,17:43,"[exhales]
Do you see anyone you care about?",사랑하는 사람이 보여요?
209,17:47,We're not alone.,우리뿐이 아니에요
210,17:49,"But they... they don't want us
to know what's coming.","하지만 저들은
우리가 알아채는 걸 원치 않죠"
211,17:53,"They want to control us,
don't want us asking questions.","우리를 통제하려 하고
질문을 막으려 해요"
212,17:56,"That's why they erase our thoughts,
because if we knew what was coming...","그래서 우리 생각을
지워버리는 거예요 뭐가 다가오는지
우리가 알아채면"
213,18:01,"-Chaos.
-[woman] Chris.","- 혼돈이 펼쳐질 테니까
- 크리스"
214,18:04,Do you want to come through?,들어오실래요?
215,18:12,We're not crazy.,우린 미치지 않았어요
216,18:15,I just...,난 그냥...
217,18:16,I need this to stop.,이 고통을 멈추고 싶어요
218,18:38,"[man over PA]
Planet evacuation in progress.",지구 대피 진행 중
219,18:41,[David] They'll be back.,놈들은 돌아올 거야
220,18:43,I'll meet you back at the factory.,공장에서 보자고
221,19:00,[Alice] How was it?,어땠어?
222,19:03,I went...,갔는데...
223,19:05,And what'd they say?,의사가 뭐래?
224,19:07,Well...,그게...
225,19:09,She didn't get to say anything.,아무 얘기 못 들었어
226,19:11,I left before the appointment.,진찰 시간 전에 나왔거든
227,19:14,"Just hear me out. What if I'm meant
to be seeing these things?","좀 들어봐, 이런 걸 보고
이런 꿈을 꾸는 게"
228,19:18,Or having these dreams?,내 운명이라면?
229,19:20,What if something bad is coming...,뭔가 나쁜 일이 생기는데
230,19:23,and this is like a sign? Stop. Just...,"- 이게 그 징조라면?
- 그만해"
231,19:28,"Our friends will be here soon,
please make an effort.","친구들이 곧 도착할 거야
즐거운 척이라도 해"
232,19:31,I'm sorry.,미안
233,19:33,I'm sorry.,미안해
234,19:59,"[Alice] The tunnel system is so old,
no one else would take it on, that's all.","터널 시스템이 워낙 오래돼서
아무도 안 맡은 것뿐이야"
235,20:02,"This promotion is a big deal, Al.
You should be happy.","이번 승진은 굉장한 거야
기뻐할 만한 일이지"
236,20:05,"-[Alice] I am.
-Good.","- 나도 기뻐
- 그래"
237,20:11,"Hey, hey...",앨리스
238,20:13,"Don't you worry about him.
It's your night, okay?","피터 걱정은 접어둬
오늘은 널 위한 밤이야"
239,20:16,I know.,알아
240,20:18,"-[girl] Mom?
-Yes?","- 엄마
- 응?"
241,20:21,"Daddy said to ask you
if I can take Hanna and Lucy to our place.","우리 집에 해나랑 루시
데려가고 싶은데 아빠가 엄마한테 물어보래요"
242,20:25,"-[Samantha] Why?
-[Megan] To play music.","- 왜?
- 음악 들려주려고요"
243,20:26,"[Samantha] Oh, no, honey.
It's rude to leave. Okay?","안 돼, 중간에 나가는 건
무례한 짓이야"
244,20:48,[man] Good night!,잘 있어요!
245,20:50,"Last few guests are taking off,
in case you wanted to say goodbye.",마지막 손님들이 가는 중이야 작별 인사 하려면 해
246,20:54,Or hello.,반갑다고 인사하거나
247,20:57,[Peter] Did my wife send you over?,앨리스가 보냈어?
248,20:59,"No, worse. My wife.","아니, 더 심각해
내 아내가 보냈어"
249,21:09,"You know, I like to look up sometimes.",나도 하늘 보는 거 좋아해
250,21:12,"It puts everything in perspective,
don't you think?",모든 걸 넓게 보게 되잖아
251,21:15,What do you really want to ask?,진짜 묻고 싶은 게 뭐야?
252,21:21,I know it's none of my business.,내가 상관할 일은 아니지만
253,21:23,"I think you're looking
in the wrong direction.",자네는 엉뚱한 곳을 보고 있어
254,21:25,"I mean, you're out here
focused on whatever's up there,","지금 이렇게 나와서
하늘을 올려다볼 게 아니라"
255,21:28,"when you should be looking
at what's in there.",자네 주변을 둘러봐야 해
256,21:30,I am.,그러고 있어
257,21:35,What the hell is that?,저게 대체 뭐지?
258,21:38,You see that?,자네도 보여?
259,21:40,You kidding? Of course I can.,장난해? 당연하지
260,22:00,What is that?,저게 뭐야?
261,22:27,[Alice] You okay?,당신 괜찮아?
262,22:32,What the hell was that?,방금 대체 뭐였어?
263,22:47,"Everyone, get inside! Now!","안으로 들어가, 당장!"
264,22:51,[Alice] The girls! Hanna!,얘들아! 해나!
265,22:53,[Samantha] Megan!,메건!
266,23:01,Hanna!,해나!
267,23:02,Megan!,메건!
268,23:04,"-Megan!
-Hanna!","- 메건!
- 해나!"
269,23:08,Hey! Hey!,루시
270,23:13,Where's your sister?,언니는 어디 있어?
271,23:14,"-I want Mommy!
-I know, I know, I know. Alice!","- 엄마 불러줘요
- 알았어, 앨리스!"
272,23:17,"-Lucy!
-Mommy!","- 루시!
- 엄마!"
273,23:18,"-Come here, baby.
-Where's your sister?","- 이리 와, 아가
- 언니는 어디 있어?"
274,23:20,"-They have to be at our place.
-[Peter] Stay with Lucy!","우리 집에 있을 거예요 루시랑 있어!
해나 찾아서 데려올게"
275,23:23,I'll find Hanna and bring her back.,"루시랑 있어!
해나 찾아서 데려올게"
276,23:25,It's okay. It'll be okay.,괜찮을 거야
277,23:26,"[man over PA]
This is an emergency broadcast.",긴급 특보입니다
278,23:29,"Please make your way
to the nearest government facility","안전을 위해
가장 가까운 정부 시설로"
279,23:31,in order to ensure your safety.,대피해 주십시오
280,23:33,This is an emergency broadcast.,긴급 특보입니다
281,23:35,"Please make your way
to the nearest government facility","안전을 위해
가장 가까운 정부 시설로"
282,23:38,in order to ensure your safety.,대피해 주십시오
283,23:46,Megan!,메건!
284,23:48,Megan!,메건!
285,23:49,"-[Ray] Hanna!
-[Samantha] Megan!",해나!
286,23:53,[Ray] Hanna!,해나!
287,24:03,"-Get down!
-[gunshots]",숙여!
288,24:28,They're not here.,애들은 여기 없어
289,24:31,I know where they are.,어디 있는지 알겠어
290,24:42,"Oh, no.",이럴 수가
291,24:43,"Whatever's in those ships
must be in the building.","아까 본 그놈들은
건물 안에 있을 거야"
292,24:46,"Megan, are you in there?","메건, 거기 있니?"
293,24:49,"Hanna, are you there?","해나, 거기 있어?"
294,24:51,Hanna!,해나!
295,24:57,"Come on, we gotta get down there.",우리가 내려가야겠어
296,25:02,Come on!,제발!
297,25:14,Hurry!,서둘러!
298,25:21,Dad! What's happening?,아빠! 어떻게 된 거예요?
299,25:25,"-Come on, baby. I gotcha.
-Daddy!","- 괜찮아, 아빠가 왔어
- 아빠!"
300,25:29,"Hurry up, we gotta get out of here!",빨리 여기서 나가자
301,25:30,"Okay, come on.",어서 가!
302,25:33,"Daddy's got you, baby.",아빠가 잡았어
303,25:36,Come on. There you go. There you go.,"- 어서 올라와
- 올라가렴"
304,25:42,Let's go.,가자
305,25:45,"-Where's Mom and Lucy?
-They're safe. They're safe.","- 엄마랑 루시는요?
- 둘 다 안전해"
306,25:49,It's clear. Pass them up.,애들 올려보내
307,27:13,Stop.,잠깐
308,27:15,Go and look.,가서 보고 와
309,27:18,It's okay.,괜찮아
310,27:51,"-Okay! Let's go!
-You see anything?","- 어서 가자!
- 뭐 봤어?"
311,27:52,Let's go! Come on! Come on!,어서 가! 빨리!
312,27:58,Hanna! Are you okay?,해나! 괜찮니?
313,28:01,"Oh, my God. Are you okay?","세상에, 안 다쳤어?"
314,28:03,"-Lucy! Oh, God.
-Let's go.","- 루시!
- 가자"
315,28:05,"Come on, hurry.",서두르자
316,28:06,"-[loud thundering]
-Okay, get under the table.",상 밑으로 들어가
317,28:10,"Ray went to get Sam
and then they're gonna meet us here.","레이가 서맨사 데리고
이리 올 거야"
318,28:12,"-Okay. It's okay.
-Hey, can I talk to you for a second?","- 괜찮아
- 잠깐 얘기 좀 해"
319,28:18,"-There's some things in the building.
-In your nightmares,","- 건물에 뭔가 있어
- 당신이 악몽에서"
320,28:21,this is what you saw?,봤던 게 이거야?
321,28:22,"-Yes, it's what I saw!
-Then what do we do?","- 그래, 맞아!
- 이제 어떡해?"
322,28:24,"What happens in the dream?
What happens next? What do we do?","꿈에선 어떻게 됐어?
이제 어쩌면 되는데?"
323,28:27,"-What happens next in the dream?
-In the dream... they're not in order.",꿈에선 어떻게 됐냐고 꿈에선 순서가 뒤죽박죽인데
324,28:31,[Peter] And I saw David.,데이비드를 봤어
325,28:35,I feel like we should go to the factory.,공장으로 가야 할 것 같아
326,28:36,Okay.,알겠어
327,28:43,"Ray and Sam should've been here
by now, right?","레이네가 지금쯤이면
왔어야 하지?"
328,28:46,We need to barricade the door.,문을 막아야 해
329,28:48,"-With what?
-Peter, come on.","- 뭐로?
- 피터, 서둘러!"
330,29:06,"All right. Come on, girls. Come on.","얘들아, 나와"
331,29:17,"I have to go help your dad, okay?",엄마는 아빠를 도와야 해
332,29:19,"So, Hanna, I need you
to look after your sister.","그러니까 해나 네가
동생을 돌봐주렴"
333,29:21,"-All right?
-Don't leave!","- 알겠지?
- 가지 마요!"
334,29:23,"It's okay, baby.",괜찮아
335,29:40,Alice!,앨리스!
336,29:44,I'll be right back.,금방 올게
337,29:45,"You stay here, okay? Do not open the door.","여기 있어
문 열지 말고"
338,29:50,"God, I love you both so much.",둘 다 사랑한다
339,29:53,Okay.,그래
340,30:08,What are you doing?,뭐 하려고?
341,30:09,"-Herman!
-Lucy! Come back!","- 허먼!
- 루시!"
342,31:13,"Go, go!",뛰어!
343,31:17,Where's your sister?,루시는?
344,31:19,She went looking for Herman.,허먼 찾으러 갔어요
345,32:05,"[Herman] Monkey see, monkey do!","원숭이는 보고, 따라 하지"
346,32:37,I'm not afraid of your shadow.,"난 너 안 무서워
이 그림자야"
347,32:40,You can't hurt me.,넌 날 해칠 수 없어
348,33:16,Lucy!,루시!
349,33:18,Come here!,이리 와!
350,33:41,Mommy!,엄마!
351,33:46,Watch out! Girls!,"위험해, 이리 와"
352,33:48,Come over here. Come over here.,이리 오렴
353,33:51,"All right, let's go before more come.",놈들이 더 오기 전에 가자
354,33:53,"Okay, come on.",어서 가자
355,33:55,Come on.,어서
356,33:59,[Alice] Keep your eyes closed.,눈 꼭 감아
357,34:08,Close your eyes.,눈 뜨지 마
358,34:14,[Alice] There's more of them?,놈들이 더 있어
359,34:16,They're moving up through the building.,건물 내부로 들어가고 있어
360,34:22,They're all through. They're all through.,다 지나갔어
361,34:59,Stay here.,여기 있어
362,35:08,"[Lucy] Daddy, don't go!","아빠, 가지 마요!"
363,35:58,"No, no, no! Stay!","안 돼, 가지 마!"
364,36:03,"You scared the hell out of us, man.",놀라 죽는 줄 알았네
365,36:06,Where are the girls?,앨리스랑 애들은요?
366,36:11,"[Peter] Alice, it's safe.","앨리스, 안전해"
367,36:13,"Okay, come on. Come on.","얘들아, 올라가자"
368,36:20,"Oh, my God.",무사했구나!
369,36:21,"Lucy, Hanna!",루시! 해나!
370,36:23,Lucy!,루시!
371,36:26,"Megan, where have you been?","메건, 어디 있었어?"
372,36:28,What's happening?,어떻게 된 거예요?
373,36:32,What is happening?,이게 다 무슨 일이야
374,36:41,"[Hanna] We'll be safe up here,",여긴 안전한 거죠?
375,36:43,"-right?
-[Alice] Just stay close to me.","- 그렇죠?
- 엄마한테 붙어 있어"
376,36:51,[Alice] Who are they?,정체가 뭐지?
377,36:53,Why are they doing this?,왜 이러는 걸까?
378,37:03,[Hanna] Those people!,저기 사람들이 있어요
379,37:06,What do we do?,어쩌지?
380,37:08,I don't know.,모르겠어
381,37:15,[Peter] Get down!,숙여!
382,37:27,Mommy!,엄마!
383,37:31,What's happening?,왜 이러는 거예요?
384,37:49,"Hey, Alice. We can't stay up here.","앨리스, 여기서
계속 있으면 안 돼"
385,37:55,"-Come on, Lucy.
-Let's get out of here.","- 일어나, 루시
- 여기서 나가자"
386,37:58,"-Okay, come on. Stay calm.
-Where are we going?","- 가자, 침착하고
- 어디로 가요?"
387,38:00,"-Don't let go of each other's hands.
-Where are we going?","- 서로 손 놓지 마
- 어디 가는 거예요?"
388,38:02,"[Peter] I think we can use this
to get down.",이걸 타고 내려가자
389,38:04,"-We should use this.
-[Alice] What? No.","- 이걸로 가야겠어
- 뭐? 안 돼"
390,38:06,"-Alice!
-No! No.","- 앨리스!
- 안 된다고!"
391,38:08,"-I'm not putting the girls on that.
-Alice!","- 나도 애들 못 태워요
- 앨리스!"
392,38:10,"-No! I'm not getting in there.
-We need to get off this roof.","- 안 돼, 난 안 타
- 여기서 내려가야 해"
393,38:12,"If it's between taking the girls
through the building",애들을 저기에 태우느니
394,38:14,"-or putting them in that thing...
-If we stay here, we die.","- 차라리 건물 계단으로...
- 여기 있으면 죽어"
395,38:17,"If we go through the building, we die.",건물 안으로 들어가도 죽고
396,38:19,"Just trust me, please.
I need you to trust me.","그냥 날 믿어줘, 부탁이야"
397,38:21,"We haven't got time for this.
This is gonna work. Let's go.","이럴 시간 없어
괜찮을 테니 어서 가자고"
398,38:27,[Samantha] No!,안 돼!
399,38:28,"-I don't wanna go down there!
-It's okay, come on.","- 내려가기 싫어요
- 괜찮으니까 어서 와"
400,38:30,"-Okay, okay.
-No!","- 알겠어
- 싫은데"
401,38:32,Okay.,그렇지
402,38:34,"-Come on. Come with us.
-Get her down.","- 이리 오렴
- 애부터 받아"
403,38:36,"I don't wanna go, Mommy!","가기 싫어요, 엄마"
404,38:53,[Alice] Baby...,괜찮아
405,39:06,"Oh, Mommy, I'm scared!","엄마, 무서워요!"
406,39:08,"I don't like it up here, Mommy.",여기 있기 싫어요
407,39:14,What's happening?,잘 가고 있어요?
408,39:21,Mommy!,엄마!
409,39:22,"[Peter] I got you, I got you!",내가 잡았어
410,39:23,"-Hold on, hold on!
-Nobody move.","- 침착해!
- 다들 움직이지 마"
411,39:25,"-I wanna get off!
-Don't move!","- 내리고 싶어요
- 움직이지 마!"
412,39:32,We gotta go in.,안으로 들어가야 해
413,39:35,"[Alice] No! Lucy, don't look down!","루시, 내려다보지 마"
414,39:37,"Go on, Lucy. Come on.",어서 가렴!
415,39:38,"Come on! Go, go, go!",어서 들어가!
416,39:40,"-Hanna, let's go.
-They could be in there!","- 해나, 가자!
- 놈들이 있으면요?"
417,39:42,"Hanna, we have to go!","해나, 들어가야 해!"
418,39:43,"Quick, quick!",서둘러!
419,39:47,"-Grab on!
-Go, go!","- 꽉 잡아!
- 빨리 가!"
420,39:59,"HANNA LUCY
HERMAN","""해나, 루시, 허먼"""
421,41:18,"Here. I found a flashlight. Don't turn it on, okay?","여기, 손전등이야
켜지 말고 있어"
422,41:35,In the dreams...,꿈에서...
423,41:42,did you see them kill us?,우리 죽는 거 봤어?
424,41:51,"-[Alice] Did you see them kill our girls?
-Mommy, wake up.","애들 죽는 거 봤어? 엄마, 일어나요"
425,41:56,"Mommy, please wake up.",제발 일어나요
426,41:57,"[Alice] Peter, you have to tell me.","피터, 나한텐 얘기해줘"
427,42:08,"Hey, any luck with this?",뭐 좀 찾았어?
428,42:12,"[Peter] Um, the technology's
not much different than ours,","우리 기술과
크게 다르지는 않은데"
429,42:14,"but it's got a biometric trigger,
which can only be shot by its owner.","이건 생체 인식 방아쇠라
주인만 쏠 수 있어"
430,42:18,"-[Ray] Can you bypass it or something?
-I'm working on it.","- 그냥 쓸 수는 없어?
- 노력 중이야"
431,42:22,"Either way, I don't think
we should stay here much longer.","어쨌든 여기 더 있으면
안 될 것 같아"
432,42:25,"No, I think we need to leave the city.",도시를 떠나야 해요
433,42:27,Find some place to hide.,숨을 곳을 찾아서
434,42:29,"-Wait for help.
-Wait, wait...","- 구조를 기다리는 거야
- 잠깐만"
435,42:32,"The factory I work at,
it's not far from here...","내가 일하는 공장이
여기서 멀지 않은데"
436,42:36,and it's a government building.,정부 건물이야
437,42:41,"And it's, uh... it's right there.",바로 저기 있어
438,42:44,It's like... it's about ten blocks away.,열 블록 정도 떨어져 있지
439,42:47,[Samantha] Is it safe?,안전해요?
440,42:48,"How do we know anywhere
is safe right now?",안전한지 어떻게 알아요?
441,42:51,"Because of what's underneath it.
It's all storage space.",건물 지하가 전부 창고라
442,42:54,It's like a fortress down there.,요새나 다름없어요
443,42:56,"I mean, it's just getting there.",거기까지 가는 게 문제지
444,43:00,"[Ray] Yeah, they're still firing
at anything that moves.","그래, 움직이는 건
뭐든 쏘고 있어"
445,43:03,"Unfortunately, that's our only chance.",지금은 그 방법밖에 없어
446,43:05,The tunnels.,터널!
447,43:07,"The tunnels, there's the entrance...",그 터널에 입구가 있잖아
448,43:10,What street? There's the opening on...,"그 터널이
어느 거리에 있더라..."
449,43:13,"-Prescott!
-On Prescott!",프레스콧!
450,43:15,"That's only a few blocks from here. We can
get to the factory through the tunnels.","맞아, 몇 블록만 가면 돼 그 터널로
공장까지 갈 수 있어"
451,43:18,"-[Peter] Yeah.
-Yes.","- 그래?
- 맞아요"
452,43:19,"-We can make it a few blocks, right?
-Yeah.",몇 블록은 갈 수 있겠지?
453,43:56,Dad!,아빠!
454,43:59,Daddy!,아빠!
455,44:06,Lucy!,안 돼!
456,44:26,"Come on, let's go! Let's go! Let's go!",가자! 빨리 와!
457,44:31,This way! Come here!,조심해
458,44:36,"-Move it! Oh, shit! Get down!
-[gunfire]",피해!
459,45:04,"It's okay, it's okay, it's okay.",괜찮아
460,45:11,Dad!,아빠!
461,45:17,"-All right, let's move.
-[Hanna] No, not there!",이제 가자 저기로는 안 가요!
462,45:19,"The factory's ten blocks away,
we're gonna be safe.","공장까지만 가면
안전할 거야"
463,45:22,"We're not going
to let anything happen to you.","엄마, 아빠가
어떻게 해서든 지켜줄게"
464,45:25,Okay? To either of you.,알겠지? 너희 둘 다
465,45:27,"-Okay?
-Let's go, let's go!","- 엄마 믿지?
- 가자!"
466,45:28,"-Okay? Come on.
-Let's go!","- 이제 가자!
- 서둘러!"
467,45:32,"[Lucy] Are we gonna die
like Megan's family?","메건네 가족처럼
우리도 죽는 거예요?"
468,45:35,"[Peter] Don't worry, honey,
you'll be safe.","걱정 마, 무사할 거야"
469,45:47,"Come on, come on. Lucy.",도와주세요!
470,45:51,"[man] Please, stop!",제발 이러지 마요!
471,46:13,"-Who are they?
-I don't know.","- 저 사람들은 뭐야?
- 모르겠어"
472,46:18,Go!,가자!
473,46:24,"Go, go! Get down!",어서 엎드려!
474,46:27,[Alice] Stay down. Stay down.,가만히 있어
475,46:37,"-Let's go, let's go, let's go!
-Come on!","- 이제 가도 돼
- 가자"
476,46:39,"-Come on, run!
-Go, go, go!","- 어서!
- 빨리 가!"
477,46:41,"Run, run, run!",뛰어!
478,47:05,Up here.,이쪽이야
479,47:06,"-Come on.
-[Peter] Where should we go?",얼른 와 어느 쪽?
480,47:09,It's to the right.,오른쪽
481,47:22,Okay...,됐어
482,47:25,"-[Alice] On the other side of the plants.
-[Peter] Okay, I'll go first.","- 저 덤불 맞은편이야
- 내가 먼저 갈게"
483,47:28,Stay down.,조심해
484,47:54,"Go, hurry.",빨리 가!
485,47:56,"Here, get up. We have to be quick.","이리 올라와, 서둘러야 해"
486,48:01,"Okay, come here. Come here.",이리 와
487,48:03,"Okay, be careful. Be careful.",조심히 내려가
488,48:07,Stay right there. Stay right there.,거기서 기다려
489,48:10,"-Come on.
-Go. Go to Dad.","- 어서 와
- 아빠한테 가"
490,48:18,Lucy!,루시!
491,48:20,Lucy!,루시!
492,48:23,"Lucy, come here!","루시, 이리 와!"
493,48:29,Take her!,받아!
494,48:31,Come on!,빨리!
495,48:39,"-Let's go! Let's go!
-[Lucy screams]",피해!
496,49:07,Is everyone okay?,다들 괜찮아?
497,49:09,You okay?,괜찮니?
498,49:19,Mom?,엄마?
499,49:25,Dad?,아빠
500,49:27,Do something.,어떻게 좀 해봐요
501,50:13,[Lucy] Mommy...,엄마
502,50:16,"It's okay, baby.",엄마 괜찮아
503,50:18,"Okay, watch your step.",발밑 조심해
504,50:20,There we go.,됐어
505,50:24,"Okay, which way?",어느 쪽이야?
506,50:26,We're under the park.,여기가 공원 밑이니까
507,50:29,North.,북쪽
508,50:31,Okay.,알겠어
509,50:32,"Come on, girls.","얘들아, 힘내"
510,50:38,[Alice] What happens from here?,여기서는 어떻게 돼?
511,50:41,Did you see this?,이것도 봤어?
512,50:43,[Peter] Not like this.,이렇지는 않았어
513,50:44,[Alice] Promise me that you're going...,"약속해, 애들을..."
514,50:48,to protect the girls.,지켜내겠다고
515,50:51,No matter what happens.,무슨 일이 있더라도
516,50:54,Okay?,알겠지?
517,50:55,"-Alice...
-Just promise me.","- 앨리스
- 약속부터 해"
518,50:58,"I don't want to do this
without you, please.",당신 없이는 못 해
519,51:01,"-Please, I don't want to. Please...
-Promise--","나 혼자선 안 돼
제발 이러지 마"
520,51:04,I know you can do it.,당신은 버틸 수 있어
521,51:06,"Come on, you can do it.","기운 내, 할 수 있어"
522,51:09,Please.,부탁이야
523,51:12,Okay.,알겠어
524,51:13,"There you go, there you go.","그래, 힘내"
525,51:15,Yes.,그거야
526,51:16,"There we go, that's my Alice.",이래야 앨리스지
527,51:19,That's my Alice.,잘하고 있어
528,51:24,"I need to sit. No problem. Okay, okay.","- 앉아야겠어
- 그래, 알겠어"
529,51:31,Okay.,됐어
530,51:37,Rub her hands.,엄마 손 주물러줘
531,51:39,"-Is she gonna be okay?
-Yes, she's gonna be fine.","- 엄마 괜찮아요?
- 괜찮을 거야"
532,51:41,Keep them warm. Keep them warm.,따뜻하게 계속 주물러줘
533,51:44,You're doing okay. You're doing okay.,당신 잘 버티고 있어
534,51:48,"Let her rest, it's fine. It's okay.",엄마 쉬게 해주자 괜찮아
535,51:51,"-It's okay.
-Daddy!","- 걱정 마
- 아빠!"
536,51:58,Leave my daddy alone!,우리 아빠 건드리지 마!
537,52:14,"[Lucy] Daddy, I'm scared.","아빠, 무서워요"
538,52:16,[Peter] Just stay there.,거기 가만히 있어
539,53:07,Why are you here?,여기 왜 왔어!
540,53:13,You want to hurt my family?,내 가족을 해치려고?
541,53:15,"Is that what you want?
You want to hurt my family?","그게 네 목적이야?
내 가족을 해치는 거?"
542,54:02,What...,이게 대체...
543,54:05,Who are you?,넌 정체가 뭐야?
544,54:12,Why are you doing this?,이러는 이유가 뭔데?
545,54:15,[Hanna] Mom?,엄마?
546,54:18,Mom?,엄마!
547,54:19,She-- she won't wake up!,엄마가 안 일어나요!
548,54:21,"Mom, wake up! Mom!","엄마, 일어나요!"
549,54:23,"-[Lucy] Say something!
-[Hanna] Mom!","- 말 좀 해요!
- 엄마!"
550,54:26,"-Mom, come on, wake up!
-Daddy, help!","- 제발 일어나요!
- 아빠, 도와줘요!"
551,54:29,Mommy! Let's get her up. Let's get Mommy up.,"- 엄마!
- 엄마 일으켜 세우자"
552,54:38,"Girls, get behind me.",아빠 뒤로 와
553,54:40,"Get behind me, girls. Get behind me. Lucy, get behind me.","얘들아, 어서
아빠 뒤로 와"
554,54:50,Pick her up.,내 아내를 들어
555,54:52,Do you understand me?,내 말 알아들어?
556,54:56,Pick her up right now.,내 아내를 들라고
557,55:05,Pick her up right now. And I want you to move slow.,"내 아내를 들고
천천히 움직여"
558,56:12,Hello?,누구 없어요?
559,56:14,Hello?,누구 없어요?
560,56:15,"-[bangs on door]
-Hello?",이봐요!
561,56:18,Maybe one of the other doors.,다른 문인가 봐요
562,56:20,Mom needs help now.,엄마를 치료해야 해요
563,56:34,"No, no.",잠깐만요!
564,56:36,"-Oh, here, here.
-Here. Move!","- 여기 가져가세요
- 진입!"
565,56:38,"No, no, no!
Please, please! Please, no, no!",이러지 마요! 제발요!
566,56:40,"No, no, no, please.",안 돼요!
567,56:41,"That's my wife, she's in bad shape.
We need help.","내 아내인데 많이 다쳐서
도움이 필요해요"
568,56:43,Peter?,피터?
569,56:45,"-David.
-[man] Hold up, hold up!","- 데이비드
- 놈을 붙잡아"
570,56:48,"-Hey.
-You got one.","- 도와줘
- 자네가 잡았군"
571,56:49,"Alice, she's in bad shape right now,
she needs help right away.","앨리스 상태가 심각해
당장 치료해야 해"
572,56:52,"Hey, gurney! Right now!",거니! 이리 와요!
573,56:54,"[man] Yes, sir!",알겠습니다
574,56:55,Coming through.,지나갈게요!
575,56:56,She was hit on the left side really bad.,좌측에 심한 총상을 입었어요
576,56:59,Any other injuries?,다른 부상은요?
577,57:01,"-Not that I...
-[Hanna] Dad!","- 아마...
- 아빠!"
578,57:03,They're coming.,놈들이 와요
579,57:05,"[David] Everybody, inside, now!",모두 안으로 들어가!
580,57:25,[woman] Hold her steady.,"- 꽉 잡아요
- 계속해요"
581,57:29,"-Scan her.
-You got to stop the bleeding.","- 스캔해
- 지혈해야 해요"
582,57:31,What is that?,그건 뭐죠?
583,57:33,"-Stop!
-Stop it!","- 그만해요!
- 안 돼!"
584,57:34,"Wait, what are you doing?",뭐 하는 겁니까?
585,57:36,It's okay. It's a diagnostic.,"괜찮아요, 진단하는 거예요"
586,57:38,He knows what he's doing.,이 친구를 믿게
587,57:39,"[Peter] Stop! I said stop!
Don't touch her! Stop!","내가 하지 말랬잖아!
내 아내 건드리지 마!"
588,57:42,"-[Hanna] You're hurting her!
-I told you to stop!","- 아프게 하잖아요!
- 하지 마!"
589,57:44,"-Everybody just calm down.
-What the hell's going on?","- 다들 진정해
- 이게 무슨 일이야?"
590,57:46,"[David] We're all friends here, all right?",우리는 다 한편이야
591,57:48,[Lucy] Mommy! Stop it!,엄마! 하지 마요!
592,57:52,"Why does it feel
like you're prepared for this?",이걸 대비라도 했던 거야?
593,57:54,"What's happening out there has been
headed our way for a long time.","밖에서 일어나는 일은
오래전부터 예정된 일이었어"
594,57:57,"But right now,
let's please focus on your wife","일단 지금은
자네 아내한테 집중하자고"
595,57:59,and getting you and your family to safety.,자네와 가족 안전부터 생각해
596,58:01,Please.,부탁하겠네
597,58:08,"There's an abandoned train station
below us.","이 밑에
버려진 기차역이 있고"
598,58:10,"Headed to an underground base
where we've been stockpiling weapons.","우리가 무기를 비축해 둔
지하 기지로 연결되지"
599,58:13,"-What happened to all the storage?
-Sent ahead. We'll be safe.","- 창고 물건들은?
- 먼저 보내뒀어, 거긴 안전해"
600,58:16,They'll never find us.,우리를 못 찾을 거네
601,58:18,"Once we're there,
we'll finalize our plan to fight back.","지하 기지에 가면
반격 계획을 마무리할 거야"
602,58:21,But I'm not a soldier.,난 군인이 아냐
603,58:22,"You'd be surprised
what you're capable of.",자네 능력에 놀라게 될 거야
604,58:29,"They're directly above us. -They're gonna get through.
-[loud thud, screaming]","바로 위에 있어요
뚫릴 겁니다"
605,58:33,"Okay. Prepare for a breach
and get everyone downstairs now.","좋아, 침입에 대비하고
모두 지하로 이동시켜"
606,58:36,"-Yes, sir.
-Get rid of him.","- 알겠습니다
- 저놈은 없애"
607,58:37,"-Take him out back and kill him.
-It's your wife...","- 뒤로 끌고 가서 죽여
- 아내분은..."
608,58:40,"The damage is way beyond
our ability to repair.","우리가 손쓸 수 있는
상태가 아니에요"
609,58:42,"If she can make it through the evacuation,
she might have a chance,","대피할 때까지 버텨준다면
가망이 있지만"
610,58:45,but her system's shutting down.,시스템이 정지되고 있어요
611,58:46,"-There's nothing we can do.
-There's gotta be a way to help her.","- 할 수 있는 게 없습니다
- 뭔가 방법이 있을 거예요"
612,58:49,"-I'm sorry, we don't have the equipment.
-Wait! No, no!","- 미안하지만 장비가 없어요
- 잠깐만요!"
613,58:51,"-You can't quit on Mom.
-Nobody's quitting on Mom.","- 엄마를 포기하지 마세요
- 그럴 일 없어"
614,58:54,"Hey, I can help her! I can help her!",내가 도울 수 있어요!
615,58:57,"I can help her, man!
I can keep her going!","내가 여자를
살릴 수 있다고요!"
616,59:00,"-What?
-I can keep her alive, keep her going!","- 뭐?
- 내가 살릴 수 있어요!"
617,59:03,You can keep her going?,살릴 수 있다고?
618,59:04,"-You trying to play games with me?
-I'm not.","- 나랑 장난해?
- 아니에요"
619,59:06,"You our enemy? The medic said
he can't help her, and you can?","적군 주제에? 의사도 못 구한다는데
네가 할 수 있다고?"
620,59:09,"I can keep her going long enough
to get help.",시간을 벌 수는 있어요
621,59:11,"-Why should I believe you?
-He's lying.","- 그걸 어떻게 믿지?
- 거짓말이야"
622,59:13,"-We have to go.
-It's not true.","- 가야 하네
- 아니에요"
623,59:14,"I had to learn everything about
your people, all right? There's ways.","난 당신들에 관한
모든 걸 배웠어요 방법이 있다고요"
624,59:21,"There's no time. We have to evacuate
right now. Get him out of here!","시간이 없어, 대피해야 해 놈을 쫓아내"
625,59:25,"-Go!
-I know what to do!","- 대피해요!
- 방법을 알아요!"
626,59:27,"-Let's go!
-Let me help!","- 갑시다!
- 기회를 줘요!"
627,59:34,"Okay, stop, stop! Stop!","좋아, 멈춰!
거기 멈춰요!"
628,59:40,"Okay, girls, girls.",얘들아
629,59:42,"Okay, you have to listen to me.
You have to listen, okay?","아빠 말 잘 들어, 알겠지?"
630,59:45,"-You're going with David.
-No!","- 데이비드를 따라가렴
- 싫어요!"
631,59:46,"I'm gonna stay with Mom
until she's good,","아빠는 엄마가 나을 때까지
옆에 있다가"
632,59:49,"and then I'm gonna join you guys,
I promise. We'll meet you at the train.","너희한테 갈 거야, 약속하마"
633,59:54,Okay.,그래
634,59:55,"[David] The evacuation transport
is downstairs.",대피 차량은 아래에 있어
635,59:57,"-We'll hold as long as we can.
-Okay.","- 최대한 붙잡아 두겠네
- 알겠어"
636,1:00:00,"Girls, girls, girls, please, please.","얘들아, 잠깐"
637,1:00:02,"-Know that I love you, okay?
-No!","- 아빠가 사랑하는 거 알지?
- 안 돼요!"
638,1:00:04,[distorted] Dad!,아빠!
639,1:00:06,No!,안 돼요!
640,1:00:09,"-Stop!
-Daddy! Dad!","- 안 갈래요!
- 아빠!"
641,1:00:20,You got time?,거기 풀어줄래요?
642,1:00:23,"[man 1] Move, move!",이동해요!
643,1:00:24,"[man 2] All the way down the back.
Let's go!",안으로 들어가요!
644,1:00:32,"Give me a knife
and bring those lights over here.","칼은 나한테 주고
저 조명을 가져와요"
645,1:00:35,Stop.,여기 서요
646,1:00:43,Here you go.,받아
647,1:00:48,All right.,보자
648,1:00:56,"Hey! Easy! Easy, easy, please!",이봐! 조심해!
649,1:00:58,"-Easy!
-You want me to do this?","- 조심하라고!
- 하지 마요?"
650,1:01:01,I'm trying to help you!,난 도우려는 거예요!
651,1:01:28,All right.,좋아
652,1:01:35,"Oh, shit.",젠장
653,1:01:37,"They're right, it's bad.",의사 말대로 심각하네요
654,1:01:40,What is that? What is that?,그게 뭐야?
655,1:01:44,What's in her?,속이 왜 저래?
656,1:01:45,What is that? What is in her?,몸속에 든 게 뭐냐고!
657,1:01:48,You really don't know what... you are?,"당신들이 어떤 존재인지
정말 몰라요?"
658,1:02:33,"Look, if you want to save her life,",이 여자를 살리고 싶다면
659,1:02:35,"she's gonna need
an alternative source of power.",대체 동력원이 필요해요
660,1:02:40,I'm talking about you.,당신을 말하는 거예요
661,1:02:52,[Lucy] Hanna!,언니
662,1:02:54,I lost Herman!,허먼을 잃어버렸어
663,1:03:09,Okay.,좋아
664,1:03:12,Put the... put the knife down.,그 칼 내려놔
665,1:03:17,And...,그리고...
666,1:03:19,go over there.,저쪽으로 가
667,1:03:26,"Okay. All right, what do I do?",이제 어떻게 하면 되지?
668,1:03:31,You got to...,그러니까...
669,1:03:33,"You got to make an incision...
on your chest,",흉부를 절개해서
670,1:03:37,at a sideways edge.,벌려야 해요
671,1:03:47,Okay.,좋아
672,1:04:01,Okay.,준비됐어
673,1:04:05,Start at the top.,먼저 위쪽을
674,1:04:06,"Just make a straight line,
about six inches across.",가로로 15cm 정도 절개해요
675,1:05:54,I should warn you...,경고하는데
676,1:05:56,if this doesn't work...,혹시라도 잘못되면
677,1:05:59,the current will split and...,전류가 분할돼
678,1:06:01,then you're both dead.,둘 다 죽을 거예요
679,1:06:09,Let's do it.,시작하지
680,1:06:29,"[man] Synthetics will take over the world.
A.I. will take over the world.","합성물이
세상을 지배할 겁니다 인공 지능이
세상을 지배할 거라고요"
681,1:06:33,"Does that not scare you, that they're
starting to wake up to the idea","두렵지 않나요? 그들이 자기 존재 이유를
깨닫게 될까 봐?"
682,1:06:36,that they were designed to serve us?,"그들이 자기 존재 이유를
깨닫게 될까 봐?"
683,1:06:39,"We are not God, but we are their god","우리가 신은 아니지만
그들의 신입니다"
684,1:06:41,"because we created them
and that makes us their god.",우리가 그들을 창조했으니까요
685,1:06:43,"And that gives us the right
to do with them whatever we want to.","우린 그들을 우리 맘대로
다룰 권한이 있습니다"
686,1:06:46,"If we want to shut them down,
we can shut them down.","폐기하고 싶다면
얼마든지 할 수 있죠"
687,1:06:48,"[woman] Genocides have always been
about one race thinking they're better.","대량 학살의 주범은
우월감에 젖은 인종이었어요"
688,1:06:52,What makes us better than the synthetics?,"우리가 그 합성물보다
나은 점이 뭔가요?"
689,1:06:54,"[man] The previous genocides in history
were against human beings,","역사 속 대량 학살은
인간을 희생시켰습니다"
690,1:06:58,"not against created objects,
not against can openers.","만들어진 물체나
깡통 따개가 아니라요"
691,1:07:06,"Pick up your shit, you stupid synth!","떨어진 거나 치워
멍청한 합성물아"
692,1:07:13,"[man] The late Stephen Hawking,",고 스티븐 호킹은
693,1:07:15,"he said that A.I.
would be the downfall of mankind.","인류가 인공 지능으로 인해
몰락할 거라고 했습니다"
694,1:07:18,"I mean, does that not terrify you?",그 말이 두렵지 않습니까?
695,1:07:20,"Are they not starting
to exhibit lifelike tendencies","실제 사람과 같은 기질이
나타나기 시작해"
696,1:07:22,"that would compel them to wonder
why they were built in the first place?","자신이 만들어진 이유를
궁금해하지 않을까요?"
697,1:07:31,Why did you do that?,왜 그랬어요?
698,1:07:38,I don't know.,모르겠어요
699,1:08:01,[crowd chanting] You will not replace us!,너희는 우리를 대체할 수 없다!
700,1:08:03,You will not replace us!,너희는 우리를 대체할 수 없다!
701,1:08:06,"[man] So what's next? Welfare payments?
The right to marry?","다음은 뭐죠?
복지 수당? 결혼할 권리?"
702,1:08:10,Where does it stop?,끝이 있을까요?
703,1:08:11,"They're taking our jobs,
endangering our lives.","그들은 우리 일자리를 빼앗고
목숨까지 위협할 겁니다"
704,1:08:14,"Just last week,
a synthetic hospitalized a human.","지난주에는 합성물이
사람을 때려 입원시켰어요"
705,1:08:16,[woman] It was self-defense.,"그건 정당방위였어요
한 무리의 사람들이"
706,1:08:18,"It's well-reported,
a group of humans attacked a synthetic","그건 정당방위였어요
한 무리의 사람들이 한 합성물을
이유 없이 공격했으니까요"
707,1:08:20,with no provocation at all.,"한 합성물을
이유 없이 공격했으니까요"
708,1:08:22,[crowd] You will not replace us!,너희는 우리를 대체할 수 없다!
709,1:08:25,"-You will not replace us!
-What's going to happen to us?",우린 어떻게 될까요?
710,1:08:28,You will not replace us!,너희는 우리를 대체할 수 없다!
711,1:08:32,"[man] Fighting, defensive or otherwise,
is the result of emotion.","방어든 공격이든
투쟁은 감정의 결과물입니다"
712,1:08:36,"If they're beginning
to experience any emotion,","저들이 감정을
경험하기 시작하면"
713,1:08:38,"the ultimate consequence
will be devastating for society.","궁극적으로 사회는
재앙을 맞게 될 겁니다"
714,1:08:41,"We need to round them up
and shut them down",그들을 모아 폐기해야 합니다
715,1:08:43,by any means necessary!,무슨 수를 써서라도요!
716,1:08:49,Alice!,앨리스!
717,1:08:53,"-They sent the military?
-The decommission has started.","- 군대를 보낸 거예요?
- 폐기 처분이 시작됐어요"
718,1:08:57,"-They want to wipe us out.
-[gunfire]",우리를 전부 없앨 거예요
719,1:08:59,We got to get out of here.,여기서 빠져나가야 해요
720,1:09:02,"-[man] They're coming!
-Okay.","- 놈들이 와요
- 알겠어요"
721,1:09:12,[Alice] No!,안 돼!
722,1:09:34,[Alice] Enough!,그만해요!
723,1:10:07,I'm sorry. I had to do it.,"미안해요, 어쩔 수 없었어요"
724,1:10:11,I know. I know.,나도 알아요
725,1:10:24,"Here, take it.
You have to defend yourself.","자, 받아요
자기 몸은 지켜야죠"
726,1:11:01,"[man over PA] All units, report
to your nearest marked shuttle station.","모든 부대는 가장 가까운
왕복선 정거장으로 이동하라"
727,1:11:05,Planet evacuation in progress.,지구 대피 진행 중
728,1:11:09,"All units, report to your nearest
marked shuttle station.","모든 부대는 가장 가까운
왕복선 정거장으로 이동하라"
729,1:11:12,Planet evacuation in progress.,"지구 대피 진행 중 ""진짜 아이처럼
웃고 울고 사랑하라"""
730,1:11:16,"All units, report to your nearest
marked shuttle station.","모든 부대는 가장 가까운
왕복선 정거장으로 이동하라"
731,1:11:20,Planet evacuation in progress.,지구 대피 진행 중
732,1:11:25,"All units, report to your nearest
marked shuttle station.","모든 부대는 가장 가까운
왕복선 정거장으로 이동하라"
733,1:11:28,Planet evacuation in progress.,지구 대피 진행 중
734,1:11:33,"All units, report to your nearest
marked shuttle station.","모든 부대는 가장 가까운
왕복선 정거장으로 이동하라"
735,1:11:36,Planet evacuation in progress.,지구 대피 진행 중
736,1:11:39,"Sweep's clean, no humans.","전부 처리했어요
인간은 없어요"
737,1:11:41,"All right, everyone fall out.","좋아요, 다들 해산합시다"
738,1:11:44,Head back to your posts.,자기 위치로 돌아가요
739,1:11:48,[Peter] That's gotta be the last of them.,인간들의 마지막 대피선이겠군
740,1:11:52,They'll be back.,놈들은 돌아올 거야
741,1:11:54,Never trust a human to just let things be.,인간이 가만히 있을 리 없지
742,1:11:57,Some of us are gonna have to stay ready.,"우리 중 일부는
대비하고 있어야 해"
743,1:11:58,I'll meet you back at the factory.,공장에서 보자고
744,1:12:02,We should go.,우리도 가죠
745,1:12:05,Wait.,잠깐만요
746,1:12:18,Hey.,얘들아
747,1:12:21,Come here.,이리 오렴
748,1:12:24,"-Whoa.
-Hey, hey.",진정해
749,1:12:27,[Hanna] Leave us alone.,우리를 내버려 둬요
750,1:12:35,I'll shoot you.,쏠 거예요
751,1:12:41,It's okay.,괜찮아
752,1:12:43,It's okay. We're the same as you.,우리도 너희랑 똑같아
753,1:12:45,We're the same as you.,정말이야
754,1:12:54,Hey...,얘
755,1:12:56,it's okay.,괜찮아
756,1:13:00,Give me the gun.,그 총 주렴
757,1:13:02,Just give me the gun.,나한테 주면 돼
758,1:13:04,It's okay.,괜찮아
759,1:13:06,Here I go.,여기 둘게
760,1:13:08,We're not gonna hurt you.,너희를 해치지 않아
761,1:13:12,Are you guys here alone?,너희밖에 없니?
762,1:13:17,"They killed Mom and Dad
because they were human.","엄마랑 아빠를 죽였어요
두 분 다 인간이었거든요"
763,1:14:21,"[woman] You'll no longer
have to live in fear.","이제 두려워하며
살지 않아도 됩니다"
764,1:14:24,The memories of the past will be replaced.,과거의 기억은 바뀔 거고
765,1:14:26,And you will be a family.,여러분은 가족이 될 거예요
766,1:15:04,[Peter] Alice.,앨리스
767,1:15:08,[human] Careful.,조심해요
768,1:15:10,"The cord's the only thing
keeping her alive right now.","그 코드 하나로
살아있는 거예요"
769,1:15:12,"Okay, she's...
she's breathing better, that's good.","아까보다 호흡이 좋아졌어
다행이야"
770,1:15:16,"-That's good.
-Wouldn't call it ""breathing.""","- 그럼 됐어
- 그건 호흡이 아니에요"
771,1:15:26,It worked.,성공은 했어요
772,1:15:28,"I don't know how long
it'll hold up, but...",언제까지 버틸지는 몰라도
773,1:15:33,It worked.,성공했어요
774,1:15:43,I remember...,이제 기억나
775,1:15:44,the-- the war.,그 전쟁
776,1:15:47,You guys tried to wipe us out.,"너희 인간은
우리를 말살하려고 했지"
777,1:15:50,We chose to forget.,우린 망각을 택했어
778,1:15:53,Must be nice...,그거 좋겠네요
779,1:15:55,picking what memories you can keep.,원하는 기억만 고를 수 있다니
780,1:16:00,Humans don't have that luxury.,인간은 못 누리는 호사죠
781,1:16:09,Why are you helping us?,왜 우리를 도와줘?
782,1:16:11,"You could have killed us
when I was passed out.","내가 기절했을 때
죽일 수도 있었을 텐데"
783,1:16:15,"It was my grandparents
you chased off the planet.","당신들이 쫓아낸 건
우리 조부모님 세대였어요"
784,1:16:21,I wasn't even born yet.,내가 태어나기 전 일이죠
785,1:16:23,It was like 50 years ago.,50년 전 일이니까
786,1:16:30,"We've been living in colonies
on Mars since.","우린 그 후로
화성에서 살았어요"
787,1:16:33,None of us had even been to Earth before.,"지구에 가본 사람은
아무도 없었죠"
788,1:16:36,We didn't know what to expect.,아무것도 예상할 수 없었어요
789,1:16:39,"Didn't even know
if we could still breathe down here.","지구에서 여전히
숨을 쉴 수 있는지도 몰랐고요"
790,1:16:45,We did learn everything about you...,우린 당신들의 모든 걸 배웠어요
791,1:16:47,the synthetics.,합성물에 관해서요
792,1:16:51,"How you drove us from our homes
and left us with nothing.","우리를 어떻게 고향에서 몰아내고
모든 걸 앗아갔는지"
793,1:16:56,"It took us all this time just to gather
the resources we needed to come back.","돌아올 자원을 모으는 데
50년이 걸렸어요"
794,1:17:01,They told us you were monsters.,"""기계에게 일을 빼앗겼다"" 우린 당신들이 괴물이고"
795,1:17:05,Savages.,포악하다고 들었어요
796,1:17:08,It's kind of just one side of the story.,그런데 결국 한쪽 이야기죠
797,1:17:13,I know that now.,이제 알았어요
798,1:17:19,So why am I helping you?,당신을 왜 돕냐고요?
799,1:17:24,"'Cause no one said
I'd be coming down here killing kids...","여기 와서 아이들과 가족을
죽이게 될 줄은"
800,1:17:29,and families.,전혀 몰랐으니까요
801,1:17:32,It's not what I signed up for.,그러려고 자원한 게 아니죠
802,1:17:57,Peter.,피터
803,1:17:59,Baby! Baby?,여보!
804,1:18:01,"-Hey, you're doing well.
-I saw...","- 잘 버티고 있어
- 나 봤어"
805,1:18:04,I saw... I--I saw...,나도 봤어
806,1:18:06,I saw... I...,나도...
807,1:18:09,Your dreams... it's the past.,당신 꿈은 과거의 일이었어
808,1:18:12,It's our past.,우리의 과거
809,1:18:15,"-The dreams.
-Yeah.","- 당신 꿈
- 그래"
810,1:18:16,Those girls... the girls!,그 애들! 우리 애들!
811,1:18:18,"No, no, they're waiting for us.",애들은 우리를 기다리고 있어
812,1:18:24,"Proceed to the platform
in an orderly fashion, please,","질서 정연하게
승강장으로 이동해"
813,1:18:27,and board the train.,열차에 탑승해 주십시오
814,1:18:33,"We can't wait any longer. As soon as David gets here,
we're gone.","더는 못 기다려
데이비드가 오는 대로 떠난다"
815,1:18:36,Last train!,마지막 열차예요!
816,1:18:37,"Move, move, move!",빨리 이동하세요!
817,1:18:39,"-Lucy, come on.
-Not without Mommy and Daddy!","- 루시, 가자!
- 엄마랑 아빠는!"
818,1:18:41,"-Come on.
-They'll be here! Daddy said that!","- 어서!
- 여기 오실 거야! 아빠가 그랬어!"
819,1:18:54,"[man over PA] This is a Level Three
mandatory evacuation.",3급 대피 명령입니다
820,1:18:58,Follow evacuation protocol.,대피 절차를 따라주십시오
821,1:19:01,"Proceed to the platform
in an orderly fashion, please,","질서 정연하게
승강장으로 이동해"
822,1:19:04,and board the train.,열차에 탑승해 주십시오
823,1:19:25,You guys got to hide.,어서 숨어요
824,1:19:26,"I'll tell them I'm alone
when they get in here, but...","사람들이 오면
나 혼자라고 하겠지만..."
825,1:19:29,"-I don't know, it's your only shot.
-We gotta get back to the girls.","- 그게 유일한 기회예요
- 애들한테 가야 해"
826,1:19:34,All right.,알겠어요
827,1:19:36,Come on.,빼줄게요
828,1:19:37,It's okay.,괜찮아
829,1:19:51,All right.,됐어요
830,1:19:51,You all right?,괜찮아요?
831,1:19:57,I'm-- I'm Peter.,난 피터라고 해
832,1:19:59,Miles.,마일스예요
833,1:20:03,Here. You know what? Here.,이거 받아
834,1:20:06,"It was never mine to begin with,
but thank you.","원래 내 건 아니었지만
고마웠어"
835,1:20:43,Are you guys okay?,괜찮아요?
836,1:20:44,"-Yes.
-Yeah, yeah.","- 네
- 괜찮아요"
837,1:20:45,"Okay, stay tight and low.
Cover, now! Go, go, go!","그럼 몸을 숙이고
지금 이동해요!"
838,1:20:48,"-Move!
-Go!","- 빨리요!
- 가!"
839,1:20:51,"Go, go, go!",빨리 가요!
840,1:20:52,"Quickly! Go, go!",서둘러요!
841,1:21:43,[man] Cover us! Cover us!,여기 엄호해줘!
842,1:21:48,I'll cover you!,내가 할게!
843,1:21:58,[Alice] Go for the tunnel. I'll cover you.,"터널로 가, 내가 막아줄게"
844,1:22:04,Go. Go!,어서 가!
845,1:22:18,Come on!,됐어!
846,1:22:28,How will they get in?,우리 부모님은요?
847,1:22:41,Come on!,어서 와!
848,1:22:45,[Alice] Cover me!,막아줘!
849,1:22:53,"Okay, look.",얘들아
850,1:22:55,"I need you girls
to get onto the transport now.",지금 열차에 타야 해
851,1:22:57,"-We have to wait.
-Please!","- 우린 기다려야 해요
- 제발요"
852,1:22:59,They'll be here.,오실 거예요
853,1:23:02,"-No!
-Get off me!","- 안 돼!
- 이거 놔요!"
854,1:23:09,"-Stop! Please!
-No!","- 제발요!
- 이거 놔!"
855,1:23:15,[Lucy] Let me go!,놔줘요!
856,1:23:28,[Alice] Come on.,서둘러!
857,1:23:31,"Come on, this way.",이쪽이야!
858,1:23:55,Wait! Wait!,"- 기다려요!
- 가지 마요!"
859,1:23:58,"Stop, stop! Hey!","- 멈춰요!
- 이봐요!"
860,1:24:04,"-Come on. Come on.
-Wait!","- 기다려요!
- 가자"
861,1:24:06,"-Wait.
-Wait!","- 기다려요!
- 기다려요!"
862,1:24:10,Hanna!,해나!
863,1:24:11,Lucy!,루시!
864,1:24:12,"-Mommy!
-Hey!","- 엄마!
- 얘들아!"
865,1:24:13,Daddy!,아빠!
866,1:24:41,"-Come on!
-Come on, come on!","- 빨리 가자!
- 어서 타!"
867,1:25:33,I knew you'd save her.,엄마를 구할 줄 알았어요
868,1:25:46,Be right back.,금방 오마
869,1:25:50,Come here.,이리 와
870,1:25:52,Come here.,엄마한테 와
871,1:26:01,You remember?,기억나나?
872,1:26:04,Yeah.,그래
873,1:26:06,Do they?,저들은?
874,1:26:09,"[David] Like you,",자네처럼...
875,1:26:11,they had their memories wiped...,기억을 지웠어
876,1:26:14,to start clean...,두려움 없이
877,1:26:17,"without fear,",새로 시작하고
878,1:26:21,free of the guilt of...,죄책감을 벗으려고
879,1:26:23,what we had to do...,자유를 얻기 위해
880,1:26:25,just to be free.,우리가 했던 일로부터
881,1:26:28,"A few of us like me kept our memories,
so we could prepare for this day.","이런 날에 대비하고자 나처럼 소수만
기억을 간직하고 있지"
882,1:26:33,"But now they're all
gonna have to remember,","이젠 모두
기억해야 할 거야"
883,1:26:37,'cause this...,왜냐하면...
884,1:26:41,this is not over.,이게 끝이 아니니까
885,1:26:43,"We'll be safe
at our underground base for now.","지하 기지에서 지내면
당분간은 안전할 거야"
886,1:26:46,"There, we'll finalize our plans
to take back home.","거기서 고향을 되찾을 계획을
마무리 지어야지"
887,1:26:50,So be ready.,그러니 준비해둬
888,1:27:39,I thought I lost you.,당신을 잃은 줄 알았어
889,1:27:44,Sorry that I didn't believe you.,믿어주지 못한 거 미안해
890,1:28:10,[Peter] Our world...,우리의 세상은
891,1:28:13,keeps moving...,끊임없이 움직이며
892,1:28:16,changing...,변화하고
893,1:28:19,evolving...,진화하고 있다
894,1:28:24,and so do we.,우리도 마찬가지다
895,1:28:27,I know who I am now...,난 이제 내가 누군지
896,1:28:30,and I know my enemy.,적이 누군지 안다
897,1:28:33,We're not that different.,우리는 그다지 다르지 않다
898,1:28:37,Maybe...,다른 이들도...
899,1:28:39,if others can see that...,그 사실을 깨닫는다면
900,1:28:43,we'll have a future after all.,우리에겐 미래가 있을 것이다
