,Time,Subtitle,Translation
0,30s,"[Selima] Felix is from a wine region
in South Germany.","펠릭스는 독일 남부의
와인 생산지 출신이에요"
1,33s,"People there work really hard
for their money, and some even start building
their own house","그곳에선 열심히 일해서 돈을 벌죠
어려서부터 자신의 집을"
2,37s,at a very young age.,짓는 사람들도 있어요
3,38s,"But he noticed early on
that he doesn't really fit in.","펠릭스는 그게 자기와
안 맞는 걸 빨리 깨달았죠"
4,41s,"He dropped out of school,
later even quit his job with Mercedes,","학교를 중퇴하고 나중에는
다니던 메르세데스사도 그만뒀어요"
5,44s,"sold everything, and went on a road trip
through 22 countries with his bicycle.","모든 걸 팔고 자전거로
22개 나라를 여행했대요"
6,49s,"He had his camera with him,",카메라를 들고 다녔는데
7,51s,"and came back with his documentary,
Pedal The World.","그 영상으로 다큐멘터리
'페달로 누빈 세상' 을 만들었죠"
8,56s,"Mogli was raised by an alternative family
with only college graduates.","모글리는 대학 졸업자들만 있는
대안 가정에서 자랐어요"
9,1:01,"She sang opera as a child,
made it to honor roll during high school,","어려서 오페라를 불러서
고등학생 때 우등생으로 꼽혔지만"
10,1:05,"but still, she isn't really interested
in a college degree or a crazy career.","대학 학위나 대단한 경력에는
별로 관심이 없었죠"
11,1:21,"She loves to travel, and turns","모글리는 여행을
아주 좋아해요"
12,1:23,"all her experiences and influences
during her trips into new songs.","여행하며 겪고 느낀 것들을
새 노래에 담는 것도 좋아하죠"
13,1:35,"Actually, we come
from two totally different worlds,","저희 둘은
완전히 다른 세상에서 왔지만"
14,1:37,"but I think the repulsion
of the traditional way is what unites us.","둘 다 관습에 얽매이기 싫어해서
잘 통하는 것 같아요"
15,1:41,"We became a couple during my bicycle trip
and moved to Berlin together afterwards.","자전거 여행 중에 사귀게 됐고
나중에 함께 베를린으로 이사했죠"
16,1:46,We had everything you could wish for.,우린 없는 게 없었어요
17,1:49,"Um, we had a loft, we had us,
we had friends, even a puppy,","집도 있고 서로가 곁에 있고
친구도 있고 개도 있는데"
18,1:53,"but still, we weren't happy.",행복하지가 않더군요
19,1:55,"Usually, everyone loves
the creative Berlin,","보통은 누구나
창조적인 베를린을 좋아하지만"
20,1:57,"but for us it felt loud and dirty,
and we kind of had cabin fever.","저희에겐 시끄럽고 지저분했어요
밀실 공포증 같은 것도 겪었죠"
21,2:01,"We knew we wanted to leave again,
so we gave notice to quit our flat","어차피 다시 떠날 걸 알았기에
집 계약을 해지했어요"
22,2:05,"without even knowing what we want to do,
or where we want to go.","어디 가서 뭘 하고 싶은지도
모르는 상태로요"
23,2:08,"We knew we wanted to travel again,","또 여행하고 싶다는
생각은 있었죠"
24,2:10,"make a new movie,
and get inspiration for a new album,","새 영화를 만들고
앨범의 영감을 얻고 싶었어요"
25,2:12,"so that there would be
a cool soundtrack again.","이번에도 멋진 음악이
깔릴 수 있게요"
26,2:19,"[Felix] We were never really passionate
about cycling,","자전거 여행을 할 마음은
전혀 없었기 때문에"
27,2:21,so we needed a new mean of transportation.,새로운 이동 수단이 필요했죠
28,2:24,"An RV was too boring,
we didn't wanna cycle again,","캠핑카는 너무 뻔하고
또 자전거를 타긴 싫고"
29,2:26,and walking was way too slow.,도보 여행은 너무 느렸어요
30,2:28,"[Selima] By coincidence, we saw
an old American school bus online","""스쿨버스 판매"" 그러다 우연히 인터넷에서
낡은 미국 스쿨버스를"
31,2:32,"and decided to convert it
to a loft on wheels.","파는 걸 발견하고
집으로 개조하기로 했죠"
32,3:42,"[Selima] We built our first room. Well, the bedroom is kind of a room, too,","첫 번째 방을 만들었어요
침실도 방이긴 하지만"
33,3:46,"but we don't have a door
to walk into, so, uh,",거긴 따로 문이 없거든요
34,3:50,"now we built a toilet. And it's teeny-tiny,","방금 화장실을 만들었어요
무척 작긴 한데"
35,3:54,"but you don't really need much space
to go to the toilet, so we don't care.","용변 볼 때 넓은 공간이
필요한 건 아니니까 상관없어요"
36,5:19,"[Selima] We're here on a three-month visa,
and, unfortunately, it's running out,","3개월짜리 비자로 여기 왔는데
안타깝게도 기한이 다 돼 가요"
37,5:23,"so we have to be at the Canadian border
in two days already.","늦어도 이틀 후에는
캐나다 국경에 가 있어야 하죠"
38,5:27,"We didn't really make plans,
so that was probably a bit naive,","계획 같은 건 안 세웠어요
너무 대책 없었는지도 모르지만"
39,5:30,"but our motto is, ""Less planning
means more flexibility.""","우린 계획이 적을수록
융통성이 생긴다고 믿거든요"
40,5:34,That's why we don't have a root as well. We wanna get up in the morning,"그래서 경로도 안 정했어요
아침에 일어나서"
41,5:37,"and decide where we want to go
and what we want to see that day.","그날 어딜 가서 뭘 볼지
결정하고 싶어서요"
42,5:44,"Let's see how it goes
the first couple of feet here.","처음으로 몇 미터 정도
시험 운전을 해 보겠습니다"
43,5:47,"Let's see if the engine starts, and then,
uh, off to Canada, I guess, right?","시동이 걸리는지 확인한 후
캐나다로 떠나면 되겠죠?"
44,5:51,Let's check.,어디 봅시다
45,5:57,"Oh, and the dog...","참, 개도 태워야죠"
46,5:59,"Rudi, come.","루디, 이리 와"
47,6:15,"[Selima] We weren't allowed to film
the border crossing,","""노스캐롤라이나주
핫스프링스"" 국경을 넘는 건
촬영할 수 없었지만"
48,6:17,"but everything went well,
and only took, like, five minutes.","문제없이 다 잘 풀려서
5분 정도밖에 안 걸렸습니다"
49,6:20,"Flying with a drone over Niagara Falls
is illegal, too,","나이아가라 폭포 위로
드론을 날리는 것도 불법이지만"
50,6:23,"but we did it anyway,
and it was definitely worth it.","그냥 시도했는데
그럴 가치가 있었어요"
51,6:52,"So, today is a big day.",오늘은 중요한 날이에요
52,6:54,"First time using power,
sure power, on the bus.","처음으로 안정적인 전력을
버스에 사용하는 날이죠"
53,6:59,"So, Seli and me
did 90% of the electric by ourselves.","버스 전기 공사의 90퍼센트를
셀리와 제가 직접 했거든요"
54,7:04,"So, I don't know if it works,
but let's see. That plug goes in here...","잘될지 모르겠지만 해 보죠
이 플러그를 여기 꽂고..."
55,7:09,"Boom, and the other one goes in the bus.",반대쪽을 버스에 꽂는 거예요
56,7:23,"-[Selima] Should I try?
-Yeah.","- 켜 볼까?
- 응"
57,7:25,[Felix] Ooh! Power works.,전기가 들어오네
58,7:40,"So, our first night in the bus
was, uh, pretty decent.","버스에서 보낸 첫 번째 밤은
꽤 괜찮았어요"
59,7:46,"It rained in everywhere. We are leaking
in the bus and the ceiling, everywhere.","여기저기 빗물이 떨어졌죠
버스 천장 곳곳에서 비가 새요"
60,7:50,"I gotta go up to the roof today and fix the cracks
and the leaks and the holes.","오늘은 지붕에 올라가서
틈과 구멍을 다 막아야 해요"
61,7:55,"I don't know, silicone it up,
or spray it up,","실리콘으로 막든지
스프레이를 뿌리든지"
62,7:58,"or, I don't know, fix it somehow.",어떻게든 고쳐 봐야죠
63,8:01,"We got a second problem.
The water heater is leaking.","두 번째 문제는
온수기가 샌다는 거예요"
64,8:04,So we don't have any water in the bus.,"그래서 지금 버스에
물이 전혀 없어요"
65,8:07,"I don't know how to fix it,
I'm not a plumber.","배관공이 아니라서
어떻게 고쳐야 할지 모르겠지만"
66,8:10,"But, uh, I'm gonna look into it now. Two more problems to fix.","일단 상태를 볼 거예요
해결할 게 2개 더 생겼네요"
67,8:20,"After the 12 weeks converting the bus,
we got used to setbacks.","12주 동안 버스를 개조하면서
우린 시련에 익숙해졌습니다"
68,8:23,"We try not to take it too serious,
repair all the loose ends,","너무 걱정하지 않고
미진한 부분은 고치죠"
69,8:26,"and are pretty stoked
to finally start traveling.","마침내 여행을 시작해서
기쁠 뿐입니다"
70,8:41,"[Felix]
What I love most about our school bus",우리 버스의 최고 장점은
71,8:43,"is that we are pretty much
self-sufficient and live off the grid.","공공시설 없이
자급자족이 가능하다는 점입니다"
72,8:45,"We don't need any camp grounds whatsoever
because of our solar system,","태양열 발전기가 있어서
야영장에 갈 필요가 없어요"
73,8:49,"which generates more than enough power
to charge all of our devices.","모든 장비를 충전하고도 남을 만큼
전력을 공급해 주죠"
74,8:53,"We also got a composting toilet
and more than 40 gallons of fresh water.","퇴비화 화장실도 있고
물도 150리터 이상 있어요"
75,8:57,"So, basically, everything you need
for a night in the wild.","밖에서 하룻밤 보내는 데
필요한 건 다 있죠"
76,9:24,"We're on the Trans-Canada
since a little while...","트랜스 캐나다 하이웨이를
달린 지 좀 됐어요"
77,9:27,"It's really awesome because
there's so much nature around you,","진짜 멋진 곳이에요
자연을 실컷 볼 수 있어서"
78,9:30,and we really like it.,마음에 들지만
79,9:31,"But it's kind of boring, too,
to always go straight,","똑바로 달리기만 하는 건
좀 지루하죠"
80,9:34,"so sometimes we go to the dirt roads,","그래서 시도 때도 없이
흙길로 들어서서"
81,9:38,"like, every hour or so,
and check them out.",뭐가 있는지 둘러보곤 해요
82,9:40,"And it's always a little exciting because
we never know if we can get out again.","늘 신나요, 다시 나올 수 있다는
보장이 없으니까요"
83,9:44,"And it's exciting, too,
because we never know what awaits us,","뭐가 기다리고 있을지
모르는 것도 신나고요"
84,9:47,"and there's always a little something
that we can discover.","그런 곳에선 늘 뭔가를
새롭게 발견하게 돼요"
85,10:37,"[shrieks, laughs] Hey!",야!
86,10:38,"[in German]
He just bit my ass! Ow!",방금 내 엉덩이를 물었어!
87,10:52,"[Felix] Rudi, come.","루디, 가자"
88,11:35,"[Selima] Today we met
Robbie and Margaret,","오늘은 로비와 마거릿을
만났습니다"
89,11:37,"an older couple
at the end of a little dirt road.",작은 흙길 끝에 사는 노부부죠
90,11:40,"They showed us a typical
Canadian tradition called ice fishing.","우리에게 캐나다의 대표적 전통인
얼음낚시를 가르쳐 주셨어요"
91,11:43,"In winter, when the lake is frozen, they pull a little house on the lake
with a truck","겨울에 호수가 얼면
트럭에 작은 집을 싣고 가서"
92,11:47,and dig a hole through the ice to fish.,"얼음에 구멍을 뚫고
낚시를 하신대요"
93,11:50,It's all insulated and with that stove...,"단열이 잘돼 있는 데다
난로가 있어서"
94,11:54,"Forty below and you can leave
the windows open. It's so warm in here.","영하 40도에도 창문을
열어 놔도 될 만큼 따뜻해요"
95,11:58,"This, uh...",이건...
96,12:00,"You can stay in your bed,",침대에서 안 나와도 돼요
97,12:03,"and this lifts up and then you
put a hole in it, and you can fish from inside.","이걸 열고 구멍만 뚫으면
안에서도 낚시할 수 있어요"
98,12:10,"[Selima] You can just, like,
stay in bed and fish-- Oh, you can, yes. Yes, you can.","- 침대에서 낚시할 수 있겠네요
- 그럼요, 할 수 있죠"
99,12:14,"[Selima]
Are these to drill holes through the ice?","이게 얼음에
구멍을 뚫는 장비인가요?"
100,12:18,"[Margaret] Oh, yeah,
these are IceHoggers, yeah. Yeah.","네, '아이스호거' 예요"
101,12:22,"[Selima] The whole truck went-- [Margaret] The whole truck,
yeah, you can see...","- 트럭 전체가...
- 네, 트럭 전체가 가라앉았죠"
102,12:25,"It's just starting to come out here.
This was all the pictures and...","이게 나오기 시작할 때죠
여기 사진이 있어요"
103,12:29,[Selima] And you saved the guy?,저분을 구해 주신 거예요?
104,12:31,"[Margaret] Well, the guy got out okay,
thank goodness, you know?","무사히 얼음에서 나왔죠
정말 다행이에요"
105,12:34,"This is fresh... Well, it's not fresh.
It was fresh.","이건 신선한...
아니, 신선했었죠"
106,12:37,"It's pickerel and pike that we caught
in Lac des Mille Lacs.","우리가 라크 데 밀 라크에서
잡은 강꼬치고기예요"
107,12:41,"You just fry it in a little bit of butter
and garlic, and it's lovely.","버터와 마늘을 넣고 튀기면
아주 근사하죠"
108,12:44,"-[Selima] Awesome!
-And I hope you enjoy it.","- 맛있겠네요!
- 마음에 들면 좋겠어요"
109,12:45,"-Yeah! If you like fish, it's awesome.
-[Selima laughs]","생선을 좋아하면
맛있게 먹을 거예요"
110,12:48,"-[Selima] Thank you.
-We'd take you-- [laughs] Good.","- 감사합니다
- 우리가... 잘됐네요"
111,12:50,"-Well I hope you enjoy it. You're welcome!
-Thank you. That's so nice of you.","맛있게 먹길 바라요 - 참 친절하시네요
- 별말을요"
112,13:16,"[Felix] On our way to Banff,
we can't really believe","캐나다의 알프스라는
'밴프' 로 가는 길인데"
113,13:19,"that they're supposed to be
the Alps of Canada.",그 말이 쉽게 믿어지지 않네요
114,13:21,"Crossing Manitoba
and Saskatchewan is rather boring","매니토바와 서스캐처원을
지나는 길은 좀 지루해요"
115,13:24,"because it's all flat and mostly covered
in some kind of fields.","계속 평평한 길인 데다
대부분 들판으로 덮여 있죠"
116,13:28,"But I'm pretty confident
we will get rewarded once we get to the Rocky Mountains.","하지만 로키산맥에 도착하면
그런 지루함이 사라질 거예요"
117,13:42,Hey!,안녕하세요!
118,13:43,"-[officer] How many people on board?
-Uh, two, and one dog,","- 몇 분이 타고 계시죠?
- 2명과 개 1마리요"
119,13:45,"-if that matters.
-Okay, perfect.","- 중요할지 모르겠지만요
- 그렇군요"
120,13:47,"-How long will you be in the park for?
-Um, can we buy that one seasonal pass","- 공원에 얼마나 계실 거죠?
- 시즌권 살 수 있나요?"
121,13:52,"that, uh... What is it called,
Seli, do you know?","이름이 뭐였더라?
셀리, 혹시 알아?"
122,13:55,"-[officer] Discovery Pass?
-Discovery Pass.","- '디스커버리 패스' 요?
- 네, 그거요"
123,13:56,"-Yeah, so that's $136.40.
-Perfect!","- 네, 136.40달러입니다
- 딱 좋네요!"
124,14:18,"[Selima] We absolutely love Banff,",우린 밴프가 마음에 들어요
125,14:20,"so we decide to stay for a while
instead of just driving through.","그래서 그냥 지나가지 않고
한동안 머물기로 했죠"
126,14:23,"We really enjoy the break from traveling
and go on day trips by foot with Rudi,","잠깐 여행을 쉬면서 루디와 함께
걸어서 소풍을 가거나"
127,14:27,"or with the bus
to explore the national park.","버스로 국립 공원 안을
탐험하는 게 정말 즐거워요"
128,14:30,"After a long day, we love to come back
and enjoy our cozy home.","긴 하루 뒤 안락한 집으로
돌아오는 것도 좋고요"
129,14:50,"It's breath-taking nature.
I never saw something like that before.","정말 아름다운 풍경이에요
이런 곳은 처음 봐요"
130,14:56,Awesome.,최고예요
131,15:11,"[Selima] It's 5 o'clock in the morning,
and we hope that if we get up this early,","지금은 새벽 5시입니다
이렇게 일찍 일어났으니"
132,15:14,we're gonna escape all the tourists.,여행객들을 피할 수 있겠죠
133,15:16,"And, more importantly, see some bears,
because we've had no luck so far.","무엇보다 곰을 보고 싶어요
아직까진 그런 행운이 없었거든요"
134,15:31,"[in German]
Bears, let's go! Bears.","곰이다, 가자!
곰이야"
135,16:05,"[Felix] Getting some rest in Banff
was more than needed","밴프에서 휴식을 취한 건
정말 좋았습니다"
136,16:07,"and also the highlight
of this trip so far,",지금까지의 여정 중 최고였죠
137,16:10,but it's time to head towards Alaska.,"하지만 이제 알래스카로
향할 때입니다"
138,16:12,"On the map, it looks like Alaska
is right next door to Banff,","지도를 보면 알래스카가
밴프 바로 옆인 것 같지만"
139,16:15,"but in reality,
it's almost 4,000 miles detour","실제로는 빙 돌아서
약 6,400킬로를 가야 합니다"
140,16:18,"which we are more than willing
to approach","알래스카라는
어린 시절 꿈을 위해"
141,16:20,for a childhood dream like Alaska.,"달려가기에는
만만치 않은 거리죠"
142,16:23,"We are kind of
looking for happiness, right?","우린 행복을 찾아서
떠난 거잖아요?"
143,16:26,"It's called Expedition Happiness,",즉 '행복 원정대' 죠
144,16:28,"and, uh, when you wake up in the morning
and open the door,","아침에 잠에서 깨어나서
문을 열고..."
145,16:34,"and stand across this here,",이걸 바라보고 서서
146,16:37,"this mountain, these trees
and this river,","이 산과 나무들과
강을 마주하면"
147,16:41,"that kinda is happiness, I guess.",그런 것도 행복인 것 같아요
148,16:44,"We don't have a routine, our routine
is waking up when the sun goes up,","정해진 일정은 없어요
해가 뜨면 일어나고"
149,16:48,and going to sleep when the sun goes down.,해가 지면 자죠
150,16:51,"No appointments.
Just living the life, living the moment.","얽매일 약속도 없고
그저 순간을 즐기며 살아요"
151,16:56,This is happiness for sure.,이런 게 행복이죠
152,17:20,"[Felix] Seeing and experiencing new things
every single day","매일 새로운 걸 보고
경험하는 게"
153,17:22,is what we love so much about traveling.,"우리가 생각하는
여행의 장점이에요"
154,17:25,"But we realize more and more,",하지만 여행을 하면 할수록
155,17:26,"it's traveling together as a family
that makes us really happy.","가족과 함께 다녀서
행복하다는 걸 깨닫습니다"
156,17:30,"During Pedal the World, my first trip, I cycled pretty much alone.","첫 여행 '페달로 누빈 세상' 때는
대부분 저 혼자 자전거를 탔죠"
157,17:33,"But happiness is the only thing
that doubles if it's shared.","하지만 나눠서 두 배가 되는 건
행복뿐이에요"
158,18:14,"[Felix] As much as we love traveling,",여행을 좋아하는 만큼
159,18:17,"the driving part is more exhausting
than we ever thought.","운전하는 게 이렇게 힘들 거라곤
생각도 못 했어요"
160,18:20,The highways are full with road holes...,고속도로들은 구멍 천지죠
161,18:22,"I don't think I ever drove on roads
this bad.","이렇게 험한 길을
달려 본 적은 없는 듯해요"
162,18:25,"There is stuff breaking in and on the bus,","버스 안의 물건들이
부서지기도 하죠"
163,18:27,"but the little rewards and adventures
we experience every single day","하지만 매일 경험하는
작은 즐거움과 모험들이"
164,18:31,pretty much make up for it.,그런 걸 보상해 줍니다
165,18:50,"Um, we are on the Alaskan Highway
in British Columbia,","이곳은 브리티시컬럼비아의
알래스카 하이웨이입니다"
166,18:55,"uh, close to Yukon
and close to the border to Alaska.","유콘 근처죠, 알래스카로 넘어가는
국경과 가까워요"
167,18:58,"I'm standing in the middle of the road
and there's no car for hours!","길 한가운데에 서 있는데
몇 시간째 차가 안 다녀요"
168,19:03,"Pure nature, no civilization, no tourists,","이곳엔 자연뿐이에요
문명도, 여행객도 없죠"
169,19:08,"just bears, moose, and you.","곰과 말코손바닥사슴
우리뿐이에요"
170,19:11,[Selima] Stop the bus!,멈춰 봐!
171,19:48,"[Selima] The kitchen in our bus
is actually way bigger","우리가 살았던
베를린 집의 주방보다"
172,19:50,than the one we had in Berlin.,이 버스의 주방이 더 커요
173,19:52,"It's stocked with everything I need
to cook delicious meals on the road","길에서 맛있는 음식을 만들 때
필요한 것들이 다 있죠"
174,19:55,"and it's quite luxurious to have
a kitchen with you wherever you go.","어딜 가든 주방을 쓸 수 있어서
아주 편안해요"
175,19:59,"It gives me a really good feeling, too,
because it makes me feel at home.","기분도 좋아지죠
집에 있는 느낌이 들거든요"
176,20:19,"So, we are five miles away from the border
to Alaska, we can almost see it.","국경과 약 8킬로 떨어진 곳입니다
알래스카가 보이다시피 해요"
177,20:25,But there's one problem.,근데 문제가 하나 있어요
178,20:26,"Uh, we were in the States
converting the bus for 90 days.","버스를 개조하느라
미국에 90일 동안 있었는데"
179,20:32,"On the 90th day, we left the States
because we had our ESTA visa.","ESTA 비자로 입국했기 때문에
90일째 되는 날 미국을 떠났어요"
180,20:37,"Um, we left on the 90th day,",90일째에 미국을 떠나면서
181,20:40,"and thought, ""We will just come back
to Alaska and get another 90 days.""","곧 알래스카로 돌아와서 다시
90일간 여행하기로 했죠"
182,20:43,"That works,",원래 가능한 일인데
183,20:45,"but Canada doesn't count
as a country leaving the US.","캐나다에 온 건 미국을 떠난 거로
간주하지 않는대요"
184,20:50,"We don't really know what to do,
we thought we'd just try it.","어떻게 해야 할지 몰라서
그냥 부딪쳐 보기로 했죠"
185,20:53,"So, let's hope we meet someone
really nice at the border,","국경에서 친절한 사람을 만나서
그 사람이 우리에게"
186,20:56,"and they just, like, say, ""Come on in.""","그냥 들어오라고
해 주면 좋겠어요"
187,20:59,"Yeah, she thinks we'll get in.
I'm pretty sure we won't.","셀리는 될 것 같다는데
전 아니라고 봐요"
188,21:09,"We made it! We're in Alaska.
Um, luckily, I was right.","도착했어요! 알래스카입니다
다행히 제 말이 옳았어요"
189,21:14,The guys were really nice at the border.,"국경에 계신 분들은
정말 친절했어요"
190,21:16,"They asked us, like, a million questions,
but that's normal.","질문을 엄청 많이 하셨지만
그건 일상적인 일이죠"
191,21:20,"And, yeah, they gave us eight weeks.",덕분에 8주를 얻었어요
192,21:22,"Uh, so that's plenty of time
to go through Alaska","알래스카를 돌아다니며
멋진 자연을 비롯해"
193,21:25,"and see all the nice nature
and everything.","여러 가지를 둘러보기에
충분한 시간이죠"
194,21:27,"The boys are pretty knocked out.
They're both sleeping.","남자들은 완전히 지쳤나 봐요
둘 다 자고 있어요"
195,21:31,"It was a hard day. We'll get some rest, and then tomorrow we can go to Fairbanks!","힘든 하루였죠, 푹 쉬고 나면
내일은 페어뱅크스로 갈 수 있어요"
196,21:39,"[Felix] Our fuel tank is about 40 gallons,","연료 탱크에
150리터쯤 들어가요"
197,21:41,"and even if we only get
about eight or nine miles per gallon,","1리터당 겨우
3.5-3.8킬로 정도 가니까"
198,21:45,"which is really not that great,",연비가 좋은 건 아니죠
199,21:46,"we can still make it to almost 350 miles
with a full tank of diesel.","그래도 디젤유를 가득 채우면
560킬로 가까이 갈 수 있어요"
200,21:54,There's two reasons to celebrate today.,"오늘을 축하할 이유가
두 가지 있어요"
201,21:56,"Reason one,",첫째
202,21:58,"yesterday, we passed
our ten thousandth kilometer","어제 주행 거리 1만 킬로미터를
채웠답니다"
203,22:02,from start to here.,출발해서 여기까지 오면서요
204,22:04,"So, 10,000 K driving so far,
that's a reason to celebrate.","1만 킬로미터를 달려왔다니
축하할 만한 일이죠"
205,22:09,And the second one is,그리고 두 번째
206,22:10,we are in Fairbanks now.,"우린 지금
페어뱅크스에 있어요"
207,22:12,"Yesterday, we got to the Walmart here.","어제 이곳의
월마트에 다녀왔죠"
208,22:14,"You can sleep here for free,
one or two nights.","여기서 하루 이틀 정도
무료로 잘 수 있어요"
209,22:18,"And, uh, this is...
Fairbanks is the start of our trip, kinda.","어찌 보면 페어뱅크스는
우리 여행의 출발점인 셈이죠"
210,22:22,"From Fairbanks, we will always go south.","페어뱅크스부터는
계속 남쪽으로 가거든요"
211,22:25,"So, that's two reasons to celebrate.",그 두 가지를 축하할 거예요
212,22:27,How do you celebrate better,무언가를 축하할 때는
213,22:30,than with a dance?,역시 춤이 최고죠
214,22:32,"I would say, check us out!",그럼 지켜봐 주세요!
215,22:49,"So, my two-step is pretty smooth.",제 투스텝은 꽤 부드러워요
216,22:51,"Seli, uh...",셀리는...
217,22:53,I would say B-minus.,B 마이너스 정도죠
218,22:56,"And Rudi, Rudi got that swag.
You can't learn that.","루디는 타고난 스웨그가 있어요
그건 못 따라 하죠"
219,23:00,"So, off to the next 10,000 K.","다음 1만 킬로미터를 향해
출발해 봅시다"
220,23:14,"So, we made it
to the Denali Nation Park yesterday.","어제 디날리 국립 공원에
도착했습니다"
221,23:18,The drive was epic.,오는 길이 정말 멋졌어요
222,23:20,"It was, uh, one of the nicest rides
I had in my life.","제 인생에서 손에 꼽을 만큼
근사한 여정이었죠"
223,23:25,"We stay on the Teklanika camp ground,","테클라니카 야영장에
머물고 있는데"
224,23:28,"which is, uh, on mile 30
of the road in the park.","공원 내 길의 제한 속도가
시속 50킬로예요"
225,23:34,"And usually they stop you
at mile 17, I think.","보통 시속 30킬로 정도 되면
차를 정지시키는데"
226,23:38,"But if you book that campground,",그 야영장을 예약하면
227,23:41,you can go until mile 30.,"시속 50킬로 이하로
다닐 수 있어요"
228,23:43,But you have to stay here three nights.,"하지만 여기서
3일 밤을 머물러야 하죠"
229,23:46,"So, we got lucky.
Usually it's all booked out.","운이 좋았어요
보통은 예약이 꽉 차 있는데"
230,23:48,"And five days ago, we found out,",5일 전에 우연히
231,23:50,"""Okay there's an opening,
we should take it."" So, we took it.","자리가 있는 걸 발견하고
이때다 싶어서 예약했어요"
232,23:54,"And the ride, it was all gravel
and bumpy roads,","길은 자갈투성이인 데다
울퉁불퉁했지만"
233,23:59,"but mountains to the left,
rivers to the right.","왼쪽에는 산이 있고
오른쪽에는 강이 있고"
234,24:02,"It was, uh...",정말이지...
235,24:04,The best ride in my life.,최고의 드라이브였어요
236,24:08,"[Selima] The campground
doesn't have water or power,","이 야영장에는
물이나 전기가 없어서"
237,24:10,"so we had to fill up our fresh water tank
and dump the used water before.","미리 수조에 깨끗한 물을 채우고
사용한 물을 버려야 했어요"
238,24:14,For days where it's so cloudy,며칠 동안 날이 흐려서
239,24:16,"that our solar panels
don't get enough sun,","태양 전지판이
햇빛을 충분히 못 받았지만"
240,24:18,"we have a generator, and our stove
and water heater run on propane.","발전기도 있고 레인지와 온수기엔
프로판 가스를 쓰죠"
241,25:23,"The special thing about this park is that you don't have to be on trails
all the time.","항상 길에 있지 않아도 된다는 게
이 공원의 특별한 점이에요"
242,25:27,"They encourage you to go
wherever you want to go,","원하는 곳은
어디든 가라고 권하죠"
243,25:29,and I'm on a little hill right now.,"지금 전
작은 언덕 위에 있어요"
244,25:32,"There's mountains all around me,
it's so beautiful.","사방에 산이 솟아 있는데
정말 아름다워요"
245,25:36,And I feel like the queen of the world.,세상의 여왕이 된 기분이에요
246,25:43,[shouting] Alaska!,알래스카!
247,26:02,"We can check a new thing
off our bucket list.","우리의 버킷리스트에서
한 가지를 지우게 됐어요"
248,26:04,"Waking up in front of
the highest mountain in North America","북미에서 가장 높은 산 앞에서
잠에서 깨어나고"
249,26:08,"and drinking our coffee
on top of our bus, looking at it.","버스 위에서 그 산을 보며
커피를 마시는 거죠"
250,26:11,"It's hiding a little bit
behind the clouds, but, um,","구름이 산을
살짝 가리고 있긴 하지만..."
251,26:15,"sometimes we can see it,
like, every 20 minutes.","한 20분 간격으로
산을 볼 수 있어요"
252,26:18,And it's really beautiful.,정말 아름다워요
253,27:40,"[Selima] On the Kenai Peninsula,
we meet Eric and Kaylee","케나이반도에서
에릭과 케일리를 만납니다"
254,27:43,"who live here, and show us
their beloved Alaska, off the beaten path.","이곳 주민인데 그들이 좋아하는
알래스카의 한적한 길을 알려 주죠"
255,27:48,"It's nice to meet locals
because we get to know the country","현지인을 만나는 건 늘 좋아요
그 사람들을 통해"
256,27:51,on a whole new level through them.,그 나라를 깊이 알게 되거든요
257,27:59,Boondocking in Alaska is the easiest ever.,"알래스카에서 야영하는 건
최고로 쉬운 일이에요"
258,28:03,"Uh, the nature's so endless here,",끝없는 자연이 펼쳐져 있고
259,28:06,"there's roads
leading to nothing everywhere.","특별한 목적지가 없는 길들이
곳곳에 이어져 있죠"
260,28:10,"And then you find
a spot like here, incredible.","이렇게 근사한 곳도
발견하게 되고요"
261,28:14,"Mountain view, the creek,
and there's this park in the woods, kinda.","멋진 산과 작은 개울
숲속에 이런 공원 같은 곳도 있죠"
262,28:18,"Alaska is perfect for that.
Perfect boondocking county...","알래스카는 야영하기에
정말 완벽한 카운티예요"
263,28:22,Country. [chuckles] State.,"아니, 나라죠
주군요"
264,28:25,"Um, it's fun. It's really, really fun.","재미있어요, 정말 즐거워요"
265,29:21,"[Selima] We're driving to Vancouver next,",이제 밴쿠버로 갈 겁니다
266,29:23,"and are happy to finally be
in a big city again.","다시 대도시에
가게 돼서 기뻐요"
267,29:26,"Rudi has been limping for quite some time,","루디가 한동안
다리를 절었어요"
268,29:27,"so we really wanna go see a vet
and get him checked,","꼭 병원에 가서
검사를 해 볼 생각이에요"
269,29:30,'cause we're scared he has joint problems.,"관절 문제일까 봐
걱정되거든요"
270,29:37,"Unfortunately, we were right.",안타깝게도 저희 생각대로였죠
271,29:39,"But before he has to have surgery
on both elbows,","양쪽 앞다리 무릎을
수술하기 전에"
272,29:42,"we visit a dog beach
so he can run around one last time.","마지막으로 뛰어놀 수 있도록
반려견 해변에 왔습니다"
273,30:22,Rudi has been crying all night.,루디가 밤새 울었어요
274,30:24,"He literally didn't even sleep for, like,
five minutes or so.","정말 5분도
제대로 못 잔 것 같아요"
275,30:28,"I'm pretty scared that he's in pain.
I mean, like, they cut the bone","아픈 걸까 봐 겁이 나요
뼈를 자르고"
276,30:31,"and put metal in,
but the doctor said it's normal,","금속을 박았는데
선생님은 평범한 치료라더군요"
277,30:34,"that he's just hallucinating
from the sedatives,","그냥 진정제 때문에
환각을 겪는 거래요"
278,30:37,"but I just hope it's over soon
and he feels better.","얼른 그 단계가 끝나서
루디가 나아지면 좋겠어요"
279,30:40,"We didn't get a single minute of sleep,
all three of us.",저희 셋 다 한숨도 못 잤어요
280,30:42,"Um, and today
we have to leave him alone, actually, to go to the embassy to get our US visa,","오늘은 루디를 혼자 둬야 해요
미국 비자를 받으러 가거든요"
281,30:47,"but I think he'll be fine, because
I don't think it will take too long","약속을 잡아 둬서
오래 걸리진 않을 테니"
282,30:50,'cause we have an appointment.,루디는 괜찮을 거예요
283,30:53,[Selima] It's okay.,괜찮아
284,31:17,"We have just been
to the US Embassy here in Vancouver.","방금 이곳 밴쿠버에 있는
미국 대사관에 다녀왔어요"
285,31:21,We applied for tourist visa.,여행 비자를 신청했죠
286,31:24,"And, uh, we've been to the embassy
for, like, five hours.","대사관에
5시간 가까이 있었어요"
287,31:29,"It was, uh, craziness.",말도 안 되는 일이죠
288,31:31,"And finally, we could speak to somebody,","드디어 누군가와
얘기하게 돼서"
289,31:33,"and then we said, ""Look, we wanna go
from Alaska to Argentina","캠핑카로 알래스카에서
아르헨티나까지 갈 계획인데"
290,31:36,"in an RV, and we just wanna go through
the US and stay for 20 days,","캠핑카로 알래스카에서
아르헨티나까지 갈 계획인데 미국을 통과하면서
20일간 머물고 싶다고 했어요"
291,31:41,"and then we'll go to Mexico...""",그 후에 멕시코로 간다고요
292,31:43,"And he thought
we want to stay in the US forever,","근데 우리가 미국에
정착하려 한다고 생각하더군요"
293,31:47,"I don't know why,
because I work online, I guess,","이유를 모르겠어요, 제가...
온라인으로 일해서 그런가 봐요"
294,31:51,"because my company's in Germany
and I'm not there.","제 회사는 독일에 있는데
전 여기 있으니까요"
295,31:54,"So, he declined the visa.","그래서 비자 발급을
거부당했어요"
296,31:57,"We paid 400 US dollars
just to get declined.","단지 발급을 거부당하느라
400달러를 쓴 셈이죠"
297,32:01,This is... [grunts] It's...,이건... 정말...
298,32:08,It's the end.,다 끝났어요
299,32:10,"We can't fly to Mexico,
leave the bus here.","버스를 버리고
멕시코행 비행기를 탈 순 없어요"
300,32:13,"What are we supposed to do? We got
the dog. We can't fly to Germany.","어쩌죠? 개도 있고
독일행 비행기를 탈 수도 없고"
301,32:16,"We can't... Traveling is usually fun,
but right now...","그렇다고...
여행은 보통 즐겁지만 지금은..."
302,32:32,[Felix] We have to wait about three weeks,미 대사관과 약속을 잡고
303,32:34,"to get another appointment
at the US Embassy,","다시 방문하려면
3주 정도 기다려야 해요"
304,32:36,"and it's really frustrating not to know
if this trip is going to end or not.","이 여행이 끝날지 아닐지
알 수 없다 보니 너무 힘드네요"
305,32:41,"That's why my brother, Marco,
and his girlfriend, Sophia,","그래서 제 형제인 마르코와
마르코의 애인 소피아가"
306,32:43,"come over from Germany
and they try to cheer us up a little.","독일에서 여기까지 왔어요
우리를 응원해 주려고 애를 썼죠"
307,32:47,"But again, there is something good
about this forced break ,","하지만 이 강제 휴식이
좋은 점도 있어요"
308,32:50,because Rudi really needs some time,"루디는 길에서 보내는
일상에서 벗어나 제대로 회복할 시간이
꼭 필요하거든요"
309,32:53,"to heal without the daily life
on the road.","제대로 회복할 시간이
꼭 필요하거든요"
310,33:02,And it really worked on the second try.,"두 번째 시도에서는
성공을 거뒀어요"
311,33:04,"We were lucky and got
a super nice lady at the Embassy","다행히 대사관에서
아주 친절한 여자분을 만났죠"
312,33:07,who believed us and our story.,"우리와 우리 얘기를
믿어 줬어요"
313,33:09,Of course we don't wanna live in the US. We only wanna travel through,"우린 미국에 살 생각이 없어요
여행을 하려는 것뿐이죠"
314,33:13,"and are really happy that
this trip is not going to end","성격 나쁜 아저씨
한 명 때문에"
315,33:16,because of one grumpy old man.,"여행이 끝나지 않아서
다행이에요"
316,33:23,"I don't even know how to start right now. I'm so angry and sad, like...","뭐부터 시작해야 할지 모르겠네요
너무 화나고 슬퍼요"
317,33:28,"We finally got our visa the second time
around when we went to the Embassy,","두 번째로 대사관에 갔을 때
마침내 비자를 받았고"
318,33:32,and then we went to the border today,오늘 국경에 갔어요
319,33:34,"and it didn't even occur to us
that we could face any problems.","문제가 생길 거라고는
생각도 못 했죠"
320,33:36,"We thought we could just pass through. But we were very wrong, like...","그냥 지나갈 수 있을 줄 알았는데
잘못된 생각이었어요"
321,33:40,"We came there and they put Rudi
in a kennel in the bright sun.","국경에 갔는데 땡볕 아래에서
루디를 개집에 넣는 거예요"
322,33:43,"It's like 30 degrees out there
and he's just had surgery.","기온이 30도인 데다
루디는 갓 수술을 받았는데"
323,33:46,"And they didn't even give him any water. So, we immediately decided to turn around.","물 한 모금 안 주더군요
그래서 바로 돌아오기로 했죠"
324,33:50,"We thought we can come back another time, maybe early in the morning
when it's not so hot.","그렇게 덥지 않은 이른 아침에
다시 갈 생각이었어요"
325,33:54,"But once you apply to get in,
you have to go through with it.","하지만 한 번 신청하면
꼭 입국해야 한대요"
326,33:58,"So I begged them. I said, like,
he just had surgery.","그래서 사정을 했죠
갓 수술을 받았는데"
327,34:01,It's not gonna do any good.,이러면 안 좋아질 거라고요
328,34:02,"And they just didn't give in. They didn't want to.
So we had to go in there","하지만 소용이 없었어요
어쩔 수 없이 들어갔더니"
329,34:06,"and they questioned us again
for illegal immigration.","또 불법 입국에 대해
질문을 하는 거예요"
330,34:09,"Like, seriously, America,
I don't want to stay in your country.","잘 들으세요
전 당신들 나라에 머물기 싫어요"
331,34:13,"Like, I don't know what part of that
you don't understand.","대체 어느 부분이
이해가 안 되는지 모르겠네요"
332,34:15,"We're... It's all over the internet.
Like, you can look us up.","인터넷에 다 있어요
우리를 검색해 보면 돼요"
333,34:19,"It says we wanna go
from Alaska all the way south.","알래스카에서 남쪽으로
여행하려 한다는 게 나올 거예요"
334,34:23,"So, how are we staying in your country?","그런데 어떻게
미국에 머물겠어요?"
335,34:25,"But, well, they asked us again
after the Embassy,","어쨌든 대사관에 이어
또 그런 질문을 하더니"
336,34:28,"and finally they let us in
after a couple of hours.","두어 시간이 지난 후에
드디어 입국을 시켜 줬어요"
337,34:33,"Which was really hard. And, like, a few incidents happened where","정말 힘들었죠
몇 가지 사고도 있었어요"
338,34:37,"one officer threatened Felix
to put him in a cell","한 경찰이 펠릭스를
유치장에 가둔다고 협박했죠"
339,34:40,because he got up to use the bathroom.,화장실에 가려 했다는 이유로요
340,34:41,"Like, seriously, what's up?
Why do you do that?","대체 왜 그래요?
왜들 그러는 거죠?"
341,34:45,"They made us feel so... Helpless. Like, you're treated
like a prisoner.","무력감이 느껴지더라고요
죄수 취급을 당했잖아요"
342,34:49,"It's not fair and... At the moment, I don't even wanna be here.","그건 정당하지 않아요
지금은 여기 있기조차 싫죠"
343,34:53,"It's like the last place I wanna be. So, I don't know what to do.","정말 싫은 곳이에요
어떻게 해야 할지 모르겠어요"
344,34:57,Rudi is seriously ill now.,루디는 지금 많이 아파요
345,34:59,"I think he has a heatstroke.
He's vomiting every 10 minutes.","열사병인 것 같아요
10분 간격으로 토하는 데다"
346,35:03,"He has diarrhea.
He's really not doing well.","설사도 해요
상태가 무척 안 좋아요"
347,35:06,"And, so... We should be celebrating right now","아마... 평소 같으면
지금쯤 축하를 하고 있겠죠"
348,35:09,"because we actually got
into the United States,",드디어 미국에 들어왔으니까요
349,35:12,but we're not very happy at the moment.,"하지만 지금은
별로 행복하지 않아요"
350,35:33,"[Selima] Back on the road,
we decided to skip Portland and Seattle","우리는 포틀랜드와 시애틀을
건너뛰기로 했습니다"
351,35:35,even though they're super cool cities.,정말 멋진 도시들이지만요
352,35:37,"You can't do everything
in one trip, anyway,","한 번의 여행에서
모든 걸 할 순 없으니"
353,35:39,"and it's important to do
what feels good for you.","더 즐거운 걸 하는 게
중요하죠"
354,35:41,"After the long time in Vancouver,
we had enough of big city life","밴쿠버에 오래 머물면서
대도시 생활을 충분히 즐겼기에"
355,35:45,"and wanna be by ourselves
and in nature for a while.","한동안 우리끼리
자연 속에 있고 싶어요"
356,35:47,"So we head for
the Pacific highway instead.","그래서 도시 대신
퍼시픽 하이웨이로 향하죠"
357,37:25,"[Selima] When so many things go wrong,",여러 가지 문제가 생길 때면
358,37:26,"you kinda start to question
why you're traveling in the first place,","이 여행을 왜 하고 있는지
생각하게 됩니다"
359,37:29,"because we weren't happy anymore at all. It's part of traveling though, I guess.","전혀 행복하지 않았으니까요
하지만 그것도 여행의 일부 같아요"
360,37:33,"And we learn that maybe happiness is
to get over something like that.","그런 걸 극복하는 게
행복일지도 모른다고 깨닫죠"
361,37:37,"Not to lose your optimism,
and pick yourself up again.","긍정적인 마음을 잃지 않고
다시 일어서는 거요"
362,37:40,"That really helped us to
appreciate the smaller things","작은 것들에 감사하고
일상을 되찾는 데"
363,37:43,and get back into a routine again.,그런 깨달음이 도움이 됐어요
364,37:55,"We are exploring
the Redwood National Park right now.","지금 레드우드 국립 공원을
탐험하고 있습니다"
365,37:59,"And after staying way
too long in Vancouver,","밴쿠버에 무척
오래 머물렀더니"
366,38:02,it's nice to have nature again.,"다시 자연을 느끼는 게
즐겁네요"
367,38:04,Those trees are massive. I never saw something like that before.,"나무들이 정말 거대해요
이런 건 한 번도 본 적이 없죠"
368,38:25,"Rudi, come. [whistles]","루디, 이리 와"
369,38:31,"[Felix] What you don't really think about
before you start a trip like this","이런 여행을 시작하기 전에는
길이가 12미터에 이르는"
370,38:35,is this crazy long bus with about 40 feet.,"이런 버스에
전혀 관심이 없었어요"
371,38:39,You can barely move around in big cities.,"대도시에서는
거의 돌아다닐 수가 없죠"
372,38:42,"One wrong turn and you are
in the middle of chaos.","한 번 잘못 꺾으면
대혼란을 일으키게 돼요"
373,38:45,"You don't really know how to get out,
and finding a parking spot","빠져나오기도 어렵고
주차할 곳을 찾기도 어렵죠"
374,38:48,"or even a place to sleep
is almost impossible.","세워 놓고 잘 곳을 찾는 건
거의 불가능해요"
375,38:52,"That's why we usually just
drive through the big cities","그래서 대도시는 대부분
그냥 통과하고"
376,38:54,and focus on the nature spots.,자연이 펼쳐진 곳에 집중하죠
377,39:31,"West coast of America is really nice.
Really easy.","미국의 서부 해안은 정말 멋져요
편하게 즐길 수 있고요"
378,39:35,"Uh, just always on
the Highway One heading south.","남쪽으로 향하는 해안 도로에서
항상 볼 수 있죠"
379,39:39,The sights are really nice.,풍경이 진짜 근사해요
380,39:42,"It's, uh, the reward
for all the bad parts.","나쁜 기억들을
다 보상해 주네요"
381,39:46,"It's really like a roller coaster,
this trip right now.","이번 여행은
꼭 롤러코스터 같아요"
382,39:48,"It's up and down, it's up and down.
But that's kinda what traveling is, right?","계속 오르락내리락하죠
하지만 그런 게 여행 아니겠어요?"
383,39:52,"So, uh, I hope it stays like that.",이렇게 유지되면 좋겠어요
384,39:55,I don't want any bad experiences anymore.,"더는 나쁜 경험을
하고 싶지 않아요"
385,39:59,I want this.,이런 게 좋아요
386,42:20,Yeah! Awesome!,이야!
387,42:23,Yeah! Awesome!,최고예요!
388,42:24,"[Felix] Shortly after Los Angeles,
we decide to head east,","LA를 떠난 직후
동쪽으로 가기로 합니다"
389,42:27,so basically moving inland.,내륙으로 향하게 된 거죠
390,42:30,"After leaving LA, the nature
starts to change drastically.","LA를 떠난 후부터는
풍경이 급격히 변하기 시작합니다"
391,42:34,"Suddenly, you are in
the middle of the desert",갑자기 사막 속에 있게 되면
392,42:36,"and you know this has got to be the right
way to Death Valley and Grand Canyon.","데스밸리와 그랜드캐니언 쪽으로
잘 가고 있다는 뜻이죠"
393,43:29,"-Rudi, it's okay!
-[in German] He's trembling...","- 루디, 괜찮아
- 떨고 있어"
394,43:31,Rudi...,루디
395,43:34,"It's okay, everything will be fine.","괜찮아, 아무 일 없을 거야"
396,43:37,Everything will be fine.,괜찮을 거야
397,43:43,It's okay.,괜찮아
398,43:44,"[in German] It's okay. Yes, I know.","그래, 괜찮아"
399,43:47,"I know, darling.",그래
400,43:55,It's okay.,괜찮아
401,43:57,"Ever since we went inland from LA,
it's getting hotter every day","LA에서 내륙으로 향한 후
매일매일 더 더워지는데"
402,44:01,and Rudi isn't taking it well at all.,"루디가 그걸
견디지 못하고 있어요"
403,44:03,He overheated yesterday and broke down.,"어제는 너무 더워하더니
결국 쓰러졌죠"
404,44:06,"He just ran to the bus and just his...
His legs just collapsed","버스로 달려오는데
갑자기 다리가 풀썩 꺾였어요"
405,44:10,"and we had to carry him inside,",저희가 안으로 옮겨야 했죠
406,44:12,"so now I'm trying to
cool him down constantly.","그래서 계속
열을 식혀 주고 있어요"
407,44:14,"So even when we're driving,
I'm, like, right next to him","이동을 할 때도
루디 옆에 딱 붙어서"
408,44:16,"and I'm putting water on him
every five minutes.",5분 간격으로 물을 뿌려 주고
409,44:18,"And I even have a cool pack
to cool him down.","열을 식히려고
얼음 팩을 해 주기도 해요"
410,44:21,"And... I knew it would be hard
with a mountain dog in the south,","마운틴도그니까 남부에 오면
힘들어할 줄은 알았지만"
411,44:26,"but I didn't think he would break down
the first day it gets hot,","더워진 첫날부터
쓰러질 줄은 몰랐어요"
412,44:29,"so we really have to think of something,",어떻게든 방법을 찾아야 해요
413,44:32,"'cause I know it's gonna be hotter, even,
if we go to Mexico or Peru, Costa Rica...","멕시코나 페루나 코스타리카는
훨씬 더 더울 텐데"
414,44:38,"I don't know if he can make it, actually.
Maybe we have to send him home.","잘 견딜지 모르겠어요
집에 보내야 할지도 몰라요"
415,44:41,But without Rudi...,하지만 루디 없이는...
416,44:44,"There is no Expedition Happiness,
actually. I don't wanna go on without him.","행복 원정대도 없어요
루디 없이 가고 싶진 않아요"
417,44:47,"So, let's hope we figure something out,
'cause I don't want this to end now.","그러니 방법이 있길 바라야죠
지금 여행을 끝내고 싶진 않거든요"
418,45:04,"[Selima] Without a warning,
the next setback hits us.","예고도 없이
다음 문제가 터집니다"
419,45:07,"Our road trip's on the line,
and more importantly, Rudi's health.","자동차 여행도 위태롭고
무엇보다 루디의 건강이 문제죠"
420,45:09,But we learn to concentrate on solutions,하지만 우린 좌절하기보다
421,45:11,"rather than getting frustrated
about the problem.","해결책을 찾는 데
집중하는 걸 배웁니다"
422,45:13,"And in this case, it simply means
to walk Rudi in the morning","이번 문제의 해결책은
별로 덥지 않은 아침과 밤에"
423,45:16,"and at night when it's not
as hot anymore.",루디를 산책시키는 것이죠
424,45:18,"Luckily, he gets used to it very quickly","다행히 루디는
금방 익숙해집니다"
425,45:20,"and doesn't mind the heat
as much anymore after a few days.","며칠이 지나니까
더위도 신경 쓰지 않더군요"
426,45:23,"[Felix in German]
Rudi, where's the coyote?","루디, 코요테가 어디 있지?"
427,45:26,Where's the coyote?,코요테가 어디 있어?
428,45:35,"[Selima] In moments like these, I'm so
grateful that we have each other,","이럴 때는 서로가 곁에 있다는 게
참 감사해요"
429,45:38,"'cause I honestly don't know
how I'd cope on my own.","저 혼자였다면
잘 대처하지 못했을 테죠"
430,45:41,"But in the good moments, too, everything
is more fun if you get to share it.","물론 좋을 때도 그렇죠
뭐든 함께하면 더 즐겁거든요"
431,45:45,"And I think we can consider
ourselves lucky",우리는 운이 좋다고 생각해요
432,45:47,"that we're together 24/7
in such a small space","그 좁은 공간에서
24시간 내내 붙어 있으면서"
433,45:50,and haven't killed each other yet.,"아직 서로를
죽이지 않았으니까요"
434,45:52,We just enjoy our time together.,함께 이 시간을 즐기고 있어요
435,45:56,"So, today we are at the most...","오늘은 지금껏 우리가
자 본 곳 중에..."
436,46:00,Magical place we ever slept in our lives.,"가장 마법 같은 곳에
와 있어요"
437,46:04,"We, uh, went right on the street","길을 가다
오른쪽으로 꺾었는데"
438,46:07,"and for, like, two miles
we needed an hour,","3킬로미터 정도 가는데
1시간이 걸렸어요"
439,46:11,"because it was like...
[imitating bumpy road]",길이 정말...
440,46:13,It was really shady.,진짜 엉망이었어요
441,46:15,But now we're here.,하지만 지금은 여기 있죠
442,46:17,The sun just went down.,방금 해가 졌어요
443,46:19,The heat's gone. The dog's having fun.,"더위가 가시니까
루디도 신이 났죠"
444,46:23,It is amazing.,여긴 정말 놀라워요
445,46:26,Such a magical place.,진짜 마법 같은 곳이에요
446,46:39,We are driving towards Death Valley.,데스밸리를 향해 가고 있어요
447,46:43,"To get into Death Valley, you have
to cross the mountains, of course.","데스밸리로 들어가려면
당연히 산을 넘어가야 하죠"
448,46:47,And we have a new negative speed record.,"지금 최저 속도의
신기록을 쓰고 있어요"
449,46:52,"Uh, which is, uh...",지금 속도가...
450,46:55,50 miles an hour. 15 miles an hour.,시속 24킬로 정도예요
451,46:59,"Um, well, we got to deal with it.
The engine is getting really hot.","어쩔 수 없죠
엔진이 과열되고 있거든요"
452,47:03,"So let's see. I hope it's not too long,
but we'll make it.","너무 멀지 않길 바라지만
어쨌든 결국엔 잘 도착할 거예요"
453,47:43,"We, uh, celebrated a little too early.",너무 쉽게 생각했나 봐요
454,47:46,"We're going down hills for,
like, two miles,",3킬로 정도 언덕을 내려오는데
455,47:49,"and suddenly we were, like, smelling fire.","갑자기 타는 냄새가
나는 거예요"
456,47:53,And I stopped... I couldn't stop.,차를 멈추는데 안 서더군요
457,47:54,"I barely stopped.
The brakes didn't work anymore.","간신히 멈춰 섰죠
브레이크가 말을 안 들었어요"
458,47:58,"And I got outside and the brakes
were steaming hot. Like, melting.","밖으로 나와 살펴보니까
브레이크가 녹을 듯이 뜨거웠어요"
459,48:02,"So we are at the side of the road.
We'll wait for, like, 10 minutes.","그래서 지금 길가에 있어요
10분 정도 기다릴 거예요"
460,48:05,"A policeman already stopped behind us
to kinda guard us out here.","경찰이 우리를 지켜 주려고
버스 뒤에 멈춰 섰어요"
461,48:10,Death Valley for sure.,정말 죽음의 계곡답네요
462,48:16,"[Felix] After waiting about 20 minutes,
the brakes finally cooled down","20분 정도 기다리자
과열됐던 브레이크가 식어서"
463,48:20,and we were able to continue driving.,다시 이동할 수 있었습니다
464,48:22,"Downshifting usually works pretty good,
but even without braking,","보통 이럴 땐 저속으로 가면
해결되지만 데스밸리에서는"
465,48:26,"everything on the bus is
getting really hot in Death Valley.","브레이크를 밟지 않아도
버스 전체가 뜨거워집니다"
466,51:15,I've never seen anything like this before.,이런 광경은 정말 처음 봐요
467,51:18,The earth is just ripped open.,땅이 갈라져서 열려 있어요
468,51:20,It's sick. It's like a magical place.,"굉장해요
마치 마법에 걸린 곳 같아요"
469,51:37,"[Selima] We're on the road since
seven months now,",길에서 지낸 지 7개월째인데
470,51:38,"and only traveled through
two countries so far.","아직 두 나라밖에
여행하지 못했어요"
471,51:41,It's kind of crazy.,말도 안 되는 일이죠
472,51:42,"In Europe, we probably would have been
in every country by now.","유럽이었다면 지금쯤
모든 나라를 둘러봤을 거예요"
473,51:45,"And while the nature changed drastically
from glaciers to desert,","빙하 지대에서 사막까지 오며
환경은 완전히 변했지만"
474,51:49,"the people and the cultures
they're more or less the same.","사람들과 문화는
대체로 비슷했죠"
475,51:51,"So, we can't wait for
new influences in Mexico.","빨리 멕시코에 가서
새로운 걸 경험하고 싶어요"
476,51:57,It's raining for the first time in ages.,"정말 오랜만에
비가 내리고 있어요"
477,52:00,It was just really hot for weeks.,몇 주 동안 정말 더웠죠
478,52:02,"Actually, it's still hot,
but it's raining.","사실 지금도 덥지만
그래도 비가 오잖아요"
479,52:04,"And at first we didn't know if it's
a good sign or a bad sign","이런 날씨가 멕시코 여행에
좋을 징조인지 나쁠 징조인지"
480,52:07,for Mexico and the weather.,처음에는 좀 헷갈렸는데
481,52:09,"But then a really beautiful
rainbow showed up.",정말 예쁜 무지개가 떴어요
482,52:11,So we're taking it as a good sign now.,"그래서 좋은 징조라고
믿기로 했죠"
483,52:26,"We're at the border to Mexico
at the moment,","여긴 멕시코로 넘어가는
국경입니다"
484,52:28,so I'm actually in between two countries.,두 나라 사이에 있는 거예요
485,52:30,"It was really nice so far.
They were really nice people.","지금까진 아주 좋았어요
사람들도 친절했죠"
486,52:32,"They were really calm
and really sweet to us,","무척 차분했고
우릴 상냥하게 대해 줬어요"
487,52:37,"and they looked at the bus
and everything was fine, so we're really happy.","버스를 점검받았는데
아무 문제 없어서 행복했죠"
488,52:40,"And now Felix is off
to get our permission,","지금 펠릭스는
통행 허가를 받으러 갔어요"
489,52:44,"and he's been gone for, like,
half an hour now,",벌써 30분 가까이 됐네요
490,52:47,so I'm starting to worry.,슬슬 걱정돼요
491,52:48,"At first I was like, okay,
let's just have breakfast.","처음엔 그냥
아침이나 먹자 싶어서"
492,52:50,"I made myself some breakfast, actually.",진짜로 식사를 준비했거든요
493,52:53,"Um, and he's gonna be back soon,
but now...",금방 돌아올 줄 알았는데
494,52:56,"He's not coming back
and I'm getting nervous,",안 돌아오고 있어서 긴장돼요
495,52:58,"'cause either he's in line
and then everything is fine",줄을 서고 있는 거면 괜찮지만
496,53:01,"or they have been talking
to him for, like, half an hour.","30분 동안
대화한 걸 수도 있잖아요"
497,53:03,"And I just really... I can't handle
any more border problems.","더는 국경 문제를
겪고 싶지 않아요"
498,53:07,"I just wanna be in Mexico
and have fun again.","빨리 멕시코에 들어가서
여행을 즐기고 싶어요"
499,53:11,[in German] So?,어떻게 됐어?
500,53:12,"-We have everything.
-Everything?","- 전부 처리했어
- 전부?"
501,53:15,"I think so!
But I think we got screwed over.","그런 것 같아
근데 속은 것 같기도 해"
502,53:18,Did you have to pay something? [laughs],돈을 내야 했어?
503,53:20,"Yeah, she said it's ""Pesos""
all the time...","응, 그 직원이
계속 '페소' 얘기를 해서..."
504,53:25,...but the document says it's Dollars.,서류에는 달러로 나와 있네
505,53:28,"$1,129.","1,129달러"
506,53:31,"No, that's not possible.
I don't think we paid that much.","말도 안 돼
그렇게 많이 냈을 리가 없어"
507,53:37,Mexico. Mexico.,멕시코 대단하네
508,53:41,"[Felix] Of course,
they didn't screw us over.",물론 속은 게 아니었습니다
509,53:43,"The currency sign is just the same
as the one in the US.","멕시코의 통화 기호가
미국의 기호와 똑같아서"
510,53:46,So I thought it's dollars.,제가 달러로 착각한 거죠
511,53:57,"So, we just made the first",멕시코에 들어와서...
512,54:00,"80, 90 miles in this country.",130-150킬로 정도 이동했는데
513,54:04,The people are nice. The food is good.,사람들도 좋고 음식도 좋아요
514,54:07,The only problem is the roads.,"딱 하나 문제가 있다면
바로 길이에요"
515,54:10,The worst roads you can imagine.,상상할 수 있는 최악의 도로죠
516,54:12,"Worse than everything
I ever experienced.","제 모든 경험을 통틀어서
최악이에요"
517,54:15,Everything in the bus is breaking.,버스가 난장판이 됐죠
518,54:17,"So, I don't know how much
longer we can go, but, uh...","얼마나 더 갈 수 있을지
모르겠네요"
519,54:20,"This bus is definitely not made for
Central and South America.","이 버스는 확실히 중앙아메리카나
남아메리카와는 안 맞아요"
520,54:24,"Uh, let's see how it goes, uh,
we're pretty stoked to be here, so...","그래도 계속 가 봐야죠
우린 여기 있는 게 즐거워요"
521,54:29,We don't care about the bus. We're happy.,"버스는 상관없어요
우리가 행복하니까요"
522,54:58,"[Selima]
We're back in no man's land again,",다시 황무지로 들어섭니다
523,55:00,"and I'm sure we're
the only tourists around.","이곳에 여행객은
우리뿐일 거예요"
524,55:02,"But it's kind of nice, 'cause
the bus draws a lot of attention","하지만 나쁘지 않아요
버스가 시선을 끈 덕에"
525,55:05,"so locals come
and talk to us all the time.","현지인들이 계속 찾아와서
말을 걸거든요"
526,55:07,"On the first evening, we get invited
for dinner by two young girls","첫날에 젊은 아가씨 두 명에게
저녁 초대를 받았는데"
527,55:10,"and are super impressed
by their hospitality,",후한 대접에 깜짝 놀랐어요
528,55:12,'cause it's our first day in Mexico,멕시코에 온 첫날에
529,55:14,"and already we're getting
our first bottle of tequila.","첫 테킬라를
선물 받게 됐거든요"
530,55:17,"-Nuevo Casas Grandes.
-Nuevo Casas Grandes.","- '누에보 카자스 그란데스'
- '누에보 카자스 그란데스'"
531,55:19,"-Neuvo?
-Uh-huh. Casa Grandes is like a...","- '누에보' 뭐요?
- '카자스 그란데스'란..."
532,55:21,"-How do you say it?
-Nuevo Casas Grandes.","- 어떻게 발음하죠?
- '누에보 카자스 그란데스' 요"
533,55:23,Nuevo Casas Grandes.,'누에보 카자스 그란데스'
534,55:24,[both] Welcome to Mexico.,멕시코에 잘 오셨어요
535,55:26,Without pot. Without pot.,마리화나는 없어요
536,55:31,Just with tequila.,테킬라만 마실 거예요
537,55:33,[Felix] You have no weed.,마리화나는 없군요
538,55:34,[laughing] No weed.,그럼요
539,55:35,"[Selima] They don't have time
the next morning, but want us to see their hometown.","두 사람은 다음 날 바빴지만
고향을 구경시켜 주고 싶다면서"
540,55:38,"So they send a school friend who shows us
the chili factory of his dad.","아버지의 고추 공장을 보여 줄
학교 친구를 보내 줍니다"
541,55:56,[Selima] They break really easily.,잘 찢어져
542,55:58,"-They break? Oh, okay.
-Yeah.","- 그래? 알겠어
- 맞아요"
543,56:00,"Well, my hair is very soft, so...","제 머리카락은
부드러우니까..."
544,56:02,"-You'll have to put...
-Put it all in.",다 넣으세요
545,56:03,"-Oh, oh, all of it?
-All of it.","- 전부 다요?
- 네, 다요"
546,56:48,Okay.,그렇군요
547,57:00,"-Where did you guys start?
-[Felix] Uh, Niagara Falls.","- 어디서 출발했어요?
- 나이아가라 폭포요"
548,57:03,"No, North Carolina.","아니지, 노스캐롤라이나요"
549,57:06,"-North Carolina.
-Oh, okay.","- 노스캐롤라이나요?
- 그렇군요"
550,57:07,"-Canada. Alaska.
-[speaks in Spanish]","캐나다, 알래스카"
551,57:15,"[Felix] After visiting
the chili factory of his dad,","라일리는 아버지가 하는
고추 공장을 보여 준 뒤"
552,57:17,"Riley wants to show us
one more highlight of the area.","그 지역의 명소를
하나 더 소개해 주기로 합니다"
553,57:20,"We are driving about five miles to get
to a farm a friend of his dad owns.","라일리 아버지 친구의 농장까지
차로 약 8킬로를 이동하죠"
554,57:24,"On our way, we passed chili
and potato fields.","가는 길에
고추밭과 감자밭을 지났는데"
555,57:27,"Supposedly, about 90% of all potato chips
in Mexico are being produced here.","멕시코 감자 칩의 90퍼센트가
이 지역에서 생산된다고 합니다"
556,57:31,Is it that bad?,그렇게 매워요?
557,57:35,"[Felix] Just put it on your tongue.
Don't bite it.",물지 말고 혀에 대 봐요
558,57:40,"-It's pretty hot.
-[laughing] Pretty hot.","- 무척 매워요
- 맵죠?"
559,57:43,[Felix] Is that a chili or jalapeno?,칠리예요? 할라페뇨예요?
560,57:45,"[friend] That's jalapeno.
[Felix] Jalapeno?","- 할라페뇨요
- 할라페뇨요?"
561,57:47,"-Chili and jalapeno.
-Ah, okay.","- 둘 다 있어요
- 그렇군요"
562,57:48,"-Chili and jalapeno.
-[Felix] Jalapeno.","- 칠리와 할라페뇨요
- 할라페뇨구나"
563,57:51,"-It's pretty hot.
-[all laughing]",진짜 매워요
564,57:53,"But it's okay. I'm not, you know...
I'm still alive.","하지만 괜찮아요
아직 살아 있어요"
565,57:57,"[Felix] Once we get to the farm
we are kinda freaked out.","농장에 도착한 우리는
깜짝 놀랍니다"
566,58:00,"There is several mansions
we aren't really allowed to film.","촬영을 허락받지 못한
저택들도 있고"
567,58:04,There is a Boeing used as a private jet.,"전용기로 사용되는
보잉 항공기도 있죠"
568,58:06,"And then there's these tigers
in really small cages.","작은 우리에 사는
호랑이도 볼 수 있습니다"
569,58:10,"Feels really weird being here,",너무 이상하지만
570,58:12,"but we don't want to be rude
and question the circumstances","무례하게
그곳의 상황을 캐묻거나"
571,58:15,or even the hospitality.,친절에 의문을 품긴 싫죠
572,58:24,Second day in Mexico.,멕시코에서의 둘째 날입니다
573,58:25,"Our taco number 412, I think.","아마 타코는
412개째 먹는 걸 거예요"
574,58:29,And we're pretty full.,무척 배가 부르네요
575,58:31,And now it's time for Rudi's first taco.,"이제 루디가 처음으로
타코를 경험할 차례예요"
576,58:34,"Rudi, taco. [speaking in German]","루디, 타코야"
577,58:48,"[in German]
You don't want the bread? Okay.",빵은 먹기 싫어? 알겠어
578,59:09,"[Felix] So, two days ago we saw the tigers",이틀 전에 호랑이를 봤는데
579,59:12,and this dude with a lot of land and...,"그 주인은 땅을
엄청 많이 갖고 있었어요"
580,59:17,"He had employees,
like thousands and stuff.",고용인이 수천 명이나 됐고요
581,59:20,"And we were like, ""Okay,
this is not normal to have tigers.""","우린 그저 호랑이를 키우다니
범상치 않다고만 생각했는데"
582,59:23,"And now somebody told us
that dude is famous.","그 사람이 유명인이라는 걸
방금 들었어요"
583,59:27,"He is the number one narco...
Narcos? Narco?","그 사람은
이 지역 최고의 마약..."
584,59:31,Drug dealer.,마약상이래요
585,59:32,"Uh, Pablo Escobar of Mexico, whatever.","멕시코의
파블로 에스코바르인 셈이죠"
586,59:35,And he's huge here.,이곳의 거물이었어요
587,59:37,"Everybody knows him.
He gives people jobs and everything,","모두 그 사람을 안대요
사람들에게 일자리를 주지만"
588,59:40,"but still, he makes his money with drugs.","어쨌든 마약으로
돈을 버는 거잖아요"
589,59:43,"So, yeah, it's not normal to have tigers,","역시 호랑이를 기르는 건
범상치 않은 일이죠"
590,59:45,"and he was like,
""Oh, don't film everything.""",아무것도 찍지 말라고 했는데
591,59:47,"So, now we know why. We're kinda shocked","이제 그 이유를 알았네요
좀 놀랐어요"
592,59:51,"and you never know
who you meet in Mexico. [laughs]","멕시코에서는
누구를 만나게 될지 몰라요"
593,59:55,I don't know what to say. Good times. [laughing],"뭐라고 해야 할지 모르겠네요
즐거웠어요"
594,59:59,"[Felix] In Jimenez we got lucky again,",히메네스에서도 운이 따라서
595,1:00:01,"finding a good sleeping spot
for the night.","밤에 버스를 세워 둘 곳을
쉽게 찾았습니다"
596,1:00:03,"A really friendly hotel manager
invited us","상냥한 호텔 매니저 한 분이
우리를 초대해서"
597,1:00:05,to park the bus in his huge parking lot and even offered us a room.,"주차장에 버스를 대게 해 주고
방까지 제공해 주셨죠"
598,1:00:09,"But we are fine with staying in the bus. After inviting us to eat in the hotel,","하지만 우린 버스로 충분합니다
호텔에서 저녁을 대접받은 뒤"
599,1:00:13,"he gave us a little tour
through his beloved city.","그분의 안내로
도시를 둘러봤습니다"
600,1:00:43,"-[in Spanish] Hey! Hey, how are you?
-Very well, and you?","- 어이, 잘 지냈어?
- 그럼, 자네는?"
601,1:00:48,"-When do we go to Germany?
-Yes. One day we will go.","- 우린 언제 독일에 가죠?
- 언젠가 갈 거예요"
602,1:00:52,"-Si.
-Si.","- 그렇군요
- 네"
603,1:00:53,"I'll send this guy. Son, come!
Say hi to these guys.","이 친구를 보내 줄게요
와서 인사하렴"
604,1:01:00,"[Felix] When locals give you a tour,",현지인의 안내를 받으면
605,1:01:02,"you get to places where there was
probably no tourist before you.","다른 여행객들이
못 가 봤을 만한 곳에 가게 되죠"
606,1:01:05,"That's how we get a totally unfiltered
view of how the life there really is.","진짜 그 지역의 삶이 어떤지
여과 없이 볼 수 있답니다"
607,1:01:09,"We don't question how they
keep their animals here in Mexico.","멕시코에서 동물을
어떻게 기르는지 묻진 않아요"
608,1:01:12,"Kinda like the tigers before,
but once you get to another country,","호랑이를 봤을 때와 마찬가지죠
다른 나라에 가면"
609,1:01:15,"there's other rules than in
Germany or in the US.","독일이나 미국과는 다른
규칙들이 있기 마련이에요"
610,1:01:18,"We need to respect these circumstances
and be thankful for the hospitality here.","그곳의 환경을 존중하고
환대를 감사히 여겨야죠"
611,1:02:13,"There is 20 soldiers
and two tanks outside the bus.","버스 밖에 군인 20명과
탱크 2대가 있어요"
612,1:02:19,"We've just been to a little tour
around the city Jimenez,","조금 전까지 히메네스를
가볍게 둘러보고 왔는데"
613,1:02:23,"and we came back,
the dog was in here,","돌아와 보니
개는 버스 안에 있고"
614,1:02:25,and those tanks are next door.,"바로 옆에
탱크들이 서 있었어요"
615,1:02:29,I'm scared as hell.,너무 무서워요
616,1:02:31,"They don't talk to us.
They all got 20 guns in their hands.","아무 말도 없이
20명이 총을 들고 있어요"
617,1:02:34,"Like, this is war.",마치 전시 상황 같아요
618,1:02:36,"I don't know if they're
good guys or bad guys","착한 사람들인지
나쁜 사람들인지도 모르겠고"
619,1:02:38,"or if they wanna help and protect us or take us as, like, a hostage, uh...","우리를 지켜 주려는 건지
인질로 삼은 건지도 모르겠어요"
620,1:02:44,"I am scared. I mean, I'm shaking bad.","정말 무서워요
몸이 심하게 떨리네요"
621,1:02:47,"This is war.
I don't know what's happening.","전쟁 같아요
무슨 일인지 모르겠어요"
622,1:02:49,They don't talk to us.,말도 안 해 줘요
623,1:02:51,"Uh, second day in Mexico in Jimenez
and, uh, this happens.","멕시코에서의 둘째 날인데
히메네스에서 이런 일을 겪네요"
624,1:02:56,"But, uh, I'm still positive, I guess.","하지만 아직은
좋게 생각하고 있어요"
625,1:03:11,"We, uh, moved the bus last night.",어젯밤에 버스를 옮겼어요
626,1:03:14,The army didn't leave for two hours. We didn't know what's going on.,"군인들이 2시간 동안 서 있는데
무슨 일인지 알 수가 없었죠"
627,1:03:19,"So, after an hour...",그래서 1시간 후에...
628,1:03:21,"No, after, like,
two hours we took the dog, went outside for a walk.","아니, 2시간쯤 있다가
개를 데리고 산책하러 갔어요"
629,1:03:26,"And once we came back, I'm still nervous,","근데 우리가 돌아오니까...
아직도 긴장되네요"
630,1:03:29,"once we came back, they ran.","우리가 돌아오자
군인들이 뛰어갔어요"
631,1:03:31,"They ran off, took the trucks and left.","뛰어가서 트럭을 타고
떠나 버렸죠"
632,1:03:33,"So I was like, what is going on?
Is this, like, a scam?","우리가 사기를
당한 건가 싶었어요"
633,1:03:36,"Did they put, like,
a ton of cocaine underneath my bus?","'혹시 우리 버스 밑에
코카인을 1톤 정도 숨겨 뒀나?'"
634,1:03:40,"And the next day they're gonna
stop me and say","'그리고 다음 날
날 막아서서'"
635,1:03:42,"I'm the drug dealer, whatever?
So I checked everything, nothing.","'마약상으로 몰려는 건가?'
그래서 확인해 봤는데 깨끗했죠"
636,1:03:46,"So we don't know what it was. Maybe they were just nice
and wanted to protect us,","왜 그랬는지 모르겠어요
그냥 보호해 준 걸지도 모르지만"
637,1:03:49,but they didn't really speak to us.,우리한테 아무 말도 안 했어요
638,1:03:52,It was weird.,너무 이상해요
639,1:03:53,So...,이제...
640,1:03:55,"They're gone now.
We moved the bus last night","군인들은 없어요
어젯밤에 버스도 옮겼고요"
641,1:03:57,"because we said, ""Look,
let's get out of here.""",얼른 여기서 나가자 싶었거든요
642,1:04:01,"First the Narco, the drug dealer,
now the army.","거물 마약상도 모자라서
이제 군대까지..."
643,1:04:05,"What's coming next, Mexico?","멕시코에서
또 뭘 겪게 될까요?"
644,1:04:07,"I, uh, took a lot
of free kicks in my life.","살면서 프리킥을
많이 차 봤는데"
645,1:04:12,None of 'em in Mexico yet.,멕시코에서는 처음이에요
646,1:04:14,None of 'em this important.,"이렇게 중요한 프리킥도
처음이죠"
647,1:04:17,"Good goalkeeper, good field.","대단한 골키퍼가 있고
경기장도 훌륭해요"
648,1:04:20,I'm positive.,성공할 거예요
649,1:04:31,No.,안 돼!
650,1:04:38,Whose ball?,누구 공이지?
651,1:04:58,"-[yelling]
-[Selima laughing]",골인!
652,1:05:04,Yeah!,좋았어!
653,1:05:08,"Now a little physiotherapy
for this guy.",물리 치료를 좀 해 줘야겠어요
654,1:05:11,Good job!,잘했어!
655,1:05:13,Good job. You did well today.,"좋아, 오늘 진짜 잘했어"
656,1:06:43,So we are in San Luis Potosi now.,이곳은 산루이스포토시입니다
657,1:06:46,"It's so hard to explore
a city with the bus.","버스로 시내를 돌아다니는 건
너무 힘들어요"
658,1:06:49,"You never find parking,
and we just found this spot.","주차할 곳이 없죠
방금 이곳을 발견했어요"
659,1:06:52,"It's in front of the Hilton Hotel,
I think.",힐튼 호텔 앞인 것 같아요
660,1:06:56,This is the Hilton.,저기가 힐튼이죠
661,1:06:57,"Dear management, I'm sorry. I know we're not allowed to park here,","관리자 여러분, 죄송합니다
여기 주차하면 안 되겠지만"
662,1:07:00,but we'll be back in one or two hours.,한두 시간 안에 돌아올 거예요
663,1:07:03,"We just want to explore
the city real quick.",시내만 빨리 둘러볼게요
664,1:07:05,"And I hope you don't tow us away.
Please don't.","제발 우리 버스를
견인하지 않으시길 바라요"
665,1:07:09,"Um, we like your country,
we like your hotels,","이 나라도 좋아하고
여러분의 호텔도 좋아하니까"
666,1:07:14,so be nice to us.,조금만 봐주세요
667,1:08:33,"Didn't get towed, quite the opposite.
We got a little message,","견인되기는커녕
오히려 메시지를 받았어요"
668,1:08:36,"uh, under our door.
That's always really nice.","문 밑에 있었죠
이런 걸 받으면 기뻐요"
669,1:08:39,"From someone who recognized us
over Facebook","페이스북을 통해
우리를 알아봐 주시고"
670,1:08:41,"and just said something nice.
Mexico's full of surprises.","좋은 얘기도 해 주셨죠
멕시코에선 늘 놀라게 되네요"
671,1:08:49,"[Felix] In the middle of the road,",미겔은 길 한가운데에서
672,1:08:51,"Miguel stopped our bus
and asked us a million questions,","""산미겔데아옌데"" 우리 버스를 세우고
질문을 잔뜩 했습니다"
673,1:08:53,"like where we are from,
what we do,","어디서 왔는지
뭘 하는 건지"
674,1:08:56,"where we go, and whatsoever.","어디로 가는지, 그런 것들요"
675,1:08:57,"He was really interested in our story,
and without further ado,","우리 이야기에 관심을 보이더니
아무 망설임 없이"
676,1:09:01,"he invited us in his house
here in San Miguel de Allende.","이곳 산미겔데아옌데에 있는
자신의 집에 초대해 줬죠"
677,1:09:04,"We got to know his family,
and everything felt really special for us.","미겔의 가족도 만났는데
모든 게 특별하게 느껴졌어요"
678,1:09:07,"Kind of like home, I guess.",집에 온 것 같았죠
679,1:09:09,"We get along really great,
and after a little walk with Rudi,","그분들과 즐겁게 어울리고
루디와 산책을 한 후에"
680,1:09:12,"we decide to head towards the city
to get some dinner together.","시내로 돌아가서
함께 저녁을 먹기로 합니다"
681,1:09:15,Take leaf off. You're gonna pinch.,잎을 떼어 내면 오므라들어요
682,1:09:17,"[Felix] And you have to wait
until it's clean?",익을 때까지 기다려야 하나요?
683,1:09:20,"-No, now you can eat it.
-Oh, now you can eat that?","- 아니요, 지금 먹어도 돼요
- 먹어도 된다고요?"
684,1:09:36,"Let's go for a minute
inside Mama Mia restaurant.","이 맘마미아 식당에
잠깐 들르도록 하죠"
685,1:09:39,[Felix] Mama Mia?,맘마미아요?
686,1:09:43,That's Cochinita Pibil.,코치니타 피빌이에요
687,1:09:45,Cochinita Pibil.,코치니타 피빌
688,1:09:47,Take a little piece. [slurps],한 조각을 집어서...
689,1:09:49,"That's the sound you have to make.
It has to be drowned in sauce.","이 소리를 내야 해요
이렇게 소스에 푹 담가야 해요"
690,1:09:54,"-Yummy.
-A lot of lime.","- 맛있어요
- 라임이 많이 들어 있네요"
691,1:09:57,"-Well done.
-[laughs]",아주 훌륭해요
692,1:10:04,I was thinking about your top knot. I wanted to ask if you remember the name.,"그 올림머리를 여기 말로
뭐라고 하는지 기억할까 싶었어요"
693,1:10:08,"-Is it moving when I talk?
-Well done.","- 내가 얘기할 때 움직여요?
- '총고' 라고 해요"
694,1:10:11,My top knot is moving.,제 '총고' 가 움직여요
695,1:10:14,Your top knot is moving. No.,당신의 '총고' 도 움직여요
696,1:10:17,"-[laughs]
-No, it doesn't move.","- 아니네요
- 이건 안 움직여요"
697,1:10:20,How do you say in German?,독일어로는 뭐라고 하죠?
698,1:10:23,This? Dutt.,이거요? '뚜트' 요 뚜트
699,1:10:26,"-What?
-Dutt. Dutt.","- 뭐라고요?
- 뚜트요"
700,1:10:29,"-With D?
-With a D.","- D로 시작해요?
- 네, D를 써요"
701,1:10:31,"-Yeah.
-Dutt. Si.","- 그렇군요
- 네, 뚜트예요"
702,1:10:33,"[man]
For the generals who used to be working...",과거에 일했던 장군들이...
703,1:10:39,"[Selima] The city is really beautiful too,
so we decide to stay for a few days.","도시가 무척 아름다워서
며칠 더 머물기로 합니다"
704,1:10:44,"These short breaks from traveling
are super relaxing.","이렇게 여행을 잠깐씩 쉬면
여유가 생겨요"
705,1:10:47,"It's important not to move
every single day,",매일 이동하면 안 돼요
706,1:10:49,"otherwise you get stressed out
pretty quickly.",그러면 금세 지쳐 버리거든요
707,1:10:52,"Mexico is the perfect place for that, because we make so many friends","멕시코는 쉬어 가기에 좋아요
친구도 많이 사귀고"
708,1:10:56,"and meet families
that make us feel at home.","여러 가족을 만났더니
집에 온 기분이죠"
709,1:10:58,"Mexico in general
is such a beautiful place.","멕시코는 대체로
아름다운 곳이에요"
710,1:11:01,"The colorful houses, the people, the food.","다채로운 건물과 좋은 사람들
맛있는 음식까지"
711,1:11:04,"It definitely has become one of our
favorite countries in the world.","우리가 제일 좋아하는 나라 중
하나가 됐어요"
712,1:11:50,"-15 Tacos El Pastor please.
-15?","- 돼지고기 타코 15개요
- 15개요?"
713,1:11:53,"Yes, 15.","네, 15개요"
714,1:11:55,"With pineapple, sauce and onions
but without cilantro please.","파인애플, 소스, 양파는 넣고
고수는 빼 주세요"
715,1:12:02,"-Eat here?
-Yes.","- 드시고 갈 건가요?
- 네"
716,1:12:11,First tacos and later Churros! A little bit of lime.,"타코를 먹고 추로스를 먹을 거예요
라임즙을 살짝 뿌릴게요"
717,1:14:29,"We just drove off the highway
and went to the first restaurant we saw,","고속도로를 빠져나와서
처음 보인 식당에 들어왔어요"
718,1:14:33,"and here in Mexico, you get one lunch
in a lot of restaurants,","멕시코에는 점심 메뉴가
하나뿐인 식당이 많아요"
719,1:14:38,"so you can't really choose
and there's no menu,",메뉴판도 없고 고를 수도 없죠
720,1:14:40,"so we just order what they have, and we didn't really
understand what it was,","뭔지도 잘 모르면서
그냥 있는 걸 시키는 거예요"
721,1:14:44,"so you never know what you're gonna get,
and today was really yummy","어떤 게 나올지 모르죠
오늘 요리는 진짜 맛있어요"
722,1:14:47,"and we really loved it, and...",입에 잘 맞네요
723,1:14:49,"Let's hope our stomachs like it, too.
[laughs]","우리 위도
이걸 좋아해 주길 바라요"
724,1:14:57,"[Felix] Back in Germany,
we mostly eat vegetarian,","독일에서 지낼 때는
주로 채식을 합니다"
725,1:15:00,or sometimes even vegan.,엄격한 채식을 하기도 하죠
726,1:15:02,"When traveling, this totally changes.",하지만 여행할 때는 다릅니다
727,1:15:04,"We always try to get to know
the culture as it is,","그곳의 문화를
있는 그대로 알고 싶거든요"
728,1:15:06,"and how do you get to know culture better
than through food?","문화를 경험하는 데
음식보다 좋은 방법은 없죠"
729,1:15:10,"That's why we usually eat
wherever the locals go,","현지인이 가는 식당은
어디든 가는 편인데"
730,1:15:13,"and we never got disappointed
by that strategy.","이 전략이 실패한 적은
한 번도 없답니다"
731,1:15:26,"The colored lights, when the sun
is going up, the northern lights.","해가 뜨면
북극광을 볼 수 있대요"
732,1:15:29,"Yes, but we were in Alaska in summer.","네, 근데 저희는 알래스카에서
여름을 보냈어요"
733,1:15:33,"In summer, there are no northern lights,
but it is beautiful.","여름에는 북극광이 없어요
하지만 아름답죠"
734,1:15:38,"Yeah, I heard that they are
beautiful northern lights.","네, 그곳의 북극광이
무척 아름답다고 들었어요"
735,1:15:44,"They also exist in Norway
in the north of Europe.","유럽 북부의 노르웨이에서도
북극광을 볼 수 있어요"
736,1:16:23,"So, we just wanted to...",여기서 잠깐...
737,1:16:27,"Go on a little break,
here on the gas station.",주유소에서 잠깐 쉬려고 서서
738,1:16:30,"I walked around the bus
to check everything,","버스 주변을 돌며
모든 걸 점검했어요"
739,1:16:32,because the roads are so bad.,길이 무척 안 좋거든요
740,1:16:34,And our water tank just fell.,수조가 내려앉았어요
741,1:16:37,Everything just ripped out.,이것저것 떨어져 나왔고요
742,1:16:39,Lucky the PEX lines are still fine.,"배관이 아직 괜찮은 게
다행이죠"
743,1:16:42,"One more bump and everything's
gonna rip out from the inside.","한 번만 더 덜컹거리면
모든 게 떨어져 나갈 거예요"
744,1:16:45,"I don't know what to do.
It's, like, 100 degrees.","정말 난감해요
기온은 38도 가까이 되고"
745,1:16:49,I don't have any tools to fix this.,이걸 수리할 연장도 없고...
746,1:16:53,"Can't be any worse.
Can't be any worse than this.","최악이에요
이보다 나쁠 순 없어요"
747,1:17:03,"We just met a truck driver,","방금 한 트럭 운전사를
만났는데"
748,1:17:06,"no word English,
our Spanish is very little.","영어를 한마디도 못 했어요
저희도 스페인어가 서툴고요"
749,1:17:11,"So I guess he said, ""Follow me,""
and we are doing that right now.","우리보고 따라오라고 한 것 같아요
그래서 따라가고 있는데"
750,1:17:15,I hope he's taking us to a mechanic.,"정비소로
안내해 주는 거면 좋겠어요"
751,1:17:19,"As a kiddo in Germany,",독일에선 아이들에게
752,1:17:20,"your mom usually teaches you
not to trust or talk to strangers.","낯선 사람을 믿거나
말을 섞지 말라고 가르치죠"
753,1:17:24,"We usually trust people wherever we go,
and never had a bad experience.","우린 어딜 가든 사람들을 믿는데
나쁜 경험을 한 적은 없어요"
754,1:17:28,I'm pretty sure most people,아마 대부분은
755,1:17:30,"wouldn't have followed
this shady-looking truck driver.","수상해 보이는 이 운전사를
따라오지 않았을 테죠"
756,1:17:33,"While the mechanics ponder
how to fix the water tanks,","정비공들이 물탱크를
어떻게 고칠지 고심하는 동안"
757,1:17:36,I kinda tried to thank the guy,전 서툰 스페인어로
758,1:17:38,"without really speaking
Spanish that great.","트럭 운전사분께
감사를 표하려 했습니다"
759,1:17:40,"But I'm pretty sure he understood
most of my Spanglish and gestures.","다행히 제 엉터리 스페인어와
몸짓을 이해하신 것 같았어요"
760,1:17:48,"After about 10 minutes
and, like, five bucks,","10분간 정비를 받고
약 5달러를 낸 뒤에"
761,1:17:51,we are back on the road.,다시 길을 떠납니다
762,1:17:52,"And for the first time since Los Angeles,
we are heading for the ocean again.","LA 이후 처음으로
다시 바다를 향해 달리죠"
763,1:18:43,"[Selima] Here in Campeche, one of the biggest
national holidays is coming up.","이곳 캄페체도 다가오는
국경일 준비로 부산합니다"
764,1:18:46,"Eighty percent
of the Mexican people are Catholic,","멕시코인의 80퍼센트가
천주교도인데"
765,1:18:48,"and on the Dia de los Muertos,
the Day of the Dead,","'죽은 자의 날' 이라는
국경일이 되면"
766,1:18:51,"they prepare beautiful tables
for the deceased loved ones","고인이 좋아했던
음식과 음료들로"
767,1:18:54,with food and drinks they liked.,정성스럽게 상을 차리죠
768,1:20:16,"Rudi, we have to go.","루디, 이제 가야 해"
769,1:20:21,"Come, Rudi, come!","이리 와, 루디!"
770,1:20:25,"Rudi, we have to leave.","루디, 가야 한다니까"
771,1:20:32,"He really doesn't wanna get on the bus.
He hates the bus.","버스에 안 타려고 해요
저 버스를 싫어하죠"
772,1:20:36,"Rudi, let's go!","루디, 가자!"
773,1:20:44,Good boy.,착하지
774,1:20:46,"In the beginning, Rudi loved traveling.","처음에는 루디도
여행을 좋아했어요"
775,1:20:49,"But by now, he hates
that we're driving every day.","하지만 지금은
매일 이동하는 걸 싫어해요"
776,1:20:52,"He got used to the heat,
but he's missing a daily routine.","더위에는 익숙해졌지만
일상이 그리운 거죠"
777,1:20:55,"And after all this time on the road,",길에서 긴 시간을 보낸 끝에
778,1:20:57,"we start to notice
that we're kind of feeling the same.","우리도 그렇다는 걸
깨닫기 시작합니다"
779,1:21:01,"In the beginning, we were excited
to experience new things every day.","처음엔 매일 새로운 걸 겪는 게
너무 신났는데"
780,1:21:05,But now it's often overwhelming.,지금은 버거울 때가 많아요
781,1:21:10,You okay?,괜찮아?
782,1:21:14,"In Tulum,
we allow ourselves a little luxury,","우리는 툴룸에서
작은 사치를 누리기로 합니다"
783,1:21:16,"and rent a hotel room
with AC for a couple of days.","에어컨이 있는 호텔 방에서
며칠을 보내죠"
784,1:21:19,"And you, Rudi?","넌 어때, 루디?"
785,1:21:20,"Unfortunately, the break comes too late.","안타깝게도 너무 늦은
휴식인가 봅니다"
786,1:21:22,"Both Rudi and Felix get really ill,","루디와 펠릭스 모두
심하게 앓죠"
787,1:21:24,"and while Felix recovers after a while,
Rudi only gets worse.","펠릭스는 얼마 후 회복하지만
루디의 상태는 나빠집니다"
788,1:21:30,It's too cold. Yeah.,너무 춥지?
789,1:21:36,"Okay, right now, Rudi...",지금 루디는...
790,1:21:40,"I have already earlier
a diagnosis of Giardia.","지아르디아 기생충 감염이라는
진단을 받았고"
791,1:21:43,So he's in treatment right now.,지금 치료를 받고 있어요
792,1:21:46,"He's having a hard part because
he's got gastritis.","위염이 있어서
더 힘들어하고 있죠"
793,1:21:51,"Settle down a little bit
because all the stress of the traveling","잠깐 한곳에서 쉬세요
여행하며 받는 스트레스와"
794,1:21:55,"and all these medical conditions
are being a little rough to him.","좋지 않은 건강 상태가
루디가 감당하기에는..."
795,1:22:00,"-[Felix] Too much?
-Too much, a little bit too much.","- 너무 벅찬가요?
- 네, 좀 벅차요"
796,1:22:03,"And especially because
he's really picky with the food,","왜냐하면 루디는
음식에 까다로운 편인 데다"
797,1:22:06,"and he's already being treated
by other diseases.","다른 병 때문에
치료를 받고 있으니까요"
798,1:22:13,"I honestly don't know
what to do right now.","어떻게 해야 할지
정말 모르겠어요"
799,1:22:17,"We've been to the vet again today,
well, we've been yesterday,","오늘 다시 병원에 다녀왔어요
어제도 갔었죠"
800,1:22:21,"and I think he has a tick-related disease, and yesterday she wasn't too worried,","진드기와 관련된 병 같은데
어젠 선생님도 심각하지 않았어요"
801,1:22:25,"'cause his temperature was high
but he didn't have a fever.","체온은 높았지만
열이 나는 건 아니었거든요"
802,1:22:28,"But then when we came back from the vet,",그런데 병원에서 돌아와서
803,1:22:30,"I gave him the medication
that she gave to us, and, um...","받아 온 약을
루디에게 먹였는데..."
804,1:22:34,"He vomited it, like, after 10 minutes.","10분쯤 지난 후에
토해 버리더라고요"
805,1:22:38,"He had food and he vomited
it all out, and, um...",음식을 먹고도 다 토하고...
806,1:22:42,"So, at first, I thought
maybe it's just the heat",처음에는 더위 때문이거나
807,1:22:44,"or food-related, or I don't know, um...","음식 문제일지도 모른다고
생각했어요"
808,1:22:48,"And this morning, I gave him food again,
tablets first, food.","오늘 아침에 약부터 먹이고
밥을 줬는데"
809,1:22:52,And then he vomited it again.,또 토하더라고요
810,1:22:54,"It just takes, like, a minute
and then it's all out again.",먹이자마자 다 토해 버렸죠
811,1:22:56,All over the floor.,바닥이 난리가 났어요
812,1:22:58,And...,그래서...
813,1:23:01,"So we immediately went to the vet again,","곧바로 다시
병원에 데려갔는데"
814,1:23:03,"and this time she was really worried,
so I'm worried now, too,","이번에는 선생님이 심각했어요
저도 너무 걱정돼요"
815,1:23:06,"because at the vet he was really shaky,
and now he has a fever.","병원에서 루디가 많이 떨었죠
지금은 열도 있고요"
816,1:23:11,"He has 40 degree fever now.
And, um...",열이 40도까지 올랐죠
817,1:23:15,"She said if he doesn't
get better by tomorrow, he has to go to the hospital,","내일까지 나아지지 않으면
입원해야 한대요"
818,1:23:19,"and I just can't imagine him
going to the hospital,","루디가 입원하는 건
상상도 안 돼요"
819,1:23:21,"'cause he's so scared
when he's not with us.",저희가 없으면 무서워하거든요
820,1:23:23,"I don't think he can ever
go to the bus again.","루디는 다시는 버스에
못 탈 것 같아요"
821,1:23:25,"I honestly am scared that he's gonna die
if we go all the way to Panama.","파나마까지 가면 루디가 진짜
죽을 것 같아서 무서워요"
822,1:23:31,"Rudi, it's okay.","루디, 괜찮아"
823,1:23:50,"-We're trying to be gentle.
-[Selima] Hmm.",살살 하려고 애쓰고 있어요
824,1:23:53,"It's obvious that
he's not going to like it,",루디가 좋아하진 않을 거예요
825,1:23:55,"because this,
it's going to constrict the arm.",이게 다리를 세게 조이거든요
826,1:23:59,"It will make him numb,",다리에 감각이 없어지죠
827,1:24:02,and maybe the most thing he would like...,제일 싫은 감각일 거예요
828,1:24:11,"[speaking German] It's okay, Rudi.","괜찮아, 루디"
829,1:24:32,"Well done, baby,
you're doing a great job.","잘했어, 진짜 잘하고 있어"
830,1:24:38,"She just said to us
that we can't carry on driving.","의사 선생님이 방금
자동차 여행을 그만두라고 했어요"
831,1:24:42,"If we carry on driving with him
in this condition, he is going to die.","이 상태로 계속 차를 타면
루디는 죽고 말 거라고요"
832,1:24:46,He already started hiding and looking for a place to die.,"이미 몸을 숨기고
죽을 곳을 찾기 시작했어요"
833,1:24:51,"Then he stopped eating,
that's the next sign.",그다음에는 먹는 걸 거부했죠
834,1:24:54,"She took his temperature
and his fever isn't going down,","선생님이 체온을 쟀는데
열이 떨어지지 않고 있어요"
835,1:24:58,that's why he is on a drip.,그래서 침을 흘리는 거죠
836,1:25:02,He doesn't eat...,먹질 않아요
837,1:25:05,"Poor Rudi is preparing to die.
We're not gonna let him, of course.","죽을 준비를 하는 거예요
그렇게 두지 않을 거지만요"
838,1:25:12,But we can't carry on driving.,하지만 자동차 여행은 안 돼요
839,1:26:31,"[Selima] Rudi's health is our priority,
so we decide to fly home.","루디의 건강이 우선이기에
비행기로 집에 가기로 하죠"
840,1:26:34,"In the beginning, we're really sad
that we have to stop the trip.","여행을 멈춰야 한다는 게
처음엔 무척 슬펐지만"
841,1:26:37,"But we quickly feel
that it's the right thing for us, too.","곧 우리에게도
잘된 일이라고 느낍니다"
842,1:26:40,"Moving every day became too much for us,",매일 이동하는 건 너무 벅찼고
843,1:26:42,"and we forgot to ask ourselves
what makes us happy.","무엇이 우릴 행복하게 하는지
고민하지 못했죠"
844,1:26:46,"At the end of this long journey,",긴 여행을 마칠 무렵
845,1:26:47,"the answer is quite different
from what we expected.","우리가 얻은 답은
예상과 무척 달랐어요"
846,1:26:50,"We had the great freedom
to travel the world,","세상을 여행하는 자유를
실컷 누렸는데"
847,1:26:53,and now all we want is settle down.,"지금 원하는 건
정착뿐이거든요"
848,1:26:58,"On the upside,
Rudi got ill in a really beautiful place.","그나마 좋은 건 루디가
아름다운 곳에서 아프다는 거죠 ""툴룸"""
849,1:27:02,"We made good friends here
and there's plenty of things to do,","좋은 친구도 사귀었고
앞으로 할 일이 많기 때문에"
850,1:27:05,"so we can enjoy
the last few days of our trip.",마지막 며칠은 편히 즐깁니다
851,1:29:17,[Felix] We asked ourselves pretty quickly,사랑스러운 이 버스를
852,1:29:18,"what's going to happen
with our beloved bus,","어떻게 하면 좋을지
고민한 끝에"
853,1:29:21,"and had the neat idea to raffle the bus
to one of our online followers.","우리의 팔로워 중 1명을 추첨해
판매하기로 했습니다"
854,1:29:27,"-Camille is coming.
-[laughs]",카밀이 곧 나와요 카밀요?
855,1:29:30,"-Camillia.
-Camille.","- 카밀라요
- 카밀..."
856,1:29:32,"Camillia. Three weeks left, so...","카밀라요
이제 3주 남았어요"
857,1:29:36,"-[Felix] Nice.
-[laughs]",잘됐네요
858,1:29:39,"-Look at that.
-[speaks Spanish]",세상에
859,1:29:41,"-[Felix speaks Spanish]
-[laughs]",진짜 잘하는데?
860,1:29:47,Toot-toot!,빵빵!
861,1:30:10,"[in German]
Oh, my God. What is he doing?","맙소사, 뭘 하는 거지?"
862,1:30:14,"I thought I would just be happy
when the bus was gone,","버스를 넘겨주고 나면
행복할 줄 알았는데"
863,1:30:18,"but now I'm sad, 'cause it's kind of hard.","슬프네요, 좀 힘들어요"
864,1:30:21,"It's like driving off in front of me,",눈앞에서 멀어져 가는데
865,1:30:23,"and we built everything
with our own hands,","모든 걸 우리 손으로
직접 만들었잖아요"
866,1:30:26,"so, it's... It's kind of sad to let go.","그래서 떠나보내려니
좀 슬퍼요"
867,1:30:33,"[Felix] The most beautiful thing
about this trip is that we found friends for life.","이번 여행의 가장 큰 수확은
평생 갈 친구를 얻었다는 겁니다"
868,1:30:38,"Without Miguel and his family,
we would have collapsed at the airport,","미겔 가족이 없었다면
공항에서 좌절했을 거예요"
869,1:30:41,"because they didn't want to take
Rudi on the plane.","루디를 비행기에
안 태워 주려고 했거든요"
870,1:30:44,"But with their help,
everything kind of worked out,","하지만 미겔 가족의 도움으로
다 잘 해결됐죠"
871,1:30:47,"and we can't wait till they come over
to Europe to visit us.","미겔 가족이 빨리 우리를 보러
유럽에 오면 좋겠어요"
872,1:30:59,"Do you think we can still
make the boarding? Yeah, right?",아직 탑승할 수 있을까요?
873,1:31:03,"Talk to this girl, my supervisor.",저기 관리자분께 물어보세요
874,1:31:31,"[Selima] It's Christmas today,
and we told no one that we're coming home.","오늘은 크리스마스입니다
우리가 돌아오는 건 비밀로 했죠"
875,1:31:35,"Everyone thinks we're still traveling,","다들 우리가 아직
여행 중인 줄 알아요"
876,1:31:37,"and our families have no idea
that we're gonna surprise them today.","가족들도 우리가 오늘
깜짝 방문 할 걸 모르죠"
877,1:31:42,"-Hello, little one.
-He's done.","- 안녕
- 잘 견뎠네"
878,1:32:01,"-Hello.
-No way!","- 저 왔어요
- 말도 안 돼!"
879,1:32:06,"[Felix] Rudi, go up.","루디, 올라가"
880,1:32:08,"Let him go. Okay, he's coming.","놔줘, 올라간다"
881,1:32:13,"-Hey, Grandma.
-Are you kidding me?","- 할머니
- 세상에나!"
882,1:32:17,[Felix] Rudi.,루디
883,1:32:28,"[Selima in German]
Don't call for him, he's coming.","부르지 마, 오고 있어"
884,1:33:06,"[in German]
Help, help!",어머나!
885,1:33:09,"Help, help!",세상에!
886,1:33:21,"[Selima] Rudi, it's okay. Rudi, it's okay.","루디, 괜찮아"
887,1:33:23,"[in German]
Rudi, where is Marco?","루디, 마르코는 어디 있지?"
888,1:33:30,"[in German]
Don't break the Christmas tree!",크리스마스트리 부수지 마!
889,1:33:34,"Hello, Rudi! Hello, Rudi!","안녕, 루디!"
890,1:33:37,It's a little much for him.,너무 신났네
891,1:33:40,"Nice to have you here, Rudi.","네가 오니 기쁘구나, 루디"
892,1:33:59,"-You've grown so big!
-[Selima] Look how happy he is.","- 정말 많이 컸네!
- 너무 좋아하네요"
893,1:34:04,Rudi.,루디
