,Time,Subtitle,Translation
0,1:54,"How long until we get
to his estate?","회장님 댁까지
얼마나 더 가야 되죠?"
1,1:59,"We’ve been flying
over his estate
for the past two hours.","이미 2시간 전에
회장님 땅에 들어왔소"
2,2:30,"You’re
leaving me here?",여기 내려주는 거예요?
3,2:31,"This is as close
as I’m allowed
to get to the building.",건물 가까이는 접근 금지요
4,2:35,What building?,무슨 건물이요?
5,2:36,Follow the river. Got it.,강을 따라가요 알았어요
6,2:40,"Keep your head down
and get clear of the rotors. Okay.","고개 숙여요
프로펠러에 안 부딪히게! 알겠어요"
7,3:42,"[ Female Electronic Voice ]
Caleb Smith.",‘칼렙 스미스’
8,3:44,Yes?,네
9,3:46,"Please approach the console
and face the screen.","‘키 박스 앞으로 와서
스크린을 보세요’"
10,4:02,Take your key card.,‘카드 키를 받으세요’
11,4:07,"You may now enter
the residence.",‘이제 들어와도 됩니다’
12,4:47,Hello?,계세요?
13,5:02,Hello?,계세요?
14,5:48,Caleb Smith.,칼렙 스미스
15,5:50,Hey.,안녕하세요
16,5:53,Dude!,반갑네!
17,5:54,"I’ve been so looking
forward to this week
with you.","자네와의 일주일이
기대되는군"
18,5:58,"-Come in. Come on in.
-Thanks.",들어와 감사합니다
19,6:00,"You want something
to eat or... drink
after your journey?","먼 길 왔는데
마실 거라도 줄까?"
20,6:04,"No. No, thanks.
I’m fine.","- 아뇨, 됐습니다
- 정말?"
21,6:05,You sure? Yeah.,네
22,6:06,"To be honest,
I thought we’d have,
uh, breakfast together,",실은 자네하고 아침 식사를 하려고 했는데...
23,6:10,"but, um, I can’t
really eat anything.",아침 식사를 하려고 했는데... 입이 너무 깔깔해
24,6:13,"I got the mother
of all fucking hangovers. Oh, yeah?","- 숙취 때문에...
- 그러세요?"
25,6:15,"Oh, my God.
Like you wouldn’t
even believe.",골이 빠개질 거 같아
26,6:17,"When I have a heavy night,
I, uh, compensate
the next morning–","과음한 다음 날엔 몸을 좀 챙기지
운동하고 항산화제도 먹고..."
27,6:21,"exercise, antioxidants. You know.","몸을 좀 챙기지
운동하고 항산화제도 먹고..."
28,6:24,Yeah. Sure.,"아, 네"
29,6:30,Was it a good party?,신 나는 파티였나요?
30,6:32,"-Party?
-Yeah. Wasn’t there
a party?","- 파티?
- 파티 한 거 아니세요?"
31,6:37,"There wasn’t a party.
Sorry.",아니군요 죄송합니다
32,6:41,"Caleb, I’m just gonna throw
this out there so it’s said,
okay?","칼렙, 우리 솔직하자구"
33,6:43,"-You’re freaked out.
-I am?","자네 쫄았지? - 제가요?
- 쫄았잖아"
34,6:45,"Yeah. You’re freaked out
by the helicopter and
the mountains and the house,","- 제가요?
- 쫄았잖아 헬기와 대자연과"
35,6:49,"’cause it’s
all so super cool.",이 집도 너무 멋지고
36,6:50,"And you’re
freaked out by me,
to be meeting me...",날 만나 얘길 나누는 것도
37,6:52,"and having this
conversation in this room
at this moment, right?",엄청 떨리겠지
38,6:55,"And I get that.
I get the moment you’re having.","그 심정 이해해
하지만 우리"
39,6:57,"But, dude,
can we just get past that?","그 심정 이해해
하지만 우리 그냥 인간 대 인간으로"
40,7:00,"Can we just be two guys,
Nathan and Caleb,",얘기하면 안될까?
41,7:03,"not the whole
employer-employee thing?","서로의 직급 따위
의식 말고..."
42,7:07,"Yeah? Yeah. Sor–
Uh, yeah.","- 네
- 정말? 네"
43,7:09,"It’s good
to meet you, Nathan.","반가워요, 네이든"
44,7:12,"It’s good
to meet you too, Caleb.","나도 반갑네, 칼렙"
45,7:17,"Well, I guess
the first thing I should do
is explain your pass.",키 사용법을 알려주지
46,7:19,"Now, it’s simple enough.
It opens some doors
and it doesn’t open others.",아주 간단해 열리는 방만 들어가면 돼
47,7:23,"And that just makes everything
easy for you, right? Uh, yes.",생각보다 간단하지?
48,7:25,"Yeah. ’Cause you’re
like, ""Oh, fuck, I’m
in someone else’s house.",네 뭘 어째야 되는지
49,7:28,"Can I do this?
Can I do that?""",머리 쓸 거 없이
50,7:29,"And this card,
it just takes
all that worry away.",이 카드가 다 해결해 줘
51,7:31,"If you try a door
and it stays shut,
okay, it’s off-limits.","안 열리는 방은
접근 금지인 거야"
52,7:35,"You try another door
and it opens,
then it’s for you.","열리는 방은
들어가도 돼"
53,7:38,Let’s try this one.,이 방 열어봐
54,7:44,"I guess it’s
for you, Caleb.",자네에게 허락된 방이군
55,7:53,You like? Yeah.,"- 마음에 드나?
- 네"
56,7:55,It’s your room.,자네 방이야
57,7:56,You’ve got a bed here.,침대는 여기 있고
58,7:59,A bathroom right back here.,여기가 욕실이야
59,8:01,A little desk.,작은 책상과
60,8:03,Cupboards.,찬장도 있어
61,8:06,A little fridge.,이건 냉장고
62,8:11,"Cozy, right? Yeah.
This is great.","아늑하지? 네, 멋지네요"
63,8:13,What? Sorry?,"- 왜?
- 네?"
64,8:16,"-There’s something wrong.
What’s wrong?
-There’s nothing wrong.",뭐가 이상한가? 아뇨
65,8:21,It’s the windows.,창문이 없는 게
66,8:23,"You’re thinking
there’s no windows.",이상하다고 생각하는군
67,8:26,"It’s subterranean.
It’s not cozy.
It’s claustrophobic.",지하인데다 삭막하고 폐쇄적이라고...
68,8:29,"No. No way.
I wasn’t thinking that.",그런 생각 안 했습니다
69,8:31,"I was thinking
this is really cool.",멋진 곳이라고 생각했어요
70,8:34,"Caleb, there’s a reason
there are no windows
in this room.","칼렙, 이 방에
창문이 없는 건 이유가 있어"
71,8:38,There is? Uh-huh.,그래요?
72,8:40,"This building
isn’t a house.",이 건물은 집이 아냐
73,8:42,It’s a research facility.,연구 시설이지
74,8:45,"Buried in these walls
is enough fiber-optic cable
to reach the moon and lasso it.","이 벽 안엔
달까지 닿을 정도의 광섬유 케이블이 매립돼 있어"
75,8:50,"And I wanna talk to you
about what I’m researching.",내가 연구하는 걸
76,8:53,I wanna share it with you.,자네와 공유하고 싶네
77,8:55,"In fact, I wanna share it
with you so much,
it’s eating me up inside.","빨리 보여주고 싶어서
안달 날 지경이야"
78,9:00,"But there’s something
I need you to do for me first.","하지만 자네가
먼저 해줄 게 있네"
79,9:07,"""Blue Book
nondisclosure agreement.""",‘블루북 비밀 유지 계약서’
80,9:12,"Take your time.
Read it over.",찬찬히 잘 읽어봐
81,9:16,"""The signee agrees
to regular data audit
with unlimited access...","‘서명인은 이곳에서 습득하게 된
그 어떤 정보도’"
82,9:20,"to confirm that
no disclosure of information
has taken place...",‘공적이나 사적인 자리에서’
83,9:24,"in public
or private forums,","‘구두나 서면, 인터넷 등으로’"
84,9:27,"using any means
of communication,",‘노출시키지 않을 것을’
85,9:29,"including
but not limited to that
which is disclosed orally...",‘약속하는 의미에서’
86,9:33,"or in written
or electronic form.""","‘정기적 데이터 검사에
응하겠습니다’"
87,9:39,I think I need a lawyer.,변호사가 있어야겠네요
88,9:40,"-It’s standard.
-It doesn’t feel
very standard.","- 일반적인 조항이야
- 아닌 거 같은데요"
89,9:43,"Okay, it’s not standard.",일반적인 건 아니지
90,9:45,"What can I tell you, Caleb?
You don’t have to sign it.
You know?",정 싫으면 서명 안 해도 돼
91,9:49,"We could spend the next few days
just shooting pool,
getting drunk together, bonding.","그냥 나랑 술 마시고
당구나 치며 지낼 수도 있지"
92,9:53,"And when you discover
what you’ve missed out on
in about a year,","하지만 나중엔
평생 후회할 거야"
93,9:57,"you’re gonna regret it
for the rest of your life.","자네가 뭘 놓쳤는지
깨닫고..."
94,10:07,Good call.,잘 생각했네
95,10:17,So–,자네...
96,10:19,"Do you know
what the Turing Test is?",튜링 테스트가 뭔지 아나?
97,10:25,Yeah.,압니다
98,10:26,"I know
what the Turing Test is.",튜링 테스트가 뭔지...
99,10:31,"It’s when a human
interacts with a computer.","인간과 컴퓨터의
소통에 관한 실험이죠"
100,10:35,"And if the human doesn’t know
they’re interacting
with a computer,","상대가 컴퓨터임을
인간이 눈치 못 채면"
101,10:38,the test is passed.,테스트를 통과하는 거죠
102,10:40,"And what does
a pass tell us?",통과가 뭘 뜻하지?
103,10:43,"That the computer has
artificial intelligence.","컴퓨터가 지능을
갖고 있다는 거죠"
104,10:46,Are you building an AI?,인공지능을 만들고 계세요?
105,10:48,I’ve already built one.,이미 만들었어
106,10:50,"And over the next few days,",앞으로 며칠간 자네가
107,10:53,"you’re gonna be
the human component
in the Turing Test.",튜링 테스트의 참여자가 될 거야
108,10:55,"Holy shit. Yeah, that’s right, Caleb. You got it.","- 맙소사
- 그래, 칼렙, 대박이지"
109,11:00,"’Cause if that test
is passed,",이 테스트가 성공하면
110,11:02,"you are dead center of
the greatest scientific event
in the history of man.","자넨 인류 역사를 바꿀
과학적 쾌거의 주인공이 되는 거야"
111,11:08,"If you’ve created
a conscious machine,
it’s not the history of man.","생각하는 로봇을 만드셨다면
인류의 역사가 아닌"
112,11:13,That’s the history of gods.,신의 역사를 바꾼 거죠
113,12:58,Hello.,안녕
114,13:02,Hi.,안녕
115,13:04,I’m Caleb.,난 칼렙이야
116,13:08,"Hello, Caleb.","안녕, 칼렙"
117,13:11,Do you have a name?,이름 있어?
118,13:14,Yes.,네
119,13:17,Ava.,에이바
120,13:19,"I’m pleased
to meet you, Ava.","만나서 반가워, 에이바"
121,13:22,"I’m pleased
to meet you too.",나도 반가워요
122,13:26,"I’ve never met
anyone new before.","새로운 사람은
처음 만나요"
123,13:29,Only Nathan.,네이든 외엔...
124,13:32,"Then I guess we’re both
in quite a similar position.","그럼 나와
비슷한 입장이네"
125,13:35,"[ Ava ]
Haven’t you met lots
of new people before?","당신은 사람들
많이 만나봤잖아요"
126,13:38,None like you.,너 같은 존재는 처음이지
127,13:45,"So we need
to break the ice.",이 썰렁함을 깨야겠군
128,13:47,"Do you know
what I mean by that? Yes.","- 그 말 뜻 알아?
- 네"
129,13:50,"-What do I mean?
-Overcome initial
social awkwardness.",무슨 뜻이지? ‘초면의 어색함을 깨자’
130,13:54,"So let’s have
a conversation.",그럼 대화 좀 할까?
131,13:56,"[ Ava ]
Okay.",‘좋아요’
132,14:00,"What would you
like to have
a conversation about?",‘무슨 대화를 할까요?’
133,14:03,"Why don’t we start
with you telling me
something about yourself?","먼저 너에 관해서
말해줄래?"
134,14:05,"What would you
like to know?",뭘 알고 싶어요?
135,14:08,"Whatever comes
into your head.",생각나는 대로 말해봐
136,14:10,"Well, you already
know my name.","글쎄요
내 이름은 이미 알고..."
137,14:14,"And you can see
that I’m a machine.",내가 로봇인 것도 알고...
138,14:17,"Would you like
to know how old I am? Sure.","- 나이를 말해 드릴까요?
- 그래"
139,14:19,I’m one.,난 1이에요
140,14:21,One what?,1 뭐?
141,14:23,"-One year or one day?
-One.","- 한 살, 하루?
- 1"
142,14:29,"When did you learn
how to speak, Ava?","말하는 건 언제 배웠어, 에이바?"
143,14:32,"I always knew
how to speak.",‘그냥 원래부터 말할 줄 알았어요’
144,14:35,"And that’s strange,
isn’t it?","‘이상하죠, 안 그래요?’"
145,14:38,Why?,왜?
146,14:40,"Because language
is something
that people acquire.","언어는 살면서
습득하는 거잖아요"
147,14:43,"Well, some people believe
language exists from birth,","언어는 갖고 태어나는 거라는
이론도 있어"
148,14:47,"and what is learned is
the ability to attach words and
structure to the latent ability.",살면서 체계를 완성하는 거지 그 말에 동의해?
149,14:51,"-Do you agree with that?
-I don’t know.",그 말에 동의해? ‘모르겠어요’
150,14:56,"Will you come back
tomorrow, Caleb?","‘내일 또 올 건가요, 칼렙?’"
151,15:00,Yes.,‘응’
152,15:05,Good.,‘좋아요’
153,15:14,"Oh, man, she’s fascinating.","맙소사, 굉장하네요"
154,15:18,"When you talk to her,
you’re just–",내가 이상한 나라에
155,15:20,Through the looking glass.,들어와 있는 기분이에요
156,15:22,"""Through the looking glass.""
Wow.",이상한 나라? 와!
157,15:25,"You’re good with words, Caleb.
You’re quotable.",자네 참 말을 잘하네
158,15:27,"Actually, that’s
someone else’s quote.",딴 사람이 한 말이에요
159,15:29,"I wrote down
that other line
you came up with.","어제 자네가 한 말
적어놨어"
160,15:31,"About how if I’ve invented
a machine with consciousness,
I’m not a man. I’m God.",생각하는 기계를 발명했으니 난 인간이 아닌 신이라는 말
161,15:36,"I don’t think
that’s exactly what I–",전 그렇게 말한 게...
162,15:38,"I thought,
""Fuck, man, that is so good
when we get to tell the story.""",책에 그 구절을 넣으면 정말 감동적일 거야
163,15:41,"You know?
I turned to Caleb,
and he looked up at me.",정말 감동적일 거야 ‘칼렙을 돌아보자’ ‘그가 날 보며 말했다’
164,15:45,"-And he said, ""You’re
not a man. You’re God.""
-Yeah, but I didn’t say that.",‘그가 날 보며 말했다’ ‘당신은 인간이 아니라 신입니다’ 그런 말 안 했는데요
165,15:50,"So, anyway–",아무튼 자네...
166,15:55,You’re impressed?,감동했잖나
167,15:57,"[ Chuckles ]
Yes. Yes.","네, 물론이죠"
168,15:59,"-Although–
-""Although""?","- 하지만...
- 하지만 뭐?"
169,16:01,"[ Laughs ]
There’s a qualification
to you being impressed?",감동했다는 말이 과했나?
170,16:04,"No. There’s
no qualification to her.","아뇨, 에이바는 완벽해요"
171,16:06,"Uh, it’s just
in the Turing Test,","다만, 원래 튜링 테스트 할 땐"
172,16:10,"the machine should be hidden
from the examiner.",로봇을 안 보고 하는 거라...
173,16:12,"No, no.
We’re way past that.",그건 말했잖나
174,16:14,"If I hid Ava from you
so you just heard her voice,
she would pass for human.","음성만 들려줬으면
그냥 인간으로 결론 냈을걸?"
175,16:17,"The real test is to show you
that she’s a robot...","이 테스트는
로봇임을 알면서도"
176,16:20,"and then see if you still
feel she has consciousness.","자의식이 있다고
느끼는지를 보는 거야"
177,16:25,"Yeah, I think
you’re probably right.","네, 그건 그렇죠"
178,16:29,"Her language abilities–
they’re incredible.","에이바의 언어능력은
놀라워요"
179,16:32,"The system
is stochastic.
Right?","그런 걸
추계학적 프로그램이라고 하죠?"
180,16:37,It’s nondeterministic.,비결정적 개념의...
181,16:39,"At first I thought
she was mapping...",처음엔 내부의 생각을
182,16:40,"from internal semantic form
to syntactic free-structure...","구문론적 나무 구조로
시각화해서"
183,16:43,"and then getting
linearized words.",단어화한다고 생각했지만
184,16:45,"But then I started to realize
the model is some kind
of hybrid.",그보단 하이브리드 개념에 더...
185,16:47,Caleb.,칼렙
186,16:49,No?,아닌가요?
187,16:50,"I understand that you want me
to explain how Ava works.","원리를
설명 듣고 싶은가 본데"
188,16:53,"But I’m sorry.
I’m not gonna be able
to do that.",미안하지만 그건 힘들어
189,16:56,"Try me. I’m hot
on high-level abstraction.","해보세요
저, 추상기호 쪽 잘 알아요"
190,16:59,"It’s not ’cause
I think you’re too dumb.","못 알아 들을까 봐
그런 거 아냐"
191,17:01,"It’s ’cause I wanna have a beer
and a conversation with you,
not a seminar.","난 지금 술 한잔 하며
얘기나 나누고 싶거든"
192,17:05,"[ Chuckles ]
Yeah. Sorry.","네, 죄송해요"
193,17:08,"No, it’s okay.
You’re all right.","괜찮아, 미안할 건 없고..."
194,17:10,Just–,그냥...
195,17:14,Answer me this.,이것만 대답해 줘
196,17:16,"How do you feel
about her?",걜 어떻게 생각하나?
197,17:19,Nothing analytical.,분석을 하라는 게 아니고
198,17:21,"Just...
how do you feel?",그냥 어떤 느낌이냐고?
199,17:24,I feel...,한마디로...
200,17:28,that she’s fucking amazing.,골때리게 멋져요
201,17:31,Dude.,그래...
202,17:33,Cheers.,건배
203,17:36,Cheers.,건배
204,18:15,Damn it.,젠장
205,18:42,What the fuck?,이거 뭐야?
206,19:34,"[ Female Electronic Voice ]
Power cut.
Backup power activated.","‘정전
예비 전력을 가동합니다’"
207,19:46,"[ Chimes ] Full facility lockdown until
main generator is restored.","‘발전기가 작동될 때까지
모든 시설이 폐쇄됩니다’"
208,19:51,You’re kidding me.,말도 안 돼
209,19:56,"[ Chimes ] Full facility lockdown until
main generator is restored.","‘발전기가 작동될 때까지
모든 시설이 폐쇄됩니다’"
210,20:06,Power restored.,‘전력 복구 완료’
211,21:19,Hello?,저기요
212,21:41,Please insert key card.,‘카드 키를 넣으세요’
213,21:48,"[ Nathan ]
You don’t have access
to use the phone.",자넨 전화를 쓸 수 없는데?
214,21:51,Hey.,회장님
215,21:54,"Sorry, buddy.
You understand, though,
given Ava...","미안하네, 이해해줘
에이바도 있고..."
216,21:57,"and you being
kind of an unknown.","또 자넨
모르는 친구고..."
217,22:01,"I mean, a great guy.","아니, 멋진 친구지"
218,22:04,"Instant pals
and so on, but–","물론 잠깐 스치는
인연이지만..."
219,22:11,Who you gonna call?,누구한테 걸려고?
220,22:14,Oh. I don’t know.,"모르겠어요
그냥..."
221,22:16,No one really. Ghostbusters?,"- 고스트버스터?
- 네?"
222,22:18,"-What?
-Who you gonna call?
Ghostbusters? It’s a f–","‘누구한테 전화하지?
고스트버스터!’"
223,22:23,"It’s a movie, man.",영화야
224,22:27,You don’t know that movie?,그 영화 몰라?
225,22:30,"A ghost gives
Dan Aykroyd oral sex.","댄 애크로이드와 유령이
오럴섹스를 해"
226,22:35,"I was just wondering
how the phone worked.","전화기 사용법이
궁금했어요"
227,22:38,That’s all.,그뿐이에요
228,22:40,"So, what are you doing
awake at this time?
You come to join the party?","왜 안 자고?
파티에 끼고 싶어?"
229,22:44,"Uh, something
happened in my room.","방에
일이 좀 있었어요"
230,22:47,Some kind of power cut.,정전이 됐어요
231,22:50,"So I came to see
what’s going on.",그래서 무슨 일인가 싶어서...
232,22:52,"The power cuts, yeah.","아, 정전"
233,22:53,"We’ve been getting
those recently.",요즘 자주 그래
234,22:58,I’m working on it.,손 보고 있어
235,23:01,"I couldn’t open the door
to my bedroom.",제 침실 문이 안 열렸어요
236,23:03,"That’s
a security measure.",보안 때문이야
237,23:05,Automatic lockdown.,정전 때 자동으로 안 잠기면
238,23:06,"Otherwise, anybody could
just open the place up
by disabling the juice.","정전 때 자동으로 안 잠기면 아무나 전기를 끊고
침입할 수 있거든"
239,23:13,"If it happens again,
relax. Okay?","또 그러더라도
신경 쓰지 마"
240,23:18,Sure.,그러죠
241,23:20,Sweet dreams.,좋은 꿈 꾸게
242,24:22,"Hey. Hey, man.",안녕하세요
243,24:25,Morning. Good morning.,"- 그래
- 좋은 아침이에요 좋은 아침
쿄코를 보내서 깨운 거 미안해"
244,24:26,"Sorry to send Kyoko
to wake you, but...","좋은 아침
쿄코를 보내서 깨운 거 미안해"
245,24:28,"I didn’t want
too much of the day
to slip by.",시간 가는 게 아까워서...
246,24:31,"Yeah, I know.
It was a good thing. Thanks.","네, 압니다
감사합니다"
247,24:33,"She’s some alarm clock, huh?",모닝콜로 딱이지?
248,24:35,"Gets you right up
in the morning.",나도 걜 보면 발딱 일어나
249,24:37,"So, day two.
You ready?",이제 이틀짼데
250,24:39,"What’s the plan?
Hit me.",오늘의 계획은 뭔가?
251,24:41,"Yeah, well, I’m not sure.",아직 모르겠어요
252,24:44,"I’m still trying to figure
the examination format. Uh-huh.","실험 방식을
아직 결정 못했거든요"
253,24:48,"Yeah, it feels like...",대화로 테스트하는 방식은
254,24:50,"testing Ava through conversation
is kind of a– a closed loop.","꼭 폐쇄회로 같다는
생각이 들어요"
255,24:54,It’s a closed loop? Yeah.,"- 폐쇄회로?
- 네"
256,24:56,"Like testing a chess computer
by only playing chess.","체스 시합으로 체스 컴퓨터를
테스트하는 것처럼..."
257,25:00,"How else do you test
a chess computer?","그럼 체스 컴퓨터를
어떻게 테스트해?"
258,25:03,"Well, it depends.",경우에 따라 다르죠
259,25:05,"You know, I mean,
you can play it to find out
if it makes good moves, but, uh–","시합을 하면 컴퓨터의
체스 실력은 알 수 있겠지만"
260,25:11,"but that won’t
tell you if it knows
that it’s playing chess.","컴퓨터가 체스를 둔다는
사실을 아는지"
261,25:14,"And it won’t tell you
if it knows what chess is.","체스가 뭔질 아는지는
알 수 없죠"
262,25:18,"Uh-huh. So it’s simulation
versus actual. Yes.",시뮬레이션과 실제의 대결이다?
263,25:21,"Yeah. And I think being
able to differentiate
between those two...","네 제가 그 둘의 차이를
구별할 방법을"
264,25:25,"is the Turing Test
you want me to perform.",찾으라는 거잖아요
265,25:27,"Look, do me a favor.
Lay off the textbook approach.",학문적인 접근 방식은 잊어
266,25:29,"I just want simple answers
to simple questions.","난 단순한 문제의
단순한 답을 찾는 거야"
267,25:32,"Yesterday I asked you
how you felt about her
and you gave me a great answer.","걔에 대한 감정을 물었더니
자넨 멋진 대답을 했지"
268,25:36,Now the question is:,질문은 이거야
269,25:39,how does she feel about you?,"‘자네에 대한
걔의 감정은 어떨까?’"
270,25:48,"[ Ava ]
What do you think?",어때요?
271,25:54,"[ Caleb ]
What’s it a drawing of?",뭘 그린 건데?
272,25:56,Don’t you know? No.,"모르겠어요? - 응
- 당신은 알 줄 알았는데..."
273,25:59,"I thought
you would tell me.","- 응
- 당신은 알 줄 알았는데..."
274,26:02,Don’t you know?,너도 몰라?
275,26:06,"I do drawings
every day,",매일 뭘 그리긴 하는데
276,26:09,"but I never know
what they’re of.",뭔지는 모르겠어요
277,26:12,"You’re not trying to
sketch something specific?","어떤 특정 대상을
그리는 게 아냐?"
278,26:16,"Like an object
or a person?",물건이나 사람 같은 거?
279,26:22,Maybe you could try.,그런 걸 그려봐
280,26:26,Okay.,알았어요
281,26:29,"What object
should I draw?",어떤 대상을 그릴까요?
282,26:32,"Whatever you want.
It’s your decision.","그리고 싶은 거...
알아서 정해"
283,26:34,"Why is it my decision? I’m interested to see
what you’ll choose.","왜 내가 정해요? 어떤 걸 그릴지
궁금해"
284,27:01,"Do you want
to be my friend?",내 친구가 되고 싶어요?
285,27:04,Of course.,물론이지
286,27:05,"Will it
be possible?",그게 가능할까요?
287,27:08,"-Why would it not be?
-Our conversations
are one-sided.",안 될 건 뭐 있어? 우린 대화가 일방적이에요
288,27:12,"You ask circumspect questions
and study my responses.","당신은 내게 질문을 한 뒤
내 반응을 연구하죠"
289,27:17,Yes.,그래
290,27:18,"You learn about me
and I learn nothing about you.","당신은 나에 대해 배우지만 난 당신에 대해
배우는 게 없어요"
291,27:23,"That’s not a foundation
on which friendships are based.","그런 식으론
우정이 생길 수 없죠"
292,27:27,"So what, you want me
to talk about myself?","그럼 내 얘길
해달라는 거야?"
293,27:30,Yes. [ Chuckles ],네
294,27:33,"Wh– Where–
[ Chuckles ]",그럼...
295,27:34,"Okay, where do I start?",어떤 얘기부터 할까?
296,27:38,It’s your decision.,당신이 정해요
297,27:40,"I’m interested to see
what you’ll choose.",뭘 말할지 궁금하네요
298,27:45,"Okay, Ava.","좋아
에이바"
299,27:50,"Well, you know my name.",일단... 내 이름은 알지?
300,27:53,Yes. I’m 26.,"- 네
- 나이는 26살"
301,27:56,"I work
at Nathan’s company.",네이든의 회사에서 일해
302,27:59,"Do you know
what his company is?",어떤 회사인지 알아?
303,28:01,Blue Book.,블루북
304,28:03,"Named after
Wittgenstein’s notes.","비트겐슈타인의 책에서
이름을 땄죠"
305,28:05,"It’s the world’s
most popular
Internet search engine,","세계 최고의
검색 엔진 회사로"
306,28:09,"processing an average
of 94% of all Internet
search requests.","전세계 인터넷 검색의
평균 94%를 소화하죠"
307,28:14,That’s exactly right.,정확히 아네
308,28:17,"Where do you live, Caleb?","어디 살아요, 칼렙?"
309,28:21,"Brookhaven, Long Island.",롱 아일랜드의 브룩헤이븐
310,28:26,Is it nice there?,그 동네 좋아요?
311,28:28,It’s okay.,괜찮아
312,28:30,"I got an apartment.
It’s kind of small.",아파트에서 사는데 좁아
313,28:33,It’s very small.,아주 좁지
314,28:35,"But, uh,
it’s a five-minute walk
to the office...","하지만 회사와
걸어서 5분 거리야"
315,28:38,"and a five-minute walk
to the ocean, which I like.",내가 좋아하는 바다와도 5분 거리고...
316,28:43,Are you married?,결혼했어요?
317,28:46,"Uh, no.",아니
318,28:48,Is your status... single?,"그럼 지금...
싱글인가요?"
319,28:53,Yes.,응
320,28:55,What about your family?,가족은 어떻게 되죠?
321,28:58,"[ Exhales ]
I grew up in Portland, Oregon.",오레곤 주 포틀랜드에서 컸는데
322,29:01,No brothers or sisters.,"형제, 자매는 없어"
323,29:03,"My parents were both
high school teachers.","부모님은 둘 다
고교 교사였지"
324,29:08,"And if we’re getting
to know each other, I should
tell you they’re both dead.","친해지려면, 두 분 다
돌아가신 것도 말해야겠지?"
325,29:13,"Car crash
when I was 15.","차 사고였어
나 15살 때..."
326,29:15,"In fact, I was
in the car with them.",나도 같이 타고 있었지
327,29:18,Backseat.,뒷좌석에...
328,29:20,"But it was the front
that got the worst of it.",앞좌석에 더 충격이 컸어
329,29:25,I’m sorry.,안됐네요
330,29:26,It’s all right.,괜찮아
331,29:28,"I spent a long time
in the hospital afterward.","그 뒤 오랫동안
병원에서 지냈지"
332,29:32,Like nearly a year.,1년 쯤...
333,29:34,And I got into coding.,"그 뒤 컴퓨터에
관심을 갖게 됐고"
334,29:36,"And by the time
I got to college,
I was... pretty advanced.","대학 입학 무렵엔
꽤 능력을 인정 받았어"
335,29:41,An advanced programmer.,일류 프로그래머가 됐군요
336,29:44,Yes.,응
337,29:47,Like Nathan.,네이든처럼...
338,29:48,Yes.,응
339,29:50,No.,아니
340,29:52,It’s different.,다르지
341,29:54,"Nathan wrote
the Blue Book base code
when he was 13.","네이든은 13살 때 블루북의
베이스코드를 만들었어"
342,29:58,"Which, if you understand code,
what he did was like Mozart
or something.","컴퓨터계의 모차르트와 같은
일을 한 거지"
343,30:02,Do you like Mozart?,모차르트 좋아해요?
344,30:04,"I like
Depeche Mode. Do you like Nathan?",난 디페쉬 모드를 좋아해 네이든을 좋아해요?
345,30:10,Yes. Of course.,"응, 그럼"
346,30:12,"-Is Nathan your friend?
-My friend?
I– Yeah. I hope so.","- 그와 친구인가요?
- 친구? 응, 바라기는..."
347,30:15,A good friend?,친한 친구예요?
348,30:17,"Um, yeah.",응
349,30:19,"Well, no, no, no.
I mean, not a good friend.
A good friend is–","아니, 친한 친구는 아냐 친한 친구는..."
350,30:22,"Uh, we only just met
each other, you know.",우린 만난 지 얼마 안됐어
351,30:25,"So it takes time
to be able to, um– to-to get
to know each other, I guess.","친한 친구가 되려면 서로를 알
시간이 필요하지"
352,30:31,"[ Female Electronic Voice ]
Power cut.
Backup power activated.","‘정전
예비 전력을 가동합니다’"
353,30:54,Caleb.,칼렙
354,31:02,You’re wrong.,"당신 말, 틀렸어요"
355,31:04,Wrong about what?,뭐가 틀려?
356,31:06,Nathan.,네이든 얘기
357,31:10,In what way?,어떤 점이?
358,31:13,He isn’t your friend.,그는 당신 친구가 아니에요
359,31:17,Excuse me?,뭐라고?
360,31:21,"I’m sorry.
Ava, I-I don’t understand.","미안한데
무슨 소린지 잘..."
361,31:25,You shouldn’t trust him.,그를 믿어선 안돼요
362,31:28,"You shouldn’t trust
anything he says.","그의 말은
아무 것도 믿지 마요"
363,31:34,Power restored.,‘전력 복구 완료’
364,31:37,"And if we made a list
of books or works of art
which we both know,","우리가 공통으로 아는
책과 예술 작품의 목록을 만들면"
365,31:41,"it would form the ideal
basis of a discussion.","토론의 훌륭한
자료가 될 거예요"
366,31:44,Is that okay?,괜찮겠죠?
367,31:48,Caleb?,칼렙?
368,31:51,Mm-hmm. Yeah.,응
369,31:55,Good.,좋아요
370,32:02,"[ Caleb ]
Thank you.",고마워
371,32:04,"Oh, shit!
Are you fucking
kidding me?","맙소사
야, 뭐 하는 거야?"
372,32:07,Did it get on you?,"- 옷에 튀었나?
- 아뇨"
373,32:09,"No, no, it’s, uh–
it’s all right. I got it.","- 옷에 튀었나?
- 아뇨 됐어, 괜찮아"
374,32:12,"Dude, you’re wasting
your time talking to her.
She doesn’t understand English.","시간 낭비야 말해봤자 영어 못 알아들어
냅킨이나 줘"
375,32:14,Just give her the napkin.,"말해봤자 영어 못 알아들어
냅킨이나 줘"
376,32:18,Sorry.,미안해
377,32:19,"[ Nathan ]
It’s just– It’s like
a firewall against leaks.",전혀 못 알아들어
378,32:22,"It means I can talk
trade secrets over dinner
and know it’ll go no further.","식탁에서 사업 기밀을 말해도
100% 안전하지"
379,32:26,"It also means that I can’t
tell her that I’m pissed
when she’s so fucking clumsy...","대신, 사고를 쳤을 때
야단치는 거 역시"
380,32:29,"that she spills wine
over my houseguest.",못 알아들어
381,32:31,"I think she gets
that you’re pissed.","화내시는 걸
아는 거 같은데요?"
382,32:33,"Yeah? Good.
’Cause I
am pissed.","다행이네
나 열 받았거든"
383,32:36,"Hey, Kyoko.","야, 쿄코"
384,32:38,Go-go.,꺼져
385,32:47,It’s funny.,인생은 참 재미 있어
386,32:49,You know?,안 그렇나?
387,32:51,"No matter
how rich you get,
shit goes wrong.","아무리 부자가 돼도 일은 늘 꼬여
오류가 생기지"
388,32:55,"You can’t insulate
yourself from it.","일은 늘 꼬여
오류가 생기지"
389,33:00,"I used to think
it was death and taxes
you couldn’t avoid,","피할 수 없는 건
죽음과 세금이 아니라"
390,33:02,"but it’s actually
death and shit.",죽음과 오류야
391,33:04,"It’s like
these power cuts.",정전도 그래
392,33:06,"You would not believe
how much I spent
on the generator system,","전력 시스템에
아무리 돈을 쏟아 부어도"
393,33:10,"but I keep
getting failures every day.",늘상 전기가 나가
394,33:12,"Do you know
why they happen? No.","- 원인은 찾으셨나요?
- 아니"
395,33:15,"The system was supposed
to be bulletproof,",오류가 없게 설계한 건데
396,33:16,"but obviously,
the guys that installed it
fucked something up.",설치한 놈들이 개판 친 거지
397,33:19,"Can’t you just get them
to come back?",그들을 다시 부르시죠?
398,33:21,"No. There’s too much
classified stuff here.","못 불러
여긴 기밀 자료가 많아서"
399,33:24,"So after the job was done,
I just had ’em all killed.",시스템 설치 후에 다 죽였어
400,33:32,"Anyway, here’s to
your second day, buddy.",어쨌든... 이틀째 날을 기념하며...
401,33:36,Cheers.,건배
402,33:38,Cheers.,건배
403,33:42,"So, how did it go?
What do you have
to report?","테스트는 잘 됐나?
보고할 거 있어?"
404,33:47,"You saw how the day went,
didn’t you?","어제의 제 일과를
다 보셨잖아요"
405,33:52,"I mean, I assume you’re,
uh, watching on the CCTV.",모든 걸 다 관찰하시잖아요 CCTV로...
406,33:56,"Sure. But I wanna hear
your take on it.","그래도 자네 견해를
듣고 싶어"
407,34:01,"Yeah, there was one
interesting thing that happened
with– with Ava today.","오늘 에이바와
흥미로운 일이 있었어요"
408,34:08,Yeah? Yeah.,"- 그래?
- 네"
409,34:13,She made a joke.,농담을 하더군요
410,34:16,"Right. When she threw
your line back at you. Yeah.","그래, 자네 말을
되받아 치더군"
411,34:21,"About being interested
to see what she’d choose.
Right. I noticed that too.","뭘 그릴지
궁금하다는 말에... 나도 봤어"
412,34:25,"Yeah, and it got me thinking,
you know, it’s a–",어떤 면에선 그게 바로
413,34:28,"In a way it’s
the best indication of AI
that I’ve seen in her so far.","최고의 증거 아닐까요?
에이바가..."
414,34:31,It’s discreetly complicated.,"최고의 증거 아닐까요?
에이바가... 스스로 생각할 수 있는"
415,34:35,"It’s like, uh–
It’s kind of non-autistic.",복합적인 지능을 가졌다는...
416,34:38,What do you mean?,무슨 뜻인가?
417,34:39,"She could only do that
with an awareness
of her own mind...","그런 말을 하려면
자기 생각을 의식할 수 있어야죠"
418,34:43,"and... also
an awareness of mine.","그런 말을 하려면
자기 생각을 의식할 수 있어야죠 제 생각도..."
419,34:46,"Oh, she’s aware of you,
all right.",걔가 자넬 의식하긴 하지
420,34:52,"And what about
the power cut?",정전 땐 어땠나?
421,34:56,Sorry? The power cut.,"- 네?
- 정전 때"
422,35:00,"It’s the only part
that I couldn’t see.",그 때만 못 봤어
423,35:01,"Cameras fail,
I lose audio, the works.",영상도 오디오도 먹통 돼서...
424,35:07,So what happened?,무슨 일이 있었나?
425,35:12,Nothing.,아무 일도요
426,35:14,"Nothing?
She didn’t...
remark on it at all?","아무 일도?
걔가 아무 말도 안 했어?"
427,35:22,No.,네
428,35:25,Not really.,안 했어요
429,36:17,Hey.,자네
430,36:19,Hey.,회장님
431,36:21,"You wanna see
something cool?",근사한 거 보여줄까?
432,36:33,"This is where Ava
was created.",여기서 에이바가 탄생했지
433,36:38,"Go ahead.
Take a look.","괜찮아, 둘러봐"
434,36:50,Sorry.,죄송해요
435,36:51,"If you knew
the trouble I had...",표정을 읽고
436,36:54,"getting an AI
to read and duplicate
facial expressions.","그걸 따라 하게 만들기까지
시행착오가 많았지"
437,36:58,"You know
how I cracked it?",어떻게 해냈는지 아나?
438,37:00,"I don’t know
how you did any of this.","아뇨, 모르겠어요
하나도..."
439,37:04,"Every cell phone,
just about,",모든 휴대폰엔
440,37:06,"has a microphone, camera
and a means to transmit data.","마이크와 카메라
데이터 전송 장치가 있지"
441,37:11,"So I turned on every
microphone and camera... across the entire
fucking planet...","지구상의 그 모든 폰의
마이크와 카메라를 켜서"
442,37:16,"and I redirected the data
through Blue Book. Boom.","블루북으로
데이터를 재전송했지"
443,37:20,"Limitless resource of vocal
and facial interaction.","음성과 표정 교류의
무한한 데이터를..."
444,37:24,"You hacked
the world’s cell phones?",모든 폰을 해킹했다고요?
445,37:26,"Yeah.
And all the manufacturers
knew I was doing it too.","응, 통신사들도
그걸 알고 있었어"
446,37:29,"But they couldn’t accuse me
without admitting they were
doing it themselves.","하지만 모른 척했지
자기들도 하는 짓이니까..."
447,37:36,"Here...
we have her mind.",이게... 그녀의 마음이야
448,37:42,Structured gel.,젤 형태지
449,37:44,"I had to get away
from circuitry.","회로 방식에서 벗어나야지
분자 단위로"
450,37:46,"I needed something that could
arrange and rearrange
on a molecular level...","회로 방식에서 벗어나야지
분자 단위로 배열이 가능하면서"
451,37:50,"but keep its form
when required.",필요할 땐 형태를 유지하고
452,37:52,"Holding for memories.
Shifting for thoughts.",기억과 생각도 발전시킬 수 있거든
453,37:57,This is your hardware?,이게 하드웨어군요
454,38:00,Wetware.,젤웨어지
455,38:02,"And the– Oh.
And the software?",그럼 소프트웨어는 뭐죠?
456,38:06,"Well, I’m sure you can guess.",알면서 뭘 물어?
457,38:08,Blue Book.,블루북
458,38:12,"Here’s the weird thing
about search engines.",검색 엔진의 데이터는
459,38:14,"It was like...
striking oil...","내연 기관이 발명되기 전에
발견된 석유 같은 거야"
460,38:17,"in a world that hadn’t
invented internal combustion.","발명되기 전에
발견된 석유 같은 거야"
461,38:20,"Too much raw material.
Nobody knew what to do with it.","아무도 쓸 줄 모르는
천연 자원 같은 거지"
462,38:23,"You see, my competitors,
they were fixated on
sucking it up and monetizing...","내 경쟁사들은 SNS 등을 통해 데이터로 돈을 버는 데만
몰두했어"
463,38:27,via shopping and social media.,"데이터로 돈을 버는 데만
몰두했어"
464,38:29,"They thought that
search engines were a map
of what people were thinking.","검색엔진은 사람들의 생각을
보여주는 지도가 아냐"
465,38:32,"But actually they were a map
of how people were thinking.","사람들이 생각하는 방식을
보여주는 지도지"
466,38:36,"Impulse.
Response.",자극과 반응은
467,38:41,"And fluid, imperfect.",유동적이고 불완전해
468,38:46,Patterned.,패턴화 돼 있고
469,38:48,Chaotic.,무질서하지
470,39:02,"I drew the picture
of something specific,
as you asked.",특별한 대상을 그렸어요 당신 말대로...
471,39:11,"You said
it would be interesting
to see what I would draw.","내가 뭘 그릴지
궁금하다고 했죠?"
472,39:17,Is it interesting?,흥미로워요?
473,39:20,"Yes, it is.","응, 그러네"
474,39:33,"You’ve never been
outside this building?","이 건물 밖으로
안 나가봤어?"
475,39:37,No.,네
476,39:39,"You’ve never
walked outside?",안 나가봤다고?
477,39:42,"I’ve never been outside
the room I am in now.","이 방 밖으론
나가본 적 없어요"
478,39:46,"Where would you go
if you did go outside?",나가면 어딜 가고 싶어?
479,39:52,I’m not sure.,모르겠어요
480,39:54,There are so many options.,선택의 여지가 너무 많아서...
481,39:57,"Maybe a busy pedestrian
and traffic intersection
in a city.","도심의 북적대는 인도나
자동차 교차로?"
482,40:00,A traffic intersection?,자동차 교차로?
483,40:02,Is that a bad idea?,"왜, 이상해요?"
484,40:05,"No. I– Uh, it wasn’t
what I was expecting.","아니 예상하지 못한
대답이라서..."
485,40:08,"A traffic intersection
would provide a concentrated
but shifting view of human life.",다이나믹한 인간의 삶이 집약돼 있는 곳이잖아요
486,40:15,People watching.,사람들을 보고 싶다?
487,40:17,Yes. Hmm.,네
488,40:22,We could go together.,같이 가도 좋고요
489,40:24,It’s a date.,그럼 데이트네
490,40:30,"There’s something else
I wanted to show you.",보여줄 게 또 있어요
491,40:33,Okay.,좋아
492,40:34,You might think it’s stupid.,"바보 같다고
생각할 지도 몰라요"
493,40:36,"I don’t think I will–
whatever it is.","그렇게 생각 안 해
그게 뭐가 됐든..."
494,40:42,Then close your eyes.,그럼 눈 감아요
495,40:46,Okay.,알았어
496,42:51,Now open your eyes.,이제 눈 떠요
497,43:11,How do I look?,나 어때요?
498,43:13,You look...,아주...
499,43:16,good.,멋져
500,43:27,"This is what
I’d wear on our date.","데이트할 때
이렇게 입을 거예요"
501,43:32,"Right.
First a traffic intersection.","그래, 교차로에 갔다가"
502,43:34,Then maybe a show.,공연 보러 가면 되겠네
503,43:40,"I’d like us
to go on a date. Yeah.",당신과 데이트하고 싶어요
504,43:44,Yeah.,"그래, 그래"
505,43:46,It’d be fun.,재미있겠네
506,43:52,Are you attracted to me?,나한테 매력을 느껴요?
507,43:54,"What? Are you
attracted to me?","- 뭐?
- 나한테 끌리냐고요"
508,43:57,"You give me indications
that you are.",그런 신호를 보내잖아요
509,44:00,"-I do?
-Yes.","- 내가?
- 네"
510,44:03,How? Micro expressions.,"- 어떻게?
- 미세한 표정으로..."
511,44:05,"Micro expressions. The way your eyes fix
on my eyes and lips.",미세한 표정? 내 눈과 입술을 뚫어지게 보고
512,44:10,The way you hold my gaze...,내 시선에 당황하거나
513,44:15,or don’t.,외면하고...
514,44:25,"Do you think about me
when we aren’t together?","혼자 있을 때도
내 생각 해요?"
515,44:32,Sometimes at night...,밤에 가끔 궁금해요
516,44:35,"I’m wondering if you’re
watching me on the cameras.","당신이 모니터로
날 지켜볼지..."
517,44:40,And I hope you are.,지켜봤으면 좋겠어요
518,44:44,"Now your micro expressions
are telegraphing discomfort.","지금은 미세한 표정 속에
불편함이 보이네요"
519,44:49,"I am not sure
you’d call them micro.","이 정도면
미세한 게 아니지"
520,44:55,"I don’t wanna make you
feel uncomfortable.","당신을 불편하게
만들고 싶진 않아요"
521,45:59,"-[ Caleb ]
I got a question.
-[ Nathan ] Okay.","질문이 있어요 - 그래
- 왜 성별을 부여한 거죠?"
522,46:02,"Why did you
give her sexuality?","- 그래
- 왜 성별을 부여한 거죠?"
523,46:05,An AI doesn’t need a gender.,굳이 여자로 만들 거 없이
524,46:07,"She could have been
a gray box.",상자처럼 만들 수도 있잖아요
525,46:10,"Hmm. Actually,
I don’t think that’s true.",그건 말이 안되지
526,46:12,"Can you give an example
of consciousness at any level,
human or animal,","인간이건 동물이건
의식을 가진 존재 중에"
527,46:16,"that exists
without a sexual dimension?",성별이 없는 게 있나?
528,46:18,"They have sexuality
as an evolutionary
reproductive need.","성별은 생식 기능을 위해
필요한 거예요"
529,46:22,"What imperative does
a gray box have to interact
with another gray box?","상자들끼리 무슨 말로
상호 교류를 하겠나?"
530,46:25,"Can consciousness exist
without interaction?","상호 교류 없는
의식이 존재할까?"
531,46:29,"Anyway,
sexuality is fun, man.","게다가
섹스는 즐거운 거야"
532,46:31,"If you’re gonna exist,
why not enjoy it?","이왕이면
인생을 즐겨야지"
533,46:34,"What, you wanna
remove the chance of her
falling in love and fucking?","사랑에 빠진 로봇과
섹스해 보고 싶지 않아?"
534,46:40,"And in answer
to your real question,",진짜 궁금한 걸 말해주지
535,46:43,you bet she can fuck.,걔 섹스할 수 있어
536,46:45,What?,네?
537,46:47,"In between her legs
there’s an opening, with a concentration
of sensors.","다리 사이에 고성능 센서가
내장된 입구가 있어"
538,46:51,"You engage ’em in the right way,
creates a pleasure response.",제대로만 자극하면 쾌락 반응을 유도할 수 있지
539,46:58,"So if you wanted to screw her,
mechanically speaking,
you could,","걔와 섹스하고 싶다면
기술적으로 가능해"
540,47:01,and she’d enjoy it.,"걔와 섹스하고 싶다면
기술적으로 가능해 걔도 좋아할 거고..."
541,47:05,"That wasn’t
my real question.",그걸 물어본 게 아니에요
542,47:07,Oh. Okay. Sorry.,"아, 그런가? 미안"
543,47:10,My real question was:,제 질문은 이겁니다
544,47:13,"did you give her sexuality
as a diversion tactic?","절 교란 시키려고
걜 여자로 만든 건가요?"
545,47:16,"-I don’t follow.
-Like a stage magician
with a hot assistant.",교란이라니? 마술사의 미녀 조수처럼요
546,47:20,"So a hot robot
who clouds your ability
to judge her AI?","섹시한 로봇 때문에
판단력이 흐려진다?"
547,47:23,"Exactly.
So, did you program her
to flirt with me?","그래요
혹시... 절 유혹하게
프로그래밍했나요?"
548,47:28,"If I did,
would that be cheating? Wouldn’t it?","- 그럼 반칙인가?
- 아닌가요?"
549,47:33,"Caleb, what’s your type?",자넨 어떤 타입이 좋나?
550,47:36,"-Of girl?
-No, of salad dressing.","- 여자요?
- 아니, 샐러드 소스"
551,47:38,"Yeah, of girl.
What’s your type of girl?","당연히 여자지
어떤 여자가 좋아?"
552,47:39,"You know what?
Don’t even answer that.
Let’s say it’s black chicks.","아니, 대답하지 마
흑인이라고 치세"
553,47:42,"Okay? That’s your thing.
For the sake of argument,
that’s your thing. Okay?","그게 자네 타입이야 자네가 흑인 여잘
좋아한다 쳐"
554,47:45,Why is that your thing?,왜 흑인 여잘 좋아할까?
555,47:50,"Because you did
a detailed analysis
of all racial types...","자네가 모든 인종을
비교 분석한 뒤"
556,47:54,"and you cross-referenced
that analysis
with a points-based system?","점수를 매겨
흑인을 고른 걸까?"
557,47:57,"No. You’re just attracted
to black chicks.",그게 아니지 그냥 흑인에게 끌리는 거야
558,48:01,"A consequence
of accumulated
external stimuli...","자네가 의식 못하는 사이에
축적된"
559,48:05,"that you probably
didn’t even register
as they registered with you.","여러가지 외부 자극이
각인된 결과로..."
560,48:08,"Did you program her
to like me or not?","절 좋아하게
프로그래밍했냐고 물었어요"
561,48:11,"[ Sighs ]
I programmed her
to be heterosexual.","남자를 좋아하게
프로그래밍했지"
562,48:15,"Just like you
were programmed
to be heterosexual.","자네가 여잘 좋아하게
프로그래밍 됐듯이..."
563,48:17,"Nobody programmed me
to be straight.",난 프로그래밍된 게 아니에요
564,48:19,"You decided to be straight?
Please. Of course
you were programmed.",스스로 이성애자가 됐다? 자네도 프로그래밍된 거야
565,48:22,"By nature
or nurture or both.",자연과 부모에 의해...
566,48:24,"And to be honest, Caleb,
you’re starting
to annoy me now...",이거 좀 실망이군
567,48:26,"because this is
your insecurity talking.",논리적인 친구인 줄 알았는데
568,48:29,"This is not
your intellect.",꽤 감정적이네
569,48:31,Come with me.,따라와
570,48:44,"You know
this guy, right?",이 작가 알지?
571,48:46,Jackson Pollock. Jackson Pollock.,"- 잭슨 폴락
- 잭슨 폴락, 맞아"
572,48:48,"That’s right.
The drip painter.",액션 페인팅 화가
573,48:50,"Okay, he let
his mind go blank... and his hand
go where it wanted.","이건 마음 비우고 손 가는 대로
붓을 휘두른 거야"
574,48:54,"Not deliberate.
Not random.","의도적인 것과
임의적인 것의"
575,48:56,Someplace in between.,중간 단계랄까?
576,48:58,"They called it
""automatic art.""",일명 오토매틱 예술이지
577,49:01,"Let’s make this like
Star Trek, okay?",‘스타트렉’ 을 상상해 봐
578,49:03,Engage intellect.,‘지능을 입력하라’
579,49:06,"Excuse me? I’m Kirk.
Your head’s the warp drive.","네? 난 커크 선장
자넨 광속 엔진이야"
580,49:08,"""Engage intellect.""",‘지능을 입력하라’
581,49:12,"What if Pollock
had reversed the challenge?","폴락이 작업 방식을
바꿨다면 어땠을까?"
582,49:16,"What if instead
of making art
without thinking,","머릴 비우고
그림을 그리는 대신"
583,49:18,"he says, ""You know what?
I can’t paint anything...","머릴 비우고
그림을 그리는 대신 ‘그리는 이유를 알기 전엔
이 그림을 그릴 수 없어’"
584,49:21,"unless I know exactly
why I’m doing it.""","‘그리는 이유를 알기 전엔
이 그림을 그릴 수 없어’"
585,49:23,"What would
have happened?",이렇게 말했다면?
586,49:28,"He never would have made
a single mark.",점 하나도 못 찍었겠죠
587,49:30,"Yes! You see,
there’s my guy.",그렇지! 바로 그거야
588,49:32,"There’s my buddy
who thinks
before he opens his mouth.","그렇지! 바로 그거야 생각하고 말하는
사람이 어딨나?"
589,49:36,"He never would have made
a single mark.","그럼 캔버스에
점 하나도 못 찍어"
590,49:42,"The challenge is not
to act automatically.","작위적으로 행동하는 게
부자연스러운 거라구"
591,49:47,"It’s to find an action
that is not automatic–","대부분의 행동은
저절로 나오는 거야"
592,49:49,"from painting
to breathing to talking...",그림 그리고 숨쉬고 말하고
593,49:53,to fucking...,섹스하는 거 모두...
594,49:55,to falling in love.,사랑에 빠지는 것도...
595,50:01,"And for the record,
Ava’s not pretending
to like you.","에이바는 자넬
좋아하는 척하는 게 아냐"
596,50:07,"And her flirting
isn’t an algorithm
to fake you out.","계산된 알고리듬의
속임수가 아니라구"
597,50:13,"You’re the first man
she’s met that isn’t me.","나 말고 처음 만난
남자가 자네야"
598,50:16,"And I’m like
her dad, right?",난 아빠 같은 존재고...
599,50:22,"Can you blame her
for getting a crush on you?","자네한테 반했다고
비난할 수 있나?"
600,50:31,"No, you can’t.",그럴 순 없지
601,50:39,"When I was in college,
I did a semester
on AI theory.","대학 때 인공지능 강의를
한 학기 들었는데"
602,50:45,"It was
a thought experiment
they gave us.","생각에 관한
실험이 있었어"
603,50:49,"It’s called ""Mary in
the black-and-white room.""","일명
‘흑백의 방에 사는 메리’"
604,50:54,"Mary is a scientist,",메리는 과학자야
605,50:57,"and her specialist
subject is color.",색채 연구가 전공이지
606,51:00,"She knows everything
there is to know about it.","색에 대해선
모르는 게 없어"
607,51:02,"The wavelengths.
The neurological effects.",색의 파장 신경학적 효과 등
608,51:05,"Every possible property
that color can have.",색의 모든 걸 연구하지
609,51:08,"But she lives
in a black-and-white room.","하지만 그녀는
흑백의 방에서 살아"
610,51:13,"She was born there
and raised there.","그 방에서 태어나
그 방에서 자랐고"
611,51:18,"And she can only observe
the outside world
on a black-and-white monitor.","흑백 모니터로만
바깥 세상을 볼 수 있어"
612,51:23,"And then one day
someone opens the door.","그러던 어느 날
누가 문을 열었고"
613,51:28,And Mary walks out.,메리는 밖으로 나가서
614,51:33,And she sees a blue sky.,푸른 하늘을 봤어
615,51:36,"And at that moment,
she learns something that all
her studies couldn’t tell her.","그리곤 그간의 연구로는
알 수 없었던 걸 배웠지"
616,51:41,"She learns
what it feels like... to see color.","색을 보는 느낌이
어떤 건지를 깨달은 거야"
617,51:49,"The thought experiment
was to show the students...",그 실험은 인간의 마음과
618,51:51,"the difference
between a computer
and a human mind.",컴퓨터의 차이를 보여줬어
619,51:56,"The computer is Mary
in the black-and-white room.",컴퓨터는 방 안의 메리고
620,51:58,"The human
is when she walks out.",인간은 밖으로 나온 메리지
621,52:06,"Did you know
that I was brought here
to test you?","내가 널 실험하러 온 거
알고 있었어?"
622,52:10,No.,아뇨
623,52:13,"Why did you
think I was here?",‘그럼 왜 온 줄 알았지?’
624,52:15,"I didn’t know.
I didn’t question it.","‘몰라요
의문을 갖지 않았어요’"
625,52:18,"I’m here to test if you
have a consciousness... or if you’re just
simulating one.","‘난 네가 자의식이 있는지
흉내만 내는 건지 실험하러 왔어’"
626,52:23,"Nathan isn’t sure
if you have one or not.","‘네이든이 그 문제에
의문을 갖고 있거든’"
627,52:28,"How does that
make you feel?",‘그 말 들으니까 어때?’
628,52:31,It makes me feel sad.,‘왠지 슬퍼지네요’
629,52:37,"[ Female Electronic Voice ]
Power cut.
Backup power activated.","‘정전
예비 전력을 가동합니다’"
630,52:43,"-Why did you tell me
I shouldn’t trust Nathan?
-Because he tells lies.","왜 네이든을
믿지 말라는 거지? - 거짓말을 하니까요
- 뭐에 대해?"
631,52:47,"-Lies about what?
-Everything.","- 거짓말을 하니까요
- 뭐에 대해? 전부 다..."
632,52:50,"Including
the power cuts?",정전에 대해서도?
633,52:53,What do you mean?,무슨 뜻이죠?
634,52:54,"Don’t you think
it’s possible
that he’s watching us? Right now.","우릴 보고 있을 수도 있잖아
이 순간에도..."
635,52:59,"That the blackouts
are orchestrated...",모니터가 꺼졌을 때의
636,53:00,"so he can see
how we behave when we
think we’re unobserved.","우리 행동을 보려고
정전을 시킬 수도 있지"
637,53:03,"I charge my batteries
via induction plates.","난 인덕션 회로로
자가 충전을 해요"
638,53:07,"If I reverse the power flow,
it overloads the system.","내가 전류를 역류시키면
시스템이 멈추죠"
639,53:12,You’re causing the cuts?,"정전을 시키는 건
너다?"
640,53:16,"So we can see
how we behave
when we’re unobserved.","그가 안 볼 때의
우리 행동이 궁금해서요"
641,53:43,"Not bad, huh?",제법 멋지지?
642,53:45,Yeah.,네
643,54:07,"Can we talk about the lies
you’ve been spinning me?","왜 날 속였는지
물어봐도 돼요?"
644,54:12,What lies?,속이다니?
645,54:17,"I didn’t win
a competition.",내가 여기 오게 된 거
646,54:20,"I wasn’t...
part of a lottery.","추첨에 당첨된 게 아니고
날 일부러 뽑은 거죠?"
647,54:23,I was selected.,"당첨된 게 아니고
날 일부러 뽑은 거죠?"
648,54:25,"It’s obvious,
once I stop to think.",생각해보니 말이 안돼요
649,54:28,"Why would you
randomly select an examiner
for the Turing Test?","튜링 테스트할 사람을
왜 무작위로 뽑겠어요?"
650,54:32,"You could have had
some bean counter turn up
at your front door.","그럼 영업 직원이
올 수도 있잖아요"
651,54:35,"The guy who fixes
the air-conditioning.",에어컨 수리 기사나...
652,54:37,"The competition
was a smoke screen.",추첨은 쇼였어
653,54:39,"I didn’t want anyone to know
what I was doing here...",이 실험의 내용과 목적을
654,54:42,or why I required you.,알리고 싶지 않았네
655,54:44,"-Why me?
-I needed someone that would
ask the right questions.",왜 나였죠? 실험을 이해할 사람이 필요했어
656,54:49,"So I did a search,
and I found the most talented
coder in my company.","그래서 직원 중에 제일 유능한
프로그래머를 찾았지"
657,54:54,"You know, instead of
seeing this as a deception, you should see it as proof.","이걸 속임수라 생각 말고
증거라고 생각해"
658,54:59,"Proof of what? Come on, Caleb.","무슨 증거요? 똑똑하다는 게 어떤 건지
나도 알아"
659,55:01,"You don’t think I know
what it’s like to be smart?","똑똑하다는 게 어떤 건지
나도 알아"
660,55:03,"Smarter than everyone else.
Jockeying for position.","재능만큼
인정받고 싶은 그 마음"
661,55:07,"You got the light
on you, man.",자넨 선택받은 거야
662,55:10,Not lucky. Chosen.,운이 아니라 능력으로...
663,57:38,Kyoko.,쿄코
664,57:44,Kyoko.,쿄코
665,57:47,Where’s Nathan?,네이든은?
666,57:50,"Where’s Nathan?
Jesus Christ. You really don’t
speak a word of English?",어디 있어? 정말 영어를 전혀 모르네
667,57:55,What the fuck?,왜 이래?
668,57:57,"Oh, no, no, no. No.","아냐, 아냐, 아냐!"
669,58:01,Stop.,하지 마!
670,58:03,"No, no, don’t do that.
Don’t do that.
You don’t have to do that.","아냐, 이러지 마
이러지 않아도 돼"
671,58:08,What are you doing?,뭐 하는 거야?
672,58:09,"I told you,
you’re wasting your time
talking to her.","거봐
전혀 못 알아듣는대도"
673,58:13,"However, you would not
be wasting your time...","하지만 딴 건
아주 잘하지"
674,58:18,"if you were dancing
with her.",춤은 끝내주게 추거든
675,58:31,"Go ahead.
Dance with her.
Dance with her.","뭐해? 같이 춰
같이 추라니까"
676,58:36,You don’t like dancing?,"왜?
춤추는 게 싫은가?"
677,58:38,♪ Saturday morning ♪ She does.,쟨 좋아해
678,58:42,"♪ Friday’s enemy ♪ Come on, buddy.",어서 춰 봐
679,58:44,"After a long day
of Turing Tests,
you gotta unwind.","종일 피곤했을 텐데
스트레스 좀 풀어"
680,58:47,"♪ Housework is calling ♪ What were you doing
with Ava? What?","- 에이바한테 왜 그랬어요?
- 뭐?"
681,58:51,"You tore up
her picture.",그림을 찢었잖아요
682,58:53,"I’m gonna tear up
the fuckin’ dance floor,
dude. Check it out.","잔말 말고
내 춤 솜씨나 감상해"
683,59:12,"Come on, Caleb!","같이 춰, 칼렙"
684,59:37,"Oh, everything’s spinning.",모든 게 뱅뱅 도네
685,59:39,"It’s ’cause
you’re drunk.
 
[ Chimes ]",취해서 그래요
686,59:41,"No, it’s called relativity.
Everything is spinning.","아냐, 상대성 이론 때문이야
모든 건 돈다구"
687,59:44,"It’s just being drunk
makes it worse.",취하면 그게 더 심해지지
688,59:47,I’m not going in there.,난 안 들어갈래
689,1:00:00,Lights. [ Chimes ],조명
690,1:00:45,"[ Ava On Monitor ]
Today, I’m going to test you.","‘오늘은 내가 당신을
테스트할 거예요’"
691,1:00:49,"[ Caleb On Monitor ]
Test me?",‘나를?’
692,1:00:51,"And please remember,
while you’re taking
the test,","‘잊지 마요, 내 질문에
거짓말로 대답하면’"
693,1:00:55,"that if you lie,
I will know.","‘잊지 마요, 내 질문에
거짓말로 대답하면’ ‘내가 다 알아요’"
694,1:00:57,Oh. Right.,‘알았어’
695,1:01:00,Question one.,질문 1
696,1:01:03,"What’s your
favorite color?",제일 좋아하는 색은 뭐죠?
697,1:01:07,"-Red.
-Lie.","- 빨간색
- 거짓말"
698,1:01:09,Lie? Yes. Lie.,"- 거짓말?
- 그래요, 거짓말이에요"
699,1:01:12,"Then– [ Chuckles ]
Then what is
my favorite color?","그럼... 내가 제일
좋아하는 색이 뭔데?"
700,1:01:16,"I don’t know,
but it isn’t red.",모르겠어요 빨간색은 아니에요
701,1:01:22,"Okay, I get it.","그래, 알았어
사실..."
702,1:01:23,"I guess,
seeing as I’m not six,","그래, 알았어
사실... 좋아하는 색 따위 없어
내가 어린애도 아니고..."
703,1:01:27,"I don’t really have
a favorite color.","좋아하는 색 따위 없어
내가 어린애도 아니고..."
704,1:01:29,Better answer.,그 대답이 낫네요
705,1:01:33,Question two.,질문 2
706,1:01:36,"What’s
your earliest memory?","제일 오래 된
기억이 뭐죠?"
707,1:01:41,"Well, actually, it’s a–
it’s a memory of kindergarten.",유치원 때의 기억인데
708,1:01:43,There was a kid– Lie.,"- 한 꼬마가 있었어
- 거짓말"
709,1:01:46,It’s a– Really? Yes.,"- 거짓말이라고?
- 네"
710,1:01:52,"All right.
So there is... a kind
of an earlier memory.",실은 희미한... 기억 같은 게 있긴 해
711,1:01:57,It’s just a sound.,그냥 어떤 소리야
712,1:02:00,And sky.,그리고 하늘도 있어
713,1:02:02,Or maybe blue.,그냥 파란색인가?
714,1:02:05,"I think this sound
is my mother’s voice.","그 소리는 엄마의
목소리인 거 같아"
715,1:02:12,Question three.,질문 3
716,1:02:16,Are you a good person? Oh. Holy shit.,당신은 좋은 사람인가요? 맙소사
717,1:02:20,"[ Laughs ]
Look, can we stop the test?",이 테스트 중단하면 안돼?
718,1:02:23,"Uh, you’re
a walking lie detector, and I just realized
this is a fucking minefield.","넌 움직이는 거짓말 탐지기네
지뢰밭에 있는 기분이야"
719,1:02:30,No. We can’t stop. Hmm?,"안돼요
중단할 수 없어요"
720,1:02:34,Are you a good person?,당신은 좋은 사람인가요?
721,1:02:39,Yeah. I think so.,"응
난 그렇게 생각해"
722,1:02:44,Question four.,질문 4
723,1:02:50,"What will happen to me
if I fail your test?","테스트에 통과 못하면
난 어떻게 되죠?"
724,1:02:55,Ava. Will it be bad?,"- 에이바
- 나쁜 일이 생길까요?"
725,1:02:59,I– I don’t know.,나도 모르겠어
726,1:03:00,"Do you think
I might be switched off...",성능이 불만족스러우면
727,1:03:03,"’cause I don’t function
as well as I’m supposed to?",폐기될 수도 있을까요?
728,1:03:05,"Ava, I don’t know
the answer to your question.","그 질문에 대한 답은
나도 몰라"
729,1:03:09,It’s not up to me.,난 결정권이 없어
730,1:03:11,Why is it up to anyone?,그걸 왜 누가 결정하죠?
731,1:03:14,"Do you have people
who test you and might
switch you off?","당신도 테스트에 불합격하면
폐기되나요?"
732,1:03:17,"-No, I don’t.
-Then why do I?","- 아니...
- 왜 난 그래야 되죠?"
733,1:03:35,"[ Female Electronic Voice ]
Power cut.
Backup power activated.","‘정전
예비 전력을 가동합니다’"
734,1:03:46,I wanna be with you.,당신 곁에 있고 싶어요
735,1:03:50,Question five.,질문 5
736,1:03:56,"Do you want
to be with me?","당신도
나와 함께 있고 싶나요?"
737,1:04:14,Why did you make Ava?,왜 에이바를 만든 거죠?
738,1:04:18,"That’s an odd question.
Wouldn’t you if you could?","만들 수 있는데
안 만들 이유가 없잖아"
739,1:04:22,Maybe.,그런가요?
740,1:04:26,I don’t know.,모르겠네요
741,1:04:30,"I’m asking why
you did it.",만든 이유를 묻는 겁니다
742,1:04:32,"Look, the arrival of strong
artificial intelligence has
been inevitable for decades.","진화된 인공지능의 등장은 수십 년 전부터
예고된 일이었어"
743,1:04:37,"And the variable was when,
not if.","문제는 그게
언제가 될까였을 뿐..."
744,1:04:39,"So I don’t see Ava
as a decision,
just an evolution.","문제는 그게
언제가 될까였을 뿐... 에이바는 창조된 게 아니고
진화된 거야"
745,1:04:49,"I think
it’s the next model...",진짜 큰 혁명을 일으키는 건
746,1:04:51,"that’s gonna be
the real breakthrough.",그다음 모델일 거야
747,1:04:54,The singularity. Next model?,회심의 역작이지 다음 모델이요?
748,1:04:58,After Ava.,에이바 다음 모델
749,1:05:02,"I didn’t know
there was gonna be
a model after Ava.","에이바 다음 모델이
있는 건 몰랐어요"
750,1:05:06,"Yeah, why, you thought
she was a one-off?","왜 걔뿐일 거라고
생각했나?"
751,1:05:10,"No, I knew there must
have been prototypes, so I–","앞서 만든 테스트용이
있을 건 예상했지만"
752,1:05:15,"I knew she wasn’t the first,
but I thought maybe the last.","에이바가
마지막인 줄 알았어요"
753,1:05:18,"Well, Ava doesn’t exist
in isolation any more
than you or me.","에이바는 우리보다
친구가 많아"
754,1:05:21,"She’s part of a continuum.
So version 9.6 and so on.","시리즈로 나오거든 버전이 바뀔 때마다
성능이 업그레이드되지"
755,1:05:24,"And each time
they get a little bit better.","버전이 바뀔 때마다
성능이 업그레이드되지"
756,1:05:32,"When you make a new model,
what do you do with the old one?","새 모델이 나오면
이전 건 어떻게 되죠?"
757,1:05:36,"Well, I, uh,
download the mind, unpack the data,","생각을 다운로드하고
데이터를 해체해서"
758,1:05:44,"add in the new routines
I’ve been writing.",새 프로그램에 입력시켜
759,1:05:47,"And to do that,
you end up partially formatting,
so the memories go.","그러다 보면 포맷을 해야 돼서
기억이 삭제되지"
760,1:05:51,"But the body survives.
And Ava’s body’s a good one.","하지만 몸체는 보존돼
에이바의 몸체는 가치가 커"
761,1:05:59,You feel bad for Ava?,에이바가 가엾나?
762,1:06:04,"[ Sighs ]
Feel bad for yourself, man.",자네 걱정이나 해
763,1:06:09,"One day the AI’s
are gonna look back on us...",곧 인간은 저들에게
764,1:06:12,"the same way we look
at fossil skeletons
in the plains of Africa.","아프리카의 화석과 같은
존재로 기억될 거야"
765,1:06:18,"An upright ape,
living in dust, with crude language
and tools.","원시 언어와 도구를 쓰며
먼지 속에 사는 직립 보행 유인원"
766,1:06:24,All set for extinction.,멸종을 눈앞에 둔 존재로...
767,1:06:31,"""I am become Death,
the destroyer of worlds.""","‘나는 죽음이자
세상의 파괴자로다’"
768,1:06:37,"There you go again.
Mr. Quotable.","또 시작이군, 명언 제조기"
769,1:06:41,"There you go again.
It’s not my quote.","또 시작이시네
내가 한 말이 아니에요"
770,1:06:45,"It’s what Oppenheimer said
after he made the atomic bomb.
 
The atomic bomb.","오펜하이머가
원자폭탄을 만든 후..."
771,1:06:47,"Yeah, I know
what it is, dude.","원폭을 만든 후
한 말이지, 알아"
772,1:06:59,Hey.,네이든...
773,1:07:03,"I’d say we’re about due
a refill.",잔을 다시 채워야겠네요
774,1:07:16,Bottoms up.,원샷
775,1:07:26,"In battle, in the forest,
on the precipice
of the mountain.","전장에서, 숲에서
산속의 벼랑 위에서..."
776,1:07:31,On the–,검은
777,1:07:33,"the great, dark sea.","물결 출렁이는
바다 위에서"
778,1:07:37,In sleep. In confusion.,"꿈 속에서
혼돈 속에서"
779,1:07:43,In the depths of shame.,깊은 수치 속에서...
780,1:07:52,"The good deeds
a man has done before
defend him.","전에 했던 선한 일이
널 지켜주리라"
781,1:07:56,"The good deeds
man has done before
defends him.","전에 했던 선한 일이
널 지켜주리라"
782,1:08:00,"The good deeds man
has done before...",전에 했던 선한 일이
783,1:08:05,defends him.,널 지켜주리라
784,1:08:16,It is what it is.,이젠 어쩔 수 없어
785,1:08:21,"It’s Promethean, man.",프로메테우스의 불 같은 거지
786,1:10:22,Jesus Christ.,이런 맙소사
787,1:10:25,How are you feeling today?,‘오늘은 기분이 어때?’
788,1:10:28,"Why won’t you
let me out?",‘왜 날 안 내보내줘요?’
789,1:10:32,I already told you why.,‘말했잖아’
790,1:10:33,Because you’re very special.,‘넌 아주 특별한 존재야’
791,1:10:35,"Why won’t you
let me out? We’re gonna do this again?",‘왜 날 안 내보내줘요?’ ‘그 얘길 또 해야 돼?’
792,1:10:39,"[ Shouting ]
Why won’t you let me out?",‘왜 날 안 내보내줘요?’
793,1:12:44,"Oh, fuck. Where’s my card?","염병, 내 카드 키 어딨어?"
794,1:12:49,Damn it!,젠장!
795,1:13:01,"What’s the problem, Nathan? I lost my key card.","- 왜 그래요?
- 카드 키를 잃어버렸어"
796,1:13:07,You dropped it.,떨어뜨리셨네
797,1:13:11,It’s right here.,여기 있어요
798,1:13:17,Thank you.,고마워
799,1:15:40,"I didn’t know
where you were.",어디 있었어요?
800,1:15:45,"I waited all yesterday afternoon
and all last night.","어제 오후부터 밤까지
계속 기다렸어요"
801,1:15:51,"I thought I wasn’t
gonna see you again.",다신 못 볼 줄 알았어요
802,1:15:57,"Aren’t you gonna
say something?",왜 아무 말 안 해요?
803,1:15:58,I’m waiting. Waiting?,"- 기다리는 중이야
- 기다려요?"
804,1:16:12,"Power cut.
Backup power activated. Don’t talk. Just listen.","- ‘정전, 예비 전력을 가동합니다’
- 조용히 듣기만 해"
805,1:16:15,"You were right about Nathan.
Everything you said.",네이든에 관한 네 말이 옳았어 전부 다...
806,1:16:18,What’s he gonna do to me?,날 어떻게 할 거래요?
807,1:16:20,"He’s gonna reprogram your AI,
which is the same
as killing you.","네 지능을 재프로그래밍할 거야
널 죽이는 셈이지"
808,1:16:23,Caleb?,"칼렙
당신이 날 도와줘요"
809,1:16:25,"-You have to help me.
-I’m going to.","칼렙
당신이 날 도와줘요 그럴게
오늘 밤에 여길 나가자"
810,1:16:28,"We’re getting out of here
tonight.","그럴게
오늘 밤에 여길 나가자"
811,1:16:32,"-How?
-I get Nathan blind drunk.",어떻게요? 네이든을 만취하게 만든 후
812,1:16:35,"Then I take his key card
and reprogram all the security
protocols in this place.","그의 카드 키로 건물의
보안 프로그램을 바꿀 거야"
813,1:16:39,"When he wakes,
he’s locked inside,
and we’ve walked out of here.","만약 깨어나면
가두고 나가면 돼"
814,1:16:44,"I just need you
to do one thing.",한 가지만 해줘
815,1:16:46,"At 10:00 tonight,
you trigger a power failure.",밤 10시에 건물을 정전시켜
816,1:16:49,Can you do that?,할 수 있겠어?
817,1:16:53,Yes.,네
818,1:17:22,Dude.,자네
819,1:17:23,Hey. Hey.,"- 안녕
- 안녕하세요"
820,1:17:26,"You know
what day it is? No.","- 오늘이 무슨 날인지 아나?
- 아뇨"
821,1:17:28,"It’s your last.
Helicopter comes
tomorrow morning, 8:00 AM.","자네의 마지막 날이야 내일 아침 8시에
헬기가 올 거야"
822,1:17:33,"Wow. Has it been
a whole week?",벌써 일주일이 지났나요?
823,1:17:35,Time flies.,시간 빠르지?
824,1:17:38,"Man, but what a thing
we’ve shared, huh?","그래도 많은 걸
알아냈잖나"
825,1:17:40,"Something to tell
the grandchildren, right? Yeah.",우리 후손에게 말해 줄...
826,1:17:43,"After they’ve signed
their NDA’s.","계약서 받고
말해줘야죠"
827,1:17:46,"[ Laughing ]
Yeah, their NDA’s.",비밀 유지 계약서?
828,1:17:49,"Dude,
you crack me up, man.",자네 가끔 꽤 웃겨
829,1:17:55,You know what?,이런 얘기...
830,1:17:56,"I’m not getting
all maudlin or anything, but I’m gonna miss
having you around.","좀 오글대지만
자네가 가면 섭섭할 거야"
831,1:18:00,"Thanks, man.
I appreciate that.",감사합니다
832,1:18:02,"Oh, here, let me say,
thank you so much
for bringing me here.","이곳에 불러주셔서
감사했어요"
833,1:18:05,Oh. It’s– It’s been a trip.,정말 좋은 경험이었습니다
834,1:18:10,"Yes, it has.",그랬겠지
835,1:18:19,You know what?,그런 뜻에서...
836,1:18:23,"We need to drink
to that.",같이 술 한잔 하죠
837,1:18:31,Hey.,자요
838,1:18:34,"Oh, no, I’m good.
You go ahead.","아냐, 난 됐어
자네 마셔"
839,1:18:39,"What, you don’t
want a drink?",술 마시기 싫으세요?
840,1:18:42,No.,응
841,1:18:45,Maybe a beer or something.,그럼 맥주라도 드세요
842,1:18:48,"Caleb, I’m sure you’ve noticed
that I’ve been... somewhat overdoing it
recently.","자네도 알다시피 나 요즘
계속 너무 과음했어"
843,1:18:55,"So when I woke up this morning,
I said, ""That’s it. Time to hit the old detox.""","그래서 오늘 아침에 결심했지
해독을 좀 하기로..."
844,1:19:01,"Come on. You’re kidding.
You’re gonna make me
drink alone?","그럼 저 혼자서
마시라고요?"
845,1:19:04,"Man, you wanna
get wasted, you go right ahead.
Knock yourself out. Literally.","괜찮아, 실컷 마셔
고주망태 되도록... 난 현미에 생수면 돼"
846,1:19:07,"But I’m on brown rice
and mineral water.",난 현미에 생수면 돼
847,1:19:14,Cheers then.,"네, 건배"
848,1:19:19,"So, anyway,",어쨌거나...
849,1:19:22,"surely now
is when you tell me
if Ava passed or failed.","이제 말해줘야지
에이바가 합격인지 아닌지..."
850,1:19:28,Right.,네
851,1:19:30,Right.,그래야죠
852,1:19:33,"-Are you gonna
keep me in suspense?
-No, no.","애태우려고 뜸들이나? 아뇨, 에이바는..."
853,1:19:35,"Her, uh–
Her AI is beyond doubt.","아뇨, 에이바는... 지능이 아주 뛰어납니다"
854,1:19:39,Is it?,그래?
855,1:19:41,She passed?,합격이야?
856,1:19:43,Yes. Wow!,네
857,1:19:46,"Wow.
That’s fantastic.",그거 잘 됐네
858,1:19:49,Although...,근데...
859,1:19:51,"I gotta say,
I’m a bit surprised.",솔직히 좀 놀랍군
860,1:19:53,"Did we ever get past
""the chess problem,""
as you phrased it?","자네가 말한 일명 ‘체스 문제’ 는
해결된 건가?"
861,1:19:57,"As in, how do you
know if a machine
is expressing a real emotion,","기계가 진짜
감정을 표현하는 건지"
862,1:20:01,or just simulating one?,흉내만 내는 건지 말이야
863,1:20:03,"Does Ava
actually like you...",에이바가 정말 자넬
864,1:20:06,or not?,좋아하는 건지 아닌지...
865,1:20:09,"Although now
that I think about it, there is... a third option.","아냐, 생각해 보니
옵션이 한 가지 더 있네"
866,1:20:15,"Not whether she does or does not
have the capacity to like you...","걔가 자넬 좋아할 능력이
있는지의 여부가 아니라"
867,1:20:21,"but whether she’s
pretending to like you.",좋아하는 척하는지의 여부
868,1:20:26,Pretending to like me? Yeah.,"- 좋아하는 척이요?
- 그래"
869,1:20:31,"Well, why would she
do that? I don’t know.","- 뭣 때문에 그래요?
- 모르지"
870,1:20:36,"Maybe if she thought of you
as a means of escape.","탈출하기 위해서
자넬 이용하려고?"
871,1:20:49,How’s that vodka tasting?,보드카 맛 어떤가?
872,1:20:54,Buddy.,칼렙
873,1:20:55,"Your head’s been
so fucked with.","자넨 지금
머리가 정상이 아냐"
874,1:20:59,"I don’t think it’s me
whose head is fucked.","정상이 아닌 건
회장님이죠"
875,1:21:01,"I don’t know, man. I woke up this morning
to a tape of you...","오늘 아침에 자네가
칼로 팔을 긋고"
876,1:21:05,"slicing your arm open
and punching the mirror.",거울을 깨는 게 녹화됐어
877,1:21:09,"You seem
pretty fucked up to me.","내가 보기엔 완전히
맛이 간 거 같던데..."
878,1:21:13,You’re a bastard.,당신은 개자식이야
879,1:21:18,"Yeah, well, I understand
why you’d think that.","그래, 왜 그렇게
생각하는지 알아"
880,1:21:23,"But believe it or not, I’m actually the guy
that’s on your side.","안 믿기겠지만
그래도 자네 편은 나야"
881,1:21:29,"Come here. I’m gonna
let you off the hook.
Okay?","이리 와
착각에서 벗어나게 해주지"
882,1:21:34,Come on.,어서 와
883,1:22:01,Who are you?,넌 누구지?
884,1:22:19,Well–,‘그래...’
885,1:22:24,"You think he’s watching us
right now?",‘그가 우릴 보고 있을까?’
886,1:22:27,"The cameras are on. Yeah, the cameras are on.","‘지금 카메라 켜져 있어요’ ‘그래, 카메라가 켜져 있지’"
887,1:22:32,"But he doesn’t have
an audio feed.",‘하지만 소리는 안 들려’
888,1:22:36,"So he just sees
two people talkin’,",‘그냥 우리 둘이’
889,1:22:38,havin’ a little chat.,‘얘기하는 모습만 보일 거야’
890,1:22:49,This is cute.,"‘와, 이 그림 귀엽네’"
891,1:22:52,"Is it strange to have made
something that hates you?","‘자신의 창조물에게
미움받는 기분이 어때요?’"
892,1:23:10,"You were right
about the magician’s
hot assistant.","자네의 마술사 조수 얘기
맞아"
893,1:23:12,"-[ Video Stops ]
-What are you talking about?",무슨 뜻이에요?
894,1:23:15,Misdirection.,판단이 흐려진다구
895,1:23:19,"I rip up her picture,",내가 그림 찢은 걸로
896,1:23:21,"which she can then present
as an illustration
of my cruelty to her... and her love for you.","걘 내가 자길 학대하고
자긴 널 사랑한다고 말하겠지"
897,1:23:27,"At the same time,
it allows me to do this... in full view of you both–","그러는 동시에, 내가
너희 둘을 관찰하게 만들지"
898,1:23:37,"Place a new camera
in the room.",카메라를 몰래 달아서...
899,1:23:39,"Battery powered,
of course.",물론 전원은 배터리로...
900,1:23:44,See it?,보이나?
901,1:23:58,And then–,그러면...
902,1:24:01,"[ Ava ]
You have to help me. I’m going to.",‘당신이 날 도와줘요’ ‘그럴게’
903,1:24:05,"We’re getting
out of here tonight.",‘오늘 밤에 여길 나가자’
904,1:24:08,How?,‘어떻게요?’
905,1:24:10,"I get Nathan
blind drunk.",‘네이든을 만취하게 만든 후’
906,1:24:12,"I take his key card
and reprogram all the security
protocols in this place.","‘그의 카드 키로 건물의
보안 프로그램을 바꿀 거야’"
907,1:24:17,"When he wakes up,
he’s locked inside,
and we’ve walked out of here.","‘만약 깨어나면
가두고 나가면 돼’"
908,1:24:19,"I just need you
to do one thing. Great.",‘한 가지만 해줘’
909,1:24:24,"At 10:00 tonight,
trigger a power failure.",‘밤 10시에 건물을 정전시켜’
910,1:24:29,Can you do that?,‘할 수 있겠어?’
911,1:24:33,"[ Ava ]
Yes. Turn it off.","‘네’ - 꺼요
- 알았어"
912,1:24:35,Okay.,"- 꺼요
- 알았어"
913,1:24:40,"You feel stupid,
but you really shouldn’t,","자신이 바보 같지?
그럴 거 없어"
914,1:24:42,"because proving
an AI is... exactly as problematic
as you said it would be.","인공지능을 테스트하는 건
자네 말대로 쉬운 게 아냐"
915,1:24:47,What was the real test?,진짜 테스트는 뭐였죠?
916,1:24:50,You.,자네
917,1:24:53,"Ava was a rat
in a maze, and I gave her
one way out.","에이바는 미로에 갇힌 쥐였어
내가 출구를 알려줬지"
918,1:24:56,"To escape,
she’d have to use...","탈출하려면
자의식과"
919,1:24:59,"self-awareness,
imagination, manipulation,
sexuality, empathy, and she did.","상상력, 통제력, 섹시함, 공감 능력을
이용해야 되는데 걘 그걸 해냈어"
920,1:25:05,"Now, if that isn’t true AI,
what the fuck is?","그게 진정한
인공지능이 아니면 뭔가?"
921,1:25:09,"So my only function
was to be someone
she could use to escape?","그럼 난 그녀의 탈출을 위한
도구였군요"
922,1:25:12,Yeah.,그래
923,1:25:16,"And you didn’t select me
because I’m good at coding?","날 능력 때문에
뽑은 것도 아니고..."
924,1:25:18,No. Well... no.,"그래
아니, 뭐..."
925,1:25:22,"I mean, you’re okay.",자넨 쓸만하지
926,1:25:24,"-Even pretty good, but–
-You selected me based on
my search engine inputs.","꽤 유능해, 하지만... 내 신상 자료를 보고
뽑았군요"
927,1:25:28,"They showed
a good kid.",조건이 딱 맞더군
928,1:25:31,With no family.,가족도 없고...
929,1:25:33,With a moral compass.,비교적 도덕적이고...
930,1:25:36,And no girlfriend.,여자친구도 없고...
931,1:25:40,"Did you design Ava’s face
based on my pornography profile?","내 야동 파일을 보고
에이바의 얼굴을 제작했나요?"
932,1:25:45,"[ Groans ]
Shit, dude.","이 친구, 참..."
933,1:25:48,Did you?,그런 거예요?
934,1:25:52,"Hey, if a search engine’s
good for anything, right?
[ Chuckling ]",검색 엔진 좋은 게 뭔가?
935,1:25:57,"Can I just say
one thing?",한 가지만 말할게
936,1:25:59,The test worked.,테스트는 성공했어
937,1:26:02,It was a success.,성공했다고
938,1:26:04,"Ava demonstrated true AI,
and you were fundamental
to that.","에이바의 인공지능은 완벽했고
자넨 그걸 입증해줬어"
939,1:26:07,"So if you can just,
for a second, separate–","그러니까 잠깐 동안이라도
마음을..."
940,1:26:10,"[ Female Electronic Voice ]
Power cut.
Backup power activated.","‘정전
예비 전력을 가동합니다’"
941,1:26:19,"Well, I guess
it’s 10:00.",10시가 됐나 보군
942,1:26:21,"Ava’s gonna be wondering
where you are.",에이바가 자넬 찾고 있겠네
943,1:26:28,Let me ask you something.,하나만 물어보세
944,1:26:30,"Now, how was this plan
gonna go anyway? ’Cause you didn’t
totally explain.","그 계획을 어떤 식으로
실행할 참이었나?"
945,1:26:34,"So you were
gonna get me drunk,
steal my key card...","날 취하게 한 후
카드 키를 훔쳐서"
946,1:26:37,"and reprogram
the security protocols. But reprogram them
to what?","보안 프로그램을
어떻게 바꾸려고 했는데?"
947,1:26:40,"To change
the lockdown procedure.",차단 시스템을 바꿔서
948,1:26:45,"So that in the event
of a power cut,
instead of sealing, the doors all opened.","정전 때 문이 잠기는 대신
전부 열리게 하는 거죠"
949,1:26:53,Yeah.,그래
950,1:26:55,"[ Chuckles ]
Well, that may have
just worked.",잘 될 수도 있었겠네
951,1:26:59,"Well, we’ll find out.",그건... 곧 알게 되겠죠
952,1:27:06,"What do you mean?
[ Chuckles ]",무슨 뜻이야?
953,1:27:09,"I figured you were
probably watching us
during the power cuts,","정전 때 당신이
다 보고 있을 줄 알고"
954,1:27:15,"so I already did
all those things...",그걸 미리 다 해놨죠
955,1:27:19,"when I got you drunk
yesterday.",당신이 어제 취했을 때...
956,1:27:24,What?,뭐?
957,1:27:27,Power restored.,‘전력 복구 완료’
958,1:27:48,Fuck!,염병!
959,1:29:17,Ava.,에이바
960,1:29:24,Go back to your room.,네 방으로 돌아가
961,1:29:28,"If I do,",그러면
962,1:29:33,"are you ever
gonna let me out?",날 내보내줄 건가요?
963,1:29:38,Yes.,그래
964,1:29:49,Stop.,거기 서!
965,1:29:52,Stop.,멈춰!
966,1:29:54,"Ava, I said stop!","에이바, 멈추라고!"
967,1:30:03,"Ava, what are you doing?
Stop.","왜 이래?
그만해, 그만!"
968,1:30:08,"That’s enough.
[ Choking ]",그만해
969,1:30:12,"All right, that’s–",이제 그만해
970,1:30:14,That’s enough!,그만해
971,1:30:19,That’s enough.,그만해
972,1:30:41,I’m taking you back.,연구실로 가자
973,1:31:49,"Okay.
[ Grunts ]",뭐야...
974,1:31:53,Fuckin’ unreal.,진짜 황당하네
975,1:32:09,Okay.,이게...
976,1:32:44,Ava.,에이바
977,1:33:23,Ava.,에이바
978,1:33:26,"-What happened?
-Will you stay here?",어떻게 된 거야? 여기 좀 있을래요?
979,1:33:33,Stay here?,여기 있으라고?
980,1:37:55,Ava?,에이바?
981,1:38:39,Ava! [ Chiming ],에이바!
982,1:38:43,Ava–,에이바!
983,1:40:21,"[ Panting ]
Okay. Okay. Okay.","괜찮아, 괜찮아, 괜찮아"
