,Time,Subtitle,Translation
0,37s,[Pantilat] Where are we?,여기가 어디죠?
1,40s,"-San Francisco.
-[Pantilat] San Francisco, right.","샌프란시스코요 네, 맞아요"
2,44s,What month?,지금 몇 월이죠?
3,46s,"Oh, February.",2월요
4,48s,[Pantilat] Who's the president?,현 대통령은 누구인가요?
5,55s,"Okay, you don't have to say it.","괜찮아요, 대답 안 하셔도 돼요"
6,58s,"-Who was our last president?
-[woman] Yeah.","- 전 대통령은 누구죠?
- 그래요"
7,1:01,Barack Obama.,버락 오바마
8,1:02,Exactly.,맞아요
9,1:03,"And this one, today is...",현 대통령은...
10,1:06,[stammering] Today is...,""" 캘리포니아 대학교
샌프란시스코 메디컬 센터"" 지금은..."
11,1:10,Today is... Donald Trump.,현 대통령은 도널드 트럼프예요
12,1:13,Yeah.,맞아요
13,1:14,"-[Pantilat] How old is your son?
-[Mitra] Eight.","""빨리 나아요, 엄마"" - 아드님이 몇 살이에요?
- 8살"
14,1:19,Such a funny guy.,재밌는 아이예요
15,1:20,"-[Pantilat] Heh. Is he?
-He's a funny guy.","- 그래요?
- 재밌는 아이죠"
16,1:23,"[Sumser] She's a 45-year-old woman
originally from Iran.",45세 여성으로 이란 출신이에요
17,1:27,Her husband's Hamid.,남편 이름은 하미드예요
18,1:28,"Um, she was a midwife.
In talking about being a midwife...","조산사로 일했던 얘기를 들었는데 ""UCSF 메디컬 센터
완화 의료팀"""
19,1:33,"...she talked about natural death
and natural birth,","태어나고 죽는 문제를
얘기하면서"
20,1:36,"and linking those two things. [Pantilat]
I also wonder about a hospice referral.","- 생과 사를 연결 짓더군요
- 호스피스에 위탁하면 어떨까요?"
21,1:40,"It may be hard for them
because of where they are, mentally.","병원에 있어서 정신적으로
힘든 걸 수도 있잖아요"
22,1:45,"[Denah] I had some conversation with her
and her mother exactly about that,","""브리짓 섬서, 사회복지사"" 저도 바로 그 문제를 환자와
환자 어머니에게 얘기했는데"
23,1:49,"and Mother came outside the room
afterwards with me and said,","대화 후에 병실에서 나와서
어머니가 그러시더군요"
24,1:54,"""Hospice means death. We're not--
Do not talk about it with her.""","""드나 조지프, 임상 목회자"" '호스피스는 죽음을 의미하잖아요
딸한테 그 얘기는 하지 마요'"
25,1:59,"[Pantilat] Your insight was a good one,
Denah.",목사님이 통찰력 있게 보셨네요
26,2:02,"It's healthy people who think
about how they wanna die","건강한 사람은
어떻게 죽을지를 생각하고"
27,2:05,"and sick people who think about
how they wanna live, [chuckles] you know?",환자는 어떻게 살지를 생각하죠
28,2:08,It's easy to...,건강할 때는 누구나
29,2:11,"fantasize about the beach
and the mountains and--","해변이나
산에 가는 환상을 품다가"
30,2:15,"And then you get sick and it's like,
""I just want to live.""","아프고 나면
그저 살고 싶은 마음뿐이죠"
31,2:25,"Nice to meet you. I'm the doctor
on the palliative care team.","안녕하세요
전 완화 의료팀 의사입니다"
32,2:28,"-Thank you.
-Have you heard of palliative care?","- 안녕하세요
- 완화 의료라고 들어보셨나요? ""데이비드 왕, 레지던트"""
33,2:32,"-Sure.
-[Kym] We have palliative care up at home.","- 그럼요
- 집에서도 도움을 받았죠"
34,2:35,"[Pantilat] Can I ask you what
you understand palliative care to be?","완화 의료에 대해서
아는 대로 말씀해 주시겠어요?"
35,2:38,Um... Sort of end-of-life care.,"""킴 앤더슨"" 가는 길을 돕는 치료잖아요"
36,2:41,"[Pantilat] We think of palliative care
as helping people live as well as possible","완화 의료팀은 환자가
가능한 한 오래 살도록 도와요"
37,2:45,for as long as possible. We work together.,함께 노력하는 치료죠
38,2:48,"It's doctors, nurses,
social workers, and chaplains","의사, 간호사
사회복지사, 목사가 모여서"
39,2:51,"focused on not just the disease,
but the whole person,","질병에만 집중하지 않고
한 인격체를 잘 살피고"
40,2:54,"to help people with their symptoms, making
sure they, um, have information they need","증상을 이해하도록 돕고
필요한 정보를 드려서"
41,2:59,"to make good decisions about their care,
support for the patient and family,","올바른 치료를 선택하도록
환자와 가족을 지원해 드려요"
42,3:02,"emotional, psychological,
spiritual support.","정서와 심리, 종교적으로도요"
43,3:06,"We're sort of in a spot where we're not
really, uh, ready for hospice.","저희는 아직 호스피스에 갈
준비가 안 됐어요"
44,3:10,"I don't think,
and I think she thinks the same thing.","저도 그렇고
아내도 준비가 안 됐을 거예요"
45,3:13,"[Pantilat] When you say not ready,
tell me what your thoughts are.","준비가 안 됐다는 건
어떤 의미인가요?"
46,3:16,"-[Kym] What are your thoughts?
-Well, to me, I guess part of that is, uh...","- 당신 생각은 뭔데?
- 글쎄요, 호스피스는..."
47,3:26,"-Like, very, very end of life.
-Yeah.","- 죽음이 임박한 곳이에요
- 그래요"
48,3:29,"Hospice has a label of,
""Oh, that's it, kiss it goodbye.""","호스피스는 작별하는 곳이라는
편견이 있는데"
49,3:33,"-But this is more help you transition.
-Totally.","- 엄밀하게는 과정을 돕는 곳이죠
- 맞습니다"
50,3:38,I've been a nurse for 40 years.,간호사로 40년을 일했어요
51,3:40,"Patients come into the hospital
and die and...","입원했다가
그대로 죽는 환자도 있어요"
52,3:44,"That's not how I wanted to do it.
So, I wanted to stay home.","전 그렇게 죽기 싫어요
집에 있고 싶어요"
53,4:10,Right?,좋죠?
54,4:11,[man] Yeah.,네
55,4:24,"Two people can have very much the
same circumstance, same disease perhaps,","두 사람이 처한 환경도 같고
질병도 비슷한데"
56,4:29,"and one person is taking it in stride,
and the other is just--","한 사람은 상황에 순응하는 반면
다른 사람은... ""젠 호스피스 프로젝트
간병인 교육"""
57,4:34,Can't accommodate the illness.,병을 받아들이지 못하고
58,4:36,Can't accommodate the diagnosis.,진단을 거부합니다
59,4:38,"In my experience, it took me several years",전 몇 년이 지나서야
60,4:41,"before I stopped comparing my new body
to the old body.","과거와 현재의 몸을
더는 비교하지 않았어요"
61,4:45,"But when I did stop comparing--
When this became the whole me,","""B.J. 밀러, 의사"" 그런데 비교를 그만두자
팔다리가 없는 사람이 아니라"
62,4:49,"not me missing stuff, I stopped suffering.","온전한 제가 됐죠
더는 고통스럽지 않았어요"
63,4:52,My identity had--,저는...
64,4:54,Had accommodated the facts of my life.,제게 벌어진 일을 수긍했어요
65,4:58,"So, I like thinking about suffering
as a gap. Like a wedge.","고통을 틈이라고 생각합니다
쐐기 같은 역할이죠"
66,5:02,"The gap between the world you want
and the world you got.","꿈꾸던 나와
현실의 내가 다른 거예요"
67,5:05,"You know, that, to me,
sums it up very nicely.",전 그 틈을 잘 메운 경우죠
68,5:08,"Okay. Yeah, let's do the other side, too.","좋아요, 반대쪽도 할게요"
69,5:12,"[Jolene]
Bruce, 66-year-old, he arrived on Friday.","브루스, 66세
금요일에 왔어요 ""브루스 추"""
70,5:15,"-From UC?
-From UCSF.","- UC에서 왔나요?
- UCSF에서요"
71,5:17,"Um, that day I went to see him,
he had made the decision","제가 만나러 간 날 이미
부르스는 결정을 내렸더군요 ""졸린 스카렐라
간호사"""
72,5:22,"with the medical providers
that he was gonna stop dialysis.","""졸린 스카렐라
간호사"" 의료진한테 투석을
그만하겠다고 했대요"
73,5:26,"-So, it was a pretty crucial moment.
-Mm-hm.",결정적인 순간이었던 거죠
74,5:28,"And then I came in to talk to him
about Zen Hospice Project.","제가 가서 젠 호스피스 프로젝트
얘기를 했더니"
75,5:31,"And, um, he lit up.",관심을 보였어요
76,5:34,[Miller] I heard you're eating again.,다시 식사하신다면서요
77,5:37,"-Yeah.
-How is that?","- 네
- 어때요?"
78,5:40,"-There's a good kitchen for you.
-Yeah, it's good. Everyone is good.","- 여기 식사가 맛있어요
- 네, 좋아요, 모두 친절해요"
79,5:44,Yeah.,그렇죠
80,5:45,Do you have questions for us?,궁금한 건 없으세요?
81,5:47,"I'm also a doctor. So, if you have
medical questions or anything else,","저도 의사니까
병에 관해 물어보셔도 되고"
82,5:51,"or anything that's not happening here
that you wanna happen, I don't know. Mm-hm.","원하는 게 있으시면
편하게 말씀하세요"
83,5:56,"[Miller] You've met a bunch of volunteers
by now, nurses.","봉사자와 간호사는
많이 만나셨죠?"
84,5:59,"-Oh, yeah.
-[Miller] Yeah.","- 그럼요
- 그렇군요"
85,6:01,"-[Jolene] I think you're kind of popular.
-[Miller laughs]",인기 많으시던데요
86,6:04,"-[Jolene] I heard through the grapevine.
-[Miller] That's what I heard, Bruce.","- 소문이 자자해요
- 저도 그렇게 들었어요"
87,6:13,"[Miller] What really galvanized
my interest in going into medicine","의학과 의사라는 직업에
관심이 생긴 이유는"
88,6:16,"and being a physician
was my experience as a disabled person.","의학과 의사라는 직업에
관심이 생긴 이유는 제게 생긴 장애 때문이에요"
89,6:21,"In other words, living with illness
and adapting to illness,","다른 말로 하면
병을 안고 살고, 병에 적응하고"
90,6:25,"and dealing with all the things
that we can't control,","우리 힘으로는
바꿀 수 없는 걸 인정하고"
91,6:28,"and trying to refashion ourselves
when shit goes wrong.","스스로 변하려고 노력해야 하죠
인생이 잘못됐을 때는요"
92,6:33,"That's what took me through medical school
and into palliative care.","그래서 전 의대에 진학했고
완화 의료팀에 왔습니다"
93,6:42,"The basic principle
of Zen Hospice Project--","젠 호스피스 프로젝트의
기본 원칙은"
94,6:45,"Part of the muscle
is you don't run away from hard stuff.","어려운 상황에서
도망치지 않는 겁니다"
95,6:48,You don't run away from suffering.,고통을 피하지 마세요
96,6:53,"I started out this year,
you know, not feeling well.","올해 들어서
몸이 안 좋아졌어요"
97,6:57,"Uh... a little weight gain,
temperature up,","""팻 해리스"" 체중이 약간 늘고
체온이 올라갔어요"
98,7:01,"a little out of breath,
in a great deal of pain.","숨이 가빠지고
몸도 아프기 시작했죠 ""리즈 비파트, 자원봉사자"""
99,7:04,"They get me to the hospital,
they get me registered,","사람들이 날 병원에 데려가
입원 절차를 밟고"
100,7:08,and they start trying to manage the pain.,통증을 줄여 보려고 했어요
101,7:11,"[sobbing]
So, we get the pain down to like, zero...",통증은 완전히 사라졌죠
102,7:16,and I start feeling better.,몸도 나아진 것 같았어요
103,7:18,"And they diagnose me with, um, fibroids.","그런데 근종이 있다고
진단하더군요"
104,7:22,"But they send me to a gynecologist
that was a specialist.","부인과에 가서
전문의에게 진료를 받았어요"
105,7:26,"She said, ""Yeah, you do have fibroids,
but that's hardly your issue.","의사 말로는 근종이 있기는 한데
지금 그게 문제가 아니라"
106,7:33,"Your issue is that your uterus
is a cancerous mass.""","내 자궁에 암이 다 퍼진 게
진짜 문제라더군요"
107,7:40,It's basically incurable.,치료할 방법이 없다고 했어요
108,7:47,"But at any rate, I'm doing good.",어쨌든 잘 버티고 있어요
109,7:50,Are you?,그래요?
110,7:52,"-I am.
-I mean, this story is so fresh, isn't it?","- 정말이에요
- 이런 이야기는 처음 들었어요"
111,7:56,"-Yeah.
-I am doing good.","- 네...
- 잘 지내고 있어요"
112,8:00,"-I feel better more than I feel bad.
-Mm-hm.",우울한 것보다는 낫죠
113,8:04,"But, um, I'm here now with someone
who can watch the symptoms with me","지금은 사람들이 제 곁에서
증상을 살피고"
114,8:09,"and understand
what's right or wrong with it...",치료 경과를 파악해서
115,8:13,"...and give me medication and monitor it,
so I don't have to do it all by myself.","약을 주고 상황을 확인해 주니
모든 걸 혼자 겪지 않아도 돼요"
116,8:23,"[Pantilat]
There's no right or wrong answer here.",옳고 그른 건 없어요
117,8:26,"Some families, some patients will say,
""I wanna be home.","""미트라"" 환자 중에는
집에서 지내며"
118,8:30,I wanna be with my family.,가족과 있겠다는 분도 계세요
119,8:32,"I wanna figure out
how to get good caregiving at home.","좋은 간병인을
구하는 법을 물어보거나"
120,8:34,"I don't want more treatment.""
That's a legitimate decision.","치료를 거부하기도 해요
물론 합당한 결정이에요"
121,8:38,"There are other people who say,
""If there's a medicine","""하미드, 남편"" 어떤 분들은 약을 써서"
122,8:42,"that might make my symptoms better,",증상이 나아지고
123,8:44,"might help me live a few more weeks,
I would like to give it a try.""","""바지, 미트라의 엄마"" 몇 주를 더 살 수 있다면
시도하겠다고 해요"
124,8:48,"One choice, I mean, to be clear,
is to stop all active cancer treatment,","한 가지 선택은
적극 치료를 중단하는 거예요"
125,8:52,meaning no drugs attacking the cancer.,"암세포를 공격하는 약을
끊는 거죠"
126,8:55,"[Hamid] So, she's a big fighter.
She has some concerns.","아내는 강인한 사람이지만
걱정이 있어요"
127,8:59,"She doesn't wanna be disabled,
but we are not there yet, you know?","움직이지 못할까 봐요
그럴 단계는 아니잖아요"
128,9:03,"I mean, still, we have chance to fight,
and I think we should fight.","아직 노력할 여지가 있으니
끝까지 해 볼 거예요"
129,9:10,"[Vaji] Right now, she is disabled, Hamid.","이미 움직일 수 없어, 하미드"
130,9:14,She cannot walk.,걷지도 못하잖아
131,9:17,"[Hamid] Obviously, she--",물론 그렇지만...
132,9:18,"You think after this procedure,
she's gonna walk?","치료가 끝나면
걸을 수 있다고 생각하나?"
133,9:22,What percent? There is no hope.,"걸을 확률이 얼마나 될까?
가망 없어"
134,9:24,"-[Hamid] Then I don't know.
-Ask her. She can answer.","- 전 모르겠어요
- 미트라한테 물어봐"
135,9:29,"-[Hamid] Okay, and if she cannot talk?
-[Vaji] Then you have to decide.","- 미트라가 대답하지 못하면요?
- 그러면 자네가 결정해야지"
136,9:32,"-Okay, and-- But--
-[Vaji] Then, it's not--","- 그러면 만약에...
- 어쩔 수 없지"
137,9:35,"So, we don't-- We're not gonna let her go.",미트라를 포기할 수는 없어요
138,9:38,"Do you want to let her go?
Is she inconvenient for people?","포기하려고요?
돌보기 힘들어서요?"
139,9:42,"[Vaji] No, I don't wanna see her
like that. She's suffering.","딸이 고통받는 게 싫어
너무 힘들어하잖아"
140,9:47,"-That's it.
-She's resting.","- 그뿐이네
- 쉬는 거예요"
141,9:51,"-[Pantilat] Does she seem worse to you?
-Yes, very worse.","- 악화한 것 같나요?
- 네, 심각해요"
142,9:53,"[Pantilat] Than when she came
to the hospital? Yes.","- 처음 병원 왔을 때 보다도요?
- 네"
143,9:58,"One night, she could only sleep
very little. I mean, comfortably.",편히 잠든 게 겨우 하루였어요
144,10:03,"-[Pantilat] That's very distressing.
-It's hurting me. I am mother.","- 힘드셨겠어요
- 엄마니까 마음 아프죠"
145,10:07,"You are not mother to know
what is going on in my heart.","부모가 아니면
제 심정을 몰라요"
146,10:11,And now she cannot walk even.,지금 제 딸은 걷지도 못해요
147,10:13,"I'll tell you the way we approach this,
is really trying to get back to Mitra.","저희는 미트라의 의견을
알아내고 싶어요"
148,10:19,"And if she was clear in her thinking,",만약 그녀 생각이 또렷해져서
149,10:22,"seeing herself in the bed,
the way she is right now,",침대에 누운 자신을 본다면
150,10:25,"what decision would she make
about the treatment?","이런 치료에 대해
어떤 결정을 내릴까요?"
151,10:28,[Vaji] She wouldn't like that.,치료를 안 받을걸요
152,10:30,"[Pantilat]
She wouldn't take the treatment. But Hamid thinks she would.","따님은 거부할 거라고 하시는데
하미드 씨는 아니라고 하시죠"
153,10:44,[Pat] The whole idea behind chemo,화학 요법의 원리는
154,10:47,is to shrink the cancer.,암세포를 줄이는 거예요
155,10:49,"-Mm-hm.
-To slow it down.",활동을 늦추는 거죠
156,10:52,"I want to make sure that, you know--",분명히 해두고 싶어요
157,10:55,"Like, we were talking about on Friday,
this weighing this benefit to you","금요일에도 같이 얘기했잖아요
화학 요법이 당신에게 미칠 장점과"
158,10:59,"-Okay.
-versus the harm to you.","- 네
- 단점을 재봤죠"
159,11:02,"-Yes.
-And I know it's a mystery.","- 그랬죠
- 결과는 알 수 없어요"
160,11:04,"-[Pat] Yes.
-You never really know,","- 그렇죠
- 어떻게 될지 모르지만"
161,11:06,"-but we could ponder and think about it.
-All right.","- 심사숙고해 볼 수는 있죠
- 맞아요"
162,11:09,"Because I know how you felt
when you went to that first appointment.","당신이 처음 치료받을 때
어땠는지 알아요"
163,11:13,"Yes, that first chemo.
I couldn't believe how tired I was.",첫 화학 요법은 정말 힘들었어요
164,11:17,"-I've not been tired like that before.
-[Jolene] Mm-hm.",그렇게 피곤한 건 처음이었어요
165,11:19,Yeah.,알아요
166,11:21,"How would you know
that this is the right path for you?","이 길이 자신에게 맞을 걸
어떻게 아셨어요?"
167,11:25,"Anything that cuts the time
is what we won't do.","""수앤 마크, 간호사"" 죽음을 앞당길 일은
안 하잖아요"
168,11:29,"-[Jolene] Mm-hm.
-So, I'm counting on that.",그걸 믿는 거죠
169,11:32,"And in terms of the quality of that time,",시간의 질을 얘기하자면
170,11:36,"no matter what decision you make,
what's most important for you","받게 될 치료와 관계없이
어떤 게 가장 중요한가요?"
171,11:39,"for however many days, weeks, months
that you may have left?","남은 시간이 며칠 또는 몇 주
몇 달이라면요"
172,11:43,"-[Pat] Just take each day at a time.
-Mm-hm.",하루하루가 귀하죠
173,11:46,[Pat] Just take each day at a time.,모든 날이 소중해요
174,11:50,Every moment is still a gift.,매 순간이 선물이에요
175,11:51,You're still here.,살아 있잖아요
176,11:53,"-Yeah.
-And that in itself is a gift.","- 그럼요
- 살아있는 게 선물이에요"
177,12:05,[Vaji] Old picture from Mitra.,딸애 옛날 사진이에요
178,12:09,Mitra with husband.,미트라와 사위예요
179,12:12,2015.,2015년에 찍었네요
180,12:19,Let's see. Let me find...,저도 볼래요
181,12:25,Persian New Year.,페르시아력 새해였죠
182,12:31,[Vaji] This is Mitra.,미트라예요
183,12:37,[Hamid] Aaron and Mitra.,에런과 미트라네요
184,12:40,He's always hanging around Mommy's neck.,"에런은 늘 엄마한테
찰싹 붙어 지냈죠"
185,13:07,"[Pantilat] I wanted to let you know,
Mitra, that today is my last day here.","할 말이 있어요, 미트라
전 오늘까지만 와요"
186,13:11,"Next week,
Dr. Elia will be covering for me.","다음 주부터
엘리아 선생님이 오실 거예요"
187,13:14,"You might have met him before.
The bald doctor with the glasses.","본 적 있을 거예요
안경 쓰고 머리가 벗겨진 분이에요"
188,13:18,"And I'll keep tabs on you, okay?",저도 경과를 계속 지켜볼게요
189,13:25,Her sister is coming from Switzerland.,동생이 스위스에서 오는 중이에요
190,13:29,[Pantilat] When?,언제 도착하죠?
191,13:31,[Vaji] Next week.,다음 주에 와요
192,13:33,"-You think she gonna make it?
-[Pantilat] I hope so.",얘가 그때까지 버틸 수 있을까요? 그러길 바라야죠
193,13:48,"[Pantilat] You've been dealt
a hand of cards, and we could wish we had different cards,","지금까지 한 가지 수를 쓰셨으니
이제 다른 수를 쓰거나"
194,13:52,"or we could play a different game,
but this is where we are now.","전혀 다른 접근이 필요한데
의견이 서로 다르시죠"
195,13:56,"One of the things I wanna discuss
as part of the research program,","연구 프로그램에 대해
말씀드릴게요"
196,14:00,"and Mitra's a part of this program,","""트레버 비보나, 의사"" 미트라도 이미 연구 환자죠"
197,14:03,"is to try to understand
what happened in the cancer.","암세포에서 벌어지는 일을
알아내는 연구예요"
198,14:07,"And after someone dies,
we have the ability to do an autopsy,","저희는 암 환자가 사망하면
부검할 자격이 있어서"
199,14:11,"and to try to take the cancers out
and study them in great detail.","암세포를 꺼내
자세히 연구합니다"
200,14:15,How you gonna do it?,어떻게 하는 건데요?
201,14:17,Just explain for me.,설명해 주세요
202,14:20,"You're gonna open all the body,
you're gonna take some of body?","시신을 해부하고
장기를 꺼내나요?"
203,14:25,What--? How--? How you gonna do it?,뭘 어떻게 하는 건가요?
204,14:27,"It's, in some ways, kind of like
an operation when somebody's alive, so...","살아 있는 사람에게 하는
수술과 비슷해요"
205,14:31,"Um, uh, you know, you cut the body open,","살아 있는 사람에게 하는
수술과 비슷해요 시신을 절개해서"
206,14:34,"take out organs
where the cancer is located,",암세포가 있는 장기를 꺼낸 뒤
207,14:37,"close her back up, like surgery,","다시 봉합해요
외과 수술과 비슷하죠"
208,14:39,"uh, then you proceed
with whatever arrangements",그 후에 장례를 치르시면 돼요
209,14:42,"you'd wanna have with her
under normal circumstances.",염두에 둔 방식으로요
210,14:51,"[Pantilat] Is the hard part thinking
about the autopsy,","어느 부분이 힘드세요?
부검 때문인가요?"
211,14:53,or thinking about it means Mitra has died?,"아니면 따님이 죽는다는 생각에
괴로우신 건가요?"
212,14:55,No. I wanna know just--,그냥 제가 궁금해서 그러는데
213,14:57,You cannot answer. It's okay.,"대답하기 힘드시면
안 하셔도 돼요"
214,15:00,"If you were in this situation,
what would you do then?","만약 저와 같은 상황이라면
어떻게 하실 거예요?"
215,15:06,Would you do that?,부검할 건가요?
216,15:08,"Your wife, your sister, or yourself.","선생님의 아내나
동생, 본인 얘기라면요"
217,15:11,"-You. You would do that?
-I would do it.","- 어떡할래요?
- 전 당연히 합니다"
218,15:14,"-Yes. What about you? Be honest with me.
-There's no question.","- 선생님은요? 솔직하게 말해요
- 물을 것도 없죠"
219,15:18,"If it were me, I would do it.
But I think it's very personal.","저라면 하겠지만
사람마다 다르겠죠"
220,15:22,Yeah. I would do for myself...,"그래요, 나라면 하겠지만"
221,15:25,"but I cannot imagine for my kids,
you know.",자식이라 어떡할지 모르겠어요
222,15:29,"-It's a little hard, but in my--
-Yeah.","- 쉽지 않네요
- 그럼요"
223,15:32,"-[Hamid] It's very hard. It's not--
-I am thinking...","- 쉽지 않죠
- 머리가 복잡해요"
224,15:37,"Yeah, I want to help people,
because I am so suffering.","너무 마음 아픈 일이라
사람들을 돕고 싶어요"
225,15:41,I don't want other mothers suffer like me.,"다른 엄마들은 이런 고통을
안 겪으면 좋겠어요"
226,15:45,"But somehow, I cannot see my...",하지만 차마 내 딸을...
227,15:54,Yes.,오셨군요
228,15:55,"[Pantilat chuckles]
Is it an okay time for us to visit?","저희가 방문해도
괜찮은 시간인가요?"
229,15:58,"-[Elia] You can stay there.
-[boy] No, I'm gonna go.","- 거기 있어도 돼
- 일어날래요"
230,16:01,[Mitra] Holy shoot. Wow.,"""조반니 엘리아, 의사"" 세상에, 와!"
231,16:06,"-Somebody special.
-[Elia] Well, you are special.","- 특별 손님이 오셨네요
- 특별한 건 미트라죠"
232,16:10,"-All right. How are you doing today?
-I promised to be okay.","- 오늘은 좀 어때요?
- 제가 괜찮기로 약속했죠"
233,16:15,I promised to be fine...,아프지 않기로 했는데
234,16:21,but I am not.,아파요
235,16:23,I'm not keeping my promise.,약속을 못 지켰네요
236,16:26,"-How is your mood today?
-Much better.","- 기분은 어때요?
- 훨씬 나아졌어요"
237,16:29,"-[Elia] Much better?
-[Mitra] Everything has been better.","- 그래요?
- 모든 게 많이 나아졌어요"
238,16:34,Everything.,다 괜찮아요
239,16:38,Every day.,매일같이
240,16:54,"All I could say was,
""I'm at your mercy here. I'm at your hand.",제 목숨은 병원 손에 달렸으니
241,16:58,"So, if this is the best idea,
I'm going to have to trust you.""","이게 최선이라면
여러분을 믿어야겠죠"
242,17:02,"When I saw your face
in that meeting, when he said to you:","면담하면서 의사 선생님 말씀을
들었을 때 표정을 봤어요"
243,17:05,"""What we might be able to give you
is four to six more months, maybe.""","4개월에서 6개월 정도
더 살 수 있다고 하셨잖아요"
244,17:10,"You know, that was just deep,
to have to think about that.",심각하게 생각해 볼 문제예요
245,17:13,"Deciding, ""Okay, do I go down
the chemo route,",화학 요법 치료를 받는다고 해도
246,17:17,"not knowing if it's gonna
make me feel worse?",상태가 더 나빠질지도 모르고
247,17:20,"If at the end, will it give me more time?""",시간을 더 벌게 되더라도
248,17:24,"You know, ""Is it the time that I want?""",과연 그걸 원하는지 고민해야 하죠
249,17:26,"-I want to go for it.
-[Jolene] Okay.","- 저는 시도해 볼래요
- 그래요"
250,17:28,[Sueann] Chemo is a full-time job.,화학 요법은 정말 힘들어요
251,17:30,"-[Pat] Okay.
-So, let's say if you started on Monday...","- 네
- 월요일에 시작했다고 하면"
252,17:35,"the next few days,
you're gonna start feeling crummy.","다음 며칠 동안
몸 상태가 안 좋을 거예요"
253,17:38,Okay.,그렇군요
254,17:39,"[Sueann] About this time, you're gonna start to feel
a little better.",이쯤 되면 조금 나아지기 시작해요
255,17:43,"-Okay.
-[Sueann] It's a relatively normal week.","- 그렇구나
- 비교적 편하게 보내는 주간이죠"
256,17:46,"-And then guess what. It's been 21 days.
-Wow.",그러니까 21일 주기로 돌아가요
257,17:49,"[Sueann] So, that following Monday, you go back
and start everything over again.","다음 월요일에
이 과정을 다시 겪어야 해요"
258,17:53,Over again.,반복이군요
259,17:54,"Everything is gonna be dependent upon
how well you handle this first drug,","첫 약물을 얼마나 견딜지가
관건이에요"
260,17:59,"'cause this first drug
is a little bit of a doozy.","처음 쓸 약은
일반적인 게 아니라서요"
261,18:05,"-So...
-[Sueann] Yeah.","- 그렇군요
- 네"
262,18:06,"Cancer itself, and chemo on top of it,
it's gonna throw you curve balls.","암도 버거운데 화학 요법까지 하면
많이 힘들 거예요"
263,18:11,It's been a total new way of life.,인생이 완전히 바뀌었어요
264,18:15,"I think of it as the asteroid in the dark,","암은 밤하늘에 떨어지는
소행성 같아요"
265,18:19,"and it's just shooting off some big rocks,","큰 돌덩이들이
저한테 쏟아지는데"
266,18:22,"and I'm amazed when I look up and go,
""It missed me.""","하늘을 보며 놀라 이러는 거죠
'빗나갔네'"
267,18:25,"-[Sueann] Yes.
-You know, it missed me.","- 그렇군요
- 절 못 맞췄어요"
268,18:29,"-[Sueann] Yeah.
-I'm still here.","- 네
- 전 아직 살아 있어요"
269,18:30,"You know, it could have taken me out,
but I'm still here.","죽을 수도 있었는데
여전히 버티고 있죠"
270,18:36,"[Bivona] I'm glad you ate more today.
That's a good sign.","오늘 식사량이 늘었다니
징후가 좋아요"
271,18:39,"-You have a little more color today.
-Yeah.","- 혈색이 더 좋아졌어요
- 네"
272,18:43,"This is my major plan,
to be able to... walk.",제 목표는 걷는 거예요
273,18:49,That's a good goal to keep in your mind.,목표를 잘 세우셨네요
274,18:52,Just being independent,뭐든 혼자 하려고 하고
275,18:55,"-and being in a positive mood.
-[Bivona] Mm-hm.",긍정적으로 생각하려고요
276,18:59,She's trying very hard. Very hard.,애 많이 쓰고 있어요
277,19:01,I try. I try.,노력하는 중이에요
278,19:04,"-But I feel like I'm against two walls.
-Mm-hm.","그런데 두 개의 벽에
부딪힌 기분이에요"
279,19:08,"-[Mitra] You know?
-[Vaji] You have to try this date.","- 아시겠어요?
- 대추 좀 드셔 보세요"
280,19:13,"-For the road.
-Take one for your wife.","- 가시기 전에 드세요
- 하나는 부인 갖다 드리고요"
281,19:15,"Yeah, thank you.
I'll take one or two more.","감사합니다
한두 개 더 주세요"
282,19:18,"We'll have them tonight for dessert.
That's enough.","오늘 저녁 디저트로 먹을게요
그만 주셔도 돼요"
283,19:22,"-Thank you. Yeah, that's fine.
-One more.","- 잘 먹을게요
- 하나 더 가져가세요"
284,19:24,"-Okay, one more.
-Maybe you drink wine.","- 네, 주세요
- 와인 드실지도 모르잖아요"
285,19:26,"-[Bivona] Not tonight.
-[laughing]",오늘은 안 마시려고요
286,19:28,I don't know if you wanna have kid.,자녀 계획은 없으세요?
287,19:31,"-[Bivona] Yeah?
-If you are thinking about having kid?","- 네?
- 아이 낳으실 거예요?"
288,19:33,"[Vaji] If you and your wife
eat one date a day,","선생님과 부인이 함께
매일 대추 한 알씩 드시면"
289,19:37,your baby hundred percent is gonna be boy.,분명 아들을 낳을 거예요
290,19:40,"-Oh, yeah?
-[Vaji] Boy?","- 그래요?
- 아들요?"
291,19:41,"-I don't believe that, but they say--
-That's good to know.","- 전 안 믿는데 그런 말이 있어요
- 좋은 정보네요"
292,19:44,"-Is that what you did? Did you eat a date?
-I don't know.","- 대추 먹고 아들 낳으신 거예요?
- 모르겠어요"
293,19:49,"Okay, Mitra, I'm gonna go.
Have a wonderful night with your sister.","미트라, 전 이만 갈게요
여동생과 좋은 시간 보내요"
294,19:53,"-Thank you.
-And your husband.","- 감사합니다
- 남편분과도요"
295,19:55,It's gonna be a great night tonight.,오늘 밤은 정말 즐거울 거예요
296,20:06,[in Farsi] Hello! Hello!,나 왔어
297,20:11,[Mitra] This is Azita.,아지타예요
298,20:15,"-These are all the team of my new friends.
-[Azita] I see, I see.","- 이분들은 새로 사귄 친구들이야
- 그렇구나"
299,20:19,Of 2017. What do you think?,"2017년에 만난 친구들
어때 보여?"
300,20:23,[in Farsi] They are filming me.,지금 날 찍고 있어
301,20:27,They like me very much.,날 너무 좋아해
302,20:30,The mic is in front of my mouth only.,마이크를 내 입 앞에다 댄다니까
303,20:32,"[Azita]
Later they will translate everything.",무슨 말인지 나중에 번역할걸요
304,20:35,"-Let them do it. No problem.
-They will put subtitles on everything.","- 그러라고 해, 상관없어
- 다 자막으로 넣을 거예요"
305,20:38,"No problem. Let them do it.
I speak the truth.","그러든지, 마음대로 하라지
사실을 말하는데, 뭐"
306,21:10,"-[Miller] Nice shoes.
-Thank you.","- 신발 예쁘네요
- 고마워요 ""UCSF 증상 관리 서비스"""
307,21:12,"-Did you get any lunch?
-Uh, not yet.","- 점심 드셨어요?
- 아직요"
308,21:14,"Let's talk about that shortness of breath,
but the bigger reason to be here","숨 가쁜 증상도 얘기할 테지만
오늘 오신 더 큰 이유는"
309,21:18,"-is continue to talk through death.
-You gave me an assignment.","""테클라 해먼드"" - 죽음 얘기를 계속해야 해서예요
- 숙제를 주셨잖아요"
310,21:23,"-[Miller] Yup.
-You told me to make friends with death.","- 네
- 죽음과 친구가 되라고 했죠"
311,21:26,"-[Miller] Yeah. Yeah, okay.
-I have failed the assignment. Failed.","- 맞아요
- 숙제를 못 했어요, 실패예요"
312,21:30,[Miller] Okay.,그렇군요
313,21:31,"-I love to live.
-[Miller] Yeah.","- 전 살고 싶어요
- 네"
314,21:34,"-I am not accepting this.
-[Miller] Friends with death may be tough.","- 못 받아들이겠어요
- 친구가 되긴 어렵겠죠"
315,21:38,"But maybe what I meant would have been
to have some sort of relationship with it.","하지만 관계를 맺으라는
숙제였다면 어때요?"
316,21:43,"-With this subject.
-[Thekla] Okay.","- 죽음을 알아가는 거죠
- 그렇군요"
317,21:45,Doesn't need to be friendly at all.,꼭 친해질 필요는 없어요
318,21:47,"Just so that it's, uh, less scarier
than this unknown thing in the closet","알면 덜 무서울 거예요
모르는 채 가둬두고"
319,21:52,"that we never look at,
never see, never touch.","쳐다보지도 않고
만지지도 않는 것보다는요"
320,21:54,"You know, I think the scary part
is the unknown.",모르기 때문에 무서운 것 같아요
321,22:00,"-And the lack of control.
-Yeah.","- 내가 통제할 수 없고요
- 그렇죠"
322,22:03,"[Miller] Is the unknown what
it's gonna feel like to actually be dying,","우리가 모르는 건
죽음에 이르는 과정일까요?"
323,22:07,or what it's gonna be like to be dead?,아니면 죽음 자체일까요?
324,22:11,[Thekla] Both.,둘 다요
325,22:12,"Because from where I sit,
I'm not sure that we can know","제가 여기 앉아 있지만
죽음을 안다고"
326,22:15,"-what it's like to be dead from here.
-[Thekla] No.","- 확신할 수 없어요
- 모르겠죠"
327,22:19,"You tell me if you feel otherwise, but I--","제 생각과 다르게 느낀다면
말씀해주세요"
328,22:21,"So, the given that that's not possible,
[scoffs] next up would be,",죽은 뒤가 어떤지 알 방법은 없죠
329,22:26,"okay, if we can't change that, well...","우리 힘으로
그것을 바꿀 수 없다면"
330,22:29,"-maybe we can get used to it a little bit.
-[Thekla] Mm-hm.",익숙해지는 것도 방법이겠죠
331,22:32,"So, maybe in terms of the being dead part,",그러니 죽음에 관한 한
332,22:35,"maybe that's our goal,
is to get used to this idea--",우리의 목표는 익숙해지는 거예요
333,22:38,"Being able to hold this idea
of not knowing, holding the mystery.","그 수수께끼를
안고 사는 데 적응하는 거죠"
334,22:41,[Thekla] Yeah. Yeah.,그래요
335,22:43,"-That makes sense.
-That, I think, is a more realistic goal","- 말 되네요
- 그게 더 현실적이에요"
336,22:46,"-than solving that mystery.
-[Thekla] Yeah.","- 수수께끼를 푸는 것보다요
- 그렇네요"
337,22:48,"-Um... So, does that grab you?
-[Thekla] Also maybe trusting a bit.","- 어떻게 생각하세요?
- 믿음도 필요할 것 같아요"
338,22:51,"It could be terrible,
but it could be wonderful.","끔찍할 수도 있지만
멋진 일일 수도 있잖아요"
339,22:54,This part of my life is wonderful.,지금 제 인생은 멋지거든요
340,22:57,And who would have thought?,누가 생각이나 했겠어요?
341,22:59,"[Miller] I will tell you, Thekla,
from doing this work and being near people","직업이다 보니
생의 끝자락에 놓인 사람들을"
342,23:03,"who are at the very, very end,
everything I've ever seen","가까이에서 봤어요
제가 여태까지 본 바로는"
343,23:07,"would suggest that wherever we're going,",인생이 어디를 향해 가든
344,23:11,whatever abyss we're meeting ain't so bad.,"어떤 구렁텅이에 빠졌든
나쁘지만은 않더군요"
345,23:14,"-[Thekla] Really?
-All I can say is from what I've seen,","- 그래요?
- 본 대로 말씀드리는 거예요"
346,23:17,"from people in their final moments
crossing over,","생사의 갈림길을
건너는 사람도 봤고"
347,23:20,"and from reports of people
who have gone and come back, and--","죽었다 살아난
사람들의 증언도 있어요"
348,23:25,"I don't know that that proves anything,
but it's maybe worth noting","증명할 수 있는 건 없지만
알아서 나쁠 건 없잖아요"
349,23:29,"that, just empirically...",제 경험으로는...
350,23:33,I don't know that it's so bad.,그렇게 나쁜 건 아닌 것 같아요
351,23:34,"[Thekla] I think there has to be something
to those reports.","그 증언들이
뭔가 의미가 있을 것 같아요"
352,23:37,"-Seems likely. They're pretty consistent.
-[Thekla] They are consistent.","- 네, 내용이 다 비슷해요
- 비슷하군요"
353,23:41,"Maybe it's enough, at least,
to warrant a little leap of faith","조금 더 믿음을 가질
근거만 찾아도"
354,23:44,"-on your part.
-[Thekla] Yeah.","- 지금은 충분해요
- 네"
355,23:57,"[Miller]
I did brush up against death myself.",전 죽음의 문턱까지 갔었어요
356,24:01,"Sophomore year of college,
Princeton University,",프린스턴 대학 2학년 때
357,24:04,"screwing around on a commuter train
with some friends.","친구들과 통근 열차 주변에서
놀고 있었어요"
358,24:07,"Just parked, not moving. We didn't think
we were doing anything that daring.","기차는 정차된 상태였기에
위험하다고 생각하지 않았죠"
359,24:12,"Uh, but I had a metal watch on,",전 금속 시계를 차고 있었고
360,24:14,"and when I climbed up
on top of the train--",기차 위로 기어올랐는데
361,24:17,"It was one of those trains
that the wires run overhead,",머리 위로 전선이 있는 기차였어요
362,24:21,"like the buses in San Francisco,
for example.","샌프란시스코에 다니는
버스처럼요"
363,24:24,"When I stood up on the train, I was close
enough to the pantograph,","기차 지붕에서 일어섰는데
집전장치가 가까웠나 봐요"
364,24:28,"the metal thing that, uh,
attaches the train to the wires,",기차 위에 달린 전기 설비요
365,24:32,"and electricity arced to my watch,
entered the arm,","전기가 시계에 통해
팔로 흘러들어 왔고"
366,24:35,and blew down and out my feet.,몸을 훑고 발로 빠져나갔죠
367,24:38,"So, uh... that was that.",그렇게 된 거예요
368,24:41,"It was a, you know, spontaneous,
immediate, crazy experience.",순식간에 일어난 끔찍한 사고였죠
369,24:46,"Uh... The amputations were surgical
in the coming days and weeks, but yeah.","그다음 몇 주 동안
저는 절단 수술을 받았어요"
370,24:51,"I lost both legs below the knee
and my left arm below the elbow.","무릎 아래로 양다리를 잘랐고
왼팔은 팔꿈치부터 없어요"
371,24:57,I was 19.,그때 저는 19살이었어요
372,25:05,What is the situation with Mitra?,미트라는 어떤 상태인가요?
373,25:08,"From a short-term perspective,
she's looking better. We also know...","단기적으로 봤을 때는
나아졌지만"
374,25:13,that the underlying cancer is unchanged.,근본적인 암은 그대로예요
375,25:17,We gone through this so many times.,"우리는 이 과정을
수도 없이 겪었어요"
376,25:21,"And every time, she was--",매번 그랬죠
377,25:25,"One drug goes down,
and again, she comes back up.","아내는 약을 먹고 나면
다시 좋아지곤 했어요"
378,25:29,"I cannot just believe
this is the end game,","이게 엔드 게임이라니
저는 못 믿겠어요"
379,25:33,because I have seen this before.,전에도 이랬으니까요
380,25:35,"What we know for sure is that she has
a very limited time to live...","확실한 건 그녀에게 이제 시간이
얼마 남지 않았다는 거예요"
381,25:41,regardless of what we do.,어떤 치료를 하더라도요
382,25:43,"-Very limited time.
-So, it's maybe...?","- 아주 한정적이죠
- 그럼 얼마나..."
383,25:46,[Elia] I would say probably--,아마도...
384,25:48,"It's really hard, I mean, to give numbers.",말씀드리기 조심스럽군요
385,25:51,"-I would say--
-Yeah.","- 글쎄요
- 말씀해 주세요"
386,25:52,It can be from days to weeks.,며칠 또는 몇 주일 겁니다
387,25:55,If she gets out of this...,만약 병원에서 나간다면...
388,25:56,"[in Farsi] Why are you crying, Azita?","왜 우니, 아지타"
389,26:00,"Azita, we all die. It's not just her.","사람은 누구나 죽어
미트라만이 아니야"
390,26:03,Let's just--,마저 듣죠
391,26:04,Let the doctor talk.,선생님 말씀 중이시잖아요
392,26:06,"-[in English] Sorry, go ahead.
-[Elia] No, that's okay. I'm sorry.","- 죄송해요, 말씀하세요
- 괜찮습니다, 유감이에요"
393,26:10,"You know her better than anybody else,
so we need to understand","누구보다 따님을 잘 아시니까
어디서 지내고 싶을지"
394,26:14,where she would like to be.,저희에게 알려주세요
395,26:17,"Something that I know
you're strongly against,",반대하시는 건 알지만
396,26:19,"but I want to make sure, want to put
on the table, inpatient hospice.",호스피스 입원을 권하고 싶습니다
397,26:25,So...,어떠세요?
398,26:26,"-I see Vicky is ready to say no.
-No.","- 안 된다고 하시려는군요
- 네"
399,26:29,"-Doesn't believe it.
-Don't say that.","- 호스피스를 못 믿으세요
- 그렇게 말하지 말게"
400,26:32,"[Elia]
Why do you feel strongly against that?",왜 강한 반감을 품으시나요?
401,26:34,"Until end of last breathing,
I wanna be with my baby...","숨이 끊어질 때까지
제가 딸을 데리고 있을 거예요"
402,26:40,"and I can take care of her
either here or either home, I don't care.","병원에서든 집에서든
제가 간호할 수 있어요"
403,26:45,"So, transferring at home,",집으로 옮기신다면
404,26:48,"there would be the need for somebody
that will take care of her physical needs.","병간호를 도울 사람이
필요할 거예요"
405,26:53,"If I have to clean her,
that would be my honor.",씻기는 일은 제가 할 수 있어요
406,26:56,"No, somebody come at home.",그냥 사람 써요
407,26:58,"Why you refuse this opportunity
to people come in your home?","왜 거절하는 거예요? - 도와준다잖아요
- 장모님이 싫어하셔"
408,27:01,"-[Hamid] No, she says no to come.
-She does, ""No, no, no.""","- 도와준다잖아요
- 장모님이 싫어하셔 - 계속 싫다고만 하시잖아요
- 오늘 결정하지 않아도 됩니다"
409,27:03,"[Elia] We don't have
to make a decision today.","- 계속 싫다고만 하시잖아요
- 오늘 결정하지 않아도 됩니다"
410,27:05,"-[Hamid] Exactly.
-[Elia] I just want to make sure.","- 네
- 아셨죠?"
411,27:07,"We don't have to make a decision today.
Sorry, Vicky. Ahem.","지금 결정하지 않아도 돼요
유감이에요"
412,27:20,[in Farsi] Do you want some chocolate?,초콜릿 좀 먹을래?
413,27:27,"Yes, you are my love.","맛있지, 여보?"
414,27:35,It's your ring.,당신 반지야
415,27:39,[Azita] By the power vested in me.,저에게 부여된 권한으로
416,27:42,"-I now pronounce you husband and wife.
-[Hamid laughing]",부부가 되었음을 선언합니다
417,27:47,You can now kiss the bride.,신부에게 입 맞추세요
418,27:49,And the bride can kiss the groom.,신부는 신랑에게 입 맞추고요
419,27:58,"It can either be home health, or hospice,","방문 요양을 하거나
호스피스에 갈 거야"
420,28:02,or the house. What will we do?,"그냥 집에 있을 수도 있어
어떻게 할까?"
421,28:08,"Because they were asking,
""Where does she want to die?""","의료진이 미트라가 어디서 죽음을
맞이하고 싶을지 물어보더라"
422,28:14,"Poor Aaron found out, too.",이제 에런도 알아
423,28:18,"He says, ""If Mommy dies,
who will take care of me?""","엄마가 죽으면
누가 자기를 돌보느냐더군"
424,28:27,"I say, ""Grandma, Grandpa, Uncle.""","할머니랑 할아버지
삼촌도 있다고 했지"
425,28:35,Okey-dokey. Bye.,"그래, 끊어"
426,28:44,I'm anxious about something.,너무 불안해요
427,28:48,"-I don't know what it is.
-You don't know?","- 모르겠어요
- 모르겠니?"
428,28:52,"You're anxious because you saw everyone
and you were happy.","가족을 보니 행복해서
불안한 거야"
429,28:56,"-Because of the excitement.
-No, Mama.","- 너무 기뻐서 그러는 거야
- 아니에요, 엄마"
430,28:58,"It's the end of her life.
Don't tell her what to eat.","이제 곧 죽을 사람이에요
억지로 먹이지 마세요"
431,29:00,Let her not be strong. It's not important.,"약해져도 괜찮아요
그게 중요한 게 아니니까요"
432,29:04,"This is how it will be
if you take her home.","언니를 집으로 데려가면
이렇게 되겠죠"
433,29:08,You'll get upset and you will die.,"엄마도 무너져서
돌아가실지 몰라요"
434,29:11,She'll die and you'll be next!,"언니가 죽은 뒤에
엄마까지 쓰러질 거라고요"
435,29:13,You shouldn't do it.,그러면 안 돼요
436,29:20,I am suffering.,난 힘들어
437,29:24,I can't take it anymore.,더는 못 견디겠어
438,29:26,I'm so tired.,이제 지쳤어
439,29:29,"I'm going home now.
They are saying we should go.","전 집으로 갈게요
여기 있으면 안 된대요"
440,29:33,I don't have any more tears to cry.,이제 눈물도 안 나와요
441,30:01,"[Lai] We all want to make sure
she doesn't suffer.","저희 모두 미트라가
고통스럽지 않길 바라면서"
442,30:05,"But at the same time, we wanted
to clarify what happens when she dies.","그녀가 사망할 때 어떻게 될지
명확하게 말씀드리려고 해요"
443,30:11,We're gonna be very blunt about that.,직설적으로 말씀드릴게요
444,30:13,"When her time comes, when she does die,","때가 돼서
미트라가 숨을 거둘 때까지 ""앤드루 라이, 의사"""
445,30:17,"we'll continue to treat her well
during that time,",저희는 최선을 다해 보살필 겁니다
446,30:20,"but we'd strongly recommend allowing her
to just naturally die on her own","하지만 자연스럽게 숨이 멎도록
심폐소생술은 하지 않는 걸"
447,30:24,"and not attempt CPR,",적극적으로 권유합니다
448,30:26,"not try to put in a breathing tube,
those kind of things.","호흡기를 삽입하거나
그러지 않는 거죠"
449,30:31,"-Naturally.
-[Lai] Yeah.","- 자연스럽게요
- 네"
450,30:33,"-It's hard, but--
-[Lai] It's hard.","- 힘들군요, 하지만...
- 힘드실 거예요"
451,30:38,"Again, we hope nothing is gonna
happen any time soon.","마지막 순간이
빨리 오는 건 저희도 원치 않아요"
452,30:41,"We don't anticipate that,",시기를 예측한 건 아니지만
453,30:43,"but I think this was just another
good time to think about it.",미리 알아 두시는 게 좋아요
454,30:46,And I appreciate everybody's help.,도와주셔서 감사합니다
455,30:49,"Unfortunately, all these good things,
still, Mitra is leaving us.","많은 사람이 애썼지만
미트라는 결국 우리 곁을 떠나겠죠"
456,30:55,Let me believe in it now.,아직 믿음이 있어요
457,30:58,"I still believe in miracle,
to be honest with you.","솔직한 심정으로
아직 기적을 믿고 있어요"
458,31:01,"This last medicine, I hope it works.","마지막 약이
효과가 있으면 좋겠어요"
459,31:05,"-I don't wanna let her go.
-[Vaji] Hamid.","- 아내를 보내고 싶지 않아요
- 하미드"
460,31:18,How is that--?,어땠어?
461,31:21,"[Hamid] Aaron, massaging Mama?","에런, 마사지해 주는 거야?"
462,31:23,"-Scratch your head?
-[Mitra] Yeah.","- 머리 긁어드릴까요?
- 그래"
463,31:24,"You mean, like this?",이렇게 말이지?
464,31:42,And kiss Mama's hand.,엄마 손등에 뽀뽀하자
465,31:45,You wanna kiss it?,너도 할래?
466,31:49,Cute Mama.,예쁜 우리 엄마
467,31:51,Yeah.,그래
468,32:36,"[Miller] There's nothing
inherently medical about dying.",죽음을 치료할 방법은 없습니다
469,32:40,It's much larger than medicine.,의학보다 훨씬 큰 영역이니까요
470,32:43,It's purely human.,참 인간적인 일이에요
471,32:48,"Part of that admission is to keep
all of this couched in humanity,","죽음에 이르는 과정에는
인간다움이 드러납니다"
472,32:53,"not medical science or social science,
but really a full arch of humanity.","의학이나 사회 과학이 아닌
인간미가 담긴 현상이죠"
473,33:05,Kindness...,친절이나
474,33:08,"total openness, vulnerability, exchange.
I mean, this is potent stuff.","열린 마음, 연약함, 나눔은
강력한 것들이에요"
475,33:39,"[woman] One of the things
that needs to be clarified",아직 확실치 않아서요
476,33:41,"is that transition from the monitors
and all that.","모니터부터 나머지 집기를
어떻게 할지 몰라서"
477,33:44,"So we're-- I'm waiting
for the, um, primary medical team to come","1차 진료팀을
기다리는 중이에요"
478,33:48,"and have that discussion with them
before I take out the IV pole.","수액걸이를 치우기 전에
상의하려고요"
479,33:52,"She's been watching those monitors
and having those machines for so long,","모니터나 장비를
오래 이용한 환자라서"
480,33:55,"it's a hard transition to, all of
a sudden, say we're taking them away.","""수전 바버, 간호사
완화 의료팀"" 갑자기 가져간다고 하면
많이 놀랄 거예요"
481,33:59,"-No, no, this is not important anymore.
-Right.","- 이제 장비는 중요하지 않아요
- 네"
482,34:01,"We wanna focus on how she's feeling,
what she needs.","환자의 기분과 욕구에
집중해야 해요"
483,34:05,"Yeah, that's great.
That's a good way to put it.","그렇군요
그게 더 낫겠어요"
484,34:07,How are you doing?,어떻게 버티고 있어요?
485,34:10,The way she wanted me to be.,아내가 바라는 대로 하고 있어요
486,34:12,"-Which is how?
-Happy.","- 어떻게요?
- 행복하게"
487,34:14,And do the right thing.,옳은 일을 하고 있죠
488,34:17,That's what she wants me to do.,그게 미트라가 바라는 거니까요
489,36:00,You have the chart?,차트 있어요?
490,37:07,[Miller] When someone dies...,누군가 죽으면
491,37:11,we'll all gather around the body...,시신 주변에 모두 모여
492,37:17,"and then you sprinkle the body
with flowers, you know?",시신에 꽃을 뿌려요
493,37:20,"It's so beautiful, so simple.",정말 아름답고 소박하죠
494,37:27,"It's a way to kind of wrap our heads
around the fact that this person's gone.","한 사람이 떠났다는 사실을
받아들이는 예식이죠"
495,37:35,"So, that final parting image
as they're ushering in their grief","슬픔 속에서 보는
고인의 마지막 모습은"
496,37:39,"is this flower-laden, honored body.",꽃이 놓인 평온한 얼굴이에요
497,37:42,It's such a--,뭐랄까...
498,37:45,That sprinkles your grief with beauty.,아름다운 슬픔을 뿌린 것 같죠
499,37:50,Grief ain't easy.,슬픔은 힘들지만
500,37:52,But it can be poignant and gorgeous.,"가슴 아프면서도
아름다운 감정이에요"
501,37:56,We are wired to run away from death.,"우리는 죽음에서
달아나려고 하지만"
502,38:01,But dying is a part of life.,죽음도 삶의 일부입니다
