,Time,Subtitle,Translation
0,27s,I am the jungle's eyes.,나는 정글의 눈이다
1,32s,I can see the past...,내 눈에는 과거와
2,35s,and the future.,미래가 보이지
3,39s,"It is I, Kaa,","바로 나, 카아가"
4,42s,who witnessed the coming of man...,인간이 오는 것을 목격했다
5,48s,and the jungle...,그리고 정글...
6,50s,trying to survive.,살아남으려 발버둥 치는 곳
7,1:01,I saw chaos,나는 이 땅에
8,1:02,and darkness come to our lands.,"혼란과 어둠이
다가오는 걸 보았지"
9,1:34,"I saw the tiger, Shere Khan,",나는 호랑이 시어 칸이
10,1:36,killing man,인간을 죽이고
11,1:39,and breaking the jungle's ancient law.,"정글의 오랜 법칙을
깨는 것을 보았다"
12,2:07,"And then,",그 후
13,2:08,"one fateful night,",어느 운명적인 밤
14,2:11,I saw the jungle place its hopes into the hands,"정글이 한 작은
생명체의 손에"
15,2:16,"of a small creature,",희망을 거는 것을 보았지
16,2:19,the like of which,그런 생명체는
17,2:22,it had never seen before.,한 번도 본 적이 없었어
18,4:35,How did it get here?,여긴 어떻게 온 걸까?
19,4:37,I don't know.,모르지
20,4:40,Is it hurt?,다쳤나?
21,4:49,There's no wound.,상처는 없어
22,4:52,It's on its own.,혼자만 남겨진 거야
23,4:54,I've never seen a man-cub before.,새끼 인간은 생전 처음 봐
24,4:56,It's so...,참...
25,4:58,small.,작네
26,5:00,It doesn't fear us.,우릴 겁내지도 않아
27,5:05,What are we going to do with it?,얘를 어쩌면 좋지?
28,5:11,"Evening, Nisha.","안녕, 니샤"
29,5:12,Vihaan.,비한
30,5:14,"-It's a lovely night, isn't it?
-What is it that you want, Tabaqui?","밤공기가 좋지? 원하는 게 뭐야, 타바키?"
31,5:18,What's that I smell? Fresh kill?,"무슨 냄새지?
갓 잡은 고기?"
32,5:20,"If it's bones you're after,
look elsewhere.",뼈는 다른 데 가서 찾아
33,5:23,We have enough mouths to feed.,우린 딸린 입이 많다고
34,5:27,"I meant no harm, Nisha.","나쁜 뜻은 없었어, 니샤"
35,5:39,Your master calls.,네 주인님이 찾는다
36,5:40,You'd best go quickly.,빨리 가보셔야지
37,5:43,He sounds in ill temper tonight.,잔뜩 화난 목소린데
38,5:44,That he does. That he does.,그건 맞아
39,5:48,And with good reason.,그럴 만하거든
40,5:53,I found the man-cub! I found the man-cub!,"새끼 인간을 찾았어!
새끼 인간이야!"
41,5:56,Finish cleaning him off.,마저 씻기고 있어
42,5:57,"-Nisha.
-Clean him!","- 니샤!
- 씻겨!"
43,5:59,"-Where are you going?
-To Akela.","- 어디 가게?
- 아켈라한테"
44,6:01,"A council must be held
if we are to keep him.","애를 키우려면
회의를 거쳐야지"
45,6:04,"-Keep him?
-Don't let him out of your sight.",키운다고? 애한테서 눈 떼지 마
46,6:06,We can't keep him!,애를 키울 순 없어!
47,6:19,"Nisha, you have called council.
What's the matter at hand?","니샤, 회의를 소집했군 무슨 일인가?"
48,6:24,We've found...,우연히 발견했어요...
49,6:27,a man-cub.,새끼 인간을
50,6:33,"-That's not a wolf.
-That doesn't belong here.",늑대가 아니잖아 늑대 무리에 들일 순 없어
51,6:36,A man-cub! Outrageous.,새끼 인간이라니! 기막혀!
52,6:39,"Well, this is most unusual indeed.",음... 이런 진귀한 일도 다 있군
53,6:43,"Nisha, you wish to raise this cub
as if he were your own?","니샤 네 새끼처럼
키우고 싶은 거야?"
54,6:47,I do.,물론이죠
55,6:49,And Vihaan?,비한은?
56,6:50,"You, too?",너도?
57,6:53,I do.,물론이죠
58,6:54,It's a man-cub!,새끼 인간이라고!
59,6:55,You know the law.,법은 알지?
60,6:58,This cub was not born among us.,"우리 사이에서
태어나지 않았으니..."
61,7:01,"So, who here speaks for the cub?","자, 누가 나서겠나?
녀석의 후견자로"
62,7:05,I speak for the cub.,제가 하겠습니다
63,7:09,The law states that the life of a cub,"정글 법에 따르면
새끼의 목숨은"
64,7:12,"may be bought, for a price.","대가를 지불하면
살 수 있죠"
65,7:17,I brought my payment.,이게 그 대가예요
66,7:18,We have one.,한 명은 찾았고
67,7:21,Who else will speak for the cub?,"누가 또
후견자로 나설 텐가?"
68,7:24,Baloo does.,발루가 할 겁니다
69,7:25,Baloo?,"- 발루?
- 발루!"
70,7:27,"-Bagheera...
-He's not a wolf. He has no say.","- 바기라...
- 늑대가 아니잖아 발언할 자격도 없어"
71,7:30,"He was the teacher of your cubs.
That makes him a member of the pack.","새끼 늑대들의 선생인데
자격이 왜 없어"
72,7:33,I ain't speakin' for no...,난 후견할 생각 없어요...
73,7:36,man-cub.,저 새끼 인간
74,7:38,"Bagheera, have you lost your mind?
A man-cub living in a jungle?","바기라, 정신 나갔어? 새끼 인간이 정글에 살다니!"
75,7:58,"Akela,",아켈라
76,7:59,his parents will come.,부모가 오면 어쩌려고요
77,8:03,His parents are dead.,녀석의 부모는 죽었다
78,8:08,I killed them.,내가 죽였지
79,8:11,There is no one to come looking for him.,"녀석을 찾으러 올 사람은
아무도 없어"
80,8:17,"This is not your concern, Shere Khan.","네가 낄 일 아니다, 시어 칸"
81,8:19,The cub is mine.,녀석은 내 거다
82,8:21,I have already tasted its mother's blood.,이미 어미의 피는 맛봤지
83,8:25,It is my right.,권리는 내게 있다
84,8:27,Your right according to whose law?,어느 법에서 네 권리래?
85,8:30,Best you leave now.,당장 떠나라
86,8:31,"Careful, Akela.","조심해, 아켈라"
87,8:35,You do not want to challenge me.,나한테 덤벼서 좋을 거 없어
88,8:40,This cub...,저 아이는...
89,8:42,is under the protection of the pack.,늑대 무리가 보호한다
90,8:44,"Should you decide to take me,",나를 건드릴 작정이라면
91,8:47,you take on the pack.,무리를 상대해야 할 거야
92,8:51,All of us.,우리 모두를!
93,8:56,"As long as I am leader,",내가 리더로 있는 한
94,8:58,this part of the jungle is closed to you.,넌 이 구역에 출입 금지다
95,9:04,You cannot be leader forever.,당신이 평생 리더일 것 같아?
96,9:08,"The day you miss your kill,",당신이 사냥감을 놓치는 날
97,9:11,the man-cub's blood,새끼 인간의 피가
98,9:14,will run down my chin.,내 턱을 따라 흐를 것이다
99,9:30,The cub is spoken for.,후견자도 정해졌으니
100,9:32,He is one of us.,이제 우리 무리다
101,9:34,You will treat him as you would your own.,네 새끼처럼 가르치도록
102,9:37,"As long as I am alive,",내가 살아있는 한
103,9:39,the pack will stand by the man-cub.,"늑대 무리는
새끼 인간을 지킨다"
104,10:51,"Hunting is sacred, little brother.","사냥은 신성하다, 아우야"
105,10:55,It is our right.,우리의 권리지
106,10:59,But we never do it for sport.,"하지만 결코
장난삼아 해선 안 돼"
107,11:19,Wait. Wait.,"기다려, 기다려"
108,11:24,We look them in the eye,녀석의 눈을 봐라
109,11:27,so that the soul,그럼 영혼은
110,11:29,doesn't depart alone.,외로이 떠나지 않아
111,12:07,Bagheera.,바기라
112,12:19,"How old is the jungle, Bagheera?",정글은 나이가 몇 살이야?
113,12:22,"The jungle has been here
since before you were born","정글은 네가 태어나기
전부터 여기 있었고"
114,12:25,and it will be here...,앞으로도 있을 거야
115,12:30,after you die.,너 죽은 후에도
116,12:32,The jungle is eternal.,정글은 영원하거든
117,12:35,Bagheera...,바기라
118,12:38,why am I different to the other wolves?,왜 난 다른 늑대들이랑 달라?
119,12:50,"You are no different,",넌 다르지 않아
120,12:52,little brother.,아우야
121,12:55,You are special.,특별한 거지
122,12:58,Of course you're different.,당연히 넌 다르지
123,13:01,That's why you need special training.,그래서 특별 훈련이 필요해
124,13:04,You know what your trouble is?,네 문제가 뭔지 알아?
125,13:06,Lack of focus.,집중력 부족
126,13:08,"Baloo,",발루
127,13:09,how many ants can you fit in your mouth?,"개미가 몇 마리나
입에 들어가요?"
128,13:11,Ants are really small,개미는 정말 작은데
129,13:13,and your mouth is really big.,발루의 입은 정말 크잖아요
130,13:16,"-I bet--
-Mowgli, will you concentrate?","- 아마도...
- 모글리, 집중 안 하냐?"
131,13:26,Do...,꼼!
132,13:28,not...,짝!
133,13:30,move.,마!
134,13:37,"-Why do I have to do this?
-'Cause I said so.",이건 왜 하는 건데요? 내가 시켰으니까
135,13:39,"Tell me the three laws, now.",3대 규칙 읊어봐
136,13:41,"""No wolf shall have contact with man.""","'늑대는 인간과
접촉하지 않는다'"
137,13:43,"-Next.
-Baloo...","- 다음
- 발루"
138,13:46,"-what happened to your tail?
-Next!","- 꼬리는 어떻게 된 거예요?
- 다음!"
139,13:48,"""No wolf shall hunt man's animals.","'늑대는 인간의 가축을
사냥하지 않는다'"
140,13:51,"Above all, the cow, which is sacred!""","'소는 신성하니까
특히 더'"
141,13:54,"Did it fall off?
Is that why you don't have one?",꼬리가 떨어졌어요? 그래서 없는 거예요?
142,13:57,What? Why haven't you got a tail?,그러는 넌 왜 없는데?
143,13:59,"I don't know.
I never really thought about it.","나도 몰라요
별로 생각 안 해봤는데"
144,14:02,Third law.,3번째 규칙
145,14:03,Now!,당장
146,14:04,"""No wolf shall kill man in the jungle,
for killing man only brings danger.""","'늑대는 정글에서
인간을 죽여선 안 된다' '인간을 죽이면
위험만 따라온다'"
147,14:08,"Oh, well. Least you know your laws.",그나마 규칙은 아는군
148,14:10,"Now, we just got to get you
to run as fast as the other wolves.","다른 늑대들만큼
빨리 뛰려면 연습해야지"
149,14:18,Don't let your guard down.,절대 틈을 보이지 마
150,14:22,"All right,
that's enough for today, Mowgli.","오늘은 여기까지 하자
모글리"
151,14:25,"Straight back to the caves.
No wandering. Run like a wolf, d'you hear?","싸돌아다니지 말고
곧장 동굴로 가 늑대처럼 뛰는 거다?"
152,14:29,I can't hear you!,안 들려요!
153,15:11,Mowgli!,모글리!
154,15:13,"Hey, Mowgli.","야, 모글리"
155,15:15,"-Bhoot!
-What are you doing?","- 부트!
- 뭐 하고 있어?"
156,15:17,"-Nothing.
-Hey, do you want to play?","- 그냥
- 숨바꼭질할래?"
157,15:21,Got ya!,찾았다!
158,15:26,"Oh, I nearly had you.",아깝게 걸렸네
159,15:29,You're good at hiding.,너 진짜 잘 숨어
160,15:31,"Mum taught me how to hide.
She shows me loads of tricks.",엄마가 숨는 법을 알려줬어 엄마한테 배운 요령이 많아
161,15:36,So I can protect myself.,그래야 내 몸을 지킨다고
162,15:37,"She says, ""Others can mistake","엄마가 그랬어
누군가의 개성은"
163,15:40,"individuality for weakness.""",약점으로 오해받기도 한다고
164,15:43,That's why they have a go at me sometimes.,"그래서 날 놀리는
애들도 있다고"
165,15:47,Yeah.,응
166,15:48,"Me, too.",나도 그래
167,15:50,Come on. I'll race you home.,가자 집까지 경주하는 거야
168,15:54,On my call...,'땅' 하면 출발해
169,15:56,Go!,땅!
170,16:11,Hey.,야
171,16:13,"Hey, brother.",형
172,16:15,What did Baloo make you do today?,발루가 오늘은 뭐 시켰어?
173,16:17,"Put a scorpion on me
and told me not to move.","내 몸에 전갈을 올려놓고
꼼짝 말라고"
174,16:20,He says I lack focus.,내가 집중력이 부족하대
175,16:22,Baloo says that to all of us.,발루는 우리한테도 그래
176,16:25,"-How was your lesson?
-Fine.","- 수업은 어땠니?
- 좋았어요"
177,16:26,"Your brother tells me
you're getting faster.","형이 그러는데
너 빨라졌다며"
178,16:28,He can nearly keep pace with me.,거의 나랑 비슷하게 달려요
179,16:30,He can almost beat Bhoot.,부트는 거의 이길 기세고
180,16:32,"Yeah, he should just race
with his freak friend!","별종 친구끼리
경주하면 되겠네!"
181,16:35,"It's only natural they spend
so much time with each other.",둘이 왜 붙어 다니겠냐
182,16:37,Freaks have to stick together.,별종끼리 뭉쳐야 살지
183,16:43,That's enough.,그만해
184,16:44,That really hurt.,너무 아파
185,16:45,"Inside, now.","들어가, 당장"
186,16:47,Thanks.,고맙습니다
187,16:49,"You shouldn't let them pick on you
like that.","그렇게 당하고만
있으면 안 돼"
188,16:52,We were only playing.,그냥 같이 논 거야
189,16:54,"Better go home, Bhoot.","집에 가, 부트"
190,16:55,"Bye, Mowgli!","안녕, 모글리"
191,16:57,"I meant what I said to Mum.
You are getting faster.",엄마한테 한 말은 진심이야 너 빨라졌어
192,17:00,"Your father was never
much of a runner either.","아빠도 그다지
잘 달리진 못했어"
193,17:02,It's true. I was the slowest in my group.,사실이다 무리에서 꼴찌였지
194,17:04,"I never thought I was gonna compete
in the Running. I was sure I would fail.","'도망 테스트'도 당연히
탈락할 줄 알았다니까"
195,17:08,"-You're going to be late.
-Have a good hunt, Father.","- 이러다 늦겠어
- 사냥 잘하세요, 아빠"
196,17:11,"Before you know it, you'll be coming along
with me. All of you!",너희도 조만간 같이 가야지 다 같이!
197,17:16,"-Good hunting!
-Good hunting all!","- 많이 잡자!
- 많이 잡아 오자!"
198,17:30,This is the jungle!,여긴 정글이다
199,17:32,"In the jungle, we all hunt.",정글에선 모두 사냥을 하지
200,17:35,And... we are all hunted.,모두 사냥당하기도 하고
201,17:39,You see what that means?,무슨 뜻인지 알아?
202,17:41,It means that you...,그건 너희가...
203,17:43,you don't want to get caught.,잡히면 안 된다는 뜻이다
204,17:47,That's why you can't join the pack,"그렇기 때문에
무리에 끼고 싶으면"
205,17:51,"until you have passed the Running--
Pay attention!",도망 테스트를 통과해야 해 집중해!
206,18:01,"""What's the Running, Baloo?""",도망 테스트가 뭐냐고?
207,18:03,The Running is the hunt where you...,"사냥은 사냥인데
거기서 너희는..."
208,18:07,are the prey.,사냥감인 거야
209,18:11,"Now, Bagheera here...",이제 바기라가...
210,18:13,"You all know Bagheera, don't you?",바기라는 다들 알지?
211,18:15,"Yeah, Bagheera, friendly Bagheera.","그래, 친절한 바기라"
212,18:17,"In the Running, Bagheera will hunt you,","도망 테스트에선 바기라가 너희를
사냥할 거다"
213,18:20,and if he catches you...,잡히는 녀석은
214,18:22,you fail.,탈락이야
215,18:24,What happens if you fail?,탈락하면 어떻게 돼요?
216,18:26,You don't join the pack!,무리에 낄 수 없다!
217,18:33,But I've never had one of my cubs fail.,"하지만 내 제자 중엔
한 명도 없었지"
218,18:39,And I'm not gonna start now.,첫 타자가 되진 마라
219,18:44,Good.,좋다
220,18:46,"Let's practice, shall we?",연습부터 할까
221,18:52,On my call.,'땅' 하면 출발해
222,18:54,Wait... wait...,준비... 준비...
223,18:59,Go!,땅!
224,19:01,"Come on, now!",빨리 달려
225,19:04,Pick up the pace!,속도를 올려!
226,19:09,Come on!,어서!
227,19:13,Faster!,더 빨리!
228,20:13,You were with the monkey-people,원숭이 사람이랑 농땡이 쳤구나
229,20:16,again.,또!
230,20:20,"The monkey-people have no law,",원숭이 사람은 법도 없고
231,20:23,"they're unpredictable,",종잡을 수도 없고
232,20:24,and they can't even speak proper.,말도 똑바로 몬해
233,20:26,"-I think they're funny.
-There's nothing funny about them.",재밌기만 하던데요 걔들 재미 하나도 없어
234,20:30,"You keep away, do you understand?","웬만하면 피해, 알았냐?"
235,20:32,"-I'm not afraid of them.
-Only fools feel no fear, Mowgli.","겁나는 것도 아닌데요 겁을 모르는 건
바보들뿐이야, 모글리"
236,20:36,The monkey-people are especially foolish.,"원숭이 사람은
특히나 바보 같지"
237,20:39,There's nothing they're afraid of.,아무것도 겁내지 않아
238,20:41,"Well, except Kaa.",카아만 빼고
239,20:44,"Oh, they can't even lay eyes on her.","걔들은 카아를
쳐다도 못 본다"
240,20:46,Who's Kaa?,카아가 누군데요?
241,20:48,"Oh, you don't want to meet Kaa.","카아랑은
마주치지 않는 게 좋아"
242,20:51,Kaa the Python,비단뱀 카아는
243,20:53,is as old as the jungle.,정글만큼 나이가 들었지
244,20:56,She sees the past...,과거를 볼 줄 안다
245,20:59,and the future.,그리고 미래도
246,21:05,Turn around!,뒤돌아!
247,21:09,Eyes forward.,앞만 봐라
248,21:17,"The cow had been killed
and left there to be found.","소가 죽임을 당해
거기 버려져 있더군"
249,21:21,"-It's the tiger! He's come back!
-Only Khan would kill man's cattle.","호랑이가 돌아온 거야! 시어 칸 아니면
누가 인간의 소를 죽여"
250,21:27,"-One man-cub will bring more men!
-It's Shere Khan!","새끼 인간을 데려오니
이 꼴이 나지! 시어 칸 짓이야!"
251,21:30,"Akela, we knew this would happen!
We told you!","- 이렇게 될 거라고 했잖아
- 모르겠어?"
252,21:33,"Can't you see, Akela,
the man-cub is putting us all in danger!","새끼 인간 때문에
우리 모두 위험해졌다고"
253,21:36,"-You were wrong to ever take him in!
-We should give him to the tiger!",애초에 받아준 게 잘못이야 그 녀석을 호랑이한테 넘겨!
254,21:40,"-Akela, no!
-Save the pack!","아켈라, 안 돼요!"
255,21:43,Please.,제발요
256,21:45,He is one of us.,걔도 우리 무리예요
257,21:50,I will see to this matter.,내가 알아서 하겠다
258,21:52,Go!,해산!
259,22:05,"Shere Khan wants to bring war
to the jungle.","시어 칸이 정글에
전쟁을 일으키려고 해"
260,22:08,War?,전쟁?
261,22:10,With man? Is he out of his mind?,"인간하고요?
제정신이랍니까?"
262,22:13,War with me.,나와의 전쟁이지
263,22:15,He knows I'm getting old.,내가 늙어가는 걸 알고
264,22:17,"This is his way of bringing chaos
to the pack.","이렇게 늑대 무리에
혼란을 가져오려는 거야"
265,22:21,"-Khan wants the boy.
-We can protect him.",칸은 그 애를 원해요 우리가 지킬 수 있어
266,22:24,"You know there is only one way
to protect him.","그 애를 지킬 방법은
하나뿐이죠"
267,22:27,He must go to the man village.,인간 마을로 돌려보내는 거
268,22:30,"You're forgetting, Bagheera,","잊었나 보군, 바기라"
269,22:32,"this was always more
than just a good deed.","처음부터 단순한
선행만은 아니었잖나"
270,22:35,The jungle is changing.,정글은 변하고 있어
271,22:38,"Man is taking more of it
as each season passes.","계절이 지날수록
인간이 더 많이 침범하지"
272,22:42,And the boy,그 아이는
273,22:44,may just be our only hope of survival.,"우리를 살아남게 해줄
유일한 희망일지도 몰라"
274,22:48,The jungle is no longer safe for him.,"정글은 이제 녀석한테
안전하지 않아요"
275,22:51,"-The pack won't accept him.
-They will if he passes the Running.",무리에서 내쳐질 겁니다 도망 테스트만 통과하면 돼
276,22:55,"Baloo, is he ready?","발루, 그 아이 준비됐나?"
277,22:57,Of course he's not ready. He's not a wolf!,"준비됐을 리가요
걘 늑대가 아닌데요"
278,22:59,Then make him ready.,그럼 준비되게 만들어
279,23:06,"Right, no more messing about.",좋아 이제 농땡이는 안 돼
280,23:10,Can you run as fast as a wolf?,"늑대만큼
빨리 달릴 수 있냐?"
281,23:12,"No, you can't.",아니지?
282,23:14,"You've got hands with fingers on the ends,
so let's use them.","넌 손이 있고
끝에 손가락이 달렸다 그걸 활용해"
283,23:18,What?,네?
284,23:20,"Now jump, to there.","자, 뛰어! 그쪽으로"
285,23:23,"Come on, hurry up.",뭘 꾸물대?
286,23:32,Again.,다시
287,23:35,"Oh, nearly!",아까워라!
288,23:45,"-Yes!
-Baloo!","- 그거야!
- 발루!"
289,26:58,What happened?,어떻게 된 거지?
290,27:24,"Come on, little brother.","가자, 아우야"
291,27:26,Time to go home.,이제 가야 돼
292,27:51,Do you know why those men have come?,저 사람들 왜 온 줄 알아?
293,27:56,"They've come to hunt the tiger
that steals their cattle.","자기네 소를 훔치는
호랑이를 잡으러 온 거야"
294,28:00,"-Will they kill him?
-It won't be easy.",호랑이를 죽일까? 쉽진 않을걸
295,28:03,Shere Khan is clever.,시어 칸은 영리하거든
296,28:08,Very dangerous.,아주 위험하지
297,28:12,Mowgli...,모글리
298,28:15,the jungle is no longer safe for you.,"정글은 이제 너한테
안전하지 않아"
299,28:19,"But if you were to be in a place
where Shere Khan would never go,","네가 시어 칸이 절대
안 갈 곳으로 간다면"
300,28:23,then you would be safe.,안전해지겠지만
301,28:26,Where does Shere Khan never go?,"시어 칸이
안 갈 곳이 어딘데?"
302,28:30,"You know, the man village.",그게... 인간 마을이지
303,28:33,Why would I go there?,내가 거길 왜 가?
304,28:39,Because you are a man-cub.,넌 새끼 인간이니까
305,28:44,"I have seen the way
you look at the village.",마을을 바라보던 네 모습 봤다
306,28:48,You are one of them.,네가 속한 곳은 거기야
307,28:52,I'm a wolf.,난 늑대야
308,28:53,Mowgli...,모글리...
309,28:59,"He wants your blood, little brother.","놈은 네 피를 원해, 아우야"
310,29:01,"It was Shere Khan
who killed your man-parents","여러 계절 전에
네 인간 부모를 죽인 게"
311,29:04,"all those seasons ago,",시어 칸이었고
312,29:07,and now he wants to kill you.,지금은 널 죽이려고 한다
313,29:11,The pack will protect me.,늑대 무리가 지켜줄 거야
314,29:12,If you fail the Running...,네가 테스트에 탈락하면...
315,29:14,I won't fail.,탈락 안 해
316,29:15,...you won't...,너는...
317,29:17,be able to join the pack.,무리에 낄 수 없을 거야
318,29:19,I won't fail!,탈락 안 한다고!
319,29:22,Then promise me this.,그럼 이것만 약속해라
320,29:25,If you do fail...,만일 탈락하면
321,29:28,you will go to the village.,마을로 가는 거다
322,29:30,"Promise me, Mowgli.","약속해, 모글리"
323,29:58,Good evening!,어서 와요!
324,30:23,Don't worry. I'll kill your tiger.,걱정 말아요 그 호랑이 꼭 죽일게요
325,30:25,How many's he taken this time?,이번엔 안 놓칩니다
326,30:28,Careful!,조심해요
327,30:29,"Quickly, now. Come on.",빨리 갑시다
328,31:10,"Did you smell the blood, man-cub?","피 냄새를 맡았냐, 새끼 인간?"
329,31:14,What is it?,그거 뭐야?
330,31:19,"-The creature that did that to your tail.
-It's called ""fire.""",네 꼬리에 붙어 있던 거 '불'이라고 하는 거야
331,31:24,It's hotter than the sun.,태양보다 뜨겁지
332,31:26,And it's quicker than the panther.,흑표범보다 빠르고
333,31:30,"Your kind use dark magic, man-cub.","너희 종족은 흑마법을 쓴다
새끼 인간"
334,31:33,They're not my kind.,내 종족이 아니야
335,31:41,Sometimes...,가끔 나도
336,31:43,I dream I'm a tiger.,호랑이가 되는 꿈을 꿔
337,31:47,But I always wake up a hyena.,"하지만 깨보면
늘 하이에나지"
338,32:12,You should try and get some sleep.,들어가서 눈 좀 붙여
339,32:19,You'll want to be rested for tomorrow.,내일 잘하려면 쉬어둬야지
340,32:31,"What's bothering you, my love?","무슨 걱정 있니, 아가?"
341,32:34,All I've ever wanted...,내 평생소원은
342,32:38,my whole life...,한 가지뿐이에요
343,32:42,is to be a wolf.,늑대가 되는 거
344,32:47,For the others to see me as an...,날 똑같이 봐주면 좋겠어요
345,32:52,equal.,동등하게
346,32:56,This is my chance to prove myself.,나를 증명할 기회가 왔어요
347,33:00,To prove that I'm one of them.,떳떳하게 늑대 무리에
348,33:04,To prove that I belong.,속할 수 있는지
349,33:05,You belong.,속하고말고
350,33:10,"You belong, Mowgli.",넌 이미 속해 있어
351,33:14,"Don't ever let anyone
make you think otherwise.","누가 아니라고 해도
귀담아듣지 마"
352,33:21,"You will always be my son, Mowgli.","넌 언제까지나
내 아들이야, 모글리"
353,33:26,Nothing can ever change that.,그 사실은 변하지 않아
354,33:59,You are about to take part,우리의 가장 오랜 전통이
355,34:01,in one of our oldest traditions.,이제 곧 시작된다
356,34:04,The Running of the Pack.,도망 테스트!
357,34:07,Those of you who pass the test...,이 테스트를 통과하면
358,34:10,will have earned the right...,자격을 갖게 된다
359,34:13,to join us,우리와 함께
360,34:14,in the night hunt.,밤 사냥을 갈 수 있지
361,34:19,As is customary...,관례대로
362,34:22,Bagheera will perform his task as chaser.,"바기라가 참가자들을
추격할 것이다"
363,34:27,Mowgli!,모글리!
364,34:29,"Good luck, Mowgli!","잘해, 모글리!"
365,34:41,Face the hill.,언덕을 보고 서라
366,34:48,"Good luck, brother.","잘해, 동생"
367,34:49,"I must warn you,
Bagheera has been told not to hold back.","경고한다 바기라는 주저하고
그런 거 없다"
368,34:59,On my call.,'땅' 하면 출발해
369,35:06,Go!,땅!
370,35:19,Bagheera.,바기라
371,35:21,If you will.,출발해
372,36:06,"Out of my way, freak!","저리 비켜, 별종!"
373,38:04,"Let him go, Bagheera.","놔줘, 바기라"
374,38:08,Bagheera...,바기라...
375,38:32,Get up.,일어나
376,38:54,You let your guard down.,넌 틈을 보였어
377,38:58,"I told you, never let your guard down.","내가 말했지
절대 틈을 보이지 말라고"
378,39:01,He was only chasing me.,나만 쫓아왔어요
379,39:03,He targeted me.,나만 노렸다고요
380,39:04,He knows I'm the weakest.,제일 약한 걸 아니까
381,39:13,All of your lessons...,그동안 내가 배운 거
382,39:16,they mean nothing!,아무 소용도 없네요!
383,39:21,Mowgli!,모글리!
384,39:22,Bagheera! He's fine.,바기라! 걘 괜찮아
385,39:25,Let him be.,내버려 둬
386,39:26,"See ya, freak!","또 보자, 별종!"
387,40:23,"Hey, Mowgli.","야, 모글리"
388,40:39,I saw that look in your eye,모글리 찍어 누를 때
389,40:41,when you were standing over him.,네 눈빛 다 봤어
390,40:43,I did what I did because I had to.,"그럴 수밖에 없어서
그런 거야"
391,40:45,Do you think I am stupid?,누굴 바보로 알아?
392,40:47,I saw what you did!,네가 한 짓 다 봤어!
393,40:52,Help! Help! Help!,도와줘요! 도와줘!
394,40:55,He was in the lead!,모글리가 선두였다고!
395,40:57,I trained that boy!,내가 훈련시킨 결과지
396,40:59,Why did you have to do that?,왜 그렇게까지 했어?
397,41:01,He had to fail!,탈락해야 했으니까!
398,41:03,Why can't you see how much danger he's in?,"걔가 얼마나 위험한
상황인지 모르겠어?"
399,41:07,The pack would have protected him!,늑대 무리가 보호해줬을 거야
400,41:11,"Khan will kill him
and tear the pack apart.",칸이 그 애를 죽이고 무리를 갈기갈기 찢을 텐데?
401,41:17,You are not the only one,그 애를 걱정하는 게
402,41:19,who cares about the boy.,너 하나인 줄 알아?
403,41:21,All you care about is that he passed.,"넌 걔를 통과시키는 데만
관심 있지"
404,41:24,That is because it's my job!,그게 내 임무니까!
405,41:29,Bagheera! Baloo! Up here!,바기라! 발루! 저기 봐요!
406,41:31,Mowgli's been taken by the monkey-people!,"모글리가 원숭이 사람들한테
잡혀갔어요!"
407,41:39,Mowgli!,"- 모글리!
- 모글리!"
408,42:08,Let me go!,이거 놔!
409,43:59,"My, my.","이런, 이런"
410,44:04,How you've grown.,많이도 컸군
411,44:11,"And how much chaos
you brought upon the pack.","늑대 무리에
엄청난 혼란도 가져왔고"
412,44:16,So much more...,앞으로 더 많은 것이
413,44:22,to come.,기다리고 있지만
414,44:34,Just...,살짝
415,44:36,a little taste.,맛만 보마
416,44:51,Mowgli!,모글리!
417,45:24,Bagheera!,바기라!
418,45:56,Let the man-cub alone.,새끼 인간을 놔줘라
419,46:00,He belongs... to us.,얜 우리와 한 무리다
420,46:47,Kaa...,카아가...
421,46:52,She saved me.,날 구해줬어요
422,47:00,Why?,왜지?
423,47:23,Good hunting!,많이 잡자!
424,47:25,Good hunting all!,많이 잡아 오자!
425,47:29,Good hunting!,많이 잡자!
426,47:31,Good hunting all!,많이 잡아 오자!
427,47:35,Mowgli!,모글리!
428,47:37,"Hey, Mowgli.","야, 모글리"
429,47:44,Don't worry.,걱정 마
430,47:45,We'll get to join them soon enough.,우리도 곧 낄 수 있을 거야
431,47:47,I just know it.,내가 장담해
432,47:49,"Mum says some wolves just need more time.
It doesn't mean we're not good enough.","엄마가 그러는데
좀 오래 걸린다고 능력이 없는 건 아니래"
433,47:54,"Hey, why don't we have our own night hunt?",그냥 우리끼리 밤 사냥 하자
434,47:56,Just you and me. What do you say?,너랑 나만 어때?
435,48:05,"You've been spending a lot of time
on your own since the monkey-people.","원숭이 사람한테 잡혀갔다
온 후로 혼자만 있잖아"
436,48:08,It's not good to be alone.,혼자 있는 건 안 좋아
437,48:09,"Wolves are supposed to be
with other wolves.","늑대는 늑대끼리
함께 있어야 해"
438,48:11,I'm not a wolf.,난 늑대가 아니야
439,48:17,"Of course you are, Mowgli.",늑대가 아니긴
440,48:19,You're the best wolf I know!,"내가 아는
최고의 늑대인걸!"
441,48:21,"Why do you always want to be
around me, Bhoot?","왜 나만 따라다녀, 부트?"
442,48:24,"'Cause you're my best friend, Mowgli.","절친이니까 그렇지, 모글리"
443,48:36,I understand what it's like.,어떤 기분인지 알아
444,48:39,For nobody to want you.,다들 멀리하는 거
445,48:44,I don't have any friends neither.,나도 친구 하나도 없어
446,48:47,But...,하지만
447,48:48,we have each other.,우린 서로가 있잖아
448,48:50,"And we're kind of same, you and me.",우린 어찌 보면 똑같아
449,48:51,We're not the same.,우린 똑같지 않아
450,48:53,Of course we are.,우린 똑같아
451,48:54,Because you're special and I'm special.,"너도 특별하고
나도 특별하니까"
452,48:56,We're not special!,우린 특별하지 않아!
453,48:59,Don't you get it?,모르겠어?
454,49:01,We'll never be one of them! We're freaks!,"우린 남들하고 달라
별종이라고!"
455,49:04,"You're not special, Bhoot!","넌 특별하지 않아, 부트!"
456,49:07,"It's just something your mother tells you
to make you feel better about yourself","너네 엄마가 너 힘내라고
해준 말일 뿐이야"
457,49:10,because you came out wrong!,넌 기형으로 태어났으니까!
458,49:31,Bhoot...,부트...
459,49:33,"Bhoot, I'm sorry.","부트, 미안해"
460,50:38,Kaa?,카아?
461,50:44,Kaa?,카아?
462,50:46,"Well,",이런
463,50:48,look who's here.,이게 누구야
464,50:52,"It's the man-cub,",새끼 인간이군
465,50:54,his destiny still uncertain.,여전히 불확실한 운명이고
466,50:59,"Are you afraid of me, man-cub?","내가 무섭니, 새끼 인간?"
467,51:04,No.,아뇨
468,51:07,"Sometimes, fear...",가끔은 두려움이
469,51:09,is the only intelligent response.,가장 현명한 대응이지
470,51:16,Don't you think?,안 그래?
471,51:23,Say something...,말을 해
472,51:28,or I shall get bored.,안 그럼 나 지루해
473,51:33,And when I get bored...,난 지루해지면
474,51:37,I get hungry.,허기가 지거든!
475,51:41,Is it...,그거...
476,51:43,"Is it true that you know the past
and the future?","그거 진짜예요?
과거와 미래를 본다는 거?"
477,51:47,"What is it you want from me,",나한테 원하는 게 뭐지?
478,51:50,man-cub?,새끼 인간?
479,51:51,"Why did you save me
from the monkey-people?","원숭이 사람들한테서
왜 날 구해줬죠?"
480,51:54,"Why do you think
the elephant saved you from the tiger pit?","코끼리는 호랑이 구덩이에서
왜 널 구해줬을까?"
481,52:00,"The whole jungle has been watching you,
man-cub.","온 정글이 널 지켜보고 있었다
새끼 인간"
482,52:06,Why?,왜요?
483,52:07,Even you must know you are unusual.,"네가 별나다는 건
너도 알 거다"
484,52:14,"Not quite a wolf,",온전히 늑대도 아니고
485,52:16,not quite a man...,온전히 인간도 아니지
486,52:18,or neither...,둘 다 아닐까?
487,52:20,or both.,둘 다일까?
488,52:41,"I think we can both agree, Mowgli,","우리 둘 다 동의할 텐데
모글리"
489,52:44,"that you are something
the jungle has never seen before.","넌 정글에서 한 번도
본 적이 없는 존재야"
490,52:54,"Every day,",날마다
491,52:57,you grow a little older.,넌 조금씩 나이 들고
492,53:01,"Every day,",날마다
493,53:03,you come a little closer.,넌 조금씩 가까워져
494,53:08,One day you will fight...,언젠가 넌 싸우고
495,53:10,and kill.,죽일 것이다
496,53:14,One day you will speak...,언젠가 네가 말하면
497,53:18,and the jungle will listen.,정글은 듣겠지
498,53:26,"What will you say then, man-cub?","그때 뭐라고 말할 텐가?
새끼 인간?"
499,53:35,Do you hear?,들리느냐?
500,53:41,The entertainment... commences.,여흥이 시작되는군
501,53:47,I shall be watching.,지켜봐야겠어
502,53:55,"You have no right to be here, Shere Khan!","넌 여기 있을 권리 없어
시어 칸!"
503,53:58,"Well, I think you'll find
I stay where I please.","모르나 본데
난 원하는 곳에 있을 거야"
504,54:06,"You kill man's cattle.
You poison the jungle.",넌 인간의 소를 죽이고 정글을 오염시킨다
505,54:09,You're the reason man is here!,"너 때문에
인간이 몰려오는 거야!"
506,54:11,But you permitted man to live among you.,"하지만 당신은
인간을 무리에 받아주고"
507,54:14,You pretend he is a wolf.,늑대가 된 듯 대했어
508,54:18,"When we both know
that is the one thing he will never be.","절대 될 수 없다는 걸
잘 알면서"
509,54:21,He will always be a man.,놈은 언제까지나 인간이라고!
510,54:27,You... poisoned the jungle.,정글을 오염시킨 건 당신이야
511,54:32,"But you're no longer leader now,","하지만 당신은 이제
리더도 아니지"
512,54:35,are you?,안 그래?
513,54:37,You missed your kill.,사냥감을 놓쳤으니
514,54:42,By your law...,당신네 법에 따라
515,54:45,your pack... must challenge you.,"무리는 당신에게
도전해야 한다"
516,54:51,"Akela's missed his kill!
Akela's missed his kill!","아켈라가 사냥감을 놓쳤다!
사냥감을 놓쳤어!"
517,55:00,"As is our tradition, whoever defeats me...",우리 전통에 따라 누구든 날 꺾으면
518,55:05,will become leader of the pack.,무리의 리더가 된다
519,55:20,What's happening?,무슨 일이죠?
520,55:26,Mowgli!,모글리!
521,55:26,It's the law.,저건 법이야
522,55:39,Who's next?,다음은 누구냐?
523,56:45,Who's next?,다음은 누구야?
524,56:46,No!,안 돼!
525,56:47,Mowgli!,모글리!
526,56:56,No!,안 돼!
527,57:11,"If I ever see you here again,
I will set your hide ablaze",여기서 또 얼씬대는 날엔 네 가죽을 불사르고
528,57:16,and watch you burn alive!,산 채로 불타는 걸 지켜보겠다!
529,57:20,"I will taste your blood,",네 피를 맛보고야 말 테다
530,57:23,man-cub.,새끼 인간
531,57:36,Leave.,떠나라
532,57:43,What?,네?
533,57:44,You have...,너는...
534,57:47,turned the weapons of man... upon us.,"인간의 무기를
우리에게 휘둘렀다"
535,57:53,You have brought the pack great shame.,"늑대 무리에게
큰 수치를 안겨줬어"
536,57:56,You have brought me...,나에게도
537,57:59,great shame.,큰 수치다
538,58:02,Leave.,떠나라
539,1:03:09,Bagh--,바기...
540,1:03:19,"Hello, little brother.","안녕, 아우야"
541,1:03:24,I knew you'd come.,와줄 줄 알았어
542,1:03:28,I knew you'd rescue me.,구하러 올 줄 알았어
543,1:03:33,Mowgli...,모글리
544,1:03:38,I have not come to rescue you.,널 구하러 온 게 아니야
545,1:03:41,I've come to tell you to stay.,여기 있으라고 말해주러 왔어
546,1:03:45,What?,뭐?
547,1:03:55,"You must stay in the village.
You must not come back to the jungle.",넌 마을에 남아야 해 정글로 돌아오면 안 돼
548,1:03:59,"-But the jungle is my home.
-No, it isn't. Not anymore.","- 정글은 내 집인걸
- 아니, 이젠 아니야"
549,1:04:02,I can't stay here.,여기 있을 순 없어
550,1:04:05,"-Yes, you can.
-I can't.","- 할 수 있어
- 안 돼"
551,1:04:07,You will learn to understand their ways.,"인간들 방식을
이해하게 될 거고"
552,1:04:10,You may even grow...,시간 지나면...
553,1:04:12,to like it.,좋아하게 될걸?
554,1:04:15,"It will be all right,",걱정할 거 없어
555,1:04:16,little brother.,아우야
556,1:04:17,"How do you know? You've never spent a day
outside the jungle.","어떻게 알아? 정글 밖에서
하루도 안 살아봤으면서"
557,1:04:28,I was born among man.,"난 인간들 사이에서
태어났다"
558,1:04:35,I bear the marks of the collar.,목줄 자국도 남아 있지
559,1:04:39,Under my chin.,턱 아래에
560,1:04:44,"I lived in a king's palace
in a cage just like this.","왕궁에서 살았어
이런 우리 안에서"
561,1:04:48,Fed through a slot.,밥은 구멍으로 받고
562,1:04:51,Man's entertainment.,인간의 오락거리였지
563,1:04:55,I only heard stories about the jungle.,"정글에 대해선
이야기로만 들었었다"
564,1:05:02,When I found you...,여러 계절 전에
565,1:05:04,all those seasons ago...,널 발견했을 때
566,1:05:09,I saw something in you.,너한테서 희망을 봤어
567,1:05:12,"And I thought I could teach you.
I thought I could...","가르치면 될 줄 알았지
내가 가르쳐서..."
568,1:05:18,teach you how to belong.,섞이게 하고 싶었어
569,1:05:21,To be like everyone else.,남들하고 똑같이
570,1:05:26,"But I was wrong, Mowgli.","하지만 내가 틀렸다, 모글리"
571,1:05:29,You weren't wrong.,틀리지 않았어!
572,1:05:35,I was wrong.,내가 틀렸어
573,1:05:38,Bagheera!,바기라...
574,1:05:42,I love you.,사랑해
575,1:05:55,I was another panther...,나도 우리 안에선
576,1:05:58,"in that cage, Mowgli.",지금과 전혀 달랐어
577,1:06:00,I bit...,물어뜯고
578,1:06:02,and I scratched...,할퀴고
579,1:06:05,and I spent my entire life fighting.,온종일 으르렁대며 보냈지
580,1:06:10,Until one day...,그러던 어느 날
581,1:06:12,I just stopped.,뚝 그쳤다
582,1:06:17,I stopped fighting.,저항을 그만뒀어
583,1:06:22,And I gained their trust.,그리고 신뢰를 얻었지
584,1:06:25,"Gain their trust, little brother.","신뢰를 얻어, 아우야"
585,1:06:36,Bagheera!,바기라...
586,1:06:38,Don't leave me here!,날 두고 가지 마
587,1:06:43,Come back!,돌아와!
588,1:08:05,Hey!,야!
589,1:08:55,You're a fast learner.,빨리 배우네?
590,1:09:02,Prefer mine cooked.,난 익힌 게 좋아
591,1:09:11,I noticed your scar.,네 상처 말인데...
592,1:09:21,Tiger.,호랑이 짓이지?
593,1:09:26,Looks like we've both got the same enemy.,"우리 둘의 적이
같은 놈인 것 같군"
594,1:10:07,It's nothing to worry about.,"걱정할 거 없어
괜찮아"
595,1:10:12,"It's all right, it's nothing.",괜찮아
596,1:10:51,"Here, you can keep this one.","자, 너 가져"
597,1:12:52,It's so you can hunt.,그걸로 사냥해
598,1:13:01,There.,됐다
599,1:13:56,"Hello, brother!","안녕, 형!"
600,1:13:59,"Hello, Mowgli.","안녕, 모글리"
601,1:14:04,You look different.,모습이 달라졌네
602,1:14:14,Why are you here?,왜 온 거야?
603,1:14:16,It's Shere Khan.,시어 칸 때문에
604,1:14:18,He's taken over.,전부 장악해서
605,1:14:20,We've had to leave home.,우린 집에서 쫓겨났어
606,1:14:21,"Those of us
who still stand by Akela, anyway.","여전히 아켈라 편인
늑대들은 다"
607,1:14:23,And... the others?,다른 늑대들은?
608,1:14:26,"They come in groups, in the night.",밤이면 떼 지어 나타나서
609,1:14:29,Threaten us.,우리를 위협해
610,1:14:31,Our own people.,같은 늑대들끼리
611,1:14:35,It's not my problem anymore.,이젠 내 문제 아니야
612,1:14:37,"-Mowgli...
-It's not my problem.","- 모글리...
- 내 문제 아니라고"
613,1:14:39,"We've been pushed to the very edge
of the jungle.","우린 정글 끝자락까지
밀려났어"
614,1:14:42,And Khan won't stop killing man's cattle.,"칸은 인간의 소를
계속 죽일 거고"
615,1:14:45,Brother...,동생아...
616,1:14:48,We're afraid of what man might do to us.,"인간들이 우리를
가만 안 둘 거야"
617,1:14:54,"The pack needs you, Mowgli.","우린 네가 필요해, 모글리"
618,1:14:57,They didn't need me when I was cast out.,"내가 쫓겨날 땐
모른 척했으면서"
619,1:15:06,Please!,제발!
620,1:15:09,Come home.,집에 가자
621,1:15:20,This is my home now.,이젠 여기가 내 집이야
622,1:17:01,"Lockwood,",록우드
623,1:17:04,"when will you kill the tiger?
He has killed many cattle.","소가 여럿 죽었는데
호랑이는 언제 잡을 거죠?"
624,1:17:09,A clever beast.,영리한 짐승이에요
625,1:17:12,Knows how to cover his tracks.,흔적을 기막히게 지우죠
626,1:17:16,Have you ever missed?,사냥감을 놓친 적 있어요?
627,1:17:21,"Just once,",딱 한 번
628,1:17:23,just once.,딱 한 번요
629,1:17:27,Tiger?,호랑이?
630,1:17:31,Elephant.,코끼리요
631,1:17:37,"I did get one of his tusks, though.",그래도 상아 하나는 건졌죠
632,1:17:40,I have never missed a kill since.,"그 후로
사냥감 놓친 적 없어요"
633,1:17:52,I will get your tiger.,그 호랑이 꼭 잡을게요
634,1:17:59,"I have no doubt, I will get him.","의심할 거 없어요
꼭 잡을 거니까"
635,1:18:05,I will get him.,잡는다고요
636,1:20:04,Beautiful...,멋지지?
637,1:20:06,isn't he?,안 그래?
638,1:20:12,My first albino.,알비노는 처음이야
639,1:20:18,And this,그리고 이건...
640,1:20:19,is my own personal menagerie.,나만의 야생동물 전시장이지
641,1:20:29,You don't understand,하나도 못 알아듣지?
642,1:20:33,"a word I'm saying, do you?",내가 지금 하는 말
643,1:20:43,We can't all be scholars.,모두 학자가 될 순 없어
644,1:20:49,Because God knows I'm not.,나도 학자는 아니거든
645,1:22:48,"I will show you the hunter
who took this...","상아를 가져갔던
사냥꾼에게 안내할 테니"
646,1:22:53,"if you help me rid the jungle
of the tiger.","정글에서 호랑이를
없애게 도와줘라"
647,1:23:00,"Shere Khan has brought us
nothing but chaos.","시어 칸은 우리한테
혼란만 가져다줬어요"
648,1:23:11,"Akela, we must kill the tiger.","아켈라, 호랑이를
꼭 죽여야 해요"
649,1:23:15,I would rather die,정글의 법을 어기느니
650,1:23:18,than break with the laws of the jungle.,차라리 죽음을 택하겠다
651,1:23:21,And our people...,우리 무리...
652,1:23:24,your friends...,네 친구들은
653,1:23:26,are with me.,나와 함께한다
654,1:23:28,"But I'm not bound
by those laws anymore, Akela,","전 이제 그 법에
얽매이지 않아요, 아켈라"
655,1:23:31,and this is not the jungle you once knew.,"여긴 예전의
그 정글도 아니고요"
656,1:23:34,"When you were a cub,",네가 새끼였을 때
657,1:23:35,I looked you in the eye and saw no fear.,"네 눈을 봤더니
두려움이라곤 없었다"
658,1:23:39,"I believed then that one day
you would bring peace to the jungle.","그땐 믿었지 언젠가 네가 정글에
평화를 가져올 거라고"
659,1:23:46,"But you have become a man now, Mowgli.","하지만 너도 인간이 됐구나
모글리"
660,1:23:49,I am not a man.,난 인간이 아니에요
661,1:23:52,But neither am I a wolf.,하지만 늑대도 아니죠
662,1:23:59,"-Which of you will follow me?
-We can't, Mowgli.","누가 날 따라올래요? 우린 못 가, 모글리"
663,1:24:05,The jungle law is sacred.,정글의 법은 신성하다
664,1:24:11,Bagheera.,바기라
665,1:24:20,"Tomorrow, the tiger dies.",내일 호랑이는 죽어요
666,1:25:09,Khan!,칸!
667,1:25:19,"The boy needs us, Akela.",아이한텐 우리가 필요해요
668,1:25:25,Here I am!,내가 왔다!
669,1:25:30,Khan!,칸!
670,1:25:56,"Look at you,",이것 보게
671,1:25:58,using a man's tool to do your killing.,"인간의 도구를 써서
날 죽이려 하다니"
672,1:26:05,What would Baloo and Bagheera think?,"발루와 바기라가
뭐라고 할까?"
673,1:26:18,What's he doing?,쟤 뭐 하는 거야?
674,1:28:22,There's your hunter!,네가 찾는 사냥꾼이야!
675,1:28:39,Let's go.,가자
676,1:29:12,"You know, I can still hear",아직도 귀에 생생하다
677,1:29:14,your mother's screams,네 엄마의 비명
678,1:29:17,the night I took her life.,내가 목숨을 뺏던 그 날
679,1:30:35,Akela!,아켈라!
680,1:30:41,"Forgive me for doubting you, Mowgli.","너를 의심한 나를 용서해라
모글리"
681,1:30:50,It is your time now.,이제 네 시간이 왔다
682,1:30:57,Lead them.,저들을 이끌어
683,1:33:45,"Sleep now, Shere Khan.","잘 자, 시어 칸"
684,1:33:48,Be angry no more.,그만 노여워해
685,1:34:27,"With the tiger and the hunter now gone,",호랑이와 사냥꾼이 사라지며
686,1:34:31,the future shimmered from darkness...,미래는 어둠에서 빛으로
687,1:34:36,into light.,반짝였다
688,1:34:38,"Mowgli,",모글리
689,1:34:40,"man and wolf,",인간이자 늑대이고
690,1:34:42,"both and neither,","둘 다이기도
아니기도 한 그가"
691,1:34:45,had given the jungle a voice.,정글에 목소리를 주었다
692,1:34:49,"And for as long as he stood watch,",그가 지키고 서 있는 한
693,1:34:51,it would speak a lasting peace.,정글엔 평화가 계속될 것이다
