,Time,Subtitle,Translation
0,35s,HICCUP: Pull!,간다!
1,41s,"Whoo-hoo! Nice! That's how we do it, bud.","좋았어
역시 우린 환상의 콤비야"
2,48s,Snotnut wins!,스텔라가 이겼지롱
3,53s,ASTRID: One out of two ain't bad.,"너희 중 하나는
잘하더라"
4,54s,"And for what it's worth, I always knew red was your color.","예상은 했지만
빨간색 완전 잘 어울리네"
5,57s,"Aw, Astrid, thank you.","고마워, 아스트리드"
6,59s,I was talking to Toothless.,투슬리스 얘기한 건데
7,1:01,TUFFNUT: Hey. What do you guys think of my face paint?,내 얼굴 어떤 것 같아?
8,1:05,"What? Too subtle? Yeah, just a bit.","- 너무 약한가?
- 조금"
9,1:09,"Yeah? Well, at least I didn't paint my face to look like a target.","그래? 적어도 난
과녁처럼 그리진 않았잖아"
10,1:11,A not-subtle target.,‘날 쏘세요’하고 있네
11,1:13,I'll have you know that this is the official Ingerman family crest.,"이건 바이킹족
전통 문양이라고"
12,1:17,Wow. Two circles and a line.,"한 줄로 연결된
동그라미 두 개라"
13,1:19,How creative.,창의적이기도 하셔라
14,1:25,Snotlout! (LAUGHS) (BLEATING),스텔라!
15,1:27,I told you my sheep launcher would work.,"양 발사 장치
잘될 거라고 했지"
16,1:29,Yeah. It only took 32 tries to get it right.,"그러네
32번 만에 성공했으니"
17,1:36,Bull's-eye.,명중이네
18,1:52,(BLEATING) WOMAN: Viking.,바이킹들이란
19,1:53,Twenty-nine!,29번!
20,1:58,(GRUNTS) That sheep is a maniac.,미치광이 양이다
21,2:00,Thirty!,30번!
22,2:03,That sheep is invincible.,뵈는 게 없는 양이야
23,2:05,SNOTLOUT: Thirty-one!,31번!
24,2:09,SNOTLOUT: Seventy-four! (HUMMING),74번!
25,2:15,That sheep is insane!,제정신 아닌 양이네
26,2:17,"Well, you know what they say.",이런 말도 있잖아
27,2:18,You can't make an omelet without breaking a few legs.,"다리가 부서지지 않고는
큰일을 할 수 없다고"
28,2:21,(STAMMERING) That's actually not the saying.,"그런 말 없거든 없다고?
가서 사과해야겠다"
29,2:23,It isn't? Then we need to send out some apologies.,"없다고?
가서 사과해야겠다"
30,2:25,Yeah. We better start with Mom.,엄마한테 먼저 사과해
31,2:28,Clearly my sheep launcher is ready for today's dragon race.,"양 발사 장치를
오늘 경주에 써야겠어"
32,2:31,"Wait, wait, wait. Who says you get to decide?","기다려 봐
그걸 왜 네가 결정해?"
33,2:34,I do. Snotlout invented the sport.,"이 경주는
내가 생각해낸 거니까"
34,2:36,(CHUCKLES) What? You invented dragon racing?,"드래곤 경주를
네가 만들었다고?"
35,2:39,"Duh! Dragon racing, my idea.","당연하지
내가 만들었고말고"
36,2:42,(SCOFFS) I think one of those flying sheep hit you in the head.,"떨어지는 양을 맞아서
제정신이 아닌 것 같은데"
37,2:46,"While that may be true,","그럴지도 모르지만
내가 이 경주 만든 건"
38,2:47,it doesn't change the fact that I came up with dragon racing.,"그럴지도 모르지만
내가 이 경주 만든 건 변함없는 사실이니까"
39,2:50,That's really not how I remember it.,그건 아닌 것 같은데
40,2:53,"Oh, so now you're all about remembering things!","네가 모든 걸
기억하는 천재라는 거야?"
41,2:57,I don't even know how to answer that.,뭐라 할 말이 없네
42,2:59,I do. Let's think back. Shall we?,"난 있어
생각해 보자고"
43,3:02,It was a few days before the big annual regatta.,"레가타 경주하기
며칠 전이었지"
44,3:05,"SNOTLOUT: Uh, I know that. Just listen!","- 알거든
- 일단 들어!"
45,3:07,Okay. Okay. Ugh! Someone didn't get her beauty sleep.,"알았어, 간밤에
잠 설친 모양이군"
46,3:11,(GROANS) I'm all ears.,내 귀는 무사해
47,3:13,"As I was saying, we were getting ready for the big regatta.","다시 얘기하지 우린 레가타 경주를
준비하는 중이었어"
48,3:27,Incoming!,양이 온다!
49,3:31,This is outrageous!,정말 짜증 나는구먼!
50,3:36,"Ah, yes. Just another day in Berk. (BLEATS)","이런, 버크 섬은
오늘도 평화롭구나"
51,3:43,"(SIGHS) Gobber. So, what's going on here?","고버 아저씨
무슨 일이에요?"
52,3:47,Eh. Just a bit of rogue wool. Nothing old Gobber can't handle.,"양이 날뛰어서
이 몸이 해결하려고"
53,3:51,Where did all these sheep come from?,"이 양 떼는 대체
어디서 온 거예요?"
54,3:52,That would be Not So Silent Sven.,"‘조용한 스벤’ 농장의
양답지 않은데요"
55,3:55,"Apparently, the herd took a vote,",이놈들이 투표를 했는데
56,3:57,and they aren't too thrilled with the sound of his new voice. (SILENT SVEN SCREAMING),결과가 맘에 안 드나 봐
57,4:01,You ungrateful sack of fur.,"은혜도 모르는
털 뭉치 같으니라고!"
58,4:04,"Come back! Yeah, I get that.","- 이리 와!
- 이제 알겠네"
59,4:06,"Eh, okay, little lady.",거기 얌전한 아가씨
60,4:09,"I may be big, but I'm fast on my feet.","내가 덩치는 이래도
발은 엄청 빠르다고"
61,4:20,"(SCOFFS) Uh, Dad? Shouldn't you be getting ready for the big boat race?","아버지, 보트 경주
준비 안 해요?"
62,4:24,"Yes, the regatta.",준비해야지
63,4:26,And this is the last thing I need. (BLEATING),이러고 있을 때가 아니야
64,4:29,"So why don't you gather up the dragon riders,","당장 드래곤 라이더
싹 모아서"
65,4:31,"and get these sheep back in their pens, now!","양 떼를 다시
우리에 넣어버려!"
66,4:37,"If I have to hear that sound one more time,",이 소리를 또 듣느니
67,4:40,I'm going to put Gobber's hook through my own head.,"머리통에 고버 갈고리를
꽂아버리는 게 낫겠어"
68,4:43,Done it! Wouldn't advise it.,감사인사는 됐어요
69,4:45,"We will get this under control, Dad. Nothing to worry about.","저희가 처리할 테니
걱정 마세요"
70,4:50,"All right, gang. You know the drill.","가자
연습한 대로 해"
71,4:58,"Come on, girl. You got it! Whoa!","조금만 더
할 수 있어"
72,5:03,Hey! That little guy was mine!,이 양은 내가 찜했어
73,5:04,And now he's mine.,이젠 내 거야
74,5:07,"I know, girl. She's always so competitive. (GROWLING)","진정해, 쟨 항상
경쟁심 넘친단 말이지"
75,5:13,Two woolies in the tunnel. Let's gas 'em and blast 'em.,"동굴에 양 두 마리
어서 가서 잡아오자"
76,5:16,Let's slap 'em and pass 'em. And never even ask 'em. (CHUCKLES),"- 따끔한 맛 보여주지
- 두말하면 잔소리지"
77,5:19,All three of those things rhymed.,라임 잘 맞는데
78,5:22,All right!,"- 좋았어
- 이거야"
79,5:25,"Sheep in a barrel, baby.",내가 담았지롱
80,5:27,Hey! Come on!,"- 젠장
- 이럴 수가"
81,5:33,"Great job, bud. I see one more.","잘했어
저기 한 마리 더 있다"
82,5:37,"Okay, barrel roll. (BLEATS)",이제 통을 돌려
83,5:39,"Toothless, not so... (BLEATING)",이렇게 말고
84,5:43,I did not need to see that. (SHUDDERS),눈 버렸네
85,5:48,(SCOFFS) How many did you get?,얼마나 잡았어?
86,5:50,(BLEATING) Three.,세 마리
87,5:55,"Huh? Me, too.",나도
88,6:07,Ugh! What is that disgusting smell?,이 지독한 냄새는 뭐야?
89,6:10,(PANTING) Trust me. You don't want to know.,모르는 게 약이야
90,6:12,(CHUCKLES) Yeah. They like it. That's all that matters.,"어쨌든 양이 이 냄새를
좋아하니 됐어"
91,6:16,"Hey, sheep. No means no.","이봐!
분명 안 된다고 했어!"
92,6:18,"So, we all got three.",다들 세 마리씩 잡았네
93,6:20,SNOTLOUT: Ha! Not all of us.,"다들 세 마리씩 잡았네 다는 아니지
내가 잡아온 걸 보시라"
94,6:22,Get a load of Fishlug.,"다는 아니지
내가 잡아온 걸 보시라"
95,6:24,Big fat yak egg.,가득 담아왔지롱
96,6:26,"Oh, yeah? Show 'em, girl. (GURGLES)","그래?
보여줘"
97,6:37,"Well, I guess it's a tie.",다들 동점인 것 같은데
98,6:39,What's a tie? The sheep-catching competition.,"- 동점이라니?
- 양 잡기 대회 말이야"
99,6:42,"Oh, for... Does it always have to be a competition?","세상에, 항상 이렇게
경쟁해야 하는 거야?"
100,6:44,ALL: Yes! (GRUNTS),물론이지!
101,6:46,Where is he? Where is he? Where is my prized black sheep?,"어디 있는 거야?
내 까만 양 어디 갔어?"
102,6:50,(GASPS) He's still out there!,아직 못 잡았구나
103,6:53,I hope he didn't fall down the well again.,"또 우물에 빠지면
안 되는데"
104,6:54,"We'll check the well first, Sven. You know what this means?","- 우물부터 확인할게요
- 이게 무슨 뜻인지 알아?"
105,6:57,Tie-breaker. Not a competition!,"- 잡는 사람이 승자!
- 또 대회를 하자고?"
106,7:01,TUFFNUT: Yeah! ASTRID: All right!,"- 맞아!
- 좋았어!"
107,7:02,TUFFNUT: This is awesome! SNOTLOUT: I will crush you all!,"- 신난다
- 다 이겨주겠어!"
108,7:11,"Dark wool, dead ahead. Get it! Get it! Get it!","까만 양이다, 저기야
잡아"
109,7:15,(GRUNTS),새끼 야크였잖아
110,7:17,Stupid baby yak.,"새끼 야크였잖아 저기야
빨리 가자"
111,7:19,"HICCUP: Come on, bud. Come on, bud.","저기야
빨리 가자"
112,7:21,You got him. SNOTLOUT: Don't let him get in your head.,"- 할 수 있어
- 그렇게는 안 되지"
113,7:27,Hey!,이봐
114,7:28,"Gobber, look out! (GOBBER GROANING)",조심해요!
115,7:31,Should have seen that one coming.,어째 이런 일이
116,7:37,This is outrageous! Hmm!,정말 짜증 나는구먼!
117,7:42,"Aw, Hiccup, I'll see you later. (LAUGHS)","이따 보자고, 히컵"
118,7:47,"Thank you so much, Gobber. What was so important?","눈물 나게 고맙네요
대체 무슨 일인데요?"
119,7:50,"Eh, let me think.","- 뭐였더라
- 히컵"
120,7:51,"Hiccup, get over here!","- 뭐였더라
- 히컵 - 이리 와 봐
- 맞다"
121,7:54,"Ah, that's it. Chief wants to see you.","- 이리 와 봐
- 맞다 족장님이 할 말이 있대
중요하다던데"
122,7:56,(WHISPERING) Says it's important.,"족장님이 할 말이 있대
중요하다던데"
123,7:59,Great. GOBBER: Don't mention it.,"- 잘됐네요
- 감사인사는 됐어"
124,8:03,"STOICK: Hiccup, I'm leaving town for a couple days on official business.","출장 때문에 며칠 동안
내가 마을에 없을 거야"
125,8:07,(WHISPERING) I've managed to locate wood on Loki Island,"로키 섬에서
나무를 찾으려고"
126,8:10,that's lighter and stronger than anything we've ever seen!,"역사상 가장 가볍고
단단한 나무를 찾아서"
127,8:13,We're building our ship out of it!,배를 만들 거야
128,8:16,I'm leaving you in charge.,내가 없는 동안
129,8:18,You'll be Acting Chief while I'm gone.,"네가 임시 족장이
되어줘야겠어"
130,8:20,Your sole focus is...,"- 신경 쓸 거라곤...
- 맞춰 보죠"
131,8:22,"Oh, let me guess. The regatta.","- 신경 쓸 거라곤...
- 맞춰 보죠 레가타 보트 경주요"
132,8:25,"Well, don't look so excited.",신나 보이지 않는구나 완전 신나요
133,8:28,"Oh, I'm excited. I love setting up stands and putting up banners","현수막 장식하는 것만큼
재미있는 게 없잖아요 다들 모여서
떠나는 보트를 지켜보고"
134,8:33,and getting everyone fired up to watch,"다들 모여서
떠나는 보트를 지켜보고"
135,8:34,boats sail slowly across the harbor.,"다들 모여서
떠나는 보트를 지켜보고 보트는 천천히 가겠죠"
136,8:38,"Hiccup, we Vikings have always had something to fight about.","우리 바이킹족은
항상 뭔가와 싸워왔어"
137,8:41,Be it dragons or Dagur or Alvin.,"드래곤이나 다굴
앨빈을 상대로!"
138,8:44,"If we're not fighting something, we're fighting each other.","싸움거리가 없으면
서로 싸우지"
139,8:51,(GRUNTS) I rest my case.,바로 저렇게
140,8:53,"Look, the regatta's a good way to blow off steam.","레가타로 이런 걸
해소할 수 있다고"
141,8:56,"Ah, it's sort of old.",구식이네요
142,8:59,Couldn't we come up with something a bit more current?,"좀 더 나은 걸
할 수 없나요?"
143,9:01,"Hiccup, it's a tradition.",이건 우리 전통이고
144,9:03,"And it's worked for many, many a year. Thank you very much.","오랫동안 효과적이었으니
알아서 잘해봐"
145,9:07,"All right, Dad. I got it. We both do. Right, bud?","알겠어요
너도 알았지?"
146,9:10,(LAUGHS) That's my boy!,그래야지
147,9:17,Wow. (SCREAMS),"세상에 뭐야, 피쉬레그
깜짝 놀랐잖아"
148,9:18,"Oh, Fishlegs, please. Do you know how creepy that is?","뭐야, 피쉬레그
깜짝 놀랐잖아"
149,9:21,"Sorry, Hiccup. I just couldn't help overhearing.","미안, 나도 모르게
엿들어 버렸네"
150,9:23,You're in charge of the regatta? Do you know what an honor that is?,"레가타 책임자라니
진짜 대단하다"
151,9:27,It's...,그건 마치...
152,9:29,How do I find the words?,"- 뭐라고 얘기해야 하지?
- 보트 경주?"
153,9:30,"A boat race? Hiccup, Hiccup, Hiccup.","- 뭐라고 얘기해야 하지?
- 보트 경주? 히컵, 그런 말은..."
154,9:33,That's like saying a Gronckle is just a dragon.,"그롱클이 그냥
드래곤이라는 거랑 같아"
155,9:36,"Oh, hey, Meatlug. (GROWLS)","안녕, 미트러그"
156,9:38,Wait.,잠깐
157,9:41,What do you guys have going on over there?,거기서 뭐 하는 거야?
158,9:43,"Whoa, whoa, whoa. Not so fast!",조용히 얘기해
159,9:44,Top secret stuff under there.,이거 특급 비밀이거든
160,9:46,Meatlug and I have been working day and night,"바이킹족의 전통을
이어가려고"
161,9:48,to carry on the Ingerman family tradition.,밤낮으로 일하고 있어
162,9:51,It's our first regatta. I'm finally old enough. Isn't that exciting?,"드디어 레가타에
출전하게 되다니 정말 신나
나 좀 안아줘"
163,9:54,"Oh, girl, just hold me!","정말 신나
나 좀 안아줘"
164,9:56,"(LAUGHING SARCASTICALLY) Oh, I can hardly contain myself.",신나 죽겠네
165,10:00,"TUFFNUT: All right, so here's how it works.",어떻게 하는지 알려줄게
166,10:02,"The sheep are hidden everywhere, which means you can't see them.","양은 여기저기 숨어있으니
우리한텐 안 보여"
167,10:06,"Hence, the hidden part.",그래서 숨어있는 곳은?
168,10:08,"Oh, somebody's been paying attention. (CHUCKLES) All right. Wait, where was I? The sheep.","제대로 듣고 있었구나
어디까지 얘기했지?"
169,10:12,"Of course I was, Ruffnut.","- 양
- 맞아, 러프넛"
170,10:14,"The sheep are hidden, but we are not.","양은 숨어있고
우린 아니지"
171,10:17,Not what? Not hidden. Ugh.,"- 뭐가 아니야?
- 안 숨어 있다고"
172,10:19,Someone has not been paying attention.,집중 좀 하라니까
173,10:21,Anyway. Grab as many sheep as you can.,양을 최대한 많이 잡아
174,10:23,"If two riders get to one sheep at the same time, you can tear it in half!","라이더 둘이 동시에
같은 양을 잡으면 반으로 찢는 거야
그럼 점수도 반이지"
175,10:27,Half a sheep equals half a point.,"반으로 찢는 거야
그럼 점수도 반이지"
176,10:30,"Ugh, gang, I hate to be that guy,",이렇게 얘기하긴 싫지만
177,10:33,"but, uh, no, there isn't going to be any sheep tearing in the near future.","양을 반으로 찢을 일은
없을 거야"
178,10:36,Why not?,"양을 반으로 찢을 일은
없을 거야 - 왜?
- 왜냐면"
179,10:38,"Because there isn't going to be any dragon-sheep racing. Hey, who made you Chief?","- 드래곤 경주 안 할 거니까
- 누가 너보고 족장 하래?"
180,10:42,Stoick. So? Who made Stoick Chief?,"- 족장님이
- 그분은 왜 족장인데?"
181,10:46,Just wondering.,"- 그냥 궁금해서
- 얘들아"
182,10:47,"Look, guys, I've been given strict","- 그냥 궁금해서
- 얘들아 난 레가타 준비하라는
지시를 받았어"
183,10:49,instructions to prepare for the regatta.,"난 레가타 준비하라는
지시를 받았어"
184,10:51,"Oh, man! Come on!","- 뭐야
- 왜 이래"
185,10:53,"Astrid, will you please back me up on this?","아스트리드
나 좀 도와줄래?"
186,10:56,Okay. (SIGHS),알았어
187,10:58,"Guys, you heard the Acting Chief.","다들 임시 족장님
말 들었지?"
188,11:01,No dragon racing. Thank you.,"- 드래곤 경주는 안 돼
- 고마워"
189,11:11,"Oh, you gotta be kidding.","헐
장난하나"
190,11:13,TUFFNUT: Yeah!,잡았다!
191,11:15,Thank you very much.,고마워
192,11:16,"Hey, half that sheep is mine.",그 양 반쪽은 내 거야
193,11:18,"Yeah, and half of that half is mine!",반의반은 내 거야!
194,11:20,Sorry!,미안
195,11:22,"Oh, really, Astrid? Where's the love for the Acting Chief?","아스트리드, 이러기야?
내 편 들 땐 언제고"
196,11:25,This is better than the regatta!,이게 레가타보다 낫네
197,11:32,"CROWD: (CHANTING) Dragon race! All right. Come on, everyone. Let's just take a seat.","여러분, 진정하시고
일단 앉으세요"
198,11:35,"Dragon race! Can you help me, bud? (GROWLS)","- 드래곤 경주!
- 나 좀 도와줄래?"
199,11:40,Okay. I know you all had a lot of fun today,"오늘 여러분이
즐거웠던 거 알아요"
200,11:43,with the dragon academy doing exactly,"드래곤 아카데미에서
안 하겠다고"
201,11:46,what they promised they would not do.,"드래곤 아카데미에서
안 하겠다고 - 맹세했던 일을 해서요
- 난 맹세 안 했는데"
202,11:47,I didn't make any promises.,"- 맹세했던 일을 해서요
- 난 맹세 안 했는데"
203,11:49,Did you? Not a one.,"- 그랬어?
- 물론이지"
204,11:51,"All right. I know you all want to blow off steam,","여러분들의
스트레스 해소에 레가타보다 좋은 게
뭐가 있겠어요?"
205,11:54,"but, hey, what could be better than a spirited regatta?","레가타보다 좋은 게
뭐가 있겠어요?"
206,11:59,"Oh... I'll tell you what's better. Anything not named ""regatta.""","그놈의 레가타만 빼면
다 괜찮을 거야"
207,12:04,And how about a dragon race?,드래곤 경주는 어때요?
208,12:06,(CHANTING) Dragon race! ALL: (CHANTING) Dragon race!,"- 드래곤 경주!
- 드래곤 경주!"
209,12:11,"Dragon race! What's wrong, Hiccup?","왜 그래, 히컵?
너랑 투슬리스가"
210,12:12,"You afraid you and Toothless are no match for 5,000 pounds of muscle?","왜 그래, 히컵?
너랑 투슬리스가 2,200kg짜리 근육에
질까 봐 겁나?"
211,12:16,Wow. Sounds like Snotlout's calling someone out.,"스노트가 누군가를
도발하는데?"
212,12:21,"You're supposed to be on my side, Astrid.","아스트리드
도와주기로 했잖아"
213,12:23,"All I'm saying is, Stoick isn't going to be back for a few days,","내 말은
족장님은 여기 없고 스트레스 해소할
좋은 방법이 있다는 거지"
214,12:28,"and isn't this a great way to blow off steam, too?","스트레스 해소할
좋은 방법이 있다는 거지"
215,12:32,HICCUP: The sheep start at Silent Sven's farm.,"양 떼는 ‘조용한 스벤’
농장에서 출발하고"
216,12:35,The racers will be at the academy.,"경주는 아카데미에서
시작할 거야"
217,12:36,"On the start, the sheep are released.","시작하면
양 떼를 풀어놓고"
218,12:38,"Once caught, we drop them in the baskets.","양을 잡아와서
통에 넣는 거지"
219,12:40,Any other suggestions?,다른 의견 있어?
220,12:41,"Teams. What do you mean, teams?","- 팀을 짜자
- 팀이라니?"
221,12:43,We should have teams.,"- 팀이 있어야 해
- 그래?"
222,12:44,Really? And how do you propose we pick these teams?,팀은 어떻게 정할 건데?
223,12:47,"Oh, we already did. Me and the Twins against you, Astrid and Fishface.","나랑 쌍둥이 대
너, 아스트리드, 피쉬레그"
224,12:51,Yeah. We even have a team name. Snotnuts.,"- 팀 이름도 정했어
- ‘스노트넛’"
225,12:54,"Wow, how did I not think of that first?","내가 어쩌다
그런 이름을 놓쳤을까?"
226,12:56,I think that's pretty obvious.,"그거야 뻔하지
라이더 중에선"
227,12:58,"I mean, we're sort of the more creative element of the group.",우리가 제일 똑똑하니까
228,13:01,This is gonna be too easy.,누워서 떡 먹기겠군
229,13:04,"Sorry, Hiccup. Can't do it.","미안, 난 못 하겠어"
230,13:05,Can't afford to take one moment away from my preparations.,"레가타 준비할 시간도
모자라거든"
231,13:08,"And frankly, I am surprised that you would","거기다 네가 사람들의
변덕에 놀아나서"
232,13:11,shirk your responsibilities as Acting Chief,"거기다 네가 사람들의
변덕에 놀아나서 이렇게 결정한 것도
사실 좀 놀라워"
233,13:13,and give over to the whims of the masses.,"이렇게 결정한 것도
사실 좀 놀라워"
234,13:15,"(STAMMERING) What? I'm not giving over to anything. Come on, Fishlegs.","- 난 놀아난 게 아니야
- 이러지 마, 피쉬레그"
235,13:19,Wouldn't you love to take out Snotlout and the Twins?,"스노트랑 쌍둥이들
이기면 좋지 않겠어?"
236,13:23,Or should I say Snotnuts? (CHUCKLING) Snotnuts?,"- ‘스노트넛’이라 해야하나?
- ‘스노트넛’?"
237,13:27,How long did it take them to come up with that?,"그 이름 짓는 데
얼마나 걸렸을까?"
238,13:29,"(GROWLING) As tempting as it is,",혹하긴 하지만
239,13:30,Meatlug and I have one thing on our minds and one thing only.,"미트러그랑 난
이 일에 푹 빠져있어"
240,13:33,We are going sailing.,우린 보트를 탈 거야
241,13:35,"Now, if you'll excuse me,","이만 가 볼게
난 미트러그랑"
242,13:37,my first mate and I have some last-minute preparations to do. (FISHLEGS HUMMING) (CLATTERING),"막바지 준비를
해야 하거든"
243,13:41,Huh. I don't know.,"에라, 모르겠다"
244,13:44,MAN: Come on!,덤벼봐!
245,13:54,"All right, gang. When Gothi drops that flag, we race.","고디가 깃발 내리면
경주 시작하는 거야"
246,13:57,"SNOTLOUT: Hey, losers.","- 패배자들아!
- 왜?"
247,13:58,BOTH: What? Oh.,"- 패배자들아!
- 왜? 미안, 우리 불렀어?"
248,14:00,"Sorry, were you talking to us?","미안, 우리 불렀어?"
249,14:02,"No, I was talking to the other team.","아니, 히컵네 팀
부른 거야"
250,14:03,You guys aren't the losers. You're part of me. I'm a winner.,"너희는 나랑 팀이니
패배자가 아니지 - 난 이길 거라고
- 그런 거구나"
251,14:06,BOTH: Oh...,"- 난 이길 거라고
- 그런 거구나"
252,14:08,Makes sense.,"- 난 이길 거라고
- 그런 거구나 지금 대화하는 것처럼
경주하면"
253,14:10,"If you guys race as well as you trash talk, you're in big trouble.","지금 대화하는 것처럼
경주하면 지는 건 시간문제겠네"
254,14:14,"Oh, yeah? Well, welcome to Loserville.","흥, 패배자 마을에
입성하려나본데"
255,14:17,And I'm the mayor.,거기선 내가 대장이니
256,14:19,I'm gonna give you the key to being a loser. (LAUGHING),"패배자가 되는 걸
허락해주마"
257,14:23,"Wait. No, that doesn't work.","잠깐, 이건 별로였어"
258,14:42,(CHEERING) Yeah!,신난다!
259,14:50,"Come on, Toothless. (LAUGHING) Yeah!","- 가자, 투슬리스
- 우리도 간다!"
260,14:55,"All right, buddy, here we go. Here we go.","저기다
빨리 가자"
261,14:56,"Yes, white woolies.",양들이야
262,15:03,"Zippleback, baby.",두 명이니까 두 마리!
263,15:16,"Let's go, girl.",가자
264,15:20,I'm not turning. I'm not turning!,안 피할 거야!
265,15:21,"Well, neither am I!",나도 그렇거든
266,15:26,Knew it.,이럴 줄 알았지
267,15:32,"Here, little sheepy, sheepy. Don't worry.","귀여운 어린 양아 터프넛이 구해줄게
걱정 마"
268,15:35,It's just your old buddy... Ah!,"터프넛이 구해줄게
걱정 마"
269,15:40,"Gotcha. Thanks, Tuff!","잡았다
고마워, 터프넛"
270,15:42,ALL: Sheep!,양이다!
271,15:48,And the teams are all tied up.,동점이에요
272,15:50,ALL: Black Sheep! Tie-breaker!,"까만 양 잡으면
이기는 거야"
273,15:53,TUFFNUT: There's the Black Sheep! Get it! Get it! Get it!,"까만 양이다
어서 잡아!"
274,16:00,"Dark wool, dead ahead. I love dark wool. (GRUNTS)","까만 양이 저기로 갔어
난 쟤가 좋더라"
275,16:12,Not backing off this time.,이번엔 안 물러서!
276,16:14,That's what you always say. Right before you back off.,"좀 전에 피했을 때도
그 얘기 했었잖아"
277,16:25,"Snotlout! Oh, no!","- 스노트!
- 안 돼"
278,16:28,"Astrid, are you all right?","아스트리드, 괜찮아?"
279,16:32,My arm! I can't believe you!,"내 팔!
어떻게 이럴 수 있어"
280,16:35,Sorry. I'll go get Gothi.,"미안, 고디 불러 올게"
281,16:39,Right after I drop this off!,"까만 양부터
통에 넣고"
282,16:41,Yeah! (LAUGHS) Snotlout!,내가 해냈어!
283,16:48,Bull's-eye.,명중이네
284,16:49,CROWD: (CHANTING) Dragon race! Dragon race!,드래곤 경주!
285,16:51,"No, no, guys.","드래곤 경주는
한 번만 하고"
286,16:53,"The deal was one dragon race, and then back to the regatta!","드래곤 경주는
한 번만 하고 레가타 하기로 했잖아요"
287,16:57,(CROWD BOOING),레가타 하기로 했잖아요
288,16:58,"Okay. Hey, everyone. Okay, okay.","여러분, 이제 진정해요"
289,17:01,Hiccup is right. What?,"- 히컵 말이 맞아요
- 뭐라고?"
290,17:04,Let's all start getting ready for the awesome boat race.,"다들 보트 경주를
준비해 주세요"
291,17:07,"I mean, it's not like he could beat Team Snotnuts anyway.","히컵이 ‘스노트넛’팀을
이길 수 없을 테니까요"
292,17:11,"Come on, Hiccup.",말도 안 돼
293,17:13,"Astrid, there is no way you can race like that.","드래곤 경주를
다시 할 순 없어"
294,17:15,"Sorry, folks. (CROWD JEERING) We can't have a rematch anyway.","안타깝지만
재시합은 힘들겠어요"
295,17:18,He doesn't even have a teammate.,팀원도 없으니까요
296,17:20,"Oh, yeah? Says who?",누가 그러디?
297,17:22,You're not seriously thinking about...,너 진심은 아니지?
298,17:24,"Hiccup, we've been over this. My allegiance is here.","히컵, 계속 얘기했잖아
난 보트 경주할 거라고"
299,17:28,I'm a sailor through and through.,"난 뼛속까지
뱃사람이거든"
300,17:30,There's nothing that can stop me from bringing home regatta gold.,"무슨 일이 있어도
레가타에서 우승할 거야"
301,17:41,Meatlug and I are gonna make sailing history.,"미트러그와 함께
새 역사를 쓸 거라고"
302,17:51,"Oh, no. Are you seasick?","이런, 뱃멀미 하니?"
303,18:00,What time is that dragon race again?,드래곤 경주 언제 한다고?
304,18:08,His new teammate is Fishlegs? (LAUGHS),"이번엔 피쉬레그랑
같은 팀이야?"
305,18:10,"They're so slow, we won't even have to use your super-secret plan.","쟤네 너무 느려서
네 작전도 필요 없겠어"
306,18:14,"Exactly. Wait, what was the plan again?","- 그러게
- 무슨 작전이었지?"
307,18:16,Racers ready.,선수들 준비하시고
308,18:20,And... STOICK: Hiccup!,"- 자...
- 히컵!"
309,18:27,"Dad! Well, welcome back.","아버지, 오셨어요?"
310,18:30,Early.,"빨리 오셨네요
제가 설명할게요"
311,18:31,I can explain. I hope so.,"빨리 오셨네요
제가 설명할게요 그래야 할 거다, 레가타를
준비한 것 같진 않구나"
312,18:33,Because these don't look like regatta decorations to me.,"그래야 할 거다, 레가타를
준비한 것 같진 않구나"
313,18:37,"So, Dad, uh, you know, being Acting Chief means that","아버지도 아시겠지만
족장이라면 어려운 결정을
해야 할 때가 있잖아요"
314,18:41,sometimes I have to make hard choices for the good of the people.,"어려운 결정을
해야 할 때가 있잖아요 사람들을 위해서요"
315,18:46,"So I had to make one of said really hard choices,","그래서 저도
한참 고민한 끝에"
316,18:50,and I chose to replace the regatta with dragon racing.,"레가타 대신
드래곤 경주를 하기로 했죠"
317,18:56,"Oh, really? And you did this by yourself?",그러냐? 네 스스로 결정한 거고?
318,19:03,"(SIGHS) Yep, yep. Just me.","네, 제가 했어요"
319,19:07,Totally contradicting my orders.,내 지시를 거스르면서?
320,19:09,"Yep, yep. Again, that would be yes, again.","네, 그것도 맞아요"
321,19:12,"Well, well, well.",이런
322,19:13,I suppose there's only one thing left for me to do.,"내가 할 일이
한 가지 남았구나"
323,19:16,"Oh, Thor. Run the dragon race. (CROWD CHEERING)","- 토르 신이시여
- 드래곤 경주를 해라"
324,19:19,Wait. What?,"잠깐, 뭐라고요?"
325,19:20,You heard me.,"들었잖아
이왕 할 거면"
326,19:22,"But if we're gonna do it, we're gonna do it right.","들었잖아
이왕 할 거면 제대로 해야지"
327,19:26,"Now, get everyone together. I have some ideas.","다들 모여요
좋은 생각이 있어요"
328,19:35,"Face paint! Nice touch, Dad.","얼굴에 그림이라니
좋은 생각이에요"
329,19:37,"Well, it does give a warrior feel, doesn't it?","꼭 진짜 싸움터에
나가는 것 같잖아"
330,19:43,"Oh, yeah. (CLEARS THROAT)",좋았어
331,19:45,Welcome to the first annual Berk Dragon Race!,"제 1회 버크 드래곤 경주를
시작하겠습니다"
332,19:55,We have two teams.,"두 팀이 참가하는데
초록 팀은"
333,19:57,"The green team, Team Snotnuts. (CROWD CHEERING)","두 팀이 참가하는데
초록 팀은 ‘스노트넛’이고"
334,20:01,"And the red team, Team Hicclegs? (CROWD CHEERING)","빨강 팀은
‘히클렉’입니다"
335,20:04,Mmm-hmm. I thought of that.,"팀 이름
제가 지었어요"
336,20:06,"(CHUCKLES) Yes, Fishlegs. That's quite apparent.",그럴 것 같았다
337,20:09,All right. Each sheep is worth one point.,"양 한 마리당
1점이고"
338,20:12,"Except the Black Sheep, which is worth five.",까만 양은 5점입니다
339,20:15,I've appointed a referee to make sure there's no funny business.,"부정행위가 없도록
레프리가 감시할 겁니다"
340,20:20,Why does he always look directly at us when he says that?,"저런 얘기할 때
왜 우리를 보는 거지?"
341,20:23,The winner of today's race will have,"우승자는 초상화가
대회당에 걸릴 것이며"
342,20:25,their portrait hung in the great hall,"우승자는 초상화가
대회당에 걸릴 것이며 이를 축하하는
축제가 열릴 겁니다"
343,20:27,and a feast thrown in their honor.,"이를 축하하는
축제가 열릴 겁니다"
344,20:30,Might as well call it the feast of snot.,스노트의 축제가 되겠군
345,20:32,Snot feast. A feast of snot.,스노트 축제라...
346,20:35,STOICK: Are we ready?,준비됐습니까?
347,20:56,"FISHLEGS: Keep going, girl. Hey! Come on! (GRUNTS)","어서 가자
이런, 내 거였다고!"
348,20:59,"Nice try, Fishie! This wool is mine. (LAUGHS)",시도는 좋았지만 이 양은 내 거야
349,21:03,SNOTLOUT: Snotlout!,딴 데 알아봐
350,21:11,"Hey, out of the way! Move!","이봐, 비켜!"
351,21:21,"(BLEATING) TUFFNUT: In your face, Hiccup.",대담한데
352,21:23,Two sheep.,그건 인정해주지
353,21:25,"I mean, not in your face, but, you know, that we got them. That's in your face.","그래도 우리가
두 마리나 잡았어"
354,21:27,"Uh, you were saying?",뭐라고?
355,21:35,ASTRID: Another score!,또 득점했네요
356,21:36,(GOBBER LAUGHS),"또 득점했네요 구식 보트 경주보다
이게 훨씬 낫네, 그렇죠?"
357,21:38,"Beats the heck out of the old boat race, doesn't it, Chief?","구식 보트 경주보다
이게 훨씬 낫네, 그렇죠?"
358,21:41,"Ah, boat race was good, too.",보트 경주도 괜찮았어요
359,21:50,"One mutton to go, with a side order of victory.","우승자한테
양 한 마리 추가요"
360,22:02,"Sorry, Snotlout. Your kitchen is closed.","안됐지만
거긴 영업 끝났어"
361,22:09,"You know, these aren't Sven's sheep.",이건 스벤 양이 아니잖아
362,22:10,No one will know the difference. (GASPS),아무도 모를 거야
363,22:13,That's because you won't be using them.,"왜냐면
못 데려갈 테니까!"
364,22:16,"Hey, come on. If you aren't cheating, you aren't trying. Right?","반칙도 안 한다면
우승 의지가 없는 거잖아?"
365,22:23,"That's it, girl. Fishlegs!","- 좋았어!
- 피쉬레그!"
366,22:25,Come on. Let's go. Hey!,"어서 잡아, 이런"
367,22:31,Hiccup!,히컵
368,22:36,Sweet!,멋지다
369,22:39,(CROWD CHEERING) It's all tied up.,동점입니다!
370,22:41,Hicclegs and Snotnuts are dead even at 25 points.,"‘히클렉’과 ‘스노트넛’팀이
각각 25점으로 동점이니"
371,22:44,Whoever catches the Black Sheep wins.,"까만 양을 잡는 팀이
우승할 겁니다!"
372,22:47,That's a go on the super-secret plan.,"비밀 작전을
실행해야겠어"
373,22:50,We gotta find that Black Sheep.,까만 양을 찾아야 해
374,22:52,I have an idea! Something Silent Sven said.,"스벤이 얘기했던 게
생각났어"
375,22:55,The Black Sheep always falls into...,까만 양은 항상...
376,22:56,The well!,"- 우물에 빠진다고!
- 맞아"
377,22:57,Exactly. Let's go.,"- 우물에 빠진다고!
- 맞아 가자"
378,23:02,"FISHLEGS: That's it. Steady, girl. Steady.","좋았어, 천천히 가"
379,23:04,TUFFNUT: Incoming! RUFFNUT: Here we go!,"- 지나갈게!
- 우리가 간다!"
380,23:07,TUFFNUT: (LAUGHS) I'm here all week. Try the mutton.,"약해 빠져서는
질 준비나 해"
381,23:11,The winner is Team Snotnuts.,"우승팀은
‘스노트넛’입니다"
382,23:19,"SNOTLOUT: Snotlout, you are good! (EXHALES)","스노트, 잘했어"
383,23:25,"Yeah! Well, Snotnuts. Congratulations.","- 아싸!
- 스노트, 축하한다"
384,23:29,"Hey, good game. In your one-legged dreams!","재미있었어
외다리로 제법 하던데"
385,23:34,The leg thing. That's appropriate.,"다리 얘기라니
그것 참 적절하네"
386,23:36,I've got three words for you. Undefeated.,"세 마디만 하지
‘난 무적의 스노트다’"
387,23:40,"Boy, do I enjoy your company. (BLEATING)",친구라 참 다행이네
388,23:43,"Not so fast, Snotlout. (CROWD GASPS)","기다려, 스노트"
389,23:50,What's going on here?,"무슨 일이지?
스벤!"
390,23:51,Sven! Oh...,"무슨 일이지?
스벤! 까만 양은 하나예요"
391,23:53,"There's only one Black Sheep, Stoick.",까만 양은 하나예요
392,23:56,"And it's ours. (BLEATING) Yes, that's right.","- 그걸 제가 잡았죠
- 맞아요"
393,23:58,"You're the real Black Sheep, aren't you?",네가 진짜 까만 양이지?
394,24:00,(BLEATING) Little sheepy. Little sheepy weepy.,우리 까만 예쁜이
395,24:02,Little shmeedy sheepy. MAN: Outrageous!,우리 귀요미
396,24:04,How could you? I am ashamed.,"어떻게 이럴 수가? 정말 부끄럽네요
죄송해요"
397,24:08,"I'm so sorry, everyone. Uh...","정말 부끄럽네요
죄송해요"
398,24:11,This was supposed to be quick-dry paint. Right?,"빨리 마르는
페인트라고 했는데 - 아닌가?
- 판정이 잘못됐어요!"
399,24:14,"We have a reversal, folks!","- 아닌가?
- 판정이 잘못됐어요!"
400,24:16,"With the real Black Sheep, the winner is Team Hicclegs!","진짜 까만 양을 가져온
오늘의 우승자는... ‘히클렉’팀입니다!"
401,24:31,You are officially relieved as Acting Chief.,"임시 족장 역할은
그만해도 되겠구나"
402,24:34,"Oh, thank Thor!","토르 신이시여
감사합니다"
403,24:36,"Dad, it's all yours.",이제 아버지한테 맡길게요
404,24:39,"Bud, let's get out of here before he changes his mind.","아버지 맘 바뀌기 전에
얼른 여길 뜨자"
405,24:46,"Huh, so, I guess technically it was Tuffnut who invented this sport.","맘에 들진 않지만
엄밀히 말하자면 터프넛이 이 게임을
개발했지"
406,24:51,"Ugh, which is disturbing.","터프넛이 이 게임을
개발했지"
407,24:53,"Yeah. Technically, it was. (BLEATING)",따져보면 그렇지
408,24:57,"That's, um, embarrassing.",좀 황당하긴 하지만
409,24:59,"Well, at least you came up with most of the rules.","게임 규칙 대부분은
네가 만들었잖아"
410,25:02,"Well, this is depressing.",이거 우울하구먼
411,25:03,"Look, we all played a part in it.","우리 모두
이 게임에 일조했어"
412,25:05,Really? What did I do?,난 뭘 했는데?
413,25:07,The cheating. That was all you.,반칙 담당이지
414,25:10,Yeah. Yeah! I did cheat! No one can take that away from me.,"맞아 내가 그랬지
반칙하면 스노트 님이지"
415,25:15,"Actually, he had no idea what we were doing.","사실 스노트는
아무것도 몰랐어"
416,25:18,Yeah. He wasn't even in on the super-secret plan.,"우리 비밀 작전에
끼워주지도 않았거든"
417,25:20,"Stop your yammering. Put your back into it, woman.","말 좀 그만하고
이거나 해봐"
418,25:24,Okay. How about we all invented dragon racing?,"다 같이 드래곤 경주를
개발했다고 하는 건 어때?"
419,25:27,Can we just say that?,"- 그래도 될까?
- 그럼"
420,25:29,"Oh, sure. But it wouldn't be accurate 'cause Snotlout did nothing.","근데 스노트는
정말 아무것도 안 했어"
421,25:32,"No thing. Zippo. Goose egg. Yeah, I said it.","하나도, 손톱만큼도
한 게 없다고"
422,25:35,It was like he wasn't even... (STRAINING),심지어 작전도 몰랐...
423,25:38,"TUFFNUT: ...there. I did, however, invent this. (LAUGHS)","- 한 방 먹었네
- 난 이걸 만들었잖아"
424,25:42,Snotlout! (HORN BELLOWING),스노트!
425,25:46,"That's right, bud. Race time.","알았어
경주 시작이다"
426,25:48,SNOTLOUT: Yeah! Let's do it! Whoo-hoo! RUFFNUT: All right!,"- 가자고!
- 좋았어"
427,25:51,"TUFFNUT: Hey, target face, this way. Ugh!","과녁 얼굴!
이쪽이야"
428,25:54,Ingerman family crest.,"바이킹족의
전통 문양이라니까"
429,25:55,Whoo-hoo!,"바이킹족의
전통 문양이라니까 게임을 만들진 않았어도
이길 거야!"
430,25:56,"I may not have invented this game, but I'm gonna win it!","게임을 만들진 않았어도
이길 거야!"
431,25:59,Not if we have anything to say about it.,"우리가
가만히 있다면 말이지"
432,26:01,"Toothless, let's take him down. Let's go, bud.","투슬리스, 본때를 보여줘
가자!"
