,Time,Subtitle,Translation
0,55s,"[boy narrating]:
In the year of our Lord 1442,","서기 1442년
투르크의 술탄은"
1,1:00,"the Turkish sultan enslaved
1,000 Transylvanian boys","트란실바니아의 사내아이
1000명을 노예로 끌고 가"
2,1:05,to fill the ranks of his army.,자신의 병사로 삼았다
3,1:10,"These child slaves
were beaten without mercy–","이 아이들은
무자비하게 얻어맞으며"
4,1:15,"trained to kill
without conscience,",살인 병기로 키워졌다
5,1:19,"to crave the blood
of all who defied the Turks.","투르크에 저항하는 자는
모두 잔인하게 죽이도록..."
6,1:31,"From among these boys,",그 아이들 중 하나가
7,1:33,"one grew into a warrior
so fierce",용맹스러운 전사로 성장했다
8,1:37,"that entire armies
would retreat in terror
at the mention of his name–","온 적군을 두려움에 떨게 한
그 전사의 이름은 바로..."
9,1:45,Vlad the Impaler.,‘공포의 블라드’였다
10,1:48,Son of the dragon.,일명 ‘용의 아들’...
11,1:54,"Sickened by his monstrous acts, Vlad came to bury his past
with the dead","전쟁에 염증을 느낀 그는
잔인한 과거를 묻은 채"
12,2:00,"and returned to Transylvania
to rule in peace.","트란실바니아로 돌아와
평화로운 통치에 전념했다"
13,2:04,His subjects called him prince.,그의 공식 직함은 대공
14,2:07,I called him Father.,나에겐 아버지였다
15,2:10,"But the world would come
to know him as",그러나 이후 세상은 그를
16,2:14,Dracula.,드라큘라로 불렀다
17,2:33,"I left it
where I found it.",발견한 곳에 그대로 뒀습니다
18,2:40,"What do you think, Vlad?",어떻게 할까요?
19,2:46,Bring it to me.,이리 가져와
20,2:59,This belongs to a scout.,척후병의 투구군
21,3:02,One of Hamza Bey’s men.,함자 베이의 병사야
22,3:04,"What the hell’s
a lone Turk doing out here?","투르크 병사가
혼자 여길 왜 온 거죠?"
23,3:07,"Turkish scouts
never travel alone.",투르크의 척후병은 혼자 안 다녀
24,3:10,"If there’s one, there’s more.",일행이 있을 거야
25,3:12,"And whatever they scout,
they conquer.",놈들은 정탐 후 쳐들어온다
26,3:24,This was washed downstream.,물살에 떠내려왔군
27,3:30,Came from up there.,저 위쪽에서...
28,3:33,Broken Tooth Mountain.,브로큰투스산...
29,3:36,Soon it will be night.,곧 밤이야
30,3:38,They’ll seek refuge.,쉴 곳을 찾을 거야
31,3:41,"Dumitru, I need you
to return to the castle.","디미트루
자넨 성으로 돌아가서"
32,3:43,"Alert the guards
and double the sentry.",경비 병력을 배로 늘려
33,3:45,"What?
I’m not leaving you here.",대공님을 두곤 못 갑니다
34,3:47,"For the Turks
to cross into my land
is a sign of war.","투르크군이 잠입한 건
전쟁의 징후야"
35,3:50,What are you going to do?,찾아내서 어쩌시게요?
36,3:52,"I’ll do what princes do best–
negotiate.",공국의 군주답게 협상해야지
37,3:56,"Nicolae, Andrei,
with me.","니콜레, 안드레이"
38,4:01,"[whistles]
Fall in!",정렬!
39,4:28,Anything?,뭐 좀 있어?
40,4:43,"[groans]
Smells like your feet.",아니 네 발 냄새가 나
41,4:59,They’re inside.,놈들이 안에 있다
42,5:00,How do you know?,어떻게 아세요?
43,5:02,"Bats don’t come out
during the day.",박쥐는 낮엔 안 나와
44,5:04,"Something’s
disturbed them.",뭔가에 놀란 거야
45,5:09,Come on.,가자
46,5:58,"What is it,
my lord?",왜 그러십니까?
47,6:01,The floor.,바닥에
48,6:03,It’s crushed bone.,뼛조각이 널렸어
49,6:05,The Turks didn’t do this.,투르크군 짓은 아냐
50,6:19,What’s that?,무슨 소리죠?
51,6:25,We leave. Now.,"나가자
어서!"
52,7:33,"The creature you encountered
was no accident, my prince.","그 괴물을 만나신 건
우연이 아닙니다"
53,7:37,"Four nights ago,
every brother in our order
awoke from an identical dream.","저희 수사들 모두
나흘 전에 같은 꿈을 꿨어요"
54,7:42,"I would not have
thought it possible",만약 저 역시
55,7:44,"had I not suffered
the same vision myself
that night–","그 꿈을 안 꿨다면
안 믿었을 겁니다"
56,7:48,"of a creature laying siege
to this holy place.","괴물이 수도원에
쳐들어오는 꿈이었죠"
57,7:54,"The Roman mystics
prophesized the coming
of a great evil–","로마인들도 거대한 악의
등장을 예언한 바 있어요"
58,7:58,a vampire.,뱀파이어
59,8:02,"From the Greek word pi–
""to drink.""","‘마신다’는 그리스어
‘파이’에서 유래된 말이죠"
60,8:07,"The beast was once
a mortal man",원래 인간이었던 그 괴물은
61,8:11,"who summoned a demon
from the depths of hell
to trade for his dark power.","어둠의 힘을 갖기 위해
지옥에서 악마를 불러냈답니다"
62,8:16,"The demon tricked the man,
granting his wish,","악마는 그의 소원을
들어주는 대가로"
63,8:20,"but his price was an eternity
condemned to the darkness
of that cave","영원히 동굴의 어둠 속에
갇히도록 저주를 내렸죠"
64,8:25,"where he remains
until he finds another","새로운 희생자가 나타나
그의 자리를"
65,8:29,to set him free.,대신할 때까지...
66,8:31,Now you know its true face.,한데 그를 직접 보셨군요
67,8:36,"The people of Transylvania
live in enough fear
of the Turks’ return.","내 백성은 투르크의
침략 공포에 시달리고 있소"
68,8:41,"Promise me you’ll guard
this secret, brother.",이 일은 비밀로 해주시오
69,8:55,Papa!,아버지!
70,8:57,[laughing] I missed you.,보고 싶었어요
71,9:00,"VLAD:
And I you.",나도 보고 싶었다
72,9:04,My big soldier.,내 용감한 전사
73,9:10,"What, an embrace
but no kiss?",포옹만? 키스는요?
74,9:12,"Are we going to argue? With you always leaving,
I need my fill.",바가지 긁는 건가? 이럴 때라도 긁어야죠
75,9:18,"Oh, I’ve missed you.",보고 싶었어
76,9:22,"Something troubles you.
What is it?",무슨 걱정 있어요?
77,9:27,"Only the impossible depth
of your beauty.","당신의 지나친
아름다움이 걱정이지"
78,9:29,"Puts the rest
of the world to shame.",딴 사람들을 부끄럽게 하잖아
79,9:32,"Pay no attention
to your father, Ingeras.","아버지 말 듣지 마
잉그라스"
80,9:35,"Flattery is
a cheap distraction
from truth.",아부로 빠져나갈 생각 하지 마요
81,9:38,"She knows
all my tricks.",내 수법을 다 아네
82,9:40,You’re a terrible liar.,당신은 거짓말 못 해요
83,9:41,"It’s one of your most
endearing qualities.",그래서 더 사랑스럽지만...
84,9:45,"You’re just in time
for bed.",잘 시간에 맞춰 왔네요
85,9:56,"-Can we go riding
tomorrow, Papa?
-Of course we can.","- 우리 내일 말 타러 가요
- 좋지"
86,9:58,"-You most certainly cannot.
-Why not?",그건 안 돼요 왜?
87,10:01,"Because tomorrow is
the day of our risen Lord.",내일은 부활 주님의 날이에요
88,10:03,"-Of course.
-That’s Easter.",그런가? 부활절
89,10:06,What was I thinking?,깜빡했네
90,10:14,So what attacked you?,뭐에 물린 거예요?
91,10:17,Wolves?,늑대?
92,10:19,I suppose.,그런 거 같아
93,10:28,"All I know
is that I’ve lost
two good men today.","그보다, 오늘
좋은 부하 둘을 잃었어"
94,10:49,There’s something more.,다른 걱정이 있죠?
95,10:53,"I was the same age as Ingeras
when I was sent to live
with the Turks.","난 잉그라스 나이 때
투르크에 볼모로 잡혀갔고"
96,10:59,To fight for them.,그들을 위해 싸웠어
97,11:03,"If I never saw another,
it would be too soon.","언제 투르크가 또
쳐들어올지 몰라"
98,11:11,You’re home now.,이젠 집에 왔잖아요
99,11:14,"For almost as many years
as you were gone.","돌아온 지도
그 시간만큼 지났어요"
100,11:18,I just want peace.,난 평화를 원해
101,11:22,That’s all.,그것뿐이야
102,11:46,"-[glass clinking]
-My fellow Transylvanians,",부활절을 기념하여
103,11:49,an Easter toast.,축배를 듭시다
104,11:51,"Ten years
of peace and prosperity",대공께서 돌아오신 뒤 계속된
105,11:54,"ever since our prince
came back to us.",10년의 평화와 번영이
106,11:56,"My old friend,
here’s to 20 more.","앞으로 20년간
더 계속되길!"
107,11:59,"-MAN:
To 20 more!
-[cheering]",20년 더!
108,12:32,Hamza Bey.,함자 베이
109,12:34,Welcome.,환영하오
110,12:36,"We were not
expecting you so soon.",생각보다 빨리 왔군
111,12:38,"Sultan Mehmed II
offers his salutations
to you and your son.","술탄 메흐멧 2세께서
대공과 아드님께 안부 전하랍니다"
112,12:42,"Thank him.
I have his tribute ready.",감사 전해주시오 공물을 준비해놨소
113,12:52,"I’m afraid there’s
something more than
a tribute to discuss.","지금... 공물 얘기할 때가
아닌 거 같은데요"
114,12:57,"The Turks have
no enemies here.",우린 투르크의 적이 아니오
115,12:59,"Did you think we would
not notice a battalion
of our scouts missing?","우리 척후병이 실종된 걸
모르리라 생각했소?"
116,13:02,I did not kill them.,내가 안 죽였소
117,13:06,"[foreign language]
It still lives inside you,
Lord Impaler.","당신 속엔 잔인함이 남아있소
공포의 블라드"
118,13:10,"Locked in a dark cage,
hidden away.",그 마음 깊숙한 곳에 숨어있지
119,13:16,"But you and I...
we both know it’s there.",그건 당신도 나도 알고 있소
120,13:25,The sultan’s tribute.,술탄께 드릴 조공...
121,13:28,Take it and leave.,갖고 떠나시오
122,13:39,There is one last thing.,한가지 용건이 더 있소
123,13:44,"The sultan
requires 1,000 boys
to join his Janissary Corps.","술탄께서 친위대에 투입할
소년 1000명을 원하십니다"
124,13:51,No! Never!,"- 안 돼요!
- 안 돼!"
125,13:53,"VLAD:
Janissaries?",친위대는
126,13:55,"He ended that practice
years ago.",몇 년 전에 해체했잖소
127,13:57,"When a soldier
is plucked as a child","어릴 때 병사로 뽑혀 폐쇄된 환경 속에서
훈련받은 애들은"
128,14:01,"and raised to know
no other life,","폐쇄된 환경 속에서
훈련받은 애들은"
129,14:04,"they will kill
without question
and die without complaint.","명령에 죽고 사는
살인 병기가 되죠"
130,14:10,"Any who are 15 years
of age or older
will fight in Hungary.",15살 이상의 사내애들은 헝가리에서 싸우고
131,14:14,"Those 10 to 14
will be made ready
for the siege on Vienna.",10살~14살짜린 빈 침공 때 동원될 거요
132,14:19,"The sultan expects
your obedience.",술탄의 뜻에 복종하시오
133,14:22,"After all, did not your own father
give you up without a fight?","당신 부친도 아무 저항 없이
당신을 술탄께 보냈잖소"
134,14:31,"[foreign language]
Soft, but they’ll do.",덜 여물었지만 쓸만하군
135,14:35,Don’t. Please.,안 돼요 제발
136,14:41,"[foreign language]
Do you know who I am?",내가 누군지 아나?
137,14:44,"You mean, who you were.",그건 다 옛날 얘기지
138,14:50,"You have no army
and no choice, Prince.","당신은 힘도
선택권도 없소, 대공"
139,14:52,"Follow our command,
or suffer the consequences.","당신은 힘도
선택권도 없소, 대공 명령을 어기면 대가가 따를 거요"
140,15:09,It must be done.,응해야 합니다
141,15:11,"Courage, anger,
even love– none of these
can matter to a prince.","용기니, 분노, 사랑 같은
감정은 사치예요"
142,15:15,"All that matters
is his duty to his people.","백성에 대한
의무만 생각하세요"
143,15:23,"INGERAS:
What does it mean
to be a royal hostage?",왕실의 볼모가 뭐예요?
144,15:27,"My father gave me to the sultan
to prove his loyalty.","난 충성의 표시로
술탄에게 보내졌어"
145,15:30,"Were you scared there?
With them.",무서웠어요? 거기서 사는 게?
146,15:33,"I wanted to make
my father proud.","난 자랑스러운
아들이 되고 싶었어"
147,15:37,"Would you ever give me
to the sultan?",저도 술탄에게 주실 거예요?
148,15:43,That was a long time ago.,그건 오래전 일이야
149,15:48,"You have nothing
to worry about.",넌 걱정 안 해도 돼
150,15:52,Do you understand?,알겠니?
151,15:55,Good.,좋아
152,16:11,"[Vlad]
If I defy the order, they’ll kill a hundred
for every one I save.","애들을 안 보내면
그 100배를 살해할 거야"
153,16:15,"You told me
you and Mehmed
were once like brothers.","한때 술탄과
형제 같았다면서요?"
154,16:20,"Were you to ask,",부탁을 하면
155,16:22,"isn’t it possible
he might show you
some mercy?",자비를 베풀어주지 않을까요?
156,16:50,"You ever see
the like of it?",저런 대군을 본 적 있나?
157,16:52,"Soon the entire world
will be Turk.",곧 투르크의 세상이 오겠군
158,17:11,Lord Impaler.,공포의 블라드
159,17:14,My oldest of friends.,내 가장 오랜 벗
160,17:18,"I miss
our days together.",옛 우정이 그립군
161,17:20,"All I miss
from my time with you
is the coffee.","내가 그리운 건
커피 맛뿐이오"
162,17:23,"It’s true.
My father’s palace
was a cruel place for a young boy
far from home.","고향 떠나온 소년에게
내 부왕의 궁은 두려운 곳이었겠지"
163,17:28,"But soon
you talked like us,",하지만 곧 적응했잖나
164,17:30,"prayed like us,
fought like us.","우린 함께 기도하고
함께 싸웠어"
165,17:34,"Speaking of which, I am owed 1,000 boys.","그래서 말인데 보내달라고 한
사내아이 1000명..."
166,17:40,"Why have
I not seen them?",왜 안 데려왔나?
167,17:43,"Mehmed, my brother,
I will grant you anything else.","메흐멧, 내 형제여
딴 건 뭐든 응할 테니..."
168,17:48,"I need soldiers,",난 병사가 필요해
169,17:51,brother.,형제
170,17:59,Then take me.,날 데려가시오
171,18:02,"I’m worth a thousand boys,
and you know it.",아이 1000명 몫은 될 거요
172,18:05,"Those kings
would tremble
if they knew.",내 적들이 벌벌 떨겠군
173,18:07,Then accept my offer.,그러니까 데려가요
174,18:09,"When we were boys,
how I longed to fight
side by side.","어릴 땐 그대와 함께
싸울 날을 고대했지만"
175,18:13,"But now I am sultan,
what need have I
for one more soldier?","이제 난 술탄이야
병사 1명보단"
176,18:17,"I will have
my thousand boys.",소년병 1000명이 낫지
177,18:21,And one more.,"아니, 1001명"
178,18:25,"Your son will be raised
under my roof","그대의 아들을
내 궁에서 키우겠다"
179,18:28,"just as you were raised
under the roof of my father.","그대가 내 부왕의
궁 안에서 컸듯이..."
180,18:32,You may retain your throne.,그대는 권좌를 지키되
181,18:34,"But General Ismail
will remain to see
that my orders are fulfilled.","이스마일이 남아 내 명이 지켜지는지
감시할 것이다"
182,18:39,"[foreign language]
Please. Do not do this.",제발 이러지 마시오
183,18:42,"[Mehmed]
What is one son?","그까짓 아들 그대 정력만 좋으면
얼마든지 낳을 수 있어"
184,18:44,"If you are virile,
you will make plenty more.","그대 정력만 좋으면
얼마든지 낳을 수 있어"
185,19:02,Whoa there.,"워, 워, 정지"
186,19:04,Whoa.,워워
187,19:22,"You promised me
this would never happen. Mirena, listen.","이런 일 없을 거라면서요? - 미레나
- 청혼받은 날 내가 뭐랬죠?"
188,19:25,"The day
you asked for my hand,
remember what I said?","- 미레나
- 청혼받은 날 내가 뭐랬죠?"
189,19:27,You said no.,‘노’랬지
190,19:29,"[Dumitru]
Stay, my young friend.",여기 있어
191,19:30,"[Mirena]
I knew what happens
to sons of the queen.","이런 날이 올까 봐
겁내는 내게"
192,19:32,"You said things
would be different.",당신은 걱정 말랬죠
193,19:35,"You said if I loved you,
I should trust you.",당신을 사랑하면 믿어달라고!
194,19:37,I love you.,"- 나 당신 사랑해요
- 그럼 믿어"
195,19:38,"Then trust me. It’s this
or war.",안 보내면 전쟁 납니다
196,19:40,"[foreign language]
The Great Impaler
can’t please his woman.","공포의 블라드가
아내한테 쩔쩔매는군"
197,19:44,"Everything’s fine, boys.
They’re just saying
their good-byes.",작별 인사하는 거야
198,19:46,"Come, Mirena.
 
I won’t let you–
You promised me and my family!","난 못 보내요
가족을 지켜준다면서요!"
199,19:50,"Stop it!
Don’t touch me!",이거 놔요!
200,19:52,"I won’t.
I won’t let them
do this.","걱정 마
절대 너 안 보내"
201,20:03,"No, I won’t let you
do this!","- 난 못 보내요!
- 어쩔 수 없소"
202,20:04,I’ll go. I’ll go!,"- 난 못 보내요!
- 어쩔 수 없소 갈래요!"
203,20:18,I can do it.,할 수 있어요
204,20:22,"You’re proud of me,
aren’t you?",제가 자랑스럽죠?
205,20:25,Of course I am.,물론이지
206,20:39,You have chosen wisely.,현명한 선택을 한 거요
207,20:42,"Yeah, I have to say
we are a little
disappointed.",하지만 당신에게 좀 실망했소
208,20:45,"Frankly, I expected more
resistance from you.","뭔가 더 강한
저항이 있을 줄 알았는데..."
209,21:04,Run to your mother.,엄마한테 뛰어가
210,21:06,What? Now.,네? 어서!
211,21:12,Come here.,이리와!
212,21:16,Don’t look.,보지 마!
213,21:58,"Mehmed will punish
all of Transylvania
for what you have done.","이제 메흐멧이 트란실바니아의
모든 사람을 벌할 거요"
214,22:03,"It’s not a child’s place
to save his country.","애한테 나라의 운명을
짊어지울 순 없지"
215,22:07,"Get my family
to the castle.",내 가족을 성으로 데려가
216,22:09,"[Man]
Mehmed will be
sending others soon enough. More will come.","곧 적의 군대가 올 거고
전쟁이 벌어질 거요"
217,22:13,"You can’t
protect us.",당신은 우릴 지켜줄 수 없소
218,22:18,I’ll find a way.,방법을 찾겠소
219,22:21,"Vlad, where are you going?","블라드!
어디 가는 거요?"
220,22:23,"Whatever haunts Broken Tooth,
I know it kills Turks. Hyah!","브로큰투스산의 그 괴물은
투르크군을 물리칠 수 있소"
221,23:28,"[growls]
You returned.",또 왔군
222,23:34,"No one has
ever returned.",다시 온 건 너뿐이야
223,23:43,"It seems no one has
ever had the privilege
of leaving either.","애초에 살아서 나간 자가
없었겠죠"
224,23:47,"[growls]
Neither will you.",너도 살아선 못 나가
225,24:30,Those who enter reek of fear.,딴 놈들은 공포에 떠는데
226,24:33,In you I sense hope.,네 마음엔 소망이 가득하군
227,24:44,"Your silver
offends me. Cloak it from my sight.","그 은반지 거슬리니까
좀 가려"
228,24:51,"What kind of man
crawls into his own grave
in search of hope? Hmm?","희망을 찾는 자가 왜
죽을 자리로 기어들어 왔지?"
229,24:57,A desperate one.,절박해서죠
230,24:59,"The Turks threaten
to destroy my kingdom.","투르크가 내 나라를
파멸시키려 해요"
231,25:03,"With power like yours,
I could stop them.",당신의 능력이면 막을 수 있소
232,25:08,"Save my people.
Save my family.","내 백성과 가족을
구할 수 있어요"
233,25:11,"How supremely noble,
Lord Impaler.","그 정신 훌륭하군
공포의 블라드"
234,25:15,"House Dracul.
Son of the devil.","악마의 아들인
드라큘의 아드님"
235,25:19,You’re mistaken.,드라큘의 뜻은
236,25:22,"It means
""son of the dragon.""",‘용의 아들’이란 의미요
237,25:24,"""Protector
of the innocent.""",백성의 수호자
238,25:27,"Do your people know
how many innocents
you have killed?","네가 무고한 자를 얼마나 죽였는지
네 백성도 아나?"
239,25:33,"Was it hundreds?
[growls]",수백 명은 죽였지?
240,25:36,Yes.,네
241,25:42,"Lie to me again,
and I’ll open you
from your belly to your brain","또 거짓말하면
네 몸을 찢어발겨서"
242,25:46,"and feed you
your intestines.",창자를 네 입에 쑤셔 넣겠다
243,25:48,Thousands.,수천 명요
244,25:49,"And when you put them
to the stake,
what did you feel?","그들을 말뚝에 꿰어 죽일 때
뭘 느꼈나?"
245,25:52,Shame? Horror?,수치심? 공포?
246,25:54,Power?,권력의 힘?
247,25:57,Answer me!,대답해!
248,25:59,Nothing.,없었소!
249,26:00,I felt nothing.,아무런 느낌도...
250,26:02,"A greater crime
than the act itself.",그게 더 큰 죄악이죠
251,26:04,"Then why spill blood
if not for the pleasure of it?","쾌락도 못 느끼면서
왜 무고한 피를 흘리지?"
252,26:08,"Because men
do not fear swords.","인간이 겁내는 건
칼이 아니라"
253,26:12,They fear monsters.,괴물이기 때문이오
254,26:15,They run from them.,온 마을 사람을
255,26:16,"By putting one village
to the stake,
I spared 10 more.","말뚝에 꿰어 죽이면
온 나라가 복종하죠"
256,26:21,"Sometimes the world
no longer needs a hero.",세상엔 영웅만 필요한 게 아니오
257,26:24,"Sometimes what it needs
is a monster.",때론 괴물이 더 필요해요
258,26:28,"And you believe you know
what it is to be a monster?
Hmm?","괴물로 사는 게 어떤 건지
네가 알아?"
259,27:01,You have no idea.,넌 상상도 못 해
260,27:06,"But I’m going
to show you.",이제 내가 보여주지
261,27:10,"For centuries,
these moldering walls
have been my gallows.","수 세기 동안 이 동굴은
내 감옥이자 먹이터였다"
262,27:14,"For I’m bound to this cave,
condemned by one
who turned me.","누군가의 저주로
난 이 동굴에 갇혔어"
263,27:18,"Oh, and I have
waited an eternity
for a man of your strength,","긴 세월을 기다려왔다
너처럼 힘 있고"
264,27:23,"your gifts,
your will–",능력 있고 강한 자
265,27:25,"a man worthy of the dark
and all its powers.",어둠의 힘을 누릴 자격이 있는 자를!
266,27:31,"For if I am
your salvation,
you are mine.",내가 널 구원해주면 넌 내 거야
267,27:44,"Drink.
You will have
a taste of my power.","마셔, 그럼
내 힘을 맛보게 될 거다"
268,27:48,"The strength
of a hundred men.",인간 100명의 힘과
269,27:51,"The speed
of a falling star.",유성처럼 빠른 속도와
270,27:52,"Dominion over the night
and all its creatures.","밤을 지배하는
능력도 갖게 돼"
271,27:56,"To see and hear
through their senses.","밤의 모든 걸
보고 들을 수 있지"
272,28:02,"Even heal
grievous wounds.",상처도 치유할 수 있어
273,28:05,At what price?,그 대가는요? 이걸 마시면
274,28:07,"Once you drink,
your thirst for human blood
will be insatiable.","이걸 마시면 인간의 피를 끝없이
탐하게 된다"
275,28:13,"But if you can resist
for three days,",하지만 사흘만 견디면
276,28:17,"you will return
to your mortal state,","넌 인간으로 돌아가게 돼
내 힘을 맛본"
277,28:19,"having sampled my power
and perhaps saved
your people.","넌 인간으로 돌아가게 돼
내 힘을 맛본 백성을 구한 영웅으로..."
278,28:23,And if I feed?,피를 먹으면?
279,28:25,"The price would be worse
than if you’d never
stepped in here.","여기 온 걸 후회할
저주가 기다리지"
280,28:29,"For I will be set free,",대신 난 자유가 돼
281,28:31,"having granted the darkness
a worthy offering.","악마에게
제물을 바친 대가로..."
282,28:34,"You will become
its vessel, as I am,","넌 나 대신
악마의 집이 되는 거야"
283,28:38,"a scourge on this earth
destined to destroy
everything you hold dear–","세상의 재앙이 되어 네가 사랑하는 모든 걸
파괴하겠지"
284,28:43,"your land, your people,
even your precious wife and son.","네 나라, 네 백성 사랑하는 처자식까지..."
285,28:47,"I would die
before I’d harm them.",그러기 전에 죽겠소
286,28:49,"Indeed you will,
I’m afraid.","그래, 어차피 넌 죽어"
287,28:51,"I, however,
will at last be free
to unleash my wrath",덕분에 난 날 속인 악마에게
288,28:55,"against the one
who betrayed me.",분풀이할 수 있지
289,28:57,"And one day
I will call on you
to serve me, my pawn,",언젠간 널 부를 테니 우리 함께
290,29:01,"in an immortal game
of revenge.",이 복수의 게임을 즐겨보자
291,29:04,"-This is not a game!
-Ah, what better way
to endure eternity.","이건 게임이 아니오! 게임 없인
영원을 견딜 수 없어"
292,29:09,"For this, little prince,
is the ultimate game.","이건, 대공 나리
지상 최고의 게임이야"
293,29:14,Light versus dark.,빛과 어둠의 대결
294,29:16,Hope versus despair.,희망과 절망의 대결
295,29:18,"And all the world’s fate
hangs in the balance.","세상의 운명은
바람 앞의 등불이 되겠지"
296,29:24,"Then it will be
my great pleasure
to disappoint you.","그럼 당신을 꼭
실망시켜야겠군"
297,29:28,Drink.,마셔
298,29:34,Let the games begin.,게임을 시작해보자고!
299,30:01,What now?,이젠 어찌 되죠?
300,30:03,Now...,이제
301,30:07,you die.,넌 죽는다
302,30:29,"-[growling]
-Papa!",아버지!
303,31:11,That’s useful.,편리하군
304,32:58,Prepare to fire!,발사 준비!
305,33:02,Light!,점화!
306,33:28,You came back. I always will.,돌아왔군요 당연하지
307,33:32,Where were you?,어디 갔었어요?
308,33:34,"Searching
for the strength I needed.",필요한 힘을 구하러...
309,33:37,You’re back.,오셨군요
310,33:52,"-[Vlad]
They wanted our sons.
-We’re ready to fight.",저들은 우리의 아들들을 원한다!
311,33:55,"A good prince
would have given them up.",내가 현명한 책략가라면
312,33:58,"A good prince would
have paid that price
for peace.","평화의 대가로
아이들을 바치겠지"
313,34:01,"-[rumbling]
-But I give you my word.",하지만 날 믿어라
314,34:05,We will not be defeated!,우린 절대 지지 않는다!
315,34:08,"They’ve brought war
to our land!",저 침략자들은
316,34:12,"And they will
pay dearly for it.",그 대가를 치르게 될 거다
317,34:14,Fire!,발사!
318,34:33,Charge!,돌격!
319,37:34,What? Wait.,대체 어떻게?
320,37:43,Negotiations failed.,협상이 실패했다
321,37:48,"Do not ask me
what happened
on this field tonight.","무슨 일이 있었는진
묻지 마라"
322,37:51,"Trust only that I will use
all I have to keep us safe.","내 모든 걸 바쳐
이 땅을 지키겠다"
323,37:55,"But we will not be safe
if we stay here.",하지만 여긴 안전하지 않아
324,37:58,"We must leave directly
for Cozia monastery.",코지아 수도원으로 가자
325,38:01,"It’s high in the mountains,
too remote for cannon fire.",거긴 산속이라 대포가 닿지 않는다
326,38:05,"It’s our best chance
of survival.",그 길이 최선이야
327,38:08,"We’ll take enough of our people
so that our absence is noticed.","이곳이 비어있음을
알게 해야 해"
328,38:13,"That way, when Mehmed learns
what has happened here,","그래야 술탄이
상황을 파악한 뒤"
329,38:17,he’ll come hunting for us.,우릴 뒤쫓아올 거다
330,38:19,"[man]
Word from Castle Dracula.",전갈이 왔습니다
331,38:21,"Vlad has defeated
a thousand of our men.","블라드가 우리 병사
1000명을 죽였답니다"
332,38:26,"[Mehmed]
Then send a hundred thousand.
I will lead them.","그럼 10만 명을 보내지
내가 지휘하겠다"
333,38:29,"When I march into Europe,",유럽으로 행군할 때
334,38:32,"I will have
his head upon my spear
and his child at my side.",놈의 머릴 창에 꿰어 달고 그 아들을 옆에 태워가겠다
335,38:39,"[Dumitru]
We can fight the way
our great-grandfathers fought.",우리 선대의 전술대로
336,38:42,"Use the forests,
the mountains
around the Borgó Pass.","보르고 협곡 주변의
산림을 이용"
337,38:46,"Four or five months
of that. Not months.","- 몇 달만 버티죠
- 몇 달 필요 없어"
338,38:50,"I’m going
to win this war
in three days.",사흘이면 이길 수 있어
339,38:53,"Why not two–
and really impress us?",이틀로 하죠? 그럼 더 멋질 텐데...
340,40:19,"[master vampire’s voice]
Feed.",빨아라
341,40:28,What is it?,왜 그래요?
342,40:32,I need some air.,바람 좀 쐬고 올게
343,40:34,I’m sorry.,미안해
344,40:55,"Don’t think I haven’t
noticed you following me.","내 뒤를 쫓는 걸
모를 줄 알았나?"
345,40:58,You’re mistaken.,오해하셨군요
346,41:00,I follow them.,저걸 쫓아온 겁니다
347,41:03,"They recognize
one of their own.",어둠은 어둠을 알아봐요
348,41:06,"The night is
their kingdom,",밤은 그들의 왕국이고
349,41:10,"blood
their sustenance.",피는 그들의 자양분이죠
350,41:13,"And some, they say,",그 누군가는
351,41:15,"have lived for as long
as there have been prey
to devour.","피를 빨아먹으며
수 세기를 살아왔다더군요"
352,41:19,Spare me your ravings.,너무 아는 척하는군
353,41:23,"They say the one
who escaped the mountain","그 동굴에서 탈출한 자가
정체를 숨기고 다닌답니다"
354,41:26,"hides behind the face
of a man.","탈출한 자가
정체를 숨기고 다닌답니다 인간의 얼굴로..."
355,41:30,"Well, if that man is me,
you’ll know a knife
will not do you any good.",네가 말하는 게 나라면 그깟 칼로 날 이길 순 없어
356,41:36,Of course not.,그렇겠죠
357,41:40,"Why do you think
I stayed?",내가 왜 도망 안 쳤을까요?
358,41:47,"I know there is only
so far on this earth
we can run,","우리 집시들은 늘
도망만 다니는 신세죠"
359,41:55,"and it is not
far enough.",아무리 멀리 가도 숨을 데가 없어요
360,42:01,Let me serve you.,내 피를 드릴게요
361,42:17,Stay away from me.,내 곁에 얼씬도 하지 마
362,42:24,"Yes, master.","그러죠, 대공 나리"
363,42:40,"[master vampire’s voice]
Fulfill your destiny.",네 운명을 완성해라
364,42:44,Set me free.,날 자유롭게 해다오
365,43:04,"We found him
in the field.
He asked for you.",벌판에서 찾았습니다 폐하를 뵙겠답니다
366,43:11,"[gasping]
A message from Prince Vlad.",블라드의 메시지입니다
367,43:15,"He hopes you
enjoy the view.",저 광경을 실컷 즐기시랍니다
368,44:08,Mirena. Your scars are gone.,미레나! 상처가 없어졌네요
369,44:14,"What’s happening
to you?",무슨 일이 있었던 거예요?
370,44:23,"I’m the thing men fear
on Broken Tooth.",난 이제 괴물이 됐어
371,44:26,Not a ghost.,유령이 아닌
372,44:30,Something else.,또 다른 그 무엇...
373,44:42,No! Stop it!,"안 돼요, 그만해요!"
374,44:44,"May God strike down
whoever did this to you.","당신을 이렇게 만든
자에게 저주가 있기를!"
375,44:47,I chose this.,내가 선택한 거야
376,44:50,"This is the strength
you sought?",이게 당신이 원한 힘인가요?
377,44:56,But why?,대체 왜...?
378,45:00,"Because I sent corpses
back to Mehmed",메흐멧에게 우리 아들 대신
379,45:04,instead of our son.,시체들을 보냈으니까...
380,45:07,You did this for us?,우릴 위해서였다?
381,45:09,"In two days,
I’ll be restored.",이틀 뒤면 회복돼
382,45:12,I just have to resist.,이겨내기만 하면 돼
383,45:16,Resist what?,뭘 이겨내요?
384,45:21,"Resist what, Vlad?
Tell me.","뭘 이겨내요?
말해요!"
385,45:25,A thirst...,갈망...
386,45:28,for blood.,피에 대한...
387,45:35,"And if you were
to give in?",그 갈망에 지면요?
388,45:39,"Then I become this
for eternity.",영원히 이대로 사는 거지
389,45:46,"You will undo this, won’t you?",다시 되돌아올 거죠?
390,45:49,Yes.,그래
391,45:50,"I swear it.
I will not give in.",맹세할게 절대 지지 않아
392,45:55,Then God will forgive you.,그럼 주님도 용서하실 거예요
393,45:58,"[Dumitru]
Vlad.",블라드
394,46:00,"Mehmed is getting closer.
We might want to move out soon.",적이 가까이 왔어요 빨리 피해야 합니다
395,46:03,"I need you to get
to the monastery
as quickly as you can.",최대한 빨리 수도원으로 가
396,46:07,"Mehmed’s men
will be close by. No.",곧 적이 도착할 거야
397,46:09,Listen to me.,내 말 들어
398,46:10,"I will reach you
after sundown.",해가 지면 따라갈게
399,46:13,I promise you.,약속할게
400,46:22,"[whispering]
I love you.",사랑해요
401,46:38,"My husband agrees
with your counsel.",남편이 당신을 따라가래요
402,46:40,"We will depart now under
your temporary command.","지금 떠납시다
당신이 인솔해요"
403,46:44,"What?
And where’s Vlad
going to be?","네?
블라드는 어딜 가는데요?"
404,46:46,"Spying on the Turks.
He insists on doing
his own reconnaissance.",투르크군 감시하러요 직접 정찰을 하겠대요
405,46:51,No. I won’t have it.,"안 돼요, 그건..."
406,46:53,It’s too late.,늦었어요
407,46:54,He’s already gone.,이미 떠났어요
408,46:59,"All right, everyone.","자, 모두들"
409,47:01,"Prepare to move out. [man]
Prepare the horses!",이동할 준비해
410,47:21,"Tell the sultan
where his enemies
will be buried.","적들이 어디 묻힐지
술탄께 알려드려"
411,47:52,Listen.,들어봐
412,47:55,We’re nearly there.,거의 다 왔어
413,48:14,Cover the rear!,후방을 사수하라!
414,48:27,Mirena! Ingeras!,"미레나, 잉그라스!"
415,48:50,"Couldn’t these monks
build their gates
a little bit closer?","빌어먹을 수도원!
왜 이렇게 먼 거야?"
416,49:04,Stay behind me.,내 뒤에 숨어요
417,49:24,"Don’t the Turks
teach you anything new?","투르크군에게 배운 게
그것뿐이냐?"
418,49:27,I saw your blade coming from–,동작이 너무 느리군
419,49:32,"[whimpers] Ingeras, run.","잉그라스, 달아나"
420,49:35,"Where is your prince now,",대공은 어디 계시오
421,49:38,"my lady?
[chuckles]",나의 레이디?
422,50:13,Dumitru.,디미트루
423,50:15,It’s okay.,괜찮아
424,50:18,It’s okay.,괜찮아
425,50:21,Vlad.,블라드
426,50:24,"Dumitru, listen.
Listen.","디미트루
안 돼, 눈을 떠봐"
427,50:34,No.,안 돼!
428,50:52,Come here. Come here.,"이리 와, 이리 와"
429,50:56,"Never leave us again,
Papa.",다신 우릴 두고 가지 마요
430,51:00,Never.,안 가
431,51:03,"I will always
watch over you.",언제나 널 지켜줄 거야
432,51:09,"[bell chiming] [man]
Through the gates!",정문으로 가!
433,51:15,"Keep moving along.
This way.",계속 걸어! 이쪽으로!
434,51:32,"You should never
have strayed from us.","이유가 뭐든
우릴 두고 간 건 잘못이오"
435,51:35,"-Whatever your reasons
for leaving were–
-Quiet.","이유가 뭐든
우릴 두고 간 건 잘못이오 조용"
436,51:40,Get these men off their knees.,모두 일어나라고 해
437,51:42,"Stand up, do you hear me?
Stand up!","일어나, 안 들리나? 일어나!"
438,51:45,The Turks are coming.,투르크군이 온다!
439,51:47,"Prayers will not
defend these walls.",기도로 이 성을 지킬 순 없어!
440,51:57,"[man]
Do you believe
we can do this?",정말 이길 수 있을까요?
441,51:59,"[Vlad]
Mehmed’s men will be coming
from the north.",적군은 북쪽에서 온다
442,52:02,"Double our sentries
on the perimeter walls.",수비 병력을 두 배로 늘려
443,52:05,Go. Do it now.,"가라
서둘러"
444,52:07,What’s in there?,저건 뭐죠?
445,52:12,"Something I hope
to never use again.","내가 다시는
쓰고 싶지 않은 것"
446,52:17,Come now.,가자
447,52:27,"[man]
The men say that Vlad
has become a monster.",블라드가 괴물이 됐다고 합니다
448,52:30,"I fear this will
only inflame the rumors
of the prince’s dark magic.","이젠 그가 흑마술을 쓴다는
소문만 커질 겁니다"
449,52:35,Only if we allow it.,그럼 막아야지
450,52:38,"Men cannot fear
what they cannot see.","보이지 않으면
두렵지 않은 법"
451,52:47,"[Mehmed]
Remember when
you first joined my army?",처음 입대했을 때를 기억하라
452,52:51,"You wanted to
pick up your sword and fight.","너흰 칼을 빼 들고
싸우려 했지"
453,52:55,"When my generals
blindfolded you,","내 장수들이
너희 눈을 가렸을 때"
454,52:59,"you did not believe
that you could march
without seeing,","너흰 앞이 안 보여
행군을 못 한다고 했지만"
455,53:05,but you could.,결국 해냈다
456,53:08,Now march with me.,나와 함께 나아가자!
457,53:11,Your sultan will guide you.,너희의 술탄을 믿고 따르라!
458,54:13,Prince Vlad. [gasps],블라드 대공
459,54:15,"The vampire
is vulnerable
to daylight","뱀파이어에겐
햇빛이 치명적이죠"
460,54:22,and to pure silver.,순은도 그렇고...
461,54:30,"Yet the holy cross
exerts no power over you.",그런데 십자가엔 멀쩡하군요
462,54:33,"That can only mean
you have yet to seal your fate
with human blood.","당신이 아직 사람 피를
안 빨았다는 증거죠"
463,54:39,"Let me kill you now,
my prince–",지금 당신을 죽이게 해주시오
464,54:42,please–,부디...
465,54:43,before your people do.,백성들 손에 죽기 전에...
466,54:45,"Rumor has spread
of what you have become.",벌써 소문이 다 퍼졌어요
467,54:48,You can still repent.,아직 회개의 기회는 있소
468,54:51,"You’d do well to run, Lucian.","달아나는 게 좋을 거요
루시안"
469,55:07,"[man]
It’s true!
He’s a monster!","소문이 맞았다
괴물이 됐어!"
470,55:16,Please. Listen!,"안 돼, 저분은 군주시다!"
471,55:18,"He is your prince.
He has earned the chance
to explain.","안 돼, 저분은 군주시다! 설명할 기회라도 줘!"
472,55:22,"[Mirena]
Stop!",그만해!
473,55:23,"He–He’s your prince! [man]
Kill the monster!","- 저분은 군주야!
- 죽여라!"
474,55:27,Satan lives in his heart.,놈의 몸속엔 사탄이 들어있다!
475,55:32,Vlad!,블라드!
476,55:50,[shouting] Mirena!,미레나!
477,55:53,"He was trying
to save us all.","우릴 구하려다
저렇게 된 거야!"
478,56:08,"Take him to my room
and shut the door.
Do not let him look outside.","내 방으로 데려가 문 잠그고
밖을 보지 못하게 해"
479,56:12,Okay. Mama.,"- 네
- 엄마!"
480,56:42,This is your loyalty?,이게 너희의 충성심이냐?
481,56:44,Your gratitude?,은혜의 보답이야?
482,56:47,Fools.,바보들
483,56:50,"Do you think you are alive
because you can fight?","너희가 잘 싸워서
살아남은 줄 아나?"
484,56:57,You are alive because of me!,"너흰 나 때문에
살아있는 거야!"
485,57:03,"Because of what I did
to save you!","내가 너흴 위해
희생했기 때문에!"
486,57:14,This is not who you are.,이 모습은 당신이 아니에요
487,57:32,Return to your stations.,각자 위치로 돌아가
488,57:35,"Believe me,
there is still more to fear.","명심해!
두려워할 대상은 내가 아님을!"
489,57:44,"Lord, if you’ve
not yet forsaken me,","주여, 아직 절
버리지 않으셨다면"
490,57:49,"grant me your strength
that I may resist the darkness.","어둠을 이길 힘을
저에게 주소서"
491,57:53,"Allow me to endure this test
one more day.","하루만 더 이 시험을
견디게 해주소서"
492,58:00,I beg you.,부디
493,58:03,[footsteps] Please.,도와주소서
494,58:22,Are you sick?,아프신 거예요?
495,58:28,"If you’re sick,
I thought it might
make you feel better.",아프시면 이 빵 먹고 기운 내세요
496,58:37,Thank you.,고맙다
497,58:39,Come. [pats pew],이리 와
498,58:49,"You’ll make
a great leader someday.",넌 훌륭한 군주가 될 거야
499,58:53,"You think of others
before yourself.",늘 타인을 배려해주니까...
500,58:57,"When the Turks
came to take me,
you stopped them.","절 잡아가려는 투르크군을
아버지가 막았죠"
501,59:03,"[sighs]
It’s why you got sick,
isn’t it?",그래서 병 걸린 거예요?
502,59:06,To save me?,절 구하려다?
503,59:09,Yes.,그래
504,59:12,"And I would
do it all again.",언제든 난 또 그럴 거야
505,59:48,"[Vlad]
They’re almost here.",적이 가까이 왔어
506,59:54,"Dawn will be breaking soon,",곧 동이 틀 거야
507,59:55,"and with it,
the loss of my powers.",그럼 내 힘도 사라져
508,59:59,"If we’ve not
won this war by then–",그때까지 적을 못 이기면...
509,1:00:01,"I will fight beside you
until death.",나도 함께 싸우다 죽겠어요
510,1:00:03,"Your death
would end my fight.",당신이 죽으면 나도 끝이야
511,1:00:06,"We have done the duty
of any good parent–",우린 부모 노릇을 다했어요
512,1:00:10,"protected our child,",우리 아들과
513,1:00:11,"protected all the children
in the kingdom.",모든 아이를 지켰잖아요
514,1:00:15,"Perhaps our destiny
was not to rule
in this life.","우린 이 생에선
함께할 수 없나 봐"
515,1:00:20,"[whispering]
Do you remember
our wedding vow?",우리 혼인 서약 기억나요?
516,1:00:23,"""Why think separately
of this life
and the next""–","‘이 생과 다음 생을
어찌 나누리오’"
517,1:00:27,"""When one is born
from the last?""",‘삶은 돌고 도는 것을...’
518,1:00:29,"Time is always too short
for those who need it,",시간은 필요할 땐 늘 부족하죠
519,1:00:34,"but for those who love,
it lasts forever.","하지만 사랑하는 사람들에겐
시간이 영원해요"
520,1:03:35,"[Mehmed]
Hold your ground!",물러서면 안 돼!
521,1:03:38,Stand your ground!,위치를 사수하라!
522,1:03:39,"Hold fast!
Hold your ground!",버텨! 물러서면 안 돼!
523,1:03:49,Fire!,발사!
524,1:04:20,Mehmed!,메흐멧!
525,1:04:24,"-Oh.
-[breathing raggedly]",안 돼
526,1:04:26,Where is he?,어디 있나?
527,1:04:28,"[shouting]
Where is he?",어디 있어?
528,1:04:30,Fire!,발사!
529,1:04:31,Draw!,조준!
530,1:04:35,Fire! [gasps],발사!
531,1:04:42,Find your father! Go!,"아버질 찾아봐, 어서!"
532,1:04:57,Where is he?,어디 계시죠?
533,1:05:08,"You can keep running
if you like.",어디 실컷 달아나 봐
534,1:05:22,"[Ingeras]
Let me go! No!",놔! 안 돼!
535,1:05:25,Mirena.,미레나
536,1:05:32,No! Please!,"안 돼, 제발!"
537,1:05:33,Ingeras!,잉그라스!
538,1:06:03,Vlad!,블라드!
539,1:06:06,"[echoing]
No!",안 돼!
540,1:06:51,"[ballad continues] No, Mirena.","안 돼, 미레나"
541,1:06:54,"Please, stay with me.","제발...
죽으면 안 돼"
542,1:06:57,"I cannot do this
without you.",당신 없인 싸울 수 없어
543,1:07:13,"[gasps]
Mirena.",미레나
544,1:07:23,"There’s still time
for you to stop them.","아직 저들을
막을 수 있어요"
545,1:07:29,Drink my blood.,내 피를 마셔요
546,1:07:31,"No. I cannot take
your life.",안 돼 당신의 생명을 앗을 순 없어
547,1:07:37,My life is lost already.,내 생명은 끝났지만
548,1:07:41,But our son’s is not.,우리 아들은 아니에요
549,1:07:43,No.,안 돼
550,1:07:47,I love you.,사랑해요
551,1:07:53,Do it now.,어서 해요
552,1:08:00,Please.,제발...
553,1:08:08,Do it now.,어서 해요
554,1:09:29,Do you want vengeance?,복수를 하고 싶나?
555,1:09:41,Drink.,마셔
556,1:10:23,"[Vlad’s voice]
I now know hell is real,
so I know there’s a heaven.","이젠 알아
지옥이 있다는 걸... 그러니까 천국도 있겠지"
557,1:10:30,"Neither this world or the next
shall keep us apart.","이 생도 다음 생도
우릴 갈라놓진 못해"
558,1:10:35,"I will honor your sacrifice,
and I vow that our son
shall be safe.","당신 희생이 헛되지 않게 우리 아들을
끝까지 지키겠어"
559,1:10:47,"Of all of my lands,
this is the one
I love the least.","모든 정복지 중에 이 땅이 제일
마음에 안 들어"
560,1:10:55,Look to the east.,동쪽을 보십시오
561,1:10:58,"The sun should be risen by now,
should it not?",지금쯤 해 뜰 시간 아닌가요?
562,1:11:10,What is that?,저게 뭐죠?
563,1:11:17,"It is the prince.
He is coming.",블라드군 놈이 온다
564,1:12:09,"I used to think
there were too many of you.","전엔 너희 수가
너무 많다고 생각했는데"
565,1:12:12,"Now there’s not enough.
[snarls]",이젠 너무 적군
566,1:13:11,"I understand
you have a weakness",너에게도 약점이 있다더군
567,1:13:15,for silver.,은!
568,1:13:26,"[Ingeras]
Papa!",아버지!
569,1:13:30,He is waiting for you.,아들이 기다리잖나
570,1:14:02,"[Mehmed]
You are slower, brother,
and weaker.",동작이 느려졌군 약해지고...
571,1:14:23,Go on. Take it.,뭐 해? 칼 들어
572,1:14:27,"Is this the monster
that terrified my men?
Hmm?","내 부하들을 떨게 한
그 괴물 맞나?"
573,1:14:34,"You grow more weary
by the moment.",계속 힘이 빠지는군
574,1:14:38,"Tell me–
how long can you bear it
in here, huh?",말해봐 여기서 얼마나 버틸 수 있나?
575,1:14:45,"Long enough
to strike your name
from the history books.","적어도 널 죽일 때까진
버틸 수 있어"
576,1:15:21,"-[groaning]
-[Ingeras]
Papa!",아버지!
577,1:15:29,"[whimpering]
 
Take a last look
at your father, Ingeras.",마지막으로 네 아비 잘 봐둬
578,1:15:32,"-No!
-Look how pathetic he is.",꼴이 한심하지?
579,1:15:34,"No, stop! Please!",그만해요! 제발!
580,1:15:44,"If I put a stake
through your heart–",네 심장에 말뚝을 박으면
581,1:15:50,it will kill you–,넌 죽어
582,1:15:52,like any other man.,평범한 인간처럼...
583,1:15:56,A fitting death,공포의 블라드에게
584,1:15:59,"for Lord– [Ingeras]
No!",딱 맞는 죽음이지
585,1:16:00,Impaler. No!,딱 맞는 죽음이지 안 돼!
586,1:16:16,Papa!,아버지!
587,1:16:26,That is no longer my name.,그건 이제 내 이름이 아냐
588,1:16:29,My name is Dracula–,내 이름은 드라큘라다
589,1:16:32,son of the devil.,악마의 아들
590,1:17:14,"[Vlad]
It’s all right.",울지 마라
591,1:17:16,I’m here.,아버지 여기 있어
592,1:17:46,You old goat.,노인네가 대단하군
593,1:17:48,I don’t feel old.,다시 젊어진 기분이오
594,1:17:52,How many are left?,몇 명 남았소?
595,1:17:54,"None. Except for your son,
of course.","한 명도 안 남았소
당신 아들 빼곤..."
596,1:17:58,"A distraction we can now
dispense with.",이 상황에선 무척 쓸만한 미끼죠
597,1:18:07,What have I taught you?,내가 뭐라고 가르쳤죠?
598,1:18:10,"Repeated over and over
since you were a boy?","대공이 어릴 때부터
계속 뭐라고 가르쳤소?"
599,1:18:16,"All that matters
is a prince’s duty
to his people.","‘군주에겐 제일 중요한 건
백성에 대한 의무다’"
600,1:18:21,Don’t you realize?,모르시겠소?
601,1:18:23,They’re all our enemies now.,이젠 모두가 우리 적이오
602,1:18:26,"When he’s gone,
you’ll be free.",아이가 죽으면 당신은 자유가 돼요
603,1:18:37,You forget who I am.,"잊었구나
내가 누군지!"
604,1:19:19,Leave him.,저리들 가
605,1:19:27,"Come with me, child.",나와 함께 가자
606,1:19:29,[whimpers] Come.,이리 와
607,1:19:32,Please.,제발...
608,1:19:34,Be gone!,물러서!
609,1:19:38,The time has come.,가야 해
610,1:19:39,"Please.
Please, you must come.","제발!
빨리 여길 떠나야 해"
611,1:19:45,"I don’t want
to leave you.",아버질 두곤 못 가요
612,1:19:47,"You have to go with him. [sobbing]
No!","- 수사를 따라가
- 싫어요!"
613,1:19:50,Do not leave his side.,곁에 꼭 붙어 다녀
614,1:19:56,Know I will always love you.,영원히 널 사랑한다
615,1:19:58,Always.,언제까지나...
616,1:20:04,Go! No!,가 싫어요!
617,1:20:07,Go!,가!
618,1:20:09,No!,싫어요!
619,1:20:10,You take care of him.,잘 부탁하오
620,1:20:14,No!,싫어요!
621,1:20:16,Papa!,아버지!
622,1:20:18,No!,싫어요!
623,1:20:32,"He’s safe now, Mirena.","이제 쟨 안전해, 미레나"
624,1:21:57,"[Ingeras narrating]
The Turks never conquered
the capitals of Europe.","투르크군은 유럽의 수도들을
정복하지 못했다"
625,1:22:07,"Prince Vlad Dracula
was a hero,","블라드 드라큘라 대공은
영웅이었다"
626,1:22:13,"but there are no pictures
or statues of him.","그러나 그의 초상화나
동상은 없다"
627,1:22:23,I am his legacy.,내가 그의 유산이다
628,1:22:27,"His sacrifice taught me that
even after the darkest night","아버지는 가르쳐줬다
암흑 같은 밤이 지나면"
629,1:22:31,the sun will rise again.,태양이 다시 뜬다는 걸...
630,1:22:34,"Drink, master.","마셔요, 주인님"
631,1:22:38,"For if the heart
is strong enough, the soul is reborn–","사랑이 크고 깊으면
그 영혼은 죽지 않고"
632,1:22:46,"with each new day,",매일 새롭게 태어난다
633,1:22:50,"in life after life,","다음, 그다음 생에도..."
634,1:22:56,"age after age,",언제까지나...
635,1:23:02,forever.,영원히...
636,1:23:29,Beautiful.,아름답네요
637,1:23:34,"The flowers, my lady.","그 꽃요, 나의 레이디"
638,1:23:36,"""My lady""?",나의 레이디?
639,1:23:39,Where are you from?,어디서 오셨어요?
640,1:23:42,A long way from here.,아주 먼 데서요
641,1:23:49,"Well, good night.",안녕히 가세요
642,1:23:52,"""Why think separately
of this life and the next","‘이 생과 다음 생을
어찌 나누리오’"
643,1:23:55,"when one is born
from the last?""",‘삶은 돌고 도는 것을...’
644,1:24:04,That’s my favorite poem.,제일 좋아하는 시예요
645,1:24:07,"It speaks to you of yearning, of one soul pleading
for another.","사랑을 애타게 찾는
영혼의 갈구를 노래한 시죠"
646,1:24:16,I’m Mina.,미나예요
647,1:24:20,Vlad.,블라드요
648,1:24:56,Let the games begin.,게임을 시작해볼까?
