,Time,Subtitle,Translation
0,8s,"[Demetri] Man, that was a good improv.
I'm so glad I asked for this.","즉석 연기 좋았어요
메모해오길 잘했죠"
1,14s,"I think my favorite animal to look at
is probably the squirrel.","동물 구경은
다람쥐가 최고인 것 같아요 ""NETFLIX 오리지널 코미디 스페셜"""
2,18s,[man] Yeah!,네!
3,19s,"You know what I mean? 'Cause any squirrel,
if you watch 'em long enough,","그렇잖아요, 다람쥐를
오래 지켜보고 있으면"
4,22s,"there's a moment where they suddenly
realize they're late for something.","이 녀석이 갑자기
늦었단 걸 깨달을 때가 있죠"
5,27s,"""Shit! I gotta go. Excuse me. What?""","'젠장, 가야겠네
실례합니다!'"
6,33s,"That's a whole species
that's behind schedule.","다람쥐라는 종 전체가
항상 시간에 쫓겨요"
7,35s,"They're terrible
at keeping their calendar.",시간 약속을 정말 못 지키죠
8,38s,"Probably the most flammable of the small
animals would be the squirrel as well.","제일 불붙기 쉬운 동물이
아닐까 싶어요"
9,43s,"A tail, I think, is a...","꼬리를 보세요, 정말이지..."
10,45s,"[Demetri]
All right, that worked pretty well.","좋아, 반응이 좋은데"
11,48s,It's a good room.,공연장도 좋고
12,50s,Got my water.,물도 있네
13,52s,Mic stand feels good.,마이크 스탠드도 좋아
14,54s,Solid.,튼튼해
15,55s,"Looks like I've got enough fake fog.
That's important.","가짜 안개도 적당하고
그것도 중요해"
16,59s,"Maybe show my name.
Okay.",내 이름도 나오겠네 좋아
17,1:03,Anything else?,뭐 또 있나?
18,1:04,Title?,제목은?
19,1:07,Yeah.,그래
20,1:08,All right. This should be fun.,"좋아, 예감이 좋네"
21,1:12,What was I gonna say?,무슨 말 하려고 했더라?
22,1:14,"Oh, yeah.",맞아
23,1:15,"I've noticed that you can carry around
a plastic bag with shit in it.","비닐봉지에 똥을 넣고 다녀도
괜찮더라고요"
24,1:20,"if you're near a dog,
you can have a bag of shit.","개만 옆에 있으면
똥이 든 봉지도 괜찮아요"
25,1:25,"As long as you're with a dog, it's like,
""He's got a bag of shit."" That's fine.","개만 같이 있으면요
'똥이 든 봉지네, 괜찮아'"
26,1:31,"If you don't have a dog,
then we have a problem. You can't just...",개가 없는데 그러면 문제가 되죠
27,1:37,"Hey, hey, hey. Whoa, whoa.",'이봐요'
28,1:39,"You gotta be holding that for a friend.
You can't just have shit.","'누가 부탁한 거면 모를까
똥을 들고 다니면 안 되죠'"
29,1:45,"How weird is that
from the dog's perspective? I mean...","개가 보기엔
얼마나 이상하겠어요?"
30,1:48,"Pick it up and collect it.
You know what I mean?",똥을 주워서 담다니
31,1:50,"They must be kind of just like, ""No!","이런 기분일 거예요
'안 돼!'"
32,1:55,Leave that. You don't want that. Just...,"'그냥 둬요, 줍지 말아요'"
33,2:00,"What is he doing? This freaking psycho
is collecting my shit.""","'왜 저러지? 사이코 아냐?
내 똥을 왜 주워?'"
34,2:10,"We probably seem the craziest
of all the animals.","아마 세상에서 제일
미친 동물로 보일 거예요"
35,2:13,"From their perspective,
when they look at our behavior.","동물의 관점에서
우리 행동을 보면요"
36,2:15,You know what I mean? 'Cause--,무슨 말인지 아시죠?
37,2:17,If we show up places we don't belong...,가면 안 되는 곳에 막 가잖아요
38,2:19,"I don't feel like any other animal
really does that,",다른 동물은 절대 안 그래요
39,2:22,"but we do that, you know?
Like scuba diving.","인간만 그러죠
스쿠버다이빙 같은 거요"
40,2:27,"I'm sure fish swim by and they're like,
""What the fuck are you doing here?","지나가던 물고기가 이러겠죠
'대체 여기서 뭐 하는 거지?'"
41,2:32,"Look at yourself."" And we're like...",'네 꼬락서니를 봐'
42,2:38,"""Those are not your feet.
Get the hell out of here. Come on.","'자기 발도 아니면서
당장 꺼지라고, 젠장'"
43,2:43,"You've got all the land. Really?
I mean...""","'그 넓은 땅으로도 모자라?
너무하네'"
44,2:48,"Skydiving. I'm sure birds are like,
""That one's gonna die. Did you see that?""","스카이다이빙도요, 새가 이러겠죠
'죽으려고 환장했네, 저거 봤어?'"
45,2:52,"""Wow. That was dumb.""",'멍청하긴'
46,2:57,"I mean, bird watching, that's
gotta be creepy for birds. I mean...","조류 관찰은 어떻고요
새들이 얼마나 소름 끼칠까요?"
47,3:02,"What are we doing?
These birds are hanging out.","도대체 무슨 짓이죠?
새들이 쉬고 있는데"
48,3:04,"We ignore them most of the time.
Suddenly some, like, fat couple from Ohio","보통 땐 신경도 안 쓰면서
오하이오 출신 뚱보 부부가"
49,3:07,is just obsessed with a bird.,갑자기 새에 집착해요
50,3:09,The bird's like...,새들이 이러겠죠
51,3:10,"""What?",'뭐요?'
52,3:12,Me?,'나요?'
53,3:14,Are you happy? Piss off. What do you want?,"'만족해요? 꺼져요
원하는 게 뭔데요?'"
54,3:19,"Should I shit on him?""
""Yeah. If you have some, get over there.""","'머리에 똥 싸줄까?'
'있으면 좀 싸줘'"
55,3:25,"I wouldn't be surprised if the birdbath
was invented by some sort of bird pervert.","새 목욕통은 새를 좋아하는
변태가 만든 걸 거예요"
56,3:29,I mean...,그렇잖아요
57,3:32,"Some guy's in his kitchen
just looking out the window,","주방에서 밖을 내다보면서
이럴 거라고요"
58,3:34,"""Oh, yeah, splash around in there, birds.","'옳지, 물 좀 튀겨 봐'"
59,3:37,"That's it. Some naked birds
bathing together for my entertainment.","'그래, 발가벗은 새들이
날 즐겁게 하려고 목욕하네'"
60,3:41,"That's it. Oh, yeah.","'옳지, 그거야'"
61,3:43,"Wash up, bird.""","'잘 씻어, 새야'"
62,3:47,"It's disgusting, man.
It's like an open-top Turkish bath.","정말 역겨워요
노천 터키탕 같잖아요"
63,3:50,"I mean, there's no privacy for the birds.",새는 프라이버시가 없대요?
64,3:54,Some people own birds. That's...,새를 기르는 사람들도 있죠
65,3:56,"That's a power move, I'll tell you that.",힘을 과시하는 거라고요
66,4:00,"You know what I mean? Like,
""Hey, there's something that can fly.","무슨 말인지 아시죠?
'저기 날 줄 아는 게 있네'"
67,4:04,I'm gonna change that.,'내가 바꿔줄 거야'
68,4:08,"I think I'll put that
in my kitchen, yeah.""","'주방에 둬야겠어, 좋아'"
69,4:11,Just like low-grade villain behavior.,치졸한 악당 같은 행동이잖아요
70,4:15,"""My own personal prisoner in my kitchen
in a cage. There we go.""","'주방에 새장을 만들어
가둬 버려야지, 됐어'"
71,4:22,I think my favorite holiday is Halloween.,전 핼러윈이 제일 좋아요
72,4:24,"I think it's my favorite, yeah.",핼러윈이 최고죠
73,4:27,That's a good holiday,이런 게 좋아요
74,4:28,"because you don't have to celebrate
that one with your family, you know?","가족과 함께 보내지
않아도 되는 거요"
75,4:34,"You never hear,
""What are you doing for Halloween?""","이런 걸 묻진 않잖아요
'핼러윈에 뭐 해?'"
76,4:36,"""I gotta fly back East
and go trick-or-treating with my parents.""","'동부로 가서 부모님과
트릭 오어 트릿 해야 해'"
77,4:41,"""That sucks."" ""Yeah, they got a divorce","'그거 안됐다'
'부모님이 이혼하셔서'"
78,4:43,"so I gotta bring two different costumes
this year.""","'올해는 의상을
두 벌 가져가야 해'"
79,4:49,"I like reading. I'm a big reader. I, uh...","전 읽는 걸 좋아해요
많이 읽는 편이죠"
80,4:51,"I feel like I just end up
reading everything. I don't know.",닥치는 대로 읽어요
81,4:54,"Like the other day,
I was in my kitchen,",며칠 전엔 주방에 있는데
82,4:56,"I opened a drawer
and I pulled out the Reynolds Wrap,","서랍을 열었더니
'레이놀즈 랩'이 있길래"
83,4:59,"and ended up reading the box
of Reynolds Wrap.","그걸 꺼내서
상자에 적힌 걸 다 읽었어요"
84,5:01,"It said, ""Reynolds Wrap,
trusted since 1947.""","'1947년부터 신뢰받는
레이놀즈 랩'"
85,5:05,"I thought,
""Oh, that's interesting. Trusted.","'신뢰받는'이란 말이
흥미롭더라고요"
86,5:07,"What an interesting word to use there.""","정말 흥미로운 단어라고
생각했어요"
87,5:11,"It implies some sort of dark past
for Reynolds.","레이놀즈사에 어두운 과거가
있었다는 뜻이잖아요"
88,5:17,"""Trusted since '47. Founded in '37.""","'1937년에 창업했고
1947년부터 신뢰받다'"
89,5:24,"First ten years, some shady shit
went on with Reynolds.","처음 10년 동안은 뭔가
구린 게 있었던 거예요"
90,5:27,"You couldn't trust them, I guess.",신뢰 못 할 일이었겠죠
91,5:29,"""Did you get tinfoil?""
""Yeah."" ""Open the box.""",'쿠킹포일 샀어? 뜯어 봐'
92,5:31,"""Shit. There's just pebbles in here.
This is...""","'젠장, 안에 자갈만 들어 있어
정말...'"
93,5:35,"""Foiled!""",'꼬였네'
94,5:44,"I read everything.
I was reading a beach ball last summer","전 뭐든 읽어요
작년 여름엔 수영장 파티에서"
95,5:47,at a pool party.,비치볼도 읽었죠
96,5:49,"I guess I was having a great time
at the party and...",파티가 얼마나 재미있었는지
97,5:52,"I'm sitting there, reading a beach ball.","거기 앉아 비치볼이나
읽고 있었어요"
98,5:55,"It says on the ball, ""Warning:
This is not a life-saving device.""","이렇게 적혀 있었죠
'경고, 구명용 장비가 아님'"
99,5:59,"I'm like, ""Okay,
there's definitely a story here.""","그래서 분명히 그렇게 쓴
이유가 있겠다고 생각했어요"
100,6:04,"Some guy's drowning,
""Get the beach ball!""","물에 빠진 사람이
'비치볼 좀!' 하고 소리쳐서"
101,6:06,Just pelting the guy with the beach ball.,누가 비치볼을 던졌어요
102,6:10,"""I appreciate the effort, I'm having fun,
but I'm dying here, you see?","'고마워요, 재미있네요
근데 저 죽는 거 안 보여요?'"
103,6:14,"I need the donut of this.
This is the donut hole of what I need.","'전 도넛이 필요해요
도넛 구멍이 필요하다고요'"
104,6:19,"I need the donut,
so I can live, okay? Thank you.""","'도넛 모양 튜브요
그래야 살죠, 고마워요'"
105,6:24,"Donut hole is the most
disgusting-sounding thing","도넛 구멍이 제겐
최고로 맛있으면서도"
106,6:26,that tastes the best to me.,지저분하게 들리는 말이에요
107,6:29,"I put a ladyfinger in a donut hole
and it was totally fine.","레이디핑거를 도넛 구멍에 넣어도
전혀 문제 안 돼요"
108,6:37,Donut hole is kind of interesting,도넛 구멍이 재미있는 게
109,6:38,"'cause it's the thing we call
as a donut hole",도넛 구멍은 도넛을 만들 때
110,6:42,that we took out of the donut.,잘라낸 조각이거든요
111,6:44,"And then the hole itself
that was left,",그런데 잘라내고 남은 부분
112,6:49,"the absence of a donut hole
is the donut hole.","도넛의 그 빈 공간도
도넛 구멍이에요"
113,6:54,"So it's kind of a paradox. It's like
it is and not is at the same time.","어찌 보면 역설적이죠
기면서도 아닌 거잖아요"
114,7:00,"That's impossible, the donut hole.
It's kind of...","도넛 구멍이란 건
불가능한 얘기죠"
115,7:05,I like cupcakes. That's a great dessert.,"전 컵케이크가 좋아요
맛있는 디저트죠"
116,7:07,"Kind of awkward to eat a cupcake, though.
Know what I mean?","그런데 컵케이크는
먹기가 좀 민망해요"
117,7:10,"One of the only desserts
you have to peel the underwear off of","먹을 때 속옷을 벗겨야 하는
유일한 디저트죠"
118,7:13,"if you want to eat it.
You have to...","먹을 때 속옷을 벗겨야 하는
유일한 디저트죠 먼저..."
119,7:15,"undress the cupcake,
and it's kind of a swamp-ass under there.","컵케이크를 벗기면
축축한 엉덩이가 드러나요"
120,7:20,"""Am I gonna eat
this sweaty-ass dessert here?","'이 땀에 젖은 디저트를
여기서 먹어야 해?'"
121,7:23,Is this for me?,'먹어도 되나?'
122,7:25,"Yes, I am.
I'm gonna eat this swamp-ass pastry.""","'당연하지, 이 엉덩이가
축축한 빵을 먹을 거야'"
123,7:30,"[Demetri] You know what?
I'm gonna have a cupcake after the show.",이거 끝나면 컵케이크 먹을 거야
124,7:33,Definitely.,꼭 먹어야지
125,7:34,"I have a book idea.
I wanna write an autobiography","책을 구상 중이에요
자서전으로 시작해서"
126,7:36,that turns into a biography.,전기로 바뀌는 거죠
127,7:38,"I've never seen a book
like that before, so...",그런 책은 한 번도 못 봤어요
128,7:40,"Yeah, so the first three or four chapters
would be about, like, my childhood.","처음 서너 장은
제 어린 시절에 관한 거고"
129,7:44,"And then, like, in chapter four,",그리고 4장에서는
130,7:47,"I would just casually mention
Benjamin Franklin.","벤저민 프랭클린을
슬쩍 언급할 거예요"
131,7:52,"I'd say something like,
""Speaking of Franklin...""","이런 식으로요
'프랭클린 얘길 하자면...'"
132,7:54,"Then the whole rest of the book
is about Benjamin Franklin's life.","그리고 책 나머지는 전부
벤저민 프랭클린의 생애예요"
133,8:01,"You get to the end and you're like,
""That freaking nerd","끝까지 읽으면 이러겠죠
'이 엉뚱한 머저리 때문에'"
134,8:04,"tricked me into learning
about Benjamin Franklin.","'벤저민 프랭클린에 대한 얘기를
읽게 됐잖아'"
135,8:08,"[softly] Damn it.""",'젠장'
136,8:12,"When people don't sleep well,
they say they tossed and turned.","잠을 잘 자지 못할 때
'뒤척이고 내던진다'라고 하는데"
137,8:14,"And, um, I've definitely had rough nights
where I...","저도 잠 못 이룬 밤이
꽤 많았어요"
138,8:17,"I turned a lot in my sleep,
know what I mean?",그래서 꽤 뒤척이긴 했죠
139,8:19,"But I've never slept so poorly
that I ended up like,",하지만 아무리 잠을 못 이뤄도
140,8:23,lightly throwing things around the room.,뭘 던진 적은 없거든요
141,8:28,"It's 4:00 in the morning, and I'm like,
""Oh, shit. I'm tossing. Stop it.","새벽 4시에 깨서
'뭐야? 던지고 있네, 안 돼'"
142,8:32,"What the hell am I doing? Go to sleep,
man. Stop it. You're tossing. Stop it.""","'무슨 짓이야? 잠이나 자
제발 그만 던져, 그만!'"
143,8:37,"You wake up the next day
and there's just crap everywhere.","다음 날 아침에 일어나
사방에 물건이 천지면"
144,8:39,"I'm like, ""Oh, my God.
I slept very poorly.","이러겠죠
'젠장, 또 잠을 설쳤네'"
145,8:44,And why do I own so many beanbags?,'빈백은 또 왜 이리 많아?'
146,8:47,"This is making it worse.""",'상황을 악화시키잖아'
147,8:50,"I was driving when I saw a guy,
he was driving a convertible","운전을 하다 컨버터블을
타고 가는 사람을 봤어요 ""실화에 근거한 것임"""
148,8:54,and he was wearing a hoodie.,후드 티를 입고 있더군요
149,8:56,"It's like, wow,
this guy loves convertibles.",컨버터블을 얼마나 좋아하면
150,8:59,He's got two of them on.,두 개나 갖고 있겠어요
151,9:05,"He's got a little personal convertible
inside the big one.","작은 놈은 옷으로 입고
큰 놈에 탄 거죠"
152,9:11,"I think it'd be cool when you have a baby
to put the baby's bottle in a paper bag,","아기가 있다면 종이봉투에
젖병을 넣어서 다니면 좋겠어요"
153,9:15,like a discreet little...,뭔가 비밀스럽고 작은...
154,9:19,"paper bag, you know.
Babies just drinking all the time anyway.","종이봉투요, 아기들은
항상 우유를 마시잖아요"
155,9:23,"Plus when they try to walk,
they look kind of like...",걷는 것도 좀 이상하고
156,9:32,"The baby has a dirty suit on,
which I didn't mention,","옷도 더럽잖아요
그 말을 잊고 안 했는데"
157,9:35,"so it's kind of like a little wino
with a little bit of scruff.","꾀죄죄한 옷을 입은
술주정뱅이 같죠"
158,9:40,"I was thinking recently that ""rapper""","근래에 생각한 건데
'래퍼'란 말이"
159,9:42,"is kind of a weird job title for someone,","직업을 나타내기엔
좀 이상한 말 같아요"
160,9:46,"to call them a rapper.
You know what I mean? Using that word.","사람을 래퍼라고 부르다니
이상하지 않나요"
161,9:49,"'Cause it sounds like a word
we already have","이미 그 단어는
다른 데 쓰고 있잖아요"
162,9:51,"like a, you know, candy wrapper
or something.","사탕 포장지를 뜻하는
'캔디 래퍼'처럼요"
163,9:53,"I know it's spelled differently
but, you know, it sounds the same.","철자는 다르지만
발음은 똑같죠"
164,9:56,"But then I realized,
well, the alternative is ""rappist.""","그럼 '래피스트'가
나을까 생각했는데"
165,9:59,"-So...
-[laughter]",아무래도...
166,10:01,"Yeah, I think ""rapper""
was the right choice.",'래퍼'가 낫겠더라고요
167,10:11,"The other day I was thinking,",며칠 전엔 문득
168,10:12,"it's weird, I was thinking,
I tend to overthink things.","제가 생각이 너무 많다는
생각이 들었어요"
169,10:15,"And then I thought,
""Do I, though? I mean...""","그러다 생각했어요
'정말 그럴까?'"
170,10:21,[Demetri] Maybe I do. I don't know.,"그럴 수도 있지, 모르겠어"
171,10:24,"It's hard to say how much thinking
counts as overthinking, per se.","얼마만큼 생각해야
생각이 많은 거라고 치는 거지?"
172,10:30,What's the threshold?,그 기준이 뭘까?
173,10:31,"You never really get a sense of
how much any one person thinks.","한 사람이 생각을 얼마나 하는지는
잘 모르니까"
174,10:35,But...,하지만...
175,10:36,"Yeah, I guess right now
I'm technically overthinking.","그래, 지금 난 생각이
너무 많은 거야"
176,10:41,Seems appropriate because...,"그럴 만도 하지, 오늘 주제가"
177,10:43,"You know, this is the middle of a joke
about overthinking.","생각이 너무 많은 것에
대한 거니까"
178,10:47,So...,그러니까...
179,10:48,"But I think back to my own childhood
and I can think of times","어릴 때를 돌아보면
상황을 이해하려고"
180,10:52,"when I was trying to almost,
like, figure things out.",애썼던 때가 생각나요
181,10:55,"You know what I mean?
Trying to, like, strategize.","아시겠어요?
전략을 세우는 거죠"
182,10:57,"I don't have a lot of memories like that
but I can remember certain times as a kid.","그런 기억이 많진 않지만
구체적으로 생각나는 게 있어요"
183,11:00,"Like, I was at a birthday party",생일 파티에 갔는데
184,11:03,"and it came the time for the kid
to blow out his candles.","친구가 촛불을 불어서
끄려고 할 때"
185,11:06,I would sneak in my own wish.,제 소원을 슬쩍 끼워 넣었어요
186,11:11,"Right at that moment
when he blew out the candles.","그 친구가 촛불을 부는
바로 그 순간에요"
187,11:13,"I... you know, I was thinking,
I don't know if there's a wishing radius","저는 이렇게 생각했어요
소원을 들어주는 범위나"
188,11:16,"or portal or something, you know...",무슨 관문 같은 게 있을지 모른다
189,11:19,"Some sort of, like, a magical moment.",일종의 마법 같은 것처럼요
190,11:20,"Anybody can make a wish, actually.",소원은 누구나 빌 수 있으니까
191,11:22,"Once those candles are blown out,
like, that's your chance.","촛불을 끌 때가
기회라고 생각했죠"
192,11:25,"It's people are just not taking
advantage of it.","사람들이 그 기회를
이용하지 않는 것뿐이라고요"
193,11:27,"""Oh, yeah, maybe me, too.""",'나도 소원을 빌까 봐'
194,11:29,"Some kid would blow out his candles,
I'd be like, ""Me too.""","다른 애가 촛불을 끌 때
저도 빌면 되겠다고 생각했죠"
195,11:32,I don't know what I was thinking,제 어린 소견에는
196,11:33,"like there's some sort
of Wish Fulfilment Bureau.","'소원 들어주기 협회'라도
있다고 믿었나 봐요"
197,11:35,"They're like,
""We got another birthday wish here.""","거기 사람들은 이러죠
'소원이 하나 더 들어왔어'"
198,11:38,"""Oh, yeah? Actually two came in.""
""Oh, twins?""","'그래? 진짜 두 개네'
'쌍둥인가?'"
199,11:40,"""No. Just some other kid decided
to piggyback, and do his own thing.""","'아니, 어떤 애가 소원 빌 때
슬쩍 숟가락을 얹었어'"
200,11:45,"""Well, how close to the cake
is he standing?""","'케이크에서 얼마나
가까이 서 있었는데?'"
201,11:48,"""Uh, five feet.""",'1.5미터'
202,11:49,"""That's good. He's in the circle.""","'됐어, 원 안에 있었네'"
203,11:53,"""Give him his wish. He beat the system.""
And I'm like, ""Yes!""","'소원 들어줘, 우리가 당했어'
그럼 전 '야호!' 하고 외치죠"
204,11:58,"[Demetri] All right. What's next?
Maybe I'll do the drawings now. Yeah.","이젠 뭘 하지?
그림 얘기나 해야겠다"
205,12:04,Okay.,좋아
206,12:07,These are some drawings.,그림을 보여드릴게요
207,12:13,"I wanna start with the design
I'm working on.","제가 요즘 작업 중인
디자인부터요"
208,12:17,"T-shirts are pretty popular
for a long time, um...","T셔츠가 오랫동안
인기가 많았는데"
209,12:20,"This is a P-shirt,
so it's based on a letter P,","이건 'P셔츠'예요
글자 'P'처럼 생겼죠"
210,12:23,"rather than the T.
Sleeveless on this side and this...","'T'가 아니라요
이쪽은 소매가 없고 이쪽만..."
211,12:28,"sleeve is attached.
So, if you're impatient,","소매가 달려있어요
성질이 급한 사람한테"
212,12:30,"it's a good shirt,
like, ""Can we go? Come on.""","좋은 셔츠예요
'빨리 좀 가자'"
213,12:35,The P-shirt.,'P셔츠'예요
214,12:39,"You know, sometimes
I get a feeling about a letter.","가끔 글자를 보면
이상한 기분이 들어요"
215,12:42,And they just don't hit me right.,뭔가 느낌이 이상해요
216,12:43,"I don't know what it is.
Like M always felt a little weird to me,","이유는 모르겠지만
항상 'M'이 이상했는데"
217,12:47,"and I just recently figured out
what it is.",최근에서야 이유를 알았어요
218,12:49,I think it's that it's very aggressive.,'M'은 너무 도발적이에요
219,12:56,"Spread-eagle, you know?",다리를 쩍 벌렸어요
220,12:58,The W is even worse.,'W'는 더 심해요
221,13:04,Very bony-ass face-plant.,"자빠졌는데
앙상한 엉덩이만 보여요"
222,13:09,Probably the worst would be the A.,아마 최악은 'A' 자일 거예요
223,13:14,It's the A-hole as you can see in here.,여기 똥꼬가 보이잖아요
224,13:19,"Very flirtatious, this guy.",이 남자 교태를 부리네요
225,13:27,"The dollar sign doesn't look like
the symbol for money to me.","달러 표시는 제겐
돈의 상징처럼 안 보여요"
226,13:30,This doesn't look like money.,돈처럼 안 보여요
227,13:31,"This looks like the perfect symbol
for shish kebab.",시시 케밥 표시로 딱 좋잖아요
228,13:36,"-I love Christmas cookies.
-[woman] Yeah!","- 크리스마스 쿠키 좋아해요
- 맞아요!"
229,13:38,"Yeah, I love the sugar cookies",달콤한 쿠키에
230,13:40,"with the different color icing
and everything.",색색의 아이싱으로 장식한 거요
231,13:42,"It's exciting every time
Christmas comes around,","크리스마스가 되면
전 항상 들떠요"
232,13:45,"you get to have these cookies
and they're in all the stores.","가게마다 이런 쿠키를
팔고 있으니까요"
233,13:47,"It is frustrating, though,
because then, Christmas season ends","좀 짜증 나기도 하는 게
크리스마스가 끝나면"
234,13:49,"and, you know, they vanish,
you can't have them anymore.","쿠키도 없어져요
더는 못 사 먹어요"
235,13:52,"But, I think we could have these
cookies year-round","이 쿠키를 1년 내내
만들면 좋겠어요"
236,13:55,"if we just, kind of reframe the cookies
a little bit, you know.",조금만 다르게 생각하면 되잖아요
237,13:58,"Even in the summer time, you'll be like,
""Hey, I got some pine tree cookies here.","여름에는 이런 식으로요
'소나무 모양 쿠키가 있어요'"
238,14:01,"If anybody wants
a, you know, forest-based cookie,",'숲을 주제로 한 걸 찾으신다면요'
239,14:05,"it's just a pine tree
or a non-denominational star","'그냥 소나무예요
기독교와 상관없어요'"
240,14:08,if anyone's interested in a star cookie.,'별 모양 쿠키라고요'
241,14:11,"Could I have another girl
with a fucked-up back cookie? Those are...","'등이 이상한 소녀 쿠키
먹어도 돼요? 저건...'"
242,14:15,The saggy hunchbacks are delicious.,곱사등이 쿠키 맛있다던데요
243,14:19,"Do you have any more of those
fat, hipster burglar cookies?","힙합 바지 입은
뚱보 도둑 쿠키 있어요?"
244,14:30,"If you're trying to learn
how to read music, you might know this.","음계를 공부한 사람은
이게 뭔지 알 거예요"
245,14:32,"There are mnemonic devices
to learn where the notes are,","음표를 외우기 위해
쓰는 방법이 있는데요"
246,14:37,"kind of on the clef here, so, uh...",이런 음자리표 같은 거요
247,14:39,"You know, ""Every Good Boy Does Fine""
is something they tell you.","'착한 소년은 다 잘한다'
이런 식으로 외웠을 거예요"
248,14:44,"I think we can do better. I think there
are other ways to remember this.","이걸 기억할
더 좋은 방법이 있어요"
249,14:47,More memorable ways.,더 기억하기 쉬워요
250,14:49,"Maybe, ""Elephants Go Bald Daily. Fuck.""","'코끼리는 매일
대머리가 된다, 젠장'"
251,14:56,"""Eating Gas? Bad Diarrhea Farts.""","'가스를 먹는다고?
설사 방귀를 뀔걸'"
252,15:01,"""Entire Generation Blows.
Damn it, Facebook.""","'모든 세대가 밥맛없어
빌어먹을 페이스북'"
253,15:11,"Or tell them just to spell the word ""egg""
but don't finish.","아니면 'egg'를 쓰되
끝내지 말라고 해요"
254,15:14,"""E, G, But Don't Finish.""","'E, G, 그런데
끝내지 말아요'"
255,15:21,Smart.,똑똑하죠
256,15:24,"This is a magician's ""to do"" list.",이건 마술사의 할 일 목록이죠
257,15:28,"it's pretty simple. To Do. Ta Da.
Okay, done.","간단해요, 할 일, 짜잔
다 끝났어요"
258,15:34,"It's cool when you see a magician
pull a rabbit out of a hat. That's cool.","마술사가 모자에서
토끼를 꺼내는 마술 신기하죠"
259,15:38,"What would even be cooler would be
to see him pull a hat out of a rabbit.","하지만 토끼에서 모자를 꺼내면
훨씬 더 신기하죠"
260,15:48,"And then a rabbit out of that hat.
There we go.","그 모자에서 다시
토끼가 나와요, 보세요"
261,15:53,Ass rabbit.,엉덩이에서 나온 토끼죠
262,15:59,"It's a classic a balloon. ""It's a boy.""","흔한 풍선이죠
'아들이에요'"
263,16:01,"If somebody has a boy.
That's a... That's a classic.","누가 아들을 낳으면
이런 풍선을 달잖아요"
264,16:05,"We live in different times now.
We're in much more gender fluid times.","하지만 요즘은 시대가 달라요
성 정체성이 흔들리는 시대라"
265,16:08,You don't wanna assume anything.,함부로 속단하면 안 돼요
266,16:10,"I think what might be safer now would be,
""It's alive!""","차라리 '살아있어요!'라는 게
안전해요"
267,16:17,"We'll see how the child does.
You know what I mean?","애가 어찌 될지 모르니까요
제 말 아시겠죠?"
268,16:20,"Instead of ""Get well soon.""
Maybe ""Stay alive!"" I think that's...","'얼른 나으세요' 대신에
'죽지 마세요'가 나아요"
269,16:25,That's a good balloon there.,아주 좋은 풍선이죠
270,16:27,"I tell you what doesn't work is,
""Stay a boy!""","그런데 이런 건 안 돼요
'아들로 남아 있어 줘'"
271,16:32,You can't do that.,그럼 안 돼요
272,16:35,This is my favorite abbreviation,전 이 약자가 좋아요
273,16:37,"of all abbreviations
that people have come up with.","하고 많은 약자 중에
제일 좋아하는 거예요"
274,16:39,"""TBD,"" because this meant what it means",'미정'은 정해지기 전까진
275,16:45,before... it meant what it means.,글자 그대로의 의미였어요
276,16:51,"It was always TBD before--
You know what I mean? So...","항상 '미정'이란 의미였죠
제 말 아시죠?"
277,16:57,Now here's a graph.,이 그래프를 보세요
278,16:58,"This is how that joke just did.
You see? That's...",제가 방금 한 말의 결과예요
279,17:03,This is what I expected. This is the...,"이게 제가 기대한 건데
실제로는 이게..."
280,17:06,"So we have a problem.
There's a differential here.","그러니 문제가 있어요
차이가 생겼잖아요"
281,17:09,"This is where I live.
It's like right in here.","제가 사는 곳이
바로 이 중간이에요"
282,17:13,It's pretty much my life. Okay.,그게 제 인생이죠
283,17:16,Okay.,좋아요
284,17:17,"Now, laughing and peeing
have a pretty interesting relationship,","웃음과 오줌도
아주 흥미로운 관계죠"
285,17:20,"I think, this is a...",이건...
286,17:23,"Kind of group dynamics, really.
You know what I mean?","군중심리가 작용해요
이해하시겠죠?"
287,17:26,"If you laugh in a group, that's okay.
Yeah, that's great.","단체로 웃으면 괜찮아요
문제없죠"
288,17:31,"If you laugh alone, crazy.
I think that's pretty crazy.","혼자 웃으면 미친 거예요
완전히 미친 거죠"
289,17:34,"If I see somebody just laughing, you know,
on his own, on the street,","거리에서 혼자 웃는 사람을 보면
이렇게 생각해요"
290,17:38,"""This guy's gonna kill me.""
You can't just--",'저 사람이 날 죽일 거야'
291,17:41,You're not allowed to just laugh.,그냥 웃으면 안 돼요
292,17:44,Peeing is kind of the opposite.,오줌 누는 건 정반대예요
293,17:45,"So if you... pee alone, that's okay.
I think that's really how it's intended.","오줌은 혼자 누면 괜찮아요
원래 혼자 누는 거고요"
294,17:50,"That's a private thing, really,
It's your own peeing time, um...","개인적인 용무니까요
누는 때도 다 다르죠"
295,17:55,"Peeing in a group, that's crazy.
I think, if you need,","하지만 오줌을 단체로 누면
미친 짓이죠, 이런 거예요"
296,18:00,"you know, a bunch of people,",여러 사람이 모입니다
297,18:01,"""We're all here? I can pee now.
Thank you. Let's just do this.""","'다 모였어? 이제 누면 되겠네
고마워, 다 같이 오줌 누자고'"
298,18:05,If you laugh so hard that it makes you pee,"너무 심하게 웃어서
단체로 오줌을"
299,18:09,in a group...,지린다면...
300,18:11,"that's great. That's okay.
You're having a great time.","그건 괜찮아요
즐거워한단 의미니까요"
301,18:15,"If you laugh so hard
that it makes pee alone,","너무 심하게 웃어서
혼자 오줌을 지리면"
302,18:20,"definitely a lunatic.
I can't think of anybody--","그건 진짜 미친 거죠
상상이 안 가요"
303,18:22,"Anything that funny that you can't
control yourself when you're alone,","혼자 있을 때 오줌을
참지 못할 정도로 웃겨서"
304,18:25,"and actually pee on yourself, this is...",오줌을 지리다니
305,18:29,"If you pee and then laugh,",오줌을 눈 다음에 웃고
306,18:34,"alone, crazy, I think.",혼자서 미치는 거예요
307,18:37,"[laughs] ""Asparagus!""",아스파라거스!
308,18:42,"It's not funny like that, really, I think.",그렇게 웃기진 않잖아요
309,18:45,"Pee and then laugh in a group,
that's the craziest. That's--","단체로 오줌 누고 웃으면
그게 제일 미친 거고요"
310,18:50,"That's a cult.
We're just peeing on a corpse. [laughs] ""We did it!""","광신도 집단이죠, 시체에
오줌을 누고 '해냈어' 하는 거죠"
311,18:56,Complicated. Okay.,복잡해요
312,18:58,"This is a good sign, I think,
for a strip club during the daytime.","이건 '스트립 클럽'에서
낮에 써두면 좋은 글이에요"
313,19:03,"""Sorry we're clothed.""","'죄송합니다
옷 입었습니다'"
314,19:06,"[Demetri] I wonder what the drawings look
like from the balcony.","발코니에서 보면
그림이 어떻게 보일까?"
315,19:09,"Ah, okay.",이제 알겠네
316,19:10,"Here we have an ""Out of Order"" sign
that's out of order, so...","'고장'이란 글이
순서가 뒤바뀌었어요"
317,19:16,"That doesn't work, you see.
Which makes it work.","이건 말이 안 되죠
그래서 말이 되고요"
318,19:23,This is just me saying this.,이건 그냥 제가 하는 말이고요
319,19:32,Here we have a graph. Parties.,파티에 관한 그래프가 있네요
320,19:33,"This is... how fun the party is
based on the type of party.","이건 파티 종류에 따른
흥미도를 나타낸 거예요"
321,19:36,"Toga party, very fun.",토가 파티는 아주 재미있어요
322,19:38,"Birthday party, also fun.
A house party, fun.","생일 파티도 정말 재미있고
하우스 파티도 재미있어요"
323,19:40,Big drop-off for search party. So...,"서치 파티(수색대)에선
툭 떨어지네요"
324,19:45,"Much less fun, traditionally,
a search party.","서치 파티는 전통적으로
별로 재미가 없어요"
325,19:49,"""So we're looking for a body. Okay.""","'시체를 찾아야 해
알았어'"
326,19:51,"That's... more of a get-together
at best, I'd say, than a party per se.","이건 파티라고 하기보다
그냥 모임이라고 해야죠"
327,19:57,"Toga search party is a little bit more fun
than the standard search party.","일반 서치 파티보다는
토가 서치 파티가 더 낫죠"
328,20:01,"We got a theme here, ""Hey,
we're Romans and this guy's missing.""","주제가 있잖아요
'로마인이 돼서 실종자를 찾는다'"
329,20:08,Here's a Venn diagram. This is a...,"벤다이어그램도 있어요
이건..."
330,20:10,Vacation activities. Enemas.,휴가 활동과 관장이고
331,20:13,Water skiing. That's where they overlap.,"수상스키 타기네요
그게 교집합이에요"
332,20:20,"Here's another Venn diagram.
This is... tough guys and spandex.","벤다이어그램이 또 있어요
터프한 남자와 스판덱스군요"
333,20:26,And the football is where they...,여기서는 풋볼이
334,20:30,overlap right there.,교집합이에요
335,20:36,"Finally, praying. We have a graph here.","이제 드디어 기도입니다
여기 그래프가 보이죠"
336,20:39,"This is the amount people pray
based on the location that they're in.","사람들이 위치에 따라
기도하는 양을 나타냅니다"
337,20:42,"In the locker room
before championship games,",결승전 직전의 로커 룸에선
338,20:44,"there's a lot of prayer going on.
And church, even more.","선수들이 기도를 많이 해요
교회에선 더 많이 하죠"
339,20:47,"Kneeling in front of the toilet
is off the charts.","변기 붙잡고 토할 때는
쑥 올라가요"
340,20:49,"This is where people really...
talk to God, usually.","이때 사람들은
신과 주로 대화를 하죠"
341,20:52,"A lot of promises
are made just right there.","바로 그 자리에서
수많은 약속을 합니다"
342,20:56,"In a Jacuzzi, very little.",거품 욕조에선 거의 안 하고요
343,20:57,"Not much prayer goes on
in a... Jacuzzi situation.","거품 욕조에서는
기도할 일이 거의 없어요"
344,21:03,"And things that pray.
People and mantises.","기도하는 생명체는
사람과 사마귀예요"
345,21:12,It's a tie.,비겼어요
346,21:15,"-That's the end of the drawings.
-[cheering, applause]",그림이 끝났네요
347,21:17,All right.,좋아요
348,21:19,"[Demetri] You know what?
I wanna try something.",뭘 좀 해봐야겠어
349,21:24,Okay.,좋아
350,21:29,That was kinda cool.,나름 멋진데
351,21:31,"What was my next bit? Oh, yeah.","다음이 뭐였더라?
맞아"
352,21:34,"I find that my horoscope
is a lot more accurate","제가 인생을 좀 더
불명확한 태도로 살면"
353,21:37,"if I just live, like, less specifically.","별자리 운세가
훨씬 잘 맞을 거 같아요"
354,21:42,If I just live kind of a vague life.,두루뭉술하게 산다면요
355,21:46,"It's kinda like spot-on, you know.",그럼 아주 딱 들어맞죠
356,21:49,"""What are you doing tomorrow?""
""Making some choices.""","'내일 뭐 해요?'
'결정을 좀 해야 하는데'"
357,21:57,"""You're such a Gemini.""
""You know it, man. That's me.""","'전형적인 쌍둥이자리네요'
'맞아요, 제가 그래요'"
358,22:02,"Why do we have half sizes for shoes?
That's kinda weird.","신발 크기에 왜
반 치수가 있죠? 이상해요"
359,22:06,"We could have just picked
twice as many numbers",그냥 숫자를 두 배 더 썼으면
360,22:08,"and then we wouldn't have had
to have fractions",굳이 신발 크기를 말할 때
361,22:11,"in the shoe sizes, you know what I mean?",분수를 안 써도 됐을 텐데요
362,22:13,"It seems like a mistake.
Like, maybe they picked the shoe sizes","실수였을 거예요
신발 크기를 다 정해놨는데"
363,22:16,"and then people's feet got more specific
somehow or something.","사람들 발 크기가 좀 더
세분된 거죠"
364,22:20,"""OK, we're all done
with the shoe sizes.""",'신발 크기를 모두 정했네요'
365,22:22,"""Excuse me,
I don't fit in the nine or the ten.""","'미안하지만 저는
9도 안 맞고 10도 안 맞아요'"
366,22:25,"""You gotta be fucking kidding me.""",'그걸 지금 말이라고 해요?'
367,22:31,"""We just officialised all the numbers.
Where were you?""","'신발 크기 정할 때
어디 있다가 이제 와서 그래요?'"
368,22:35,"""Shit. We're going to fractions.
This is unbelievable. I can't--""","'젠장, 분수를 써야겠어
어이가 없네'"
369,22:41,"I think it's cool that we have dashes
in phone numbers.","전화번호에
대시를 쓴 건 잘한 일 같아요"
370,22:43,That was a good idea. That's a good move.,아주 좋은 아이디어죠
371,22:46,"It'd be hard to get someone's number
without those little dashes in there, you know what I mean?","대시가 없으면
전화번호 따기 힘들었을 거예요"
372,22:50,"""What's your number?
I'll give you a call.""","'전화번호가 뭐죠?
전화할게요'"
373,22:51,"""Oh, sure. It's 3,256,568--""","'그래요
3,256,568...'"
374,22:54,"""Whoa, whoa, whoa! Jesus Christ, man!",'세상에'
375,22:58,"Your number's huge.
This is crazy. Just forget it.","'숫자가 너무 커요
미치겠어, 관둬요'"
376,23:02,"I can't count that high to call you.""","'전화하려고 그렇게
큰 숫자를 셀 순 없어요'"
377,23:09,"It's kind of cool that O and zero
work so nicely together.","알파벳 'O'와
숫자 영은 참 편리해요"
378,23:14,"I feel like O
will just substitute for zero.","숫자 영 대신
알파벳 'O'를 많이 쓰죠"
379,23:17,"Like, all the time
and nobody has a problem with it.","항상 그렇게 써도
아무도 뭐라 안 해요"
380,23:20,I guess 'cause they look so alike.,둘이 비슷하잖아요
381,23:21,"You know, somebody gives you a number,
260-4050, whatever, you know.","전화번호를 말할 땐
2-6-O-4-O-5-O라고 하지만"
382,23:26,"But you can't substitute ""0"" for ""O.""","알파벳 'O' 대신
숫자 영은 못 써요"
383,23:29,"It doesn't really go the other way
for some reason.",이상하게 그렇게는 안 써요
384,23:31,"""Spell you first name for me.""
""T-H-0-M-A-S.""","'이름 철자를 말해줘요'
'T-H-영-M-A-S요'"
385,23:36,"""The fuck, are you a robot?
You can't have a zero on your name.""","'당신 로봇이에요?
이름에 숫자가 들어가다니'"
386,23:42,"It's kind of a one-way street, really,
with the--",어찌 보면 일방통행이죠
387,23:47,"I think it's weird that they went
to double digits so quickly with numbers.","숫자는 두 자릿수로
참 빨리도 넘어가죠"
388,23:51,"I mean, we literally have
an infinite number of numbers.","글자 그대로 숫자는
무한대까지 있잖아요"
389,23:54,There's so many numbers.,숫자는 정말 많아요
390,23:56,"But when they were coming up
with the shapes,","하지만 막상
숫자의 모양을 정할 때는"
391,23:58,"it was like somebody uncreative
was working on the shapes or something","별로 창의적이지 못한 사람이
담당했는지"
392,24:02,"'cause they just... they just ran out
of ideas quickly. You know what I mean?","그럴듯한 아이디어가
안 떠올랐나 봐요"
393,24:07,"Even at nine, you could tell they were
in trouble. They were like, uh...","'9'만 해도 그래요
고민한 흔적이 역력해요"
394,24:11,"""Maybe just flip the six? I don't know.""",'그냥 6을 뒤집어 버리자'
395,24:16,"""I'm done, man. I'm out.","'더는 못 해, 손 뗄래'"
396,24:17,"Just double them up from here
or something.","'그리고 지금부턴
두 번씩 쓰지 뭐'"
397,24:20,"I don't know. That's all I have. Okay?""","'모르겠어
아이디어가 안 떠올라'"
398,24:25,I like sports bars.,전 스포츠 바가 좋아요
399,24:28,Sports bars are great.,스포츠 바는 정말 멋져요
400,24:29,"'Cause they collect all the people
I don't wanna hang out with","제가 만나기 싫어하는 사람들을
다 모아서"
401,24:31,and they put them in one room.,한방에 둔 것 같아요
402,24:39,Yeah.,그래요
403,24:40,"I'm not against sports.
I don't have a problem with sports.","스포츠를 싫어하진 않아요
스포츠엔 불만 없어요"
404,24:42,"I'm just not good at them.
I'm not coordinated.","잘 못 하는 것뿐이죠
운동 신경이 떨어져요"
405,24:45,I'm not drawn to sports.,스포츠에 흥미가 없어요
406,24:46,"I don't even look like someone
who could spend time in a sports bar.","스포츠 바에 갈 것 같은
사람처럼 안 보이잖아요"
407,24:49,"I have a very punchable face
in a sports bar.","스포츠 바에 가면
한 대 맞을 인상이라고요"
408,24:54,It's not a good look. You know?,별로 좋은 인상이 아니죠
409,24:55,"This is not a sports nose.
You know, I know what I look like.","운동할 코도 아니고요
제 얼굴은 제가 잘 알아요"
410,25:00,Maybe for swimming this is a good nose.,수영하기엔 좋은 코일 수 있어요
411,25:03,"If I just keep my face down in the water.
Kind of a rudder, I can steady my head.","물속에 얼굴을 넣고
머리를 고정하면 키로 써도 되죠"
412,25:09,It's not an athletic look I have.,전 운동선수처럼 안 생겼어요
413,25:13,"I just learned recently
that your nose and your ears",최근에 안 건데 성인이 돼서도
414,25:16,"are the only parts of your body
that keep growing through your adult life.","계속 자라는 신체 부위는
코와 귀뿐이래요"
415,25:19,"And I was like,
""You gotta be fucking kidding me.""",정말 어이가 없더라고요
416,25:26,Really? Okay.,말이 돼요?
417,25:28,"If I live long enough, this is gonna be
a shit show, man. This is--","늙으면 어떤 꼴이 될지 상상하니
기가 막혀요"
418,25:33,"""Here comes Grandpa.
He's got that little walker for his nose,","'할아버지 오신다
코에 보행기를 걸치셨네'"
419,25:35,"just couple of wheels
on the front of this thing.""",'앞에 바퀴 단 거 말이야'
420,25:39,Roll it in.,굴리는 거죠
421,25:44,"They should have a stationary bike
at the gym that's in a wheelie position.","실내 자전거도 앞바퀴를
들고 탈 수 있으면 좋겠어요"
422,25:50,It'd be kinda cool.,재미있을 거 같아요
423,25:51,"I'm like, ""Yeah, I'll ride a wheelie
for a half an hour. Shit, yeah.""","'30분 동안 앞바퀴를
들고 타야지, 신난다'"
424,25:55,I'll get on that thing. Hello.,'저걸 탈 거야'
425,25:59,"Or a Stairmaster that goes downstairs.
Just one of them would be like,","내려가는 스테퍼가
있으면 좋겠어요"
426,26:02,"""I'm not pushing it today.",'오늘은 가볍게 해야지'
427,26:04,"I'm just gonna go down,
like, six flights of stairs.""",'계단 여섯 칸만 내려가자'
428,26:12,"I'm not a big workout guy.
I've gone to gyms, but it doesn't...","전 운동 안 좋아해요
헬스장에 가긴 하지만..."
429,26:16,"doesn't take for me, you know.",저하곤 안 맞아요
430,26:18,The gym is too intense.,분위기가 너무 심각해요
431,26:20,"You ever make eye contact with somebody
in the mirror at the gym?","헬스장 거울에서 누군가와
눈 마주친 적 있어요?"
432,26:24,It's like way too intimate.,솔직히 너무 은밀해요
433,26:26,"That one bounce
just makes it very personal.","한 번 눈길을 주고받으면
매우 사적인 것이 되죠"
434,26:31,It doesn't help if you try to diffuse it,괜히 상대를 격려한다든가 하면서
435,26:33,"by like, you know, encouraging the guy.","어색함을 깨려 하는 건
도움이 안 돼요"
436,26:35,"He's like, ""Hey, good job.""
""What the fuck, man!""","'잘했어요'라고 하면
'뭔 상관이야?' 하는 식이죠"
437,26:43,"I have tried to work out, though,
over the years. I really have.","저도 몇 년 동안
운동을 하긴 했어요"
438,26:46,I put some effort into it.,노력도 해봤고요
439,26:47,"I'm the kind of person
where I can make a really good plan.","저는 계획은 정말
잘 세우는 편이에요"
440,26:51,"You know, I really do like charts
and graphs and stuff.","차트나 그래프 같은 거
정말 잘 만들거든요"
441,26:53,"So I make like a big poster
by hand, I write it out.","손으로 커다란 포스터도 만들고
글도 직접 쓰죠"
442,26:57,"Monday, Wednesday, Friday.
You know, chest and triceps.","월요일, 수요일, 금요일
가슴과 삼두박근"
443,27:00,"Tuesday, Thursday, back and biceps.","화요일, 목요일은
등과 이두박근"
444,27:02,And I got abs on this day,그리고 이날은 복근 운동
445,27:03,"and a whole program
I've worked out for myself",제가 직접 프로그램을 짰어요
446,27:07,and done research and everything.,조사도 직접 하고요
447,27:08,"I post it up on a cork board
at my house and...",집에 있는 코르크판에 붙여놓고요
448,27:12,"And then I start.
I come out of the gate pretty good.","시작이 좋아요
항상 출발은 멋져요"
449,27:14,"I can do like three days, five days,
maybe a week.","3일, 5일
일주일 정도는 해요"
450,27:17,"I don't think I ever made it to two weeks
but I give it a shot.","2주까지 해본 적은 없지만
시도는 하죠"
451,27:21,"Then I lose steam, you know.
It just doesn't happen for me","그러다 시들해지죠
전 안 되더라고요"
452,27:23,"and I get distracted, I do something else.",다른 데 정신이 팔려 딴 걸 해요
453,27:26,"Um, but what's weird is I'm old enough
now that I've repeated this pattern.","웃기는 건 제가 나이 먹으면서
이 패턴을 반복했다는 거예요"
454,27:30,"I can see my behavior,
like, this pattern repeating itself.","제가 어쩌는지 알아요
이 패턴 그대로 반복이죠"
455,27:34,"Because I take ""before"" photos, too.",항상 '운동 전' 사진을 찍거든요
456,27:36,"I take-- I get in the living room,",거실에서 찍어요
457,27:38,"you know, underwear, shorts,
no shirt, just kinda...",셔츠는 벗고 팬티만 입고 찍죠
458,27:44,"You don't smile on the ""before"" photos.
I kinda have this blank...","'운동 전' 사진 찍을 땐
안 웃고 무표정해요"
459,27:48,"And then after you work out,
you're supposed to be like, ""Hey!""","운동을 한 후에는
얼굴에 미소도 좀 띠고"
460,27:51,"You've got a tan. You're lathered up
or whatever a few months later.","몇 달 후엔 선탠도 좀 하고
비누칠도 좀 하고요"
461,27:54,"I just never made it that far,
it just never worked out.","거기까진 한 번도
가보질 못했어요"
462,27:57,"So, I just have a series
of photos of myself...",그래서 팬티만 입고
463,28:02,"getting older in my underwear.
That's it.","나이 먹어가는 사진만
잔뜩 있어요"
464,28:07,"If somebody found the photos after I died,
they'd be like,","제가 죽은 후 누가 그 사진을 보면
이러겠죠, '이 작자 변태야?'"
465,28:09,"""What was this guy's fetish?
What is this?","제가 죽은 후 누가 그 사진을 보면
이러겠죠, '이 작자 변태야?' '이게 뭐야?'"
466,28:12,"Just aging sadly in his living room?
What the--?""","'처량하게 나이 먹는 걸
왜 찍었지?'"
467,28:18,"Sometimes on the news
I've noticed that reporters","가끔 뉴스를 보다 보면
기자들끼리 서로"
468,28:21,are kind of shitty to each other.,디스하는 게 보여요
469,28:23,"Sometimes a reporter will introduce
another reporter who's out in the field","한 기자가 현장에 나가 있는
다른 기자를 소개하는데"
470,28:27,"and just give away their whole story
in their introduction.","소개하면서 기사 내용을
죄다 말해버려요"
471,28:31,"""Now as Judy Wong reports down
at the courthouse,","'현재 주디 웡이
법원에 나가 있는데요'"
472,28:33,"there's a big protest. Judy?""","'지금 큰 시위가
열리고 있죠, 주디?'"
473,28:39,"""Thanks, asshole.","'너무하네, 나쁜 놈'"
474,28:40,"That was my story,
I was gonna tell them that",'그거 내가 하려던 얘긴데'
475,28:42,"but you managed to give away
the whole story before I can even speak.","'내가 말하기 전에
댁이 다 말해버렸잖아요'"
476,28:46,"Back to you, motherfucker.""","'이상입니다, 씹새야'"
477,28:53,"I was thinking the next time
I buy a picture frame,","생각해봤는데
다음에 액자를 살 땐"
478,28:54,"I could bring a photo of myself
and just slip it into the frame",사진을 액자에 넣은 다음에
479,28:59,before I get to the register.,계산대로 가져가야겠어요
480,29:04,"And then when she's ringing up
halfway through, be like, ""What the...?","반 정도 물건을 계산했을 때
이러는 거죠, '뭡니까?'"
481,29:10,"How did you get one of my before photos?""","'제 '운동 전' 사진을
왜 갖고 있어요?'"
482,29:21,"How do you market a cruise to people?
That seems kind of hard.","크루즈 여행을 어떻게 팔죠?
힘들 거 같은데"
483,29:25,"""Hey, do you like hotels?""",'호텔 좋아하세요?'
484,29:26,"""Yeah.""",'네'
485,29:28,"""How about one that could sink?""",'물에 가라앉을 수도 있는 건요?'
486,29:36,"""I can drown in my bedroom? Wow! Okay.","'자다가 익사할 수 있다고요?
좋아요'"
487,29:42,"I like that. Yeah, that does sound fun.""","'좋네요, 재미있을 거 같아요'"
488,29:45,"Pretty close to the top of the list
of ironic ways I would not wanna die","제가 죽고 싶지 않은
아이러니한 방법 목록이 있는데"
489,29:49,"would be to drown in the swimming pool
on the deck of a cruise ship...","바다 한가운데 크루즈 여객선
수영장에서 익사하는 게"
490,29:56,in the middle of the ocean.,맨 위로 가겠네요
491,29:59,"""Do you hear about Demetri?""
""Yeah, he drowned in the Pacific Ocean.""","'디미트리 얘기 들었어?'
'태평양에 빠져 죽었다면서'"
492,30:02,"""No, he drowned on the Pacific Ocean.","'아냐, 태평양 위에서 죽었대'"
493,30:07,"There's a boat there
that was totally fine.",'구명보트도 멀쩡한 게 있었대'
494,30:09,He just found this one rectangle of water,"'거기 직사각형 모양
수영장이 있는데'"
495,30:12,"and it was in there
that he managed to die.",'하필 거기서 죽었다고 하더라'
496,30:17,What an idiot. That's terrible. Yeah.,'바보 아냐? 정말 끔찍하다'
497,30:20,"Pretty embarrassing.""",'창피한 일이지'
498,30:23,"Balloons are great. You can use balloons
for so many different things.","풍선은 좋은 거죠
풍선으로 할 수 있는 게 많아요"
499,30:28,"But you can't grieve with balloons.
They are...","하지만 풍선을 들고
슬퍼할 순 없어요"
500,30:31,"a little limited that way.
You know what I mean?","그런 한계가 있더라고요
안 그래요?"
501,30:34,"Like you can't show up to a funeral
with a bunch of black balloons","장례식에 가는데
검정 풍선을 잔뜩 들고 가서"
502,30:38,"and be like,
""I am so sorry for your loss.""","이러진 않잖아요
'상심이 크시겠어요'"
503,30:43,"""Oh, thank you, these are... beautiful.","'고마워요, 정말 아름답네요'"
504,30:45,"Guess I'll tie them to the casket.""",'관에 묶어둘게요'
505,30:49,"""Pop 'em when you're ready.
When you're ready, just pop 'em.""",'준비되면 터뜨리세요'
506,30:53,"""Oh, thank you. I appreciate that.""","'네, 정말 고마워요'"
507,30:56,"It's weird to think about death
because it's the last thing that you do.","죽음을 생각하는 건 이상해요
생애 마지막으로 하는 일이잖아요"
508,31:00,Your last verb is you die.,마지막 행동이죠
509,31:03,That's the last thing you do.,그게 마지막으로 하는 거예요
510,31:05,"Unless you were body surfing,
you could argue that you, you know,","보디서핑을 하다 죽으면
아니라고 항변하겠죠"
511,31:09,"body surf for another 20 minutes
after you die, but...","죽은 후 20분 정도는
물에 떠다닐 테니까요"
512,31:14,I don't think that counts.,그건 안 치고 싶네요
513,31:16,"I don't know if that's you so much
at that point.","그땐 이미 자신이라고
할 수 없으니까요"
514,31:20,[Demetri] I think I'm thirsty.,"목이 마른 거 같아, 맞아"
515,31:23,Just get a quick drink.,빨리 한 모금 마시자
516,31:25,Here we go.,마신다
517,31:28,"Oh, that is warm.",뜨뜻하네
518,31:31,"-[man] Water!
- It's like I'm drinking bath water.",목욕물을 마시는 거 같아
519,31:33,"It's a hot crowd.
That's a good crowd. [laughs]","열정적인 관객이네요, 좋아요"
520,31:38,"""How did your drinking water bit go?""
""Oh, it went great, man.","'물 마시는 거 어땠어요?'
'네, 아주 좋았어요'"
521,31:43,"They liked it. They like me
a little bit thirsty for sure.""","'관객들은 제가 목마른 게
좋았던 거 같아요'"
522,31:48,It's amazing being in an audience.,"관객이 되는 것도
좋은 거 같아요"
523,31:50,"It's one of the few times that
you can have a conversation like that.","그런 식의 대화를 해도 되는
흔치 않은 기회죠"
524,31:53,"You say, ""Whoo!""
Like that totally counts as a...","'우' 하고 소리치면
말하는 사람 입장에선"
525,31:58,"Your side of the conversation.
How you doing? Whoo!","이런 내용이 되거든요
'안녕하세요?'"
526,32:02,Having a good night? Woo-hoo!,'오늘 밤 즐거우세요?'
527,32:05,It's totally cool.,아주 좋아요
528,32:07,"It's after the show,
that it would be kind of weird if I ran into you on the street...","공연이 끝나고 거리에서 마주치면
어색하겠지만요"
529,32:11,"""Were you at my show?""",'제 공연 보셨어요?'
530,32:17,"""You okay?"" Woo-hoo!",'괜찮아요?'
531,32:21,"""Do you have like a disorder?""",'무슨 장애 같은 거 있어요?'
532,32:26,"""I'm sorry."" [softly] Woo-hoo.",'미안해요'
533,32:32,"I wonder if anybody ever
had a near-death experience",이런 사람이 있는지 모르겠네요
534,32:35,"that just rolled into,
like, a regular death.","임사 체험을 했다가
진짜로 죽게 된 사람요"
535,32:42,"Do you what I mean?
Like, you're in the OR...","아시겠어요?
수술실에 있는데"
536,32:47,"All of a sudden
you feel yourself leaving your body.",갑자기 몸을 떠나는 느낌이 들죠
537,32:50,"Now you're in the tunnel
and there's the bright light.","터널 속에 있는데
밝은 빛이 보이고요"
538,32:54,You're being drawn towards the light.,그리고 빛 쪽으로 끌려가요
539,32:56,"You're not even walking now,
you're just floating towards the light","걷는 것도 아닌데
빛 쪽으로 둥둥 떠서 가요"
540,32:59,through the darkness.,어둠을 통과해서요
541,33:00,"And you see a line of people
waiting for you","거기에는 사람들이
기다리고 있어요"
542,33:03,and you just feel love and warmth.,사랑과 따뜻함이 느껴지죠
543,33:05,"And here's your grandmother,
""Hello. Welcome.""","할머니가 이러시죠
'어서 오렴'"
544,33:09,Across from her is your great-grandfather.,"할머니 맞은편엔
증조할아버지가 계시고요"
545,33:11,"You've never met him
but you just know it's him.","한 번도 본 적 없지만
그냥 알아요"
546,33:13,"""Young man, it's good to meet you.
Welcome!""","'얘야, 만나서 반갑구나
잘 왔다'"
547,33:16,"Here's your dog when you were a kid...
[mimics dog barking]",어려서 키우던 개도 있는데
548,33:19,"But you can understand him.
""Hello. Congratulations, sir.""","이제 말을 알아들어요
'어서 오세요, 축하해요, 주인님'"
549,33:22,"Whatever they congratulate you
when you die.",죽으면 하는 그런 축하 있잖아요
550,33:26,"Some friend from high school, and a line
of people smiling and waiting for you.","고등학교 때 친구도 있고
사람들이 미소 지으며 기다리는데"
551,33:30,"And then suddenly, you freeze.",갑자기 몸이 마비돼요
552,33:33,[blowing] You start to go backwards.,뒤로 가기 시작해요
553,33:36,"The light is fading.
The line of people is receding.","빛은 점점 희미해지고
사람들도 사라져요"
554,33:39,"Your grandmother's like,
""Goodbye. It wasn't your time, goodbye!""","할머니가 말씀하시죠
'잘 가라, 아직 때가 안 됐구나'"
555,33:45,"You feel yourself
coming back into your body.","다시 몸 안으로
들어가는 느낌이 나요"
556,33:47,You're coming back. Something goes wrong.,돌아오고 있는데 뭔가 잘못돼요
557,33:52,Now you gotta go back...,그래서 다시 터널로
558,33:56,down the tunnel.,돌아가야 해요
559,33:57,"Everybody's running back into position
your grandma's like, ""Hello again...""","다들 자기 자리로 돌아가고
할머니가 그러죠, '또 왔구나'"
560,34:02,"Your great-grandpa's like,
""This is very unusual, young man.","증조할아버지는 이러세요
'아주 기이한 일이구나'"
561,34:04,"What are we doing here?""",'도대체 무슨 일이지?'
562,34:06,"Your dog like, ""[barks] What the fuck?""
And then... [chuckles]","개는 이러죠
'뭐야 진짜?'"
563,34:09,"The light's in your eyes
at the wrong angle,",이상한 각도로 눈에 빛이 비치고
564,34:11,"the guy is putting out a cigarette,
""Shit, this guy died!""","누가 담뱃불을 끄며 말해요
'젠장, 이 작자 죽었네'"
565,34:18,"I don't have an ending for that joke,
it's just that...","이 얘기엔 결말이 없어요
이건..."
566,34:22,"The joke dies, just like we do.
It's just that...",농담도 우리처럼 죽는답니다
567,34:27,It's okay.,괜찮아요
568,34:30,"They should have positive uses
for blow darts too.","입으로 불어서 쏘는 바람총도
쓸모가 있을 텐데요"
569,34:34,"Like if you have to get your kid
vaccinated.",애들 예방주사 놓을 때요
570,34:38,"Go to the pediatrician, he's like,",소아 청소년과에 갔는데
571,34:40,"""Would you like regular
or a blow dart for the vaccination?""","의사가 묻죠, '일반 주사로 할까요
바람총으로 할까요?'"
572,34:43,"""Oh! Yeah, let's try a blow dart.
That sounds good.""","'당연히 바람총이죠
재미있겠어요'"
573,34:46,"The kid's just like waiting on the table,
doctor pops in...","애가 앉아서 기다리면
의사가 들어와서"
574,34:53,"""Sweetie, you're done! That's it.
You're vaccinated.""","'아가, 다 됐다
예방주사 맞은 거야'"
575,34:58,Everybody wins.,모두가 행복하죠
576,34:59,"The doctor's like, ""I love my job.
This is the best part of the day.""","의사는 그러죠, '이 직업 최고야
이때가 제일 신나더라'"
577,35:05,"The parent's like, ""Yes! Nailed him.""","부모들은 또 이러죠
'됐어, 해냈어!'"
578,35:08,"And the kid has no fear,
there's no anticipation",애도 지레 겁먹을 필요 없죠
579,35:11,"leading up to, you know.
Until the next time he has to...",다음번엔 문제가 되겠지만요
580,35:16,"That is pretty much at the front door
of the doctor's office.",진료실 문간에서 이럴 겁니다
581,35:18,"The kid's like, ""Where is he?""","꼬마가 들어와서
'어디 계시지?'"
582,35:21,"[Demetri] Alright, which bit
should I do next? Hmm...",다음엔 뭘 하지?
583,35:26,Uh... that one.,저거 해야지
584,35:32,"This is called, ""Fascinating Facts.""",제목은 '신기한 사실'입니다
585,35:35,"Some facts that I just wanna share
with you.","여러분께 알려드리고 싶은
내용입니다"
586,35:41,"It is safer to fly in a plane
than it is to fly in a car.","차 타고 나는 것보다
비행기 타고 나는 게 안전해요"
587,35:46,"Drunk people are about 6,000 percent
less interesting than they think they are.","취한 사람들은 본인들 생각보다
6천 퍼센트 재미없어요"
588,35:52,"The term for the very tip of the scissors
is the ""snipples.""","가위 맨 끝은
'가위 끝'이라고 하죠"
589,35:58,Pandas are biracial.,판다는 혼혈이에요
590,36:03,"About 75 percent
of German shepherds are dogs.",셰퍼드의 75퍼센트는 개랍니다
591,36:10,The other 25 percent are German shepherds.,나머지 25퍼센트는 셰퍼드랍니다
592,36:14,"White people are 50 times more likely
than people of any other race","백인은 다른 인종보다
'근사해'란 말을"
593,36:17,"use the word ""neat-o.""",50배 더 많이 쓴대요
594,36:21,"Due to global warming, the polar ice caps
are now polar ice yarmulkes.","지구 온난화 때문에
극지방 만년설이 빙수가 됐어요"
595,36:28,"The most popular kind of prosthetic limb
in the world is the dildo.","세계에서 가장 인기 있는
보철물은 딜도래요"
596,36:35,Wednesday is spelled wrong.,수요일은 철자가 틀렸죠
597,36:43,"By simply adding a ponytail,",꽁지머리 좀 했다고
598,36:44,"a man can remove
up to all of his credibility.","남자는 미덥지 않은
사람으로 보여요"
599,36:51,"Nearly one half of all Americans
are torsos.","미국인들의 거의 절반은
미완성이래요"
600,36:58,"The word ""hurdle""
comes from the Danish word","'허들'이란 말의 어원은
덴마크어의"
601,37:00,"meaning ""testicle paddle.""",'고환으로 만든 노'라죠
602,37:04,"People who are vegan not only live longer
they're also more annoying.","비건은 오래 살기도 하지만
짜증도 더 심해요"
603,37:11,"New Jersey is the only state
you can smell from other states.","뉴저지는 다른 주에서
냄새 맡을 수 있는 유일한 주예요"
604,37:17,"In rare circumstances,
a leap year falls on a hump day.","드문 경우지만 윤년이
수요일이 될 때가 있는데"
605,37:20,"This is known as the ""leap hump.""",그걸 '윤수일'이라 해요
606,37:25,"You're more likely to die
in a terrible accident","끔찍한 사고로
죽을 확률이 더 높죠"
607,37:27,than in a wonderful accident.,멋진 사고로 죽을 확률보다는요
608,37:31,"The capital of Alaska is ""A.""",알래스카의 대문자는 'A'예요
609,37:38,"By the age of 90, the average person
has already been dead for eight years.","90세가 됐다면 보통 사람은
죽은 지 8년이 지난 거죠"
610,37:43,"No one has ever successfully
blown a French kiss to another person.","프렌치 키스를 손 키스로 하는 데
성공한 사람은 아무도 없죠"
611,37:50,"Men are about 800 times
more likely than women","남자들은 여자들보다
살면서 언제든"
612,37:52,"to fart into a bag
at some point in their lives.","봉투에 방귀 뀔 확률이
800배는 높아요"
613,37:59,"Experts believe there's about 25 percent
more camouflage in the world","전문가들은 세상이
우리 생각보다 25퍼센트 더"
614,38:02,than we realize.,위장돼 있대요
615,38:07,"The term for the very bottom of the banana
is the ""ban-anus.""","바나나의 제일 아랫부분을
칭하는 말은 '바나나 엉덩이'"
616,38:14,"There are fewer and fewer magicians
in the world","세상의 마술사들이
점점 사라지고 있는데"
617,38:15,"due to the difficulty
they have reproducing.",생식에 어려움이 있어서래요
618,38:19,"The Heimlich maneuver can also be done
on someone who's constipated.","하임리히 요법은
변비 걸린 사람에게도 즉효라죠"
619,38:26,Sex... is the leading cause of people.,"섹스가 사람들이 생기는
주된 요인이래요"
620,38:38,All right.,좋아요
621,38:47,"[Demetri] OK, that worked pretty well.","좋아, 꽤 잘했어"
622,38:50,"I should keep the show moving.
Hurry up.",공연을 계속해야지
623,38:56,Okay.,좋아요
624,38:59,"[Demetri] Oh, maybe I could do a bit
with the mic stand.",마이크 스탠드를 이용해도 되겠어
625,39:10,"No, that's not my style.","안 돼, 내 스타일이 아니야"
626,39:13,"I was driving and I saw a signage
that said, ""Hidden Driveway,""","운전하다 '감춰진 도로'라 쓰인
표지판을 보고 이랬어요"
627,39:16,"and I was like, ""Well, you just ruined it!",'가르쳐 주면 어떡해?'
628,39:20,"Let me figure that out!""",'내가 찾게 둬야지'
629,39:25,"Sometimes when I'm driving and I get like,
road rage pretty badly, you know,","가끔 운전하다 보면
화가 치밀어 오를 때가 있어요"
630,39:28,"and I don't have the physique
to back it up. I--","그런데 그걸 표현할
외모가 안 돼요"
631,39:31,"It's such a mismatch between my anger
and what I could actually do to anybody,","제 분노와 그걸 표현하는 것
사이에 큰 괴리가 있어요"
632,39:35,I can't...,전...
633,39:37,"I can solve some puzzles really quickly
in front of them,","그 사람들 앞에서
퍼즐은 빨리 맞출 수 있는데"
634,39:39,"they'd be like,
""Whoa. Shit, this guy threw me off.""","그럼 이러겠죠
'뭐야, 미쳤나 봐'"
635,39:44,"I think part of the problem
with road rage",운전 중에 화가 나면 문제인 게
636,39:45,"is that we don't have an adequate way
to communicate with each other.","서로 의사소통할
적당한 방법이 없단 거예요"
637,39:49,"We have a very limited vocabulary
we can say ""thank you"" and ""fuck you.""","쓰는 단어도 '고마워요'나
'엿 먹어'로 한정돼 있고요"
638,39:53,That's the two things we can say.,그 두 마디밖엔 못 해요
639,39:56,"That's pretty limited
'cause sometimes I make a mistake","너무 제한적이죠
가끔은 실수를 할 때"
640,39:59,"and then I wish I had a gesture
to go with it.","거기 맞는 몸짓이
있었으면 좋겠어요"
641,40:02,"You can't really apologize, like,
I'll cut a guy off and be like, ""Shit.""","앞에 끼어들어 놓고
사과할 순 없잖아요"
642,40:06,"And then he catches up to me
and I gotta be like...",상대가 따라잡으면 이렇게 하나요?
643,40:13,"""From your perspective. Fuck me.
You see? I'm on your side here.""","'그쪽 입장에서 날 욕하는 거예요
난 그쪽 편이라고요'"
644,40:17,"There's no ""I'm sorry.""
I can't be like, ""I'm sorry.","이렇게 표현할까요?
'미안해요'"
645,40:22,I'm sad for what I did.,'내가 한 짓 때문에 슬퍼요'
646,40:26,"Okay?"" ""What the hell is this guy doing?
Is he a mime?""","'아셨죠?', 상대가 이러겠죠
'이 친구 뭐야? 마임 하나?'"
647,40:30,"The car horn's even worse.
That's just like instant aggression.","경적은 더 나쁘죠
즉각적인 공격이니까요"
648,40:33,"I think it's because it's like yelling
""hey"" at someone.","누구한테 '어이!' 하고
소리치는 거와 같죠"
649,40:36,"You hit the horn and you're like,
""Hey! Hey!""","경적은 이런 거죠
'어이! 이봐!'"
650,40:40,"Sometimes I just tap it,
I'm not trying to be a dick here,","가끔은 경적을 살짝 두드리죠
무례하게 굴긴 싫으니까"
651,40:42,"I'm just trying to, you know,
use it gently.",살짝 두드리면서 내심으로는
652,40:44,"I think it comes out, [softly] ""Hey."" But it doesn't. It comes out, ""Hey!""","'저기요'로 들렸으면 하는데
상대 입장에선 '어이!'로 들리죠"
653,40:50,"You can't take it back
if you make a mistake with the horns.","경적은 잘못 울렸다고
도로 물릴 수도 없어요"
654,40:52,"Sometimes I wish I could take it back.
I wish there was like a second button","가끔은 물리고도 싶어요
경적 옆에 다른 버튼이 있어서"
655,40:55,"next to the horn,
that was like a reverse horn sound,",경적 취소음을 내는 거죠
656,40:59,"you know what I mean?
So you could just like, take it back.","이해하시죠?
그럼 취소할 수 있잖아요"
657,41:02,"Like I was waiting to make a left
at the light, it was like the second car.","교차로에서
좌회전 신호 기다리다가"
658,41:06,"The light changes, the guy doesn't go.","신호가 바뀌었는데
앞차가 안 가요"
659,41:07,"[mimics horn beeping]
""Fucking go!"" you know?",'가라고!'
660,41:09,"Then I see the old man
walking through the intersection.","그런데 보니까 어르신이
길을 건너고 있어요"
661,41:15,Now I look like a lunatic.,저만 미친놈 된 거죠
662,41:16,"I was basically saying,
""Get him! Hit him!""","'저 남자 받아버려!'라고 한
꼴이 되니까요"
663,41:22,"I wish I could take that back, though.
[mimics horn beeping]",그건 물렸으면 좋겠어요
664,41:24,Then I see the old man.,그런데 어르신을 봤어요
665,41:30,"The guy's like, ""Okay, cool. You're
not a dick. I hear you, that's fine.""","'괜찮아요, 나쁜 사람 아니네
알았어요'"
666,41:38,"I love GPS.
I use that a lot when I'm driving.","전 GPS가 좋아요
운전할 때 즐겨 쓰죠"
667,41:41,"For comedians, it's great
because we go to all these cities.","워낙 여러 도시를 다니니
코미디언에겐 유용해요"
668,41:43,"We don't know where anything is.
GPS just tells you how to get there.","뭐가 어디 있는지 모르는데
GPS가 다 알려주니까요"
669,41:47,"And I learned recently
that I could change the gender of the GPS,","최근에 안 건데
GPS 안내 음성의 성별이나 억양을"
670,41:50,"or the accent, which is kind of cool.","선택할 수 있대요
멋지잖아요"
671,41:53,"You can't change
the tone of voice, though.",목소리 톤은 못 바꾸지만요
672,41:55,I wish you could change the tone of voice.,"목소리 톤도
바꿀 수 있으면 좋겠어요"
673,41:56,"You could have like different
emotional connection with the GPS","GPS와도 다양한
감정을 나눌 수 있잖아요"
674,42:00,"depending on what
you're going through, you know?",제 기분 여하에 따라서요
675,42:03,"If you're running late
you could pick like ""urgent.""","늦었으면 '긴급 모드'를
고를 수도 있어요"
676,42:06,"""Okay. In two-tenths of a mile,
make a right on the light. Go, go, go!""","'320미터 지점에서
오른쪽으로 돌아요, 어서요'"
677,42:14,"Or if you're driving late at night
on the highway,","아니면 밤늦게
고속도로를 운전하느라"
678,42:16,"you're getting drowsy,
you could just pick, like, ""alarming.""","졸음이 올 때는
'경고 모드'를 켜요"
679,42:19,"""In a quarter mile, you're gonna die!""","'400미터 앞에서, 당신 죽어!'"
680,42:22,"""Oh, shit. GPS, thank you.""","'젠장, GPS야, 고마워'"
681,42:24,"""My God, you scared the shit out of me.
Where am I?""","'세상에, 십 년 감수했네
여기가 어디지?'"
682,42:29,"""Reluctant"" would be really good
for somebody like me.","'주저 모드'도
저 같은 사람에겐 유용해요"
683,42:34,"[sighs] ""At the roundabout,
take the second exit.""","'로터리에서
두 번째 출구로 나가세요'"
684,42:39,"""Do you even wanna go
to this baby shower?""","'이 베이비 샤워 파티
꼭 가고 싶어요?'"
685,42:45,No.,'아니'
686,42:47,"""Then make a legal U-turn,
and let's fucking go home.""","'그럼 합법적으로 유턴해서
집으로 가자고요'"
687,42:52,"Thanks, GPS, you're right.","'고마워, GPS. 네 말이 맞아'"
688,42:57,"I can't wait till we have driverless cars
everywhere. That'll be cool.","무인 자동차가 많아지면
정말 좋을 거 같아요"
689,43:00,"Because it'll only be a matter of time
before people figure out","그러면 사람들이
개에게 차를 사주는 건"
690,43:02,"that they can just get a car
for their dogs.",시간문제일 겁니다
691,43:06,"""Honey, where are the dogs?""","'여보, 개들 어딨어?'"
692,43:07,"""I got them a car, they're just
driving around for an hour.""","'내가 차 사줬어
한 시간 드라이브하고 온대'"
693,43:12,Can you imagine being at a red light,빨간 불이라 섰는데
694,43:14,"and a car full of dogs
pulls up next to you?","옆 차에 개들만 잔뜩 탄 거
상상이 가세요?"
695,43:22,"Incredible. I mean,
the dogs are having a great time.","멋지잖아요
개들도 신날 테고"
696,43:25,"The driver dog's like,
""I knew I could do this.""","운전하는 개는 이러겠죠
'내가 운전할 줄 안댔지?'"
697,43:30,"And if you get into an accident
with some dogs, how mad are you gonna be?","개가 탄 차와 사고가 나면
화도 별로 안 나겠죠"
698,43:35,"You get out of the car, ""Son of a bitch.","욕하며 차에서 내리죠
'빌어먹을'"
699,43:37,"Hello.""",'안녕'
700,43:41,"""Where's your insurance?
Go get your insurance. Good boy.""","'보험증 어디 있니?
보험증 가져와, 착하지'"
701,43:46,"I wonder if in the future, if robots will ever be
such a regular part of our daily lives,","미래엔 로봇이 우리 생활의
일부가 될지 궁금해요"
702,43:51,"if it will be considered offensive
to do ""The Robot.""","'로봇'이란 말을
함부로 못 쓸 수도 있어요"
703,43:57,"You're at a party like,
""Hey, man, check me out.""","파티에서 누가 그래요
'어이, 나 좀 봐'"
704,44:01,"""What are you doing?""
""Freaking robbies. I don't give a shit.""","'뭐 하는 거야?'
'빌어먹을 로비, 신경 안 써'"
705,44:04,"""Did you say 'robbies'?""",''로비'라고 했어?'
706,44:07,"Those are Technical-Americans.""",''기계 미국인'이라고 해야지'
707,44:14,"Sometimes when you make a job title
sound more politically correct,","정치적으로 올바른 직업명을
만들려다 보면"
708,44:17,"it actually sounds worse, you know?",더 나빠질 때가 있어요
709,44:20,"""Your father's not a garbage man.
He's a garbage person.""","'아빠는 청소부가 아니라
청소 사람이야'"
710,44:27,"""Yep.""",'그래요'
711,44:30,"""Your dad's a piece of shit is what
I'm trying to say. Do you understand?""","'네 아빠는 한마디로
쓰레기라고, 알아들어?'"
712,44:37,"Sometimes people say,
""I forgive, but I don't forget.""","'용서하지만 잊지 않겠다'라고들
하잖아요"
713,44:41,Sounds pretty cool.,듣기에는 근사해요
714,44:43,"I'd like to hear,
""I forget, but I don't forgive.""","'잊었지만 용서는 안 한다'라는
말도 듣고 싶어요"
715,44:49,"""Who the hell are you, you son of a bitch?","'도대체 넌 누군데, 이 개자식아?'"
716,44:54,"Because I'm mad at a lot of people
and I don't know who they are.""","여러 사람에게 화가 나는데
그들이 누군지는 몰라요"
717,45:02,"Sometimes I feel like people
are saying things,",가끔 사람들은 무슨 말 하는지
718,45:04,"like they don't even think through
what they're saying.","생각도 안 하고
그냥 내뱉는 거 같아요"
719,45:07,"I was in the fitting room
at a clothing store,",옷 가게 탈의실에서 나오니
720,45:09,"and I come out and the lady goes,
""How'd you do?""","숙녀 한 분이 물어요
'어떠셨어요?'"
721,45:15,"""Uh, bad. I did bad. I, uh...","'안 좋았어요, 아주 나빴죠...'"
722,45:18,I put the sweater on my legs. I just...,'스웨터를 다리에 입었거든요'
723,45:21,I blew it. I blew it. I panicked.,"'망쳤어요
긴장해서 망쳤다고요'"
724,45:23,"I got in there, and I was like,
""I got a plan"" and then before I knew it,","'나름대로 계획이 있었는데
막상 들어가니'"
725,45:26,"my legs were right in there
on those sleeves.","'발을 스웨터 팔 부분에
끼우고 있더라고요'"
726,45:28,And just standing there and then I...,'그래서 망연자실하게 서서'
727,45:30,"farted quietly and I came back.
I was just...","'조용히 방귀를 뀌고
나왔어요, 정말...'"
728,45:33,"But thank you for asking me
such a patronizing question","'그런데 성인 남자에게
어떻게 했냐고'"
729,45:35,"to a grown man on how I did.""","'아랫사람 대하듯 물은 거
고마워요'"
730,45:40,"When I go to buy things,
a lot of times, at the register,",물건을 사고 계산대에 가면
731,45:42,"they ask me if I ""found everything okay.""",'다 잘 찾았냐'고 물어봐요
732,45:45,"I don't know if that's like a trend
or if I just look",그게 유행인지 아니면
733,45:47,"like I can't find shit in a store
or something.","제가 물건을 못 찾게 생겨서
그런지 모르겠어요"
734,45:50,"Or it's like,
""Did you find everything okay, sir?""","꼭 이렇게 묻죠
'다 잘 찾으셨어요?'"
735,45:51,"I'll just say, ""Yes. Yeah, I did. Yes.""","그럼 전 대답해요
'네, 그럼요'"
736,45:54,"You can never say, ""No."" right?
""Did you find everything okay?""","절대 '아니오'라곤 안 해요
'다 잘 찾으셨어요?'"
737,45:57,"""No. I didn't find anything okay.","'아뇨, 잘 못 찾았어요'"
738,46:03,Your store's impossible.,'이 가게 너무 심하네요'
739,46:04,"I've been here for three hours looking
for stuff. I can't find a goddamn thing.","'세 시간을 헤매고 다녔는데
아무것도 못 찾겠어요'"
740,46:08,"This is all random shit.
I don't want any of this. This is just...""","'이건 사려던 걸 못 찾아
아무거나 넣은 거예요'"
741,46:13,"I just got this because I knew you
were gonna ask if I found stuff okay.","'다 잘 찾았냐고 물어볼 거 같아서
이런 걸 산 거라고요'"
742,46:16,"But I just took random stuff. I...""",'그냥 잡히는 대로 넣었어요'
743,46:20,"What if you say no?
What are they even gonna do for you?","아니라고 하면요?
어떻게 해줄 건데요?"
744,46:22,"""Did you find everything okay?""
""No.""","'다 잘 찾으셨어요?'
'아뇨'"
745,46:23,"""Okay. Shut down my register,
I'm gonna help him find stuff okay.","'그럼 계산대 닫고
제가 찾는 거 도와드릴게요'"
746,46:27,"Come on, stupid,
let's find stuff together. You're dumb.""","'멍청하긴, 같이 찾아봐요
정말 멍청하네요'"
747,46:29,"""Thank you. Yeah, I can't find stuff okay.","'고마워요
제가 뭘 잘 못 찾아요'"
748,46:31,"Can you carry me by the hand?
I want that. Could you--""","'제 손 잡아 줄래요?
저거 살래요'"
749,46:33,"""You found it? You're okay?""
""I'm okay."" ""Good, fine."" ""Okay.""","'찾았어요? 괜찮아요?
좋아요'"
750,46:39,"At a dinner party, I heard a guy say,",디너파티에서 누가 그러더군요
751,46:41,"""I believe everything happens
for a reason.""",'모든 일은 다 이유가 있어'
752,46:44,"And I just wanted to smack him
in the face, you know.",그 작자 얼굴을 갈기고 싶었어요
753,46:48,"And he'd be like,
""What the hell did you do that for?""","저한테 따지겠죠
'왜 그런 겁니까?'"
754,46:52,"""You tell me.""",'잘 아시면서'
755,47:00,"""That's your belief, man.
That's your thing. I don't know. Your...","'그게 당신 신념이고 철학이죠
저는 모르겠네요'"
756,47:04,"Your Lord lifted my hand and it hit him.
This is part of His plan.","'당신의 주님이 제 손을 들어
때렸으니 그분 뜻이겠죠'"
757,47:08,"He will see the reason in the future.""
""Okay.""","'나중에 이유를 알게 되겠죠'
'좋아요'"
758,47:14,"I love jokes.
I love telling jokes because...",전 웃긴 얘기 하는 거 좋아해요
759,47:16,"there's something really economical
about a good joke.",웃긴 얘기는 아주 경제적이죠
760,47:20,"It breaks down a bunch of ideas
into just a sentence or two.","여러 아이디어를
한두 개의 문장으로 압축해요"
761,47:23,"And I've always loved that, actually.",그런 게 좋더라고요
762,47:25,"From day one as a comic,
I've just been drawn to jokes.","""이런 설명은 빼고"" 코미디언이 된 후로 죽
웃긴 얘기에 끌리더군요"
763,47:28,"And I've noticed now,
being a little bit older,",나이가 들면서 알게 됐는데
764,47:31,"that there have been times in my life
where I've ended up almost in a joke.","제가 우스갯소리의
대상이 된 적이 많아요"
765,47:36,"Where I'm kind of in my own one-liner
whether I like it or not.","좋든 싫든 제 개그의
소재가 되더라고요"
766,47:39,"It doesn't happen often,
but I'll give you an example.","자주는 아니지만요
예를 하나 들어드릴게요"
767,47:42,"It's almost 10 years ago, now.",벌써 10년 전 얘기예요
768,47:44,"I was living in New York alone
in a six-floor walk-up.","뉴욕의 아파트 6층에
혼자 살 때였어요"
769,47:47,"No elevator, this whole building,
with six floors up to the top.","엘리베이터도 없는
6층짜리 건물이었죠"
770,47:51,"And I had this tiny apartment.
I was single, I was over 30.","코딱지만 한 아파트에 사는
서른 넘은 미혼이었고요"
771,47:56,"And one night, I was getting ready
to go out, it was like a trivial moment.","그날도 여느 때와 다름없이
외출 준비를 하고 있었는데"
772,47:59,"But then I said a sentence out loud
to myself",이 말을 큰 소리로 하게 됐어요
773,48:03,"that was like a perfect snapshot
of my life at that moment.","제 인생을 보여주는
한 장의 스냅 사진 같았죠"
774,48:07,"And right after I said it, I was like,",그 말을 한 직후에 이랬어요
775,48:08,"""Oh, my God.
I'm probably gonna remember that.""","'세상에, 이거 기억해 둬야겠네'"
776,48:10,"And I think about it often.
It was really simple.","아주 간단한 문장이라
자주 생각해요"
777,48:12,"I was in my apartment,
getting ready to go out,","아파트에서
외출 준비를 하고 있는데"
778,48:15,and I said angrily out loud to myself...,"갑자기 화가 나서
큰 소리로 이랬어요"
779,48:19,"""Where the fuck is my tambourine?""","'빌어먹을 탬버린이
어디 간 거야?'"
780,48:26,"Right there, like, what series of choices
did this man make...","화낼 거리로 치자면
쌔고 쌨을 텐데"
781,48:31,"to be this angry
about the location of a tambourine?",겨우 탬버린 때문에 화를 내요?
782,48:36,"""I got some jingling to do
and I don't have time to fuck around!","'탬버린 치면서 놀아야 하는데
낭비할 시간이 없다고'"
783,48:44,"People are counting on me.""
[chuckles]",'다 나만 기다릴 텐데'
784,48:48,"It just like stayed with me.
You know what I mean?",그게 오래 기억에 남더라고요
785,48:50,"It became, surprisingly, like a big moment
in my life now. It defines me.","""배낭에 들어있었음"" 그게 저를 규정하는
중요한 순간이 된 거예요"
786,48:55,"Well, fast forward to last winter.",지난겨울로 가볼게요
787,48:59,Now I'm married. I have two little kids.,전 이제 결혼해서 애가 둘 있는데
788,49:02,And I went on vacation with my family.,가족과 여행을 갔어요
789,49:05,We went to Lake Tahoe for Christmas break.,"크리스마스 휴가 기간에
타호호수에 갔는데"
790,49:07,It was great. We had a great time.,"정말 좋았어요, 즐겁게 지냈죠"
791,49:09,"It was beautiful.
It snowed, we had a white Christmas.","아름다웠죠, 눈이 와서
화이트 크리스마스였고요"
792,49:12,"One morning, my wife said,
""Why don't we go out for breakfast today?""","하루는 아침에 아내가 그랬어요
'오늘 아침은 외식하자'"
793,49:16,"I said, ""That's a great idea,
let's go out.""","저는 그랬죠
'좋은 생각이야, 외식하자'"
794,49:18,"We put the kids in the car
and she navigated, I drove.","애들을 차에 태우고
아내는 검색하고 제가 운전했죠"
795,49:21,"So she's Yelping.
She's trying to find a restaurant","아내는 '옐프'에서
두 사람의 조건을 만족하는"
796,49:25,"that will satisfy our requirements,",맛집을 검색 중이었어요
797,49:27,"which is not that easy because we have
dietary restrictions between us.","우린 가리는 음식이 많아
그게 쉽지가 않아요"
798,49:31,"She's lactose intolerant.
She can't have gluten.","아내는 유당 불내증이 있고
글루텐도 못 먹어요"
799,49:34,"She's one of those people, it messes up
her stomach. She's got her thing.","그런 걸 먹으면
속이 부대끼는 사람 있잖아요"
800,49:38,"Me, I've got life-threatening
food allergies.","저도 생명에 위협이 되는
음식 알레르기가 있어요"
801,49:40,"So that's pretty nice, so...",그러다 보니까...
802,49:43,"If I eat a peanut, I die. So that's...",전 땅콩 먹으면 죽어요
803,49:47,I can't see any good use for that.,아무짝에도 쓸모없는 거죠
804,49:48,I've never really seen a benefit,그 알레르기 때문에
805,49:51,"that comes from that allergy, you know.",혜택 보는 게 전혀 없어요
806,49:53,"Unless, I don't know, if I were depressed.
If I had a really rough stretch,","모르겠어요, 혹시 우울증이
너무 심해서 힘들 때"
807,49:57,"I don't need a gun or a bridge
or you know, I mean, I could...",총이나 다리를 선택하는 대신
808,50:02,"just go to a 7/11, really.",편의점에 가면 돼요
809,50:03,"I just pop in there
and grab a Reese's peanut butter cup.","거기 가서 땅콩버터 과자를
먹으면 되니까요"
810,50:06,"I'm not paying for it,
'cause I'm gonna kill myself.",자살할 거니까 돈은 안 낼 거예요
811,50:08,"So, I'll just grab the peanut butter...",땅콩버터 과자만
812,50:10,"ram it in my mouth, and just dead,
right in front of the guy at the register.","입에 쑤셔 넣고 계산대 직원
눈앞에서 죽는 거예요"
813,50:15,"I'm sure he'd be like,
""What the hell was that about?""","깜짝 놀라 이러겠죠
'도대체 이게 뭔 일이야?'"
814,50:20,"I wouldn't do that.
I'm not gonna do that because...","절대 안 그럴 겁니다
그런 짓은 못 하죠"
815,50:22,"If you think about it, that's the grossest
form of littering, in a sense.","어떻게 보면 가장 역겨운
쓰레기 투기 행위니까요"
816,50:27,"So anyway, between the two of us,",어쨌거나 우리 부부는
817,50:29,"we're just the worst table
you're ever gonna wait on. It's just...","제일 까다로운 손님에
속할 거예요"
818,50:33,"She finds us this place. We find
this kind of health food place.","아내가 건강식을 파는
식당을 찾았어요"
819,50:36,"We go, we park.
We come inside, it's totally packed.","가서 주차하고 들어가니
꽉 찼더군요"
820,50:40,"This is a good sign.
I guess this is a popular restaurant.","좋은 징조였어요
인기 많은 식당이잖아요"
821,50:42,"There's a table way over
on the other side over here.","저쪽 끝에 빈 테이블이
보이더군요"
822,50:45,We get the table.,그 테이블에 앉았죠
823,50:46,"Now, you got to go up to the register
and order your food,","직접 계산대에 가서
음식을 주문했더니"
824,50:48,"then they give you, like, a little
metal stand and your number.","조그만 금속 스탠드와
번호를 주더라고요"
825,50:51,"They'll bring you the food.
So we order.",음식을 나중에 갖다 주거든요
826,50:54,"We both get eggs and toast,
and some stuff for the kids.","우린 달걀과 토스트를 주문하고
애들 것도 시켰죠"
827,50:57,"And then we were sitting there,
waiting for our food.",앉아서 음식을 기다렸어요
828,50:58,"Story picks up, I promise. So...","곧 재미있어져요, 정말이에요"
829,51:02,"They bring our food out,
I get all my stuff.","음식이 나왔죠
보니까 제 건 다 있는데"
830,51:04,She doesn't get her toast.,아내는 토스트가 안 나왔어요
831,51:06,"See, I got the regular toast and the eggs.",전 일반 토스트와 달걀을 시켰고
832,51:08,"But she got the gluten-free toast,
which comes like, one piece at a time,","아내는 글루텐 없는
토스트 한 조각을 시켰어요"
833,51:12,"It's got like rocks and feathers in it.
It's this special sort of dust and clay.","돌과 깃털 같은 게 있어요
특별한 먼지와 진흙이죠"
834,51:17,Whatever this thing is.,어쨌든 그런 거예요
835,51:19,"Looks like a regular piece of toast
from a distance.",멀리서 보면 보통 토스트 같죠
836,51:21,"If you get closer, it looks like a kid
pieced it together.","가까이서 보면
애가 만든 거 같아요"
837,51:24,She didn't get her toast.,토스트가 안 나오고
838,51:25,"Her eggs are getting cold
and she's kind of getting pissed off.","달걀은 식어가니
아내가 화가 났어요"
839,51:28,"So she's looking, the manager comes over,
he says, ""Is everything okay?""","아내가 매니저를 불렀죠
'괜찮으세요?'"
840,51:31,"She said,
""I ordered the gluten-free toast.","아내는 이랬죠
'글루텐 없는 토스트 시켰는데'"
841,51:32,"I haven't gotten it
and my eggs are getting cold.""","'아직 안 나왔고
달걀이 식어가네요'"
842,51:34,"And he said, ""Okay.""",'알겠습니다'
843,51:35,"Now here's where the story picks up.
He goes, ""Brian!""","여기서부터 재미있어져요
'브라이언'"
844,51:38,He calls over.,매니저가 불렀죠
845,51:39,"We looked across the room
and standing next to the kitchen door","저 반대쪽을 보니
주방 옆에 서 있는 친구가"
846,51:41,"is Brian, this very Olympic-looking
bus boy with--","브라이언인데
올림픽 선수처럼 생겨서"
847,51:46,"just big shoulders, a beard, tiny apron.","어깨가 넓고 수염이 났고
조그만 앞치마를 입었더군요"
848,51:49,"He's just a big guy, kind of
a lumberjack-snowboarder hybrid.","덩치가 큰 게 나무꾼과
스노보더를 합친 거 같았어요"
849,51:53,"He looks like a superhero,
but he's got this ridiculous little apron.","슈퍼히어로 같아 보이는데
앞치마가 너무 작았어요"
850,51:56,"So he already looks funny to me. I'm like,
""I'm interested, there's something here.""","저는 딱 봐도 웃겨 보여서 이랬죠
'흥미롭군, 뭔 일 나겠네'"
851,52:01,"""Brian, gluten-free toast.""","'브라이언!
글루텐 안 들어간 토스트'"
852,52:02,"The guy just nods,
disappears into the kitchen.","그 남잔 고개를 끄덕이더니
주방으로 사라졌어요"
853,52:06,So now we're eating.,우린 먹고 있는데
854,52:07,"And a few minutes later,",몇 분이 지나자
855,52:08,"I see my wife make a face
I've never seen her make before.","아내가 한 번도 본 적 없는
표정을 짓고 있더라고요"
856,52:12,"So I look where she's looking,
and there's Brian.","어딜 보나 하고 봤더니
브라이언이 있었어요"
857,52:15,"He's come out of the kitchen
with my wife's piece of toast...","주방에서 아내의 토스트를
갖고 나오더군요"
858,52:19,in his hand.,이렇게 손으로 들고요
859,52:24,"He's just making his way
through the crowded restaurant,","복잡한 식당을 뚫고
이리로 오고 있었어요"
860,52:28,just holding the one piece of toast.,"토스트 딱 한 조각만
손에 들고서요"
861,52:30,"And now, I've never had
this experience before.",이런 건 처음 봤거든요
862,52:32,"Seeing a grown man carry a piece of toast
bareback through a restaurant, just...","성인 남자가 토스트 하나를 들고
식당을 가로지르는 거요"
863,52:38,"In his hand. In my whole life,
I've just never seen this move.",평생 그런 건 처음 봤어요
864,52:41,But he's got the toast...,토스트를 들고
865,52:43,"He gets to our table,
he doesn't say anything.","우리 테이블에 오더니
말 한마디 안 하고"
866,52:44,He just holds out the toast.,토스트를 내밀더군요
867,52:47,"My wife just takes it in her hands
and she's like, ""Thank you?""","아내가 그걸 손으로 받더니
'고맙네요?'라고 했어요"
868,52:51,"And she puts it on the plate.
He walks away.","아내가 토스트를
접시에 놓으니 가더군요"
869,52:53,"We both burst out laughing.
We're just like...",둘 다 얼마나 웃었던지
870,52:56,"I'm immediately taken out of my life.
This is incredible.","바로 제 인생에 대해서
까맣게 잊었어요"
871,52:58,"I've transcended regular experience,",일반적인 경험을 능가한 거죠
872,53:01,"and he's transported me by the simple act
of carrying the toast like that.","토스트 나르는 단순한 일로
특별한 경험을 준 거예요"
873,53:05,"I'm now wondering, ""Who's Brian?
What's his story? I wanna know about him.","이런 생각이 들었죠
'브라이언은 누굴까? 알고 싶어'"
874,53:08,"Tell me everything about this guy.
What just happened?""","'이 사람에 대해 다 말해줘
사연이 뭘까?'"
875,53:11,"So, I start immediately theorizing
and saying to my wife,","그래서 즉각 제 이론을
아내에게 들려줬어요"
876,53:14,"""I think it's probably one of two things,
what we just witnessed.","'방금 목격한 일은
둘 중 하나인 것 같아'"
877,53:17,"Number one, he's being a dick.
He's in a bad mood. He's having a bad day.","'첫째, 녀석이 무례하게 구는 거야
기분이 나쁘고 일진도 안 좋아서'"
878,53:21,"And that was it, something just broke.""
You know what I mean?","'그런 거지, 뭔가 고장이 난 거야
무슨 말인지 알지?'"
879,53:24,"""Maybe the manager
is his uncle or something?","'아니면 매니저가
삼촌이나 친척인가?'"
880,53:26,"He wasn't supposed to work today,
called him in last minute,","'오늘 일 안 하는 날인데
급히 불려 나온 거야'"
881,53:29,and now he doesn't even wanna be here.,'오늘 오기 싫었는데'
882,53:31,"And your gluten-free toast
was the last straw for Brian.""","'당신 토스트 때문에
브라이언이 폭발했어'"
883,53:34,"And he was like, ""Goddamn toast.
Here's your stupid toast, lady.""","'빌어먹을 토스트
잘 먹고 잘살아요'"
884,53:37,"""If your mouth were open,
he probably would have shoved it right into your mouth.","'입을 벌리고 있었으면
당신 입에 쑤셔 넣고 갔을걸'"
885,53:41,"He's in a bad mood, and he's lashing out.
We're caught in the crossfire here.""","'일진이 안 좋아 벼르는데
우리가 하필 딱 걸린 거야'"
886,53:46,"And I was like,
""Or two, he's not being a dick.","'둘째는 이런 거지
무례하게 구는 게 아니다'"
887,53:48,"I'm judging him too harshly.
Maybe he's totally nice.","'좀 가혹하게 들릴 수도 있어
진짜 괜찮은 친구이긴 할 거야'"
888,53:51,"He's a good person. He's just dumb.
He's not a smart guy.""","'근데 착하지만 멍청해
똑똑한 친구는 아닌 거지'"
889,53:54,"And he was just like, ""Toast, toast,
got to remember gluten-free toast.","'토스트...
글루텐 없는 토스트'"
890,53:57,"Get the lady her toast.
Got to get the toast. Here's the toast.""","'숙녀에게 토스트를 드려야지
토스트, 여기 토스트 있어요'"
891,54:01,"Trying to remember that one thing,
""Toast, toast, toast.""","'하나만 기억하는 거지
'토스트'만'"
892,54:03,"There he is back in his position,",'자기 자리로 가면 이럴 거야'
893,54:05,"""More toast, what's next?
Tell me. Tell Brian 'toast.'""","'토스트는 줬고 다음은 뭐지?
브라이언에게 말만 하세요'"
894,54:09,"Either way,
I don't think it's a good situation",어느 쪽이든 우리가 처한 상황이
895,54:11,"that we've gotten ourselves into here.""",좋은 건 아니었어요
896,54:13,"And then, she wasn't
gonna eat the toast.","그런데 아내가
토스트를 안 먹더라고요"
897,54:15,"And then I started to get philosophical,",저는 달관하기 시작했죠
898,54:18,"because I was like,
""Hold on. Think about it.","이렇게 말했어요
'잠깐만, 생각해 봐'"
899,54:20,"Okay, so he touched your toast.
But think, when the toast pops up,","'토스트를 좀 만지면 어때?
원래 토스트가 다 되면'"
900,54:24,"you know, they touch the toast,
put it on a plate and then bring it to you on a plate.","'손으로 집어서
접시에 담아 가져올 텐데'"
901,54:28,"Is there that big a difference
between going like that with the toast,","'큰 차이가 있나?
그렇게 접시에 담는 거랑'"
902,54:31,"and going like this and just carrying it
for an extra 80 seconds","'이렇게 80초 동안
손으로 들고 와서'"
903,54:34,"and putting it on your plate?""",'접시에 놓는 거랑?'
904,54:36,"I'm like, ""No. it doesn't really matter.""",'난 별 차이 없다고 봐'
905,54:38,"I was like, ""Your toast has been touched.
He touched it in the kitchen.","'그래, 토스트 만졌겠지
주방에선 원래 만져'"
906,54:41,"It's not like they're catching it on
sterile plates in kitchens. ""Can't touch toast.""","'무균 접시에 담아서
가져오는 것도 아니잖아'"
907,54:45,"I was like, ""They touched your toast.
He touched it, he wiped his head with it,","'당신 토스트 만졌어
그걸로 머리도 닦고'"
908,54:48,they passed it around the kitchen.,"'주방에서 이리저리
돌리기도 했어'"
909,54:51,"It's just like, that's backstage.""",'원래 뒤에선 다 그래'
910,54:53,"And I went on this whole thing
about the ""theater"" of restaurants","식당을 '극장'에 비유해
장황하게 설명했죠"
911,54:56,"and how we're ""out in the house""
and that's ""backstage.""","우리가 있는 곳이 '무대'고
저기가 '무대 뒤'라고"
912,54:59,"And in the middle of my speech,
I guess we're making kind of a commotion,","저희가 좀 소란스러웠는지
말하는 도중에"
913,55:03,"the manager comes over,",매니저가 오더니
914,55:05,"and he goes to my wife,
""Is everything okay?""","아내에게 묻더군요
'괜찮으세요?'"
915,55:07,"And she goes... ""Uh.""
And before she can say anything, he goes,","아내가 말하려는데
매니저가 먼저 얘기했어요"
916,55:10,"""Did Brian carry the toast over
in his hand?""","'브라이언이 토스트를
손으로 들고 왔나요?'"
917,55:20,This has happened before.,'전에도 있었던 일이에요'
918,55:24,[Demetri] I think I'm done.,끝난 거 같아
919,55:28,"Am I, though?",끝난 건가?
920,55:31,"Good night, everybody. Thank you.","안녕히 가세요
감사합니다"
921,55:33,Good night.,안녕히 가세요
