,Time,Subtitle,Translation
0,1:19,"[conversing in Japanese]
Little Darc has been busy.",꼬마 다르크가 바쁘네
1,1:22,"Mr. Tagawa says he's teaching me
a valuable trade.","타가와 씨가
귀한 거래를 가르쳐주신대요"
2,1:29,Mr. Tagawa likes to sit on his fat ass.,"타가와 씨는
퍼질러 놀기나 좋아하지"
3,1:31,"As long as he doesn't have to work,
he'll tell you anything.","일을 안 해도 되면
너한테 무슨 말이든 못 해?"
4,1:54,"[speaking in Japanese]
Hey, kid.",꼬마야
5,1:57,Reading that comic again?,또 그 만화책 보냐?
6,2:04,"""Darc.""",'다르크'
7,2:14,"You want to be a hero, huh?",영웅이라도 되려고?
8,2:35,"-[in English] Been working hard?
-I fixed the bench.","- 열심히 일했니?
- 벤치를 고쳤어요"
9,2:39,"You're a good boy, baby.",착하기도 하지
10,2:43,I got you something.,선물이 있어
11,2:54,Open it.,열어보렴
12,3:00,Mom...,엄마
13,3:02,it's great.,굉장해요
14,3:05,Thank you!,고마워요
15,3:09,I love you so much.,정말 많이 사랑해
16,3:26,"[man speaking Japanese]
You will...",네년은
17,3:28,do...,내가
18,3:29,as...,시키는
19,3:30,I...,대로
20,3:31,say!,해!
21,3:46,"[speaking in Japanese]
You little shit!",꼬맹이 새끼
22,4:02,Mom!,엄마!
23,5:00,[in English] Early release.,조기 석방됐네요
24,5:02,This was you?,힘써줬어요?
25,5:04,Yeah.,그래
26,5:06,The answer is still no.,그래도 대답은 '싫다'예요
27,5:08,"Yeah, well, it's not the agency asking.",정부에서 시키는 일이 아니야
28,5:12,"It's me, personally.",개인적인 부탁일세
29,5:13,They got my daughter.,놈들이 딸을 데려갔어
30,5:15,KogaKai.,코가카이 조직
31,5:20,Hear what I said?,내 얘기 들었어?
32,5:23,"-Got a bus to catch.
-They took my daughter.","- 버스 타야 해요
- 내 딸을 납치했어"
33,5:25,"Hey, do you hear me? Hey!","내 말 듣고 있어?
이보게!"
34,5:30,Fuck.,망할
35,5:44,"[speaking in Japanese]
Been playing kachi-kachi?",'카치 카치' 게임 했냐?
36,5:50,What's this card?,이 카드가 뭐지?
37,5:52,Juu,10번 카드요
38,5:53,The only card adopted from the West,이거 하나만 서양 그림을 따왔는데
39,5:56,and it is totally worthless,아무 쓸모 없는 카드다
40,5:58,Only until late in the game.,게임 후반부까지만 그래요
41,6:01,Then it can change everything.,"그 후엔
판을 다 뒤집을 수 있어요"
42,6:06,"You should spend more time working
and less time gambling.","도박에 시간 쓰지 말고
일이나 더 해라"
43,6:27,[in English] Hey.,이보게
44,6:29,Could you stop a second?,잠깐만 멈춰봐
45,6:31,My daughter's a nurse.,내 딸은 간호사야
46,6:32,She got nothing to do with them.,아무 상관 없는 애라고
47,6:34,"All that shit, they got her holed up
three weeks now.","놈들이 우리 애를
3주째 꼭꼭 숨겨놨어"
48,6:37,"Can you imagine the hell
she's been put through?","애가 얼마나
끔찍한 일을 겪었겠나?"
49,6:39,"'Cause I'm not going away, pal.",난 그냥 안 물러서
50,6:41,"I'll stick in your head
like a fucking aneurysm.","자네한테 거머리처럼
들러붙을 거야"
51,6:47,It's KogaKai.,코가카이라면서요
52,6:49,What the hell do you think I can do?,내가 뭘 할 수 있겠어요?
53,6:51,Whatever the hell I can't.,내가 못 하는 일은 뭐든
54,6:56,You got a whole army of agents.,경찰 힘을 빌리면 되잖아요
55,6:58,OK.,그렇지
56,7:00,"So Interpol gets involved now.
And they're looking for her.","인터폴도 뛰어들어서
딸을 찾고 있어"
57,7:03,"Where the hell do you think
we're gonna find her? Tell me.","내 딸은 어디서 찾으면 될까?
말해봐"
58,7:08,"Sorry, can't help you.",미안하지만 못 도와줘요
59,7:12,You know I got you an early release.,빨리 나오게 해줬잖아
60,7:13,I'll put you right the fuck back!,도로 처넣어 주지
61,7:41,Shit. Darc.,"젠장, 다르크"
62,7:44,You're... You're--,당신이... 그러니까
63,7:47,You're out?,출소했어?
64,7:49,"Yeah, no shit.
What'd I tell you about being out here?","보면 알잖아
여기 오면 어떻게 된댔지?"
65,7:52,Guess I need to teach you another lesson.,다시 가르쳐줘야겠군
66,8:14,[man] Fuck!,젠장
67,8:17,Fuck!,빌어먹을
68,8:18,"You ain't the fucking cops, man.",당신은 경찰도 아니잖아
69,8:20,"Stay out of here, motherfucker.","여기서 꺼져, 개자식아"
70,8:23,Fuck.,제기랄
71,8:30,"[woman] I keep the deposit.
Comprende, big man?","보증금은 가지고 있을게요
알죠, 덩치 씨?"
72,9:01,[Ivy] You got to be fucking kidding me!,진짜 환장하겠네
73,9:10,What are you looking at?,뭘 봐요?
74,9:13,Excuse me?,이봐요
75,9:14,"Do you wanna bring your ass out here
and help me? Or--",와서 좀 도와주든가요
76,9:18,"Jeez, forget it.","나 참, 됐어요"
77,9:31,"Just bring 'em in here, maybe.",저기 두면 돼요
78,9:40,"Just leave it, it's fine.",그냥 놔둬도 괜찮아요
79,9:46,Do you want an award or something?,"뭐, 상이라도 줄까요?"
80,9:55,"Hey, neighbor.","이봐요, 이웃집 양반"
81,10:04,Thank you.,고마워요
82,10:37,[Renee] Daddy. Please. Please don't--,"아빠, 도와주세요
제발 이러지 마세요"
83,10:46,[man] You want to keep her clean?,딸이 마약을 안 맞길 바라지?
84,10:49,You know what to do.,어떻게 해야 될지 알잖아
85,11:06,"Just beer, not a marriage proposal.","청혼은 아니고
그냥 맥주나 가져왔어요"
86,11:12,Thanks.,고마워요
87,11:13,"Oh, he speaks.",말할 줄 아네요
88,11:15,My name is...,내 이름은
89,11:16,Ivana Mulligan.,이바나 멀리건이에요
90,11:18,My friends call me Ivy.,친구들은 '아이비'라고 하죠
91,11:21,This is the part where you shake my hand.,지금 딱 나랑 악수하면 돼요
92,11:24,Jake Walters.,제이크 월터스예요
93,11:26,People call me Darc.,'다르크'라고도 해요
94,11:28,Darc.,다르크
95,11:30,OK.,좋아요
96,11:32,Nice to meet you.,만나서 반가워요
97,12:15,"When she was five,",딸애가 다섯 살 때
98,12:17,she fell off a swing.,그네에서 떨어졌어
99,12:20,She went into a coma.,혼수상태에 빠졌지
100,12:22,"A few days pass, she opens her eyes,","며칠이 지나서
애가 눈을 뜨더니"
101,12:25,"and she looks at me and she says,
""I'm sorry, Daddy.""","날 보고 그러더군
'아빠, 미안해요'"
102,12:32,Sorry.,미안하다니
103,12:35,You're fit.,제기랄
104,12:36,"You don't need this.
You don't need to do it for my daughter.","내 딸 때문에
이 일을 할 필요는 없어"
105,12:40,You should do it for your mother.,자네 어머니를 위해 하게
106,12:44,[young Jake] Mom!,엄마!
107,12:48,"Come on, baby.","가자, 우리 아가"
108,12:50,"[man speaking in Japanese]
Get them!",저것들 잡아
109,12:52,Get fucking both of them!,망할 것들 다 잡아!
110,12:53,Move! Out of the way!,비켜주세요!
111,13:26,"-[young Jake] Mom!
-[woman] Go!","- 엄마
- 들어가"
112,13:30,[young Jake] Mom! Mom!,엄마!
113,13:35,[Lafique] She'll get the justice.,억울함을 풀어드려
114,13:38,I want it stopped.,이 짓을 멈추고 싶어
115,13:41,I want it stopped!,끝내고 싶네
116,13:44,Nobody just walks into the Yakuza.,아무나 야쿠자에 못 들어가요
117,13:55,Kageyama.,카게야마
118,13:59,Toshio Kageyama.,토시오 카게야마야
119,14:02,You recall that face?,이놈 얼굴 기억해?
120,14:12,[young Jake] Mom!,엄마!
121,14:15,"He's the one that ordered the kidnap.
He set it up.","납치를 지시한 놈이야
이놈 계획이지"
122,14:18,"It's his son, the Oyabun.","""코가카이 조직-일본
오야붕"" 오야붕의 아들이지"
123,14:26,"[woman] Go, baby, go, go!","우리 아가, 얼른 가"
124,14:28,"[speaking Japanese]
Fucking cunt!",거지 같은 년
125,14:31,Momma!,엄마
126,14:32,"[speaking Japanese]
That's enough!",그쯤 해둬라
127,14:47,No!,안 돼!
128,14:54,"Small world, huh?",세상 참 좁지?
129,15:02,Why'd they take her?,딸은 왜 납치됐죠?
130,15:05,"'Cause a bomb took my leg.
I went down, I came back.","폭탄에 다리를 날리고
잠깐 쉬었다 돌아왔거든 ""인신매매단 야쿠자
위대한 경찰이 저지"""
131,15:09,They want to own me.,날 부리고 싶어 해
132,15:12,That's why they have her.,그래서 내 딸을 데려갔지
133,15:14,"This ain't about me, man.",날 위한 부탁이 아닐세
134,15:17,"I don't give a shit
about what happens to me.",나야 무슨 일을 당해도 괜찮아
135,15:21,It's about my daughter.,내 딸이 걸려 있어
136,16:07,"[speaking in Japanese]
Fucker!",망할 놈
137,16:10,Let go!,놔요
138,16:13,Get the police!,경찰 불러
139,16:48,[Ivy in English] For fuck's sake.,미치겠네
140,16:56,Hi. [sighs] Wow!,안녕하세요
141,16:58,"Almost didn't recognize you.
You really don't clean up half bad.","못 알아볼 뻔했어요
나름대로 꽤 멀끔하네요"
142,17:03,"-Need some help?
-No.","- 좀 도와줄까요?
- 아뇨"
143,17:07,I'm pretty handy with a hammer.,저 망치질 꽤 잘해요
144,17:08,"Do you think that this particular shelf
hung its fucking self?","이 망할 선반은
자기가 알아서 달렸겠어요?"
145,17:13,"I just... I could...
I could go for a coffee, maybe.","아, 저... 커피 한잔하러 갈 수 있는데"
146,17:18,"Bye, Ivy.","갈게요, 아이비"
147,17:27,[Lafique] There's a biker named Bronson.,브론슨이라는 폭주족이 있는데
148,17:29,Toshio wants him dead.,토시오가 놈을 죽이려고 해
149,17:30,"But they got him holed up
in town somewhere.","그런데 놈은
마을 어딘가에 숨어 있어"
150,17:45,There we go.,그렇지
151,17:48,Shigeru Kageyama,시게루 카게야마
152,17:54,Toshio's son.,토시오의 아들이야
153,17:57,"[Lafique] Kind of a stain
on the family name.",가문의 오점이랄까?
154,18:02,"The little Shig's going to try
to redeem himself","애송이 자식이
제 아비 눈에 들겠다고"
155,18:05,in his old man's eyes.,기를 쓸 테지
156,18:07,Shigeru needs help.,시게루는 도움이 필요해
157,18:21,You're up.,자네가 나서
158,18:24,[man] You know who the fuck I am?,내가 누구인 줄 알아?
159,18:26,Get off.,이거 놔
160,18:28,"[man 2] Yeah, the little asshole
just tried to rip us off.","애송이 자식이
바가지를 씌우려고 들어?"
161,18:39,"-[Shigeru] I'll pay you what we agreed on.
-[man] No, the price just doubled.","- 돈은 얘기한 대로 줄게
- 아니, 이제 두 배야"
162,18:41,Fuck you.,지랄하네
163,18:43,"Wait, relax, all right.","""더 커스드"" 알았으니까 진정해"
164,18:45,Fuck.,썅
165,18:47,[man] Who the fuck are you? Hold him.,넌 뭐야? 저놈 잡아
166,18:50,"Who the fuck are you, asshole?","개자식아, 넌 누군데?"
167,18:52,You have any idea who you're fucking with?,"저 새끼 누구인지 알아? ""캘리포니아"""
168,18:54,"-Come on.
-[man] Let's get him, guys.","- 덤벼
- 저 자식 잡아"
169,18:56,Stupid motherfucker.,멍청한 등신 새끼
170,19:28,Where the fuck is Bronson?,브론슨 어디 있어?
171,19:29,Where the fuck is he?,그놈 어디 있냐고?
172,19:54,[Shigeru] Who the fuck are you?,당신은 누구야?
173,19:56,"Hey, yo, wait.","이봐, 기다려"
174,20:00,"Hey, that was fucking awesome.",아주 끝내줬어
175,20:02,"Seriously, man, I owe you.
Let me buy you a drink.","진짜야, 내가 신세 졌어
술 한잔 살게"
176,20:04,"-[Darc] Got somewhere to be.
-[Shigeru] Come on.","- 가볼 데가 있어
- 왜 그래"
177,20:07,Just a drink.,그냥 한잔해
178,20:08,A talk.,얘기도 하고
179,20:11,"You don't like what I say, you walk away.
Keep the cash.","그러기 싫으면 그냥 가
돈은 받아 둬"
180,20:21,[Shigeru] What were you in for?,왜 끼어들었어?
181,20:25,[Darc] Which time?,언제?
182,20:26,"Seriously, what for?","나 참, 왜 그랬는데?"
183,20:29,I have a temper.,난 성깔이 좀 있어
184,20:31,I don't like idiots.,멍청이들은 싫고
185,20:32,Not a good combination.,궁합이 잘 안 맞지
186,20:35,You ever kill anyone?,사람 죽여봤어?
187,20:39,Not officially.,공식적으로는 아니야
188,20:43,"I'm working on something.
You could be helpful.","내가 하는 일이 있는데
당신이 쓸 만하겠어"
189,20:46,You know nothing about me.,나에 대해 아무것도 모르잖아
190,20:48,You'll be checked out.,조사는 해보겠지만
191,20:49,But I need someone now. Someone good.,당장 괜찮은 사람이 필요해
192,20:52,"And I know you are that, huh?",당신 같은 사람
193,20:55,Yeah? All right.,됐지? 좋아
194,20:57,"-Give me your number.
-Don't have a phone.","- 전화번호 줘
- 휴대폰 없어"
195,21:01,Never had a need for one.,필요가 없었거든
196,21:11,"[speaking in Japanese]
I'm taking your phone.",휴대폰 가져간다
197,21:18,[in English] Here's my number.,이게 내 번호야
198,21:20,And delete the rest.,나머지는 다 지워
199,21:22,"-We haven't discussed payment.
-Don't worry about that.","- 보수 얘기는 안 했잖아
- 그건 걱정하지 마"
200,21:59,"Hi, am I interrupting anything?","안녕, 방해됐으려나요?"
201,22:01,No I... I exercise when I'm bored.,"아뇨, 난 심심하면 운동해요"
202,22:05,You must get bored a lot.,자주 심심해지나 봐요
203,22:08,"I am really busy tonight, so I thought,
sorry, that we could have an early dinner.","내가 오늘 밤에 엄청 바쁜데
같이 이른 저녁이나 먹을까요?"
204,22:12,"But, no funny business, we're just
neighbors. You fucking understand me?","대신 우린 그냥 이웃이니까
허튼짓은 하지 맙시다, 알았죠?"
205,22:17,"-I fucking do.
-OK.","- 잘 알았어요
- 좋아요"
206,22:25,"So, I can tell that...",보아하니
207,22:28,"you're on the aloof end
of the social spectrum.","사회적인 틀과는
거리가 먼 사람이군요"
208,22:31,"Which is not a problem for me,
I tend to talk enough for two.","그래도 상관없어요
내가 말이 많거든요"
209,22:33,"But, the ex-con thing,
that may be an issue.","한데 전과자라면
문제가 될 수도 있죠"
210,22:37,"If you were put in
for abusing women or children then,","여자나 아이를 학대해서
감옥에 간 적 있으면"
211,22:40,"I gotta go.
And I'm gonna take my food with me.",가져온 음식 싸 들고 도로 갈래요
212,22:44,"Seriously, though, I think
that there's no lower form of life","죄 없는 사람들을 학대하는 놈보다
더 저질인 인간은"
213,22:47,than abusers of the innocent.,없다고 생각하거든요
214,22:50,No arguments from me.,내 생각도 그래요
215,22:54,OK.,그래요
216,22:56,"OK, great.",좋네요
217,23:00,Let's eat.,먹죠
218,23:01,"Going to get some plates, and what else?
Silverware, probably.","접시랑 또 뭐가 필요하려나?
나이프나 포크겠죠"
219,23:05,No plates.,접시가 없네요
220,23:07,"I guess a corkscrew
is out of the question.",와인 따개는 당연히 없겠군요
221,23:10,"Is out of the question, OK. [sighs]","왜 아닐까, 암요"
222,23:17,"-Hmm.
-OK, don't worry about it.",걱정하지 말아요
223,23:19,"I shouldn't have wine, anyways.",와인을 괜히 가져왔네요
224,23:20,"If my students caught that on my breath,","학생들이 저한테
술 냄새라도 맡으면"
225,23:23,"half of them would relapse
right there in class.","절반은 바로 다시
나쁜 길로 빠지겠죠"
226,23:26,We just stick to the pizza.,피자나 먹읍시다
227,23:38,Hi.,안녕하세요
228,23:42,"So, what do you do?",무슨 일을 해요?
229,23:44,"Keeps you so busy,
you can't even buy the basics.",계속 바빠서 생필품도 못 샀잖아요
230,23:49,Sorry.,미안해요
231,23:56,Yeah?,그래
232,23:58,I know where.,어딘지 알아
233,24:01,Yeah.,그래
234,24:05,"What I do, I gotta do it now.",당장 처리할 일이 생겼네요
235,24:08,"-That's OK. OK.
-I'm sorry.","- 괜찮아요, 뭐
- 미안해요"
236,24:15,We'll just share it later.,나중에 같이 먹어요
237,24:18,I'd like that.,좋아요
238,24:20,OK.,그래요
239,24:22,"Well, I'll just...",전 그냥...
240,24:24,Have fun doing whatever it is you do.,무슨 일을 하든 즐겁게 하세요
241,24:43,Four of them. Exit's on the other side.,놈들은 4명이고 출구는 반대쪽이야
242,24:46,These assholes killed three of my men.,이 새끼들이 부하 3명을 죽였어
243,24:55,You carrying?,총은 가져왔어?
244,24:57,"You know how to use a semi, right?",반자동도 쏠 줄 알지?
245,25:01,All right.,좋았어
246,25:06,I... I take the inside.,반대쪽은 내가 맡을게
247,25:17,"Come on, baby, daddy wants a queen.",아빠한테 여왕을 내놓으렴
248,25:20,Daddy is a queen.,아빠가 여왕이지
249,25:22,"[man] Just fucking deal, Bronson.","패나 돌려, 브론슨"
250,25:24,"I win this hand, I'm next.",이번 판을 이기면 내 차례다
251,25:26,"Hey, girl, don't worry,
he won't even touch the sides.","괜찮아, 계집애야
저 녀석은 턱도 없어"
252,25:55,What the fuck is this?,이게 무슨 지랄이야?
253,25:57,Go.,가요
254,26:06,"Bronson, it's a Jap!","브론슨, 일본 놈이야"
255,26:19,"Come on, you motherfucker!","덤벼봐, 개자식아"
256,26:47,"Die, Chink.","뒈져, 중국 놈아"
257,26:51,"Hey, I'm Japanese, asshole.","난 일본인이야, 새끼야"
258,26:55,Same fucking difference.,그게 그거지
259,27:14,"[Shigeru] Up there, that's where he is.",바로 저기에 그분이 계셔
260,27:18,My father.,내 아버지
261,27:20,Emperor Toshio Kageyama.,"토시오 카게야마 황제 ""코가카이 주식회사"""
262,27:23,An important man.,권위 있는 분이지
263,27:24,So very important.,영향력이 어마어마해
264,27:52,"[speaking in Japanese]
Open your files.",파일을 열어봐
265,28:00,As you can see from the chart...,도표를 보면 알겠지만
266,28:02,Since coming to the U.S...,미국에 온 이후로...
267,28:10,"Gentlemen, please excuse the intrusion.","여러분, 방해해서 죄송합니다만"
268,28:15,"I have something you've been
desperately looking for.","아버지가 애타게 찾으시던
물건을 가져왔습니다"
269,28:25,[in English] Momma!,엄마!
270,28:50,"[speaking in Japanese]
For this, your interrupt business?",이것 때문에 일을 방해했냐?
271,28:54,"I thought it was important.
You've been looking for him for weeks.","중요한 줄 알았죠
몇 주나 놈을 찾으셨잖아요"
272,28:58,"Finally, I found him.",제가 찾아냈어요
273,29:00,Me...,저랑
274,29:02,and my new friend.,새로 만난 친구가요
275,29:04,"[in English] Jake Walters, my father.","제이크 월터스, 내 아버지야"
276,29:06,The honorable Toshio Kageyama.,존경하는 토시오 카게야마
277,29:12,"[speaking in Japanese]
You brought a fucking gaijin?",외국인을 데려와?
278,29:14,Have you looked into him?,뒷조사는 해봤냐?
279,29:17,"[in English] My father thinks
you're a spy.",당신이 첩자라고 생각하시네
280,29:20,I killed three men in front of a witness.,"목격자 앞에서
남자 셋을 죽였소"
281,29:25,"You know any agency
that will condone that?",그냥 넘어가 줄 경찰을 아시오?
282,29:32,Wait outside.,밖에서 기다리게
283,29:44,"[speaking in Japanese]
Where did you find him?",어디서 만났냐?
284,29:46,He saved my ass.,절 살려줬어요
285,29:48,And that's not suspicious to you?,그게 의심스럽지 않던?
286,29:50,He killed in front of me.,"제 눈 앞에서
사람을 죽였어요"
287,29:52,"Besides, they would never try to get
a white guy inside.","게다가 놈들이
백인을 잠입시킬 리 없죠"
288,29:55,Because we don't expect it,우리가 그렇게 생각할 테니까
289,29:58,maybe that's exactly what they would do!,놈들이 그 점을 노렸을 수도 있어
290,30:01,"This guy is seriously good.
I've never seen anyone like him.","실력이 정말 좋아요
저런 사람은 처음 봤어요"
291,30:05,Trust me.,절 믿으세요
292,30:08,Just this once.,이번 한 번만요
293,30:15,Remember this...,이 말을 새겨둬라
294,30:20,"Don't speak about
anything important around him.","저놈 근처에서
중요한 이야기는 하지 마"
295,30:23,Of course.,물론이죠
296,30:25,"I only hope he is
as good as you say he is.","네 말대로
좋은 놈이기를 바랄 뿐이다"
297,30:29,I would stake my life on it.,제 목숨도 걸 수 있어요
298,30:48,[Shigeru in English] Let's go.,가자
299,30:56,"[speaking in Japanese]
Get me the Dragons.",부하들 불러와
300,31:06,"[in English] Fuck, yeah.",죽여주네
301,31:08,This is just the beginning.,이건 시작일 뿐이야
302,31:10,"Your brawn and my brain,
we're going to build am empire.","당신 힘이랑 내 머리를 합치면
제국도 세울 수 있어"
303,31:31,"If you see anything you like,
she's on the house.","마음에 드는 게 보이면
부담 없이 즐겨"
304,31:36,Kind of particular.,난 좀 까다로워서
305,31:38,"Hey, not me.",난 아니야
306,31:40,"Have a look around,
I'm sure you'll find something.","한번 둘러봐
뭐라도 꽂히는 게 있겠지"
307,32:43,Gaijin.,외국 형씨
308,32:45,[in English] Is there a problem?,문제 있소?
309,32:46,"[laughing] Yeah, you.","그래, 너"
310,34:47,"Shit. You OK, man?","젠장, 괜찮아?"
311,34:51,You OK?,괜찮아?
312,34:53,"-Thanks for the help.
-I couldn't.","- 도와줘서 고맙네
- 어쩔 수 없었어"
313,34:56,It was a test.,시험이었거든
314,35:13,"As a gaijin,",넌 외국인이라
315,35:15,you'll never be Yakuza.,야쿠자는 될 수 없다
316,35:17,I'm just here for the money.,돈 때문에 왔소
317,35:18,"Do your job,",맡은 일을 해
318,35:20,and you'll be well rewarded.,보상은 섭섭지 않게 해주지
319,35:22,I've already done one job.,일 하나는 벌써 끝냈소만
320,35:28,"[speaking in Japanese]
Didn't you pay him?",돈을 안 줬냐?
321,35:35,Huh?,응?
322,35:51,"[Toshio speaking in English]
Wait.",잠깐
323,35:58,"You caused a great deal of damage
to my club.","클럽에 끼친 손해가
이만저만이 아니야"
324,36:02,Kanji will drive you home.,칸지가 집까지 데려다준다
325,36:03,"-I'll take a cab.
-No.","- 택시 타고 가겠소
- 아니"
326,36:06,You work for us.,우리 일을 하잖아
327,36:07,We'll get you home.,우리가 집에 데려다준다
328,36:25,"[speaking in Japanese]
Find out everything you can.",뭐든 캐내
329,36:27,This gaijin is hiding something.,저 양놈이 뭔가 숨기고 있어
330,36:42,"[in English] Shigeru-san, sent me.",시게루 님이 보내셨어요
331,36:48,"They're waiting to drive me back.
Please, if I don't stay...","날 다시 데려가려고 기다리는데
그냥 돌아가면..."
332,36:54,I can be very good to you.,진짜 잘해줄 수 있어요
333,36:56,"Do things that'll take your mind
off your injuries.",상처를 잊게 해줄게요
334,36:58,Come in. Please.,"들어와요, 어서요"
335,37:09,Have a seat.,앉아요
336,37:15,Ah! No corkscrew.,와인 따개가 없어요
337,37:22,Maybe I can help with that.,내가 도울 수 있겠네요
338,37:27,Wait.,잠깐요
339,37:39,"-May I?
-Please.","- 내가 할까요?
- 부탁해요"
340,37:46,[sighs] That worked.,됐네요
341,37:49,"You wouldn't happened to have brought
any glasses with you.",잔은 안 가지고 왔겠죠
342,37:52,Who needs a glass.,잔은 뭐 하러요?
343,38:00,"-It's pretty bad.
-You know what?","- 형편없어요
- 그거 알아요?"
344,38:03,Perfect with cold pizza.,식은 피자랑 딱 어울려요
345,38:08,[Lisa] Those things will kill you.,그러다 죽어요
346,38:12,You're right.,맞아요
347,38:23,Why are you here?,여기 왜 왔어요?
348,38:26,"Why are you here, Lisa?","당신은 여기 왜 왔죠, 리사?"
349,38:29,I'm not judging.,뭐라고 하는 게 아니에요
350,38:33,My mother was in the trade.,내 어머니도 같은 일을 했어요
351,38:36,She had no choice.,어쩔 수 없었죠
352,38:42,My family borrowed money from Toshio-san.,"토시오 님에게
가족이 돈을 빌렸어요"
353,38:46,The business went bad...,사업이 기울었죠
354,38:48,"-Until the debt's paid off--
-So if you disappear,","- 빚을 다 갚을 때까진...
- 당신이 사라지면"
355,38:51,so does your family.,가족도 사라지겠군요
356,38:56,"-Hmm!
-You need to get some rest.",좀 쉬세요
357,39:01,Wait.,잠깐만요
358,39:07,My mother never had any money of her own.,"어머니는
한 푼도 손에 못 쥐어봤죠"
359,39:10,Buy something nice for yourself.,"당신을 위해
뭐라도 근사한 걸 사요"
360,39:40,That's my fuckin' pizza.,내 피자잖아
361,40:01,So what?,그래서?
362,40:02,"-Need more information.
-Hey, I wanna know my daughter's alive.","- 정보가 더 필요해
- 내 딸이 살아 있나 알고 싶어"
363,40:06,That's the problem with today's cops.,요즘 경찰은 저래서 문제야
364,40:08,No trust in the public.,대중을 믿지 않아
365,40:13,[Renee in English] Daddy?,아빠?
366,40:15,Daddy?,아빠
367,40:16,"-Renee? Baby, listen to me. Listen to me!
-[Renee] Daddy!","- 르네, 아빠 얘기 들어봐
- 아빠!"
368,40:22,Need to know who this is.,이놈이 누군지 알아내
369,40:24,I'll text you a copy.,사진은 문자로 보내지
370,40:27,"You better wrap your head around this.
'Cause if one thing happens to her,","내 말 잘 들어
딸한테 무슨 일이라도 생기면"
371,40:30,I'm coming for you! You hear me?,"넌 죽어, 알았어?"
372,40:48,"So, she hit the spot.",그년이 맞았지?
373,40:51,The bitch I sent you?,내가 보낸 계집애
374,40:53,I saw how you looked at her.,당신이 그년 보는 눈빛을 봤어
375,40:55,"Seems all you white fuckers
like a bit of yellow.","백인 놈들은
황인종을 좋아하나 보던데"
376,40:58,"[Darc] But most of the girls
in the club were white.","클럽에 있는 애들
대부분 백인이던데"
377,41:01,Where do they come from?,다들 어디서 데려왔지?
378,41:03,"All over the world, buddy.",세계 방방곡곡에서
379,41:05,"Why do you think we got into
the shipping business?",우리가 왜 운송 사업도 하겠어?
380,41:08,"-Where do you keep them all?
-Why are you asking?","- 전부 어디에 놔두는데?
- 그걸 왜 물어?"
381,41:10,You planning on starting out on your own?,당신도 사업을 해보게?
382,41:13,What do you think?,어떻게 생각해?
383,41:17,"I think you're smart enough to know
what would happen to you if you tried.","그랬다가는 어찌 될지 알 만큼
당신이 똑똑하다고 생각해"
384,41:25,There. Pull over.,저쪽으로 차 대
385,41:28,"So, what do these guys owe you?",이 사람들은 뭘 빚졌지?
386,41:29,"It's not a lot of money.
It's the disrespect.","돈은 얼마 안 되는데
예의가 없어서"
387,41:32,"You know, China people not paying
sets a bad example.","중국 놈들은 대가를 치러야
나쁜 선례를 안 남겨"
388,41:41,Do you what Japanese really like?,일본인이 뭘 좋아하게?
389,41:44,Sushi and golf.,초밥과 골프야
390,42:05,"Wait, wait, please!
We didn't have a choice. We didn't--","제발 잠깐만요
선택할 여지가 없었어요"
391,42:12,Everyone has a choice.,누구나 선택권이 있어
392,42:13,"-They make us, they make us!
-Who made you?","- 그 사람들이 시켰어요
- 누가 시켰는데?"
393,42:16,Triple Eight triad!,삼팔회 갱단요
394,42:18,Triple Eight triad!,삼팔회가 그랬어요
395,42:19,They said they would take it over.,자기들이 접수했다고 했어요
396,42:21,And you believed them.,그래서 놈들을 믿었군
397,42:28,"-Fucking Chinese!
-The register!","- 염병할 중국 놈들
- 계산대요"
398,42:30,"-Take it. Whatever we have is yours!
-Damn straight, old woman.","- 전부 당신 거니까 가져가세요
- 당연하지, 여편네야"
399,42:40,"[Shigeru] This will always be
KogaKai territory, granny.","여기는 영원히
코가카이 구역이야, 할망구"
400,42:44,Remember that.,잊지 마
401,42:48,"Apologies for the interruption, folks.","방해해서 미안합니다, 여러분"
402,42:57,Enjoy your meals.,식사 맛있게 해요
403,43:01,Looks like we got to go hunting.,사냥을 떠나야겠군
404,43:04,Time to visit Lee at the Triple Eight.,삼팔회의 리를 만날 때가 됐어
405,43:47,Hey! Hey!,"이봐, 거기"
406,45:00,Fucking Chinese!,빌어먹을 중국 놈
407,45:19,"Please, I'm unarmed.",전 무기도 없어요
408,45:21,No witnesses.,목격자는 안 돼
409,45:49,Where is Lee?,리는 어디 있어?
410,45:52,Where the fuck is Lee?,염병할 리는 어디 있냐고?
411,46:06,Relax ladies.,"진정해, 숙녀분들"
412,46:08,I don't kill women.,난 여자는 안 죽여
413,46:10,Unless they deserve it.,죽어도 싼 게 아니면
414,46:12,"-Do you deserve it?
-No!","- 넌 죽어도 싸니?
- 아뇨"
415,46:15,There you go then.,그럼 됐어
416,46:17,Let's go.,가자
417,46:18,Grab everything you can.,뭐든 다 챙겨
418,46:37,"Shigeru-san, back in a minute.","시게루, 금방 돌아올게"
419,47:22,Shigeru.,시게루
420,47:24,"[speaking in Japanese]
Where's your new friend?",네 새 친구는 어디 갔어?
421,47:26,Somewhere around here...,근처 어딘가 있을 텐데
422,47:28,He'll be back soon.,금방 올 거예요
423,47:53,"[in English] I see you again,
I'll drown you in your own fat.","내 눈에 또 띄면
네 비곗덩어리로 파묻어 죽여주마"
424,48:04,Drown him in his own fat?,비곗덩어리로 파묻어요?
425,48:06,You OK?,괜찮아요?
426,48:08,"Who are you?
What are you really doing here?","당신은 누구죠?
여기서 진짜 뭐 해요?"
427,48:12,I'm looking for someone.,사람을 찾고 있어요
428,48:15,A girl.,여자애요
429,48:17,Renee Lafique.,르네 라피크
430,48:21,She was here.,여기 있었어요
431,48:22,"-I took her food.
-Was?","- 내가 음식을 갖다줬죠
- '있었다'?"
432,48:24,They moved her a few days ago.,놈들이 며칠 전에 옮겼어요
433,48:26,To where?,어디로요?
434,48:28,I don't know.,몰라요
435,48:30,They've got businesses everywhere.,사업은 사방에서 하니까요
436,48:33,"Shipping yards, motels, private homes.","조선소나 모텔
살림집에서까지 해요"
437,48:37,"Think, Lisa.","떠올려 봐요, 리사"
438,48:38,Maybe someone mentioned something.,무슨 얘기라도 들었겠죠
439,48:41,I have to find her.,그 애를 찾아야 해요
440,48:47,I'll try to find out.,알아볼게요
441,48:48,"-If she ends up back here, I can call you.
-Be careful.","- 여자애가 돌아오면 연락하죠
- 몸조심해요"
442,48:53,You too.,당신도요
443,48:56,They'd pay a lot for this information.,"이 얘기가 나가면
대가를 톡톡히 치르겠죠"
444,49:10,"[Darc] If Renee's taken back
to the brothel, she'll call me.","르네가 다시 사창가로 오면
리사가 연락한대요"
445,49:13,[Lafique] What do you mean? That's it?,그게 다야?
446,49:15,That's all you fuckin' got?,그게 알아낸 전부야?
447,49:16,"Do you understand the longer you're there,",자네가 거기 더 있을수록
448,49:18,"the more of a chance
they find out who you are.",누군지 들킬 가능성도 커져
449,49:20,"They're asking questions now
for Christ sakes.",지금도 벌써 캐묻고 있어
450,49:22,Give them what they want.,놈들이 원하는 걸 줘요
451,49:24,"Be a smart cop, leave out Japan.","일본은 끊어내고
똑똑한 경찰이 돼요"
452,49:27,"Oh, come on, you're supposed to make shit
happen. That's why I got you out. Christ.","이러지 마
일 좀 치라고 자네를 꺼내줬어"
453,49:32,"You gotta do something, goddamn it!","뭐라도 해봐, 제기랄!"
454,49:36,Do something?,뭐라도 해요?
455,49:37,"Well, how much longer
do you think we've got?","우리한테 시간이
얼마나 더 있겠나?"
456,49:40,OK.,알았어요
457,49:42,Wha... What does that mean? OK.,알았다는 게 무슨 뜻이야?
458,49:48,Time to make shit happen.,일 좀 쳐야겠네요
459,50:20,[Lafique] That's everything.,그게 다야
460,50:23,What I could find anyway.,난 최선을 다했어
461,50:27,"You gave me short notice, you know.",시간을 촉박하게 줬잖아
462,50:30,You're making excuses?,변명하나?
463,50:33,"Well, that makes me suspicious.",그러니까 수상쩍네
464,50:34,No excuses.,변명은 무슨
465,50:36,"Hey, what do you want me to say?","무슨 말을 듣고 싶어? ""캘리포니아만 교도소
월터스 J."""
466,50:38,You want me to say he's bad fucking news?,나쁜 놈이라고 해줄까?
467,50:41,All right.,좋아
468,50:42,He's bad fucking news.,몹시 나쁜 놈이야
469,51:55,"[man on TV] Couldn't imagine the American
back line hold defense like that.","미국 팀 백 라인이
저렇게 수비할지 몰랐네요"
470,52:07,"Vasquez! Yes, yes, he's through.
He's through.","바스케스, 좋아요
뚫고 들어갑니다"
471,52:11,"He drops the ball
before he makes the edge.","끝까지 오기도 전에
공을 떨어트렸어요"
472,52:15,"He's out of the game, how unfortunate.","경기에서 빠지네요
참 운도 없죠"
473,53:39,[Toshio] You motherfucker.,이런 개자식
474,53:41,You are so dead.,넌 끝장이야
475,53:54,Stay in here.,여기 있어요
476,54:11,You!,너
477,54:13,I fucking knew it.,이럴 줄 알았어
478,54:17,"[speaking in Japanese]
Get help!",도움을 요청해!
479,54:21,"You hear me, girl?","내 말 들리잖아, 계집애야"
480,54:25,Do it and your family debt is clean!,"그렇게 하면
네 가족 빚을 청산해주지"
481,54:28,Good offer.,솔깃한 제안이네
482,54:31,"If I were her, I'd take it.",나라면 받아들이겠어
483,54:37,[in English] Who the fuck are you?,대체 넌 누구냐?
484,54:39,Think back.,잘 생각해봐
485,54:44,Japan.,일본
486,54:46,Chiba.,치바
487,54:47,An alley.,골목
488,54:53,Whore.,매춘부
489,54:55,"Her throat,",매춘부의 목
490,54:57,slit.,쭉 그었지
491,55:00,I was eight years old.,난 여덟 살이었어
492,55:09,Darc boy?,다르크 꼬마?
493,55:10,I'm gonna kill you Toshio-san.,"널 죽이겠다, 토시오"
494,55:14,We both know that.,우리 둘 다 알잖아
495,55:16,"Unless,",싫다면
496,55:17,tell me where Renee Lafique is.,르네 라피크가 어디 있는지 말해
497,55:24,Where?,어디 있어?
498,55:29,OK. OK.,"알았어, 말할게"
499,55:35,She's...,그 계집애는...
500,55:38,Your momma had some good moves.,네 어미는 몸을 잘 놀렸지
501,55:56,You fucking idiot!,어리석은 놈
502,56:00,"We'd never hide her
in such a public place.","남들 다 보는 곳에
그년을 숨겨놨겠냐?"
503,56:39,Jake.,제이크
504,56:47,You should've left.,도망갔어야죠
505,56:49,I almost did.,그럴 뻔했어요
506,56:51,They know I'm here.,다들 내가 여기 있는지 알아요
507,56:54,You can't just leave me.,날 그냥 두고 가지 마요
508,56:57,"They'll torture me, I'll tell them
everything and they'll kill me.","고문당하다 다 털어놓으면
놈들한테 죽어요"
509,57:02,Lisa.,리사
510,57:06,Do it.,쳐요
511,57:11,Do it.,해요
512,57:14,Please.,제발요
513,57:49,Come with us.,같이 가지
514,57:56,That's a big gun.,총이 참 크네
515,57:58,It's a big world.,세상이 참 크니까
516,57:59,They're just business associates.,같이 일하는 사람들이에요
517,58:01,"Well, they're being loud.
I'd like them to go.","너무 시끄러워서
그만 가줬으면 좋겠네요"
518,58:04,Oyabun is on his way from Japan.,"오야붕이
일본에서 오시는 길이다"
519,58:07,Shigeru needs you.,시게루가 널 찾아
520,58:10,Wait outside.,밖에서 기다려
521,58:12,"This gun is getting real heavy, boys.",총이 점점 무거워지네
522,58:15,It might just go off any minute.,당장에라도 총알이 나가겠어
523,58:31,You're a taciturn bastard.,과묵한 개자식이었군요
524,58:34,"The people you associate yourself with,",어울리는 사람들을 보니까
525,58:38,they speak volumes.,알 만하네요
526,58:52,"-Where's Shigeru?
-He'll be with us soon.","- 시게루는 어디 있지?
- 금방 와"
527,59:02,One more time.,한 번 더 묻지
528,59:04,Where'd you get these tattoos?,문신은 어디서 새겼어?
529,59:08,"[speaking in Japanese]
Do it!",해라
530,59:16,"[in English] Tell me who sent you, gaijin.","외국 놈아, 누가 널 보냈어?"
531,59:19,Did Toshio-san find out?,토시오 님은 알아냈나?
532,59:22,Is that why you killed him?,그래서 그분을 죽였어?
533,59:26,Hit him!,때려
534,59:28,Harder!,세게!
535,59:31,Harder!,더 세게!
536,59:34,"[speaking in Japanese]
Do it again!",다시 해
537,59:38,Get out.,나가
538,59:40,He doesn't work for you,네 부하가 아니다
539,59:42,Get out.,꺼지라고
540,59:45,Get out of or I'll fucking castrate you!,안 나가면 거기를 잘라주지
541,59:51,Who brought him here?,제이크는 누가 데려왔어?
542,59:53,Me.,나다
543,59:55,Who put you in charge?,네가 언제 그렇게 잘나졌지?
544,59:58,[in English] Look at his tattoos.,저놈 문신을 봐
545,1:00:00,He is not who he says he is.,자기 말이랑 다른 놈이야
546,1:00:02,"[speaking in Japanese]
I knew about them!",알고 있어
547,1:00:04,It's one of the reasons I hired him!,그래서 고용했어
548,1:00:06,What the fuck do you know?,당신은 뭘 아는데?
549,1:00:08,You were born in America.,미국에서 태어난 주제에
550,1:00:11,I was Toshi's aide.,난 토시오 님의
551,1:00:13,He was my friend.,오른팔이자 친구였다
552,1:00:17,He was my father!,나한테는 아버지였어
553,1:00:20,And he regretted that every day.,"덕분에 토시오 님은
매일같이 아쉬워했지"
554,1:00:31,You were my father's pet dog.,네놈은 아버지의 애완견이었어
555,1:00:35,Just a translator. Nothing more.,통역해주는 인간이었을 뿐이야
556,1:00:38,The only reason I don't kill you...,"널 안 죽이는 이유는
딱 하나야"
557,1:00:40,"My grandfather will want to know
where you were when my father died!","그때 넌 어디 있었는지
할아버지가 궁금해하실 테니까"
558,1:00:58,[in English] Taking you home.,집에 데려다줄게
559,1:01:00,"And, Jake,",제이크
560,1:01:02,don't go too far.,너무 멀리 가지는 마
561,1:01:03,You and I have a lot to discuss.,우린 할 얘기가 많잖아
562,1:02:15,"[speaking in Japanese]
What about the whore?",그 매춘부는 어떠냐?
563,1:02:19,"It's strange she was the only one
left alive.","그년만 살아남았다니
이상합니다"
564,1:02:22,She was knocked out.,기절해 있었습니다
565,1:02:24,She called us as soon as she came round.,"정신을 차리자마자
저희를 불렀습니다"
566,1:02:28,Why would she do that if she was involved?,"그 외국인과 한패라면
왜 그랬겠습니까?"
567,1:02:31,"-The gaijin is the--
-Not again.","- 그 외국인이...
- 또 그러네"
568,1:02:34,He has done everything we've asked of him.,"우리가 해달라는 일은
다 해준 사람이야"
569,1:02:38,For money.,돈 때문이지
570,1:02:39,"-What if someone offered him more?
-Like fucking who?","- 누가 돈을 더 준다면요?
- 대체 누가 그럴까?"
571,1:02:44,Enough.,그만해라
572,1:02:47,If the gaijin is innocent,그 외국인이 결백하다면
573,1:02:49,"then the attack was carried out
by someone else.",다른 누군가 저지른 짓이겠지
574,1:02:54,Shigeru.,시게루
575,1:02:56,Find out who and clear his name.,"범인을 찾아내면
네 친구의 누명은 벗겨진다"
576,1:03:00,Kanji.,칸지
577,1:03:01,"When this is over,
I want to hear about how Toshio died","상황이 마무리되면
토시오가 어떻게 죽었는지 듣겠다"
578,1:03:06,"while you were responsible
for his security.","토시오의 안전은
네가 책임졌으니까"
579,1:03:10,"And both of you,",그리고 너희 둘 다
580,1:03:11,remember this well.,이 점을 명심해라
581,1:03:15,We are Yakuza.,우리는 야쿠자다
582,1:03:18,"No individual is more important
than the family.","그 어떤 개인보다
식구가 더 중요하다 알겠지"
583,1:03:41,"[in English] I think
you owe me an explanation.",설명을 들어야겠는데요
584,1:03:49,"Oh, my God.",맙소사
585,1:03:52,What happened to you?,무슨 일이에요?
586,1:03:53,[sighs] I bruise easily.,멍이 좀 잘 들어요
587,1:03:58,You're such an asshole. Come on.,"참 엉망진창이네, 이리 와요"
588,1:04:04,"[speaking in Japanese]
Let me talk to the cop.",내가 그 경찰이랑 얘기하지
589,1:04:08,This cop's mine. Get your own source.,"경찰은 내 소관이야
네 정보원은 알아서 찾아"
590,1:04:14,"[in English] Speak fuckin' English,
asshole.","영어로 말해, 등신아"
591,1:04:18,"[speaking in Japanese]
No individual's more important",그 어떤 개인보다
592,1:04:20,than the family.,식구가 더 중요하다
593,1:04:40,[Ivy in English] Tell me.,말해봐요
594,1:04:41,"If you trust me, this isn't something
you want to know about.",당신이 알고 싶지 않을 이야기예요
595,1:04:47,I want to know.,알고 싶어요
596,1:04:55,They kidnapped someone.,놈들이 여자애를 납치했어요
597,1:04:58,"-I'm trying to find her.
-Why do you have to do it?","- 난 그 애를 찾고 있죠
- 왜 당신이 찾아요?"
598,1:05:00,"-Why don't they just go to the cops?
-'Cause it's a cop's daughter.","- 경찰한테 말하면 되잖아요
- 경찰의 딸이거든요"
599,1:05:05,"-He came to me.
-Oh!",나한테 부탁했어요
600,1:05:10,"-I gotta go. I gotta get out there.
-OK. OK.","- 이제 가봐야겠어요
- 알았어요"
601,1:05:13,"I don't know if you're going to be
any help to anybody right now.","당신이 지금
남을 도울 처지인지 모르겠네요"
602,1:05:16,"Don't be an idiot. Come on, OK.","바보짓 하지 마요
자, 됐어요"
603,1:05:22,Come this way.,이쪽으로 와요
604,1:05:29,"[sighs] Ivy, I...","아이비, 난..."
605,1:05:32,I just wanted to tell you...,이 말은 하고 싶어요
606,1:05:36,sorry.,미안해요
607,1:05:47,Wuss.,멍청이
608,1:05:59,"-[Lafique] Where's Kanji?
-Fuck Kanji.","- 칸지는 어디 있지?
- 염병할 칸지"
609,1:06:01,"-What's the matter with you?
-Who did it?","- 왜 그래?
- 누가 그랬어?"
610,1:06:03,"-Get out!
-Calm down.","- 내려!
- 진정해"
611,1:06:04,"-Who killed my father?
-What the fuck are you talking about?","- 아버지는 누가 죽였어?
- 무슨 소리야?"
612,1:06:07,Play fucking stupid with me. I dare you!,모르는 척하고 지랄이야
613,1:06:09,"-I'm mot playing stupi--
-Fuck you! Who did it?","- 모르는 척이 아니야
- 닥쳐, 누군데?"
614,1:06:12,I'm not going to ask you again. Who?,"두 번 안 묻는다, 누구야?"
615,1:06:16,Lee.,리
616,1:06:19,Lee.,리가 그랬어
617,1:06:24,From Triple Eight.,삼팔회
618,1:06:41,Never.,웃기지 마
619,1:06:43,"No, no. He can't be.
He doesn't have the balls.","그럴 리가
놈은 그만한 용기가 없어"
620,1:06:46,"And what if he shot up your place, huh?",놈이 네 구역을 헤집어놨다면?
621,1:06:48,What if he killed your men?,네 부하를 죽였다면?
622,1:06:49,What the fuck would you have done?,넌 무슨 짓을 했겠냐?
623,1:06:51,"Your job's to keep people
from fucking back.","사람들 뒤를 막아주는 게
네 일이잖아"
624,1:06:54,You fuckhead.,멍청한 새끼
625,1:06:55,"If you're not doing that,",안 그럴 거면
626,1:06:58,"why the fuck do we need
your little bitch daughter?","네 딸년이
우리한테 왜 필요하겠어?"
627,1:07:22,"[speaking in Japanese]
You are certain it was him?",리가 확실하냐?
628,1:07:24,He admitted it.,놈이 시인했습니다
629,1:07:26,His final words.,죽으면서 남긴 말입니다
630,1:07:29,How did you find out?,어떻게 알아냈지?
631,1:07:31,I suspected from the beginning.,저는 처음부터 의심했습니다
632,1:07:33,Our Interpol dog confirmed it.,"우리 개 노릇을 하는
인터폴이 확인해줬습니다"
633,1:07:36,"The same man who provided
the dossier on your partner?","네 파트너 자료를
넘겨줬던 놈인가?"
634,1:07:40,That's right. He's been very useful.,"맞습니다
아주 쓸모 있는 놈이죠"
635,1:07:43,"So, your friend is cleared.",이제 네 친구는 결백해졌다
636,1:07:48,As I expected.,제 예상대로였습니다
637,1:07:53,"Shigeru, you've done well.","시게루, 잘했다"
638,1:07:58,"You're becoming the man
we always hoped you would.","우리가 바라는 사내의 모습으로
커가고 있구나"
639,1:09:48,Sorry for the interruption,방해해서 죄송합니다만
640,1:09:50,But we have more information.,정보가 더 있습니다
641,1:09:53,"There were important details
omitted from the policeman's dossier.","경찰이 준 자료에
중요한 내용이 빠져 있었죠"
642,1:10:03,Only until late in the game.,게임 후반부까지만 그래요
643,1:10:08,Then it can change everything.,"그 후엔
판을 다 뒤집을 수 있어요"
644,1:10:22,[in English] Hey.,이런
645,1:10:24,He's alive.,살아 있었네요
646,1:10:28,How did I get here?,내가 여기 어떻게 왔죠?
647,1:10:30,You don't remember.,기억 못 하는군요
648,1:10:32,"Those pills I gave you
really knocked you out.",내가 준 약 때문에 기절했나 봐요
649,1:10:35,"Ivy, how long have I been out?",내가 얼마나 쓰러져 있었죠?
650,1:10:36,"-Ah... Sixteen hours.
-Damn it, I got to go.","- 16시간요
- 젠장, 가야겠어요"
651,1:10:42,"Yeah, 'cause you seem fine.",참 멀쩡해 보이네요
652,1:10:46,"Ivy, there's a girl's life on the line.",여자애 목숨이 위태로워요
653,1:10:51,"So, you're gonna risk yours to save hers.","여자 목숨 살리자고
자기 목숨을 내놓으시겠다?"
654,1:11:05,"I'm told, you're the last person
to see my son alive.","살아 있는 내 아들을
마지막으로 본 사람이 너라지?"
655,1:11:09,You'll tell us exactly what happened.,어떻게 된 일인지 정확히 말해라
656,1:11:12,"And before you begin,",이야기를 시작하기 전에
657,1:11:15,"you should know,",하나 알려주지
658,1:11:17,"I have a man on the way
to your family's home.","네 가족 집으로
사람을 하나 보냈다"
659,1:11:36,I brought your pain killers.,진통제 가져왔어요
660,1:11:38,"Supposed to take two.
They're really potent.","2알 먹어요
약효가 아주 강력해요"
661,1:11:41,So...,그럼...
662,1:11:50,"OK, or six.","뭐, 6알도 괜찮아요"
663,1:11:53,"-Ivy, you know--
-No, I'm sorry. I...","- 아이비, 있잖아요
- 됐어요, 미안해요"
664,1:12:00,Peace offering.,화해의 선물
665,1:12:02,Unless you were planning on hitching.,누구랑 결혼할 거 아니라면요
666,1:12:12,Just come back.,그냥 돌아와요
667,1:12:17,I promise.,약속할게요
668,1:12:36,"Please, please, please. [sobbing]",제발 이러지 마세요
669,1:12:44,"[speaking in Japanese]
All this for one woman?",이게 다 여자 하나 때문인가?
670,1:12:47,"Two, if you count his mother.",그놈 어미까지 치면 둘이죠
671,1:12:51,"Bring me this woman.
And find Kanji and Shigeru.","여자를 데려오고
칸지랑 시게루도 불러"
672,1:13:18,Grandfather?,할아버지?
673,1:13:32,"-[in English] Yeah?
-[Lafique] Hey, something went wrong.","- 왜요?
- 뭔가 이상해"
674,1:13:33,Something really went fucking wrong.,뭔가 크게 잘못됐어
675,1:13:34,"They just told me to pick my daughter
up at the docks.",놈들이 부두에서 딸을 데려가래
676,1:13:37,What the fuck does that mean?,그게 무슨 뜻이겠어?
677,1:13:38,"-[Darc] Lafique--
-They know.","- 라피크
- 들켰어"
678,1:13:39,"-Where at the docks? Where?
-Pier 9.","- 부두 어딘데요?
- 9번 부두"
679,1:13:41,Wait outside. Do not go on your own.,혼자 가지 말고 밖에서 기다려요
680,1:13:44,"-You hear me, Lafique?
-A cartload of shit.","- 듣고 있어요, 라피크?
- 거지같이 됐네"
681,1:14:13,Where's my daughter?,내 딸은?
682,1:14:14,"You were warned what would happen to her
if you ever lied to us.","거짓말했다가는
딸이 어떻게 될지 말했잖아"
683,1:14:17,"So, where's my daughter?",내 딸은 어디 있어?
684,1:14:23,Are you fucking insane?,너희 미쳤어?
685,1:14:25,Are you fucking insane?,돌았냐고!
686,1:14:41,[Lafique] Baby! Baby!,"얘야, 우리 딸"
687,1:14:46,"[Lafique] Come on, listen to me.",내 말 좀 들어봐
688,1:14:48,Cut her down.,딸을 내려줘
689,1:14:51,"-I'll tell you everything.
-We already know everything.","- 다 얘기할게
- 우린 이미 다 알고 있어"
690,1:15:04,[Lafique] Baby!,얘야!
691,1:15:10,Cut her down!,애를 내려놔
692,1:15:13,Cut her down!,풀어줘
693,1:15:14,Cut her down.,내려
694,1:16:16,[Darc] No!,안 돼!
695,1:16:20,"Renee, your dad's with me.","르네, 네 아버지가 날 보냈어"
696,1:16:23,Renee.,르네
697,1:16:24,Renee?,르네
698,1:16:28,Lisa.,리사
699,1:16:30,Lisa.,리사
700,1:16:31,I'm sorry.,미안해요
701,1:16:38,I got you.,이제 안전해요
702,1:16:40,"I told them, they know. They know.",내가 다 말해서 놈들이 알았어요
703,1:16:42,I know.,알아요
704,1:16:45,That's all right.,괜찮아요
705,1:16:47,Get away! Go!,"도망가요, 어서!"
706,1:16:57,"[speaking in Japanese]
He fucking lied to me!",그 새끼가 나한테 거짓말을 했어
707,1:17:00,"All this time, he's been lying to me,
making a fool of me!","내내 속이면서
날 등신으로 만들었지!"
708,1:17:03,"Faster, you fucking monkey! Faster!","바보 자식아, 더 빨리 가!"
709,1:17:07,Faster!,밟아!
710,1:17:27,[in English] Where is he?,어디 있어?
711,1:17:31,Where the fuck is he?,그 새끼는 어디 있어?
712,1:17:35,"-Where is he?
-He who?","- 그놈 어디 있어?
- 그놈이 누군데?"
713,1:17:48,Where the fuck is he?,그 자식 어디 갔냐고?
714,1:17:50,He's not fucking here!,여기 없어!
715,1:18:01,Get off me!,이거 놔!
716,1:18:13,Tell me!,말해
717,1:18:15,Where the fuck is he?,그 새끼 어디 있어?
718,1:18:31,[Shigeru] Enough!,그만해
719,1:18:33,Don't!,하지 마!
720,1:18:34,"-I fucking vouched for you!
-Drop the knife.","- 내가 널 보증했어
- 칼 내려놔"
721,1:18:37,"Those tattoos, the night we met,","그 문신, 우리가 만난 날 밤"
722,1:18:41,"it wasn't just chance, was it?",우연이 아니었지?
723,1:18:44,"-Was it?
-Let her go, Shigeru.","- 아니야?
- 여자는 놔줘, 시게루"
724,1:18:46,She's just my neighbor.,이웃집 사람일 뿐이야
725,1:18:48,Shigeru.,시게루
726,1:18:51,"Fuck you, and all your fucking lies!","너도, 네놈 거짓말도
다 집어치워"
727,1:18:54,"[speaking in Japanese]
Move! Secure him.",뭐 해? 저놈 묶어
728,1:18:58,"[Jake speaking in Japanese]
It's pointless.",그래 봤자야
729,1:19:00,It'll just be you and me.,너랑 나만 떨어져 나가겠지
730,1:19:04,You will never be Oyabun.,넌 절대 오야붕이 될 수 없어
731,1:19:09,[in English] You fucking...,이런 개자식
732,1:19:13,Do it.,어디 해봐
733,1:19:14,"The last thing you're gonna see
will be the inside of her throat.","마지막으로 너한테
이년 목구멍 속을 보여주지"
734,1:19:18,"-No, no, no.
-On your fucking knees, you piece of shit.","- 그러지 마
- 무릎 꿇어, 개자식아"
735,1:19:22,"[speaking in Japanese]
Secure him!",저 새끼 묶어
736,1:19:24,[in English] Hands behind your back!,등 뒤로 손 빼
737,1:19:26,"Ivy, it's OK.","아이비, 괜찮아요"
738,1:19:32,It's OK.,괜찮아요
739,1:19:34,Shigeru.,시게루
740,1:19:40,She's innocent.,여자는 죄가 없어
741,1:19:42,"Shigeru-san,",시게루 님
742,1:19:44,let her go.,여자는 놔줘
743,1:19:48,Fuck it.,닥쳐
744,1:19:56,No!,안 돼!
745,1:20:30,"[speaking in Japanese]
Enough!",그만해라
746,1:20:35,Put him in a chair,의자에 앉혀
747,1:20:43,Leave us.,다들 나가
748,1:20:48,"Shigeru, you too.","시게루, 너도 나가"
749,1:20:51,"Oyabun, please.","오야붕, 왜 그러세요"
750,1:21:08,[in English] Look at me.,날 봐라
751,1:21:22,"There was a boy once, a lifetime ago,",아주 오래전에 한 꼬마가 있었다
752,1:21:27,with a whore for a mother.,어미는 매춘부였지
753,1:21:31,"[speaking in Japanese]
That he was even allowed to live,",그놈 목숨을 살려줬는데
754,1:21:32,was a mistake.,그게 실수였어
755,1:21:35,"[in English] I can't recall most
of the men I've killed,","내가 죽인 남자들은
대부분 기억이 안 나는데"
756,1:21:39,"but women,",여자들은
757,1:21:41,there's something different about them.,뭔가 좀 달라
758,1:21:47,"You want to kill me, Darc?","날 죽이고 싶나, 다르크?"
759,1:21:54,"It's like you said,",네 말대로
760,1:21:57,it was a lifetime ago.,아주 오래전이었지
761,1:22:01,"And yet, my son died in the present.",그런데 내 아들은 최근에 죽었어
762,1:22:04,"[speaking in Japanese]
Get that little shit in here.",망할 녀석을 데려와
763,1:22:08,"[in English] He's weak, he's ambitious,
perhaps, even he's a coward.","시게루는 나약한데 야심이 커
겁쟁이일지도 모르지"
764,1:22:13,"But it is his duty to avenge
his father's death.","그래도 아비의 죽음에 대한 복수는
녀석의 의무다"
765,1:22:19,"[speaking in Japanese]
Oyabun, I...","오야붕, 제가..."
766,1:22:25,You will take him away and deal with him.,놈을 데려가서 처리해라
767,1:22:34,Leave it to me.,맡겨만 주십시오
768,1:22:35,You will take Mr. Kimuro with you.,키무로도 함께 데려가라 그리고 너도
769,1:22:39,"Wait a second, Oya...",잠깐만요
770,1:22:40,You'll do what I say!,시키는 대로 해!
771,1:22:47,I understand.,알겠습니다
772,1:24:35,[Shigeru] Jake.,제이크
773,1:24:39,"Come on, Jake.","왜 이래, 제이크"
774,1:24:44,"I fucking saved your life, Jake.","널 살려줬잖아, 제이크"
775,1:24:48,Fucking saved your life.,네 목숨을 구해줬다고
776,1:24:51,I have money.,난 돈이 있어
777,1:24:52,You and I can start something.,함께 뭐라도 시작하자
778,1:24:54,It was just a fucking girl! Come on.,"그냥 여자애 하나였을 뿐인데
이러지 마"
779,1:24:59,"Jake, please.","제이크, 제발"
780,1:25:01,"Come on, Jake.",왜 이러는데
781,1:25:03,"Jake, come on. Jake, please.","제이크, 하지 마
부탁할게"
782,1:25:05,"Jake, Jake, Jake!",제이크!
783,1:25:07,"Please, please don't.",제발 살려줘
784,1:25:10,"Jake, please!","제이크, 제발!"
785,1:25:28,"[speaking in Japanese]
Prepare the men.",애들 풀어
786,1:26:42,"Get out! Move it, move!","나가요, 얼른!"
787,1:26:44,"Move, get out, move!",빨리 나가요!
788,1:29:12,"[speaking in Japanese]
Juu...",10번 카드
789,1:29:15,the card that can change everything.,판을 다 뒤집을 수 있는 카드지
790,1:29:22,Are you here to save the girl?,목적이 뭐지? 여자애를 살리러 왔나?
791,1:29:26,Or avenge your mother?,어미 원수를 갚으러 왔나?
792,1:29:29,You don't even know anymore.,너도 이제 모르겠지
793,1:29:34,[in English] Drop it.,내려놔
794,1:29:37,[Ginzo] You want to save her?,여자를 살리고 싶어?
795,1:29:39,Or let her end up like your whore mother?,네 매춘부 어미처럼 죽게 할래?
796,1:29:56,You're already dead.,넌 죽은 목숨이야
797,1:29:58,"So, end it now,",이제 끝장을 내라
798,1:30:00,and I'll let her live.,그러면 여자는 살려주마
799,1:30:09,Her life.,여자를 살리든
800,1:30:11,Or yours.,네가 살든
801,1:30:48,I'm sorry.,미안하구나
802,1:30:51,"[Ginzo] Do it, or else.","어서 해, 안 그러면 죽인다"
803,1:31:16,"Of course,",당연히
804,1:31:18,"where I'm going to send her,",저 계집은 내가 보낸 곳에 가서
805,1:31:20,she will be begging for death.,제발 죽게 해달라고 빌겠지
806,1:31:23,She will wish--,저 애는 차라리...
807,1:31:38,Mister.,아저씨
808,1:31:48,Stay with me. Stay with me!,죽지 말고 정신 차려요
809,1:31:54,Breathe!,숨 쉬어요!
810,1:31:56,"One, two, three, four,
five, six, seven, eight.","1, 2, 3, 4
5, 6, 7, 8"
811,1:32:00,"Come on, breathe!",제발 숨 쉬어요
812,1:32:06,"Mister! ...15, 16, 17, 18,
19, 20, 21, 22...","아저씨! 15, 16, 17, 18
19, 20, 21, 22..."
