,Time,Subtitle,Translation
0,14s,"[Justin, snapping fingers]
One... three, four, five, six, seven.","1... 3, 4, 5, 6, 7"
1,17s,Go to the top!,위로 올라가
2,19s,"One and two, go ta-ta-ta.","하나, 둘, 위로, 위로"
3,21s,"Keep moving, keep, moving, keep moving.
Freeze!",계속해... 멈춰!
4,28s,Ta-ta-ta-ta-ta-ta-ta! Freeze!,멈춰!
5,34s,"[woman] If you want your kid
to be the best dancer,","아이를 최고의 댄서로
키우고 싶다면"
6,36s,"you need to be
at Beyond Belief Dance Company.","비욘드 빌리프 댄스 컴퍼니로
오세요"
7,39s,"[girl] I would never compare it
 to any other place",다른 곳과 비교할 수 없어요
8,41s,"because it's where I want to be
and it's who I want to be.","오직 그곳에서
꿈을 이루고 싶어요"
9,44s,"[woman 2]
Beyond Belief is not your daughter.","비욘드 빌리프는
당신 딸이 아니에요"
10,46s,"It's not your daughter
and it's not your daughter.","당신 딸도, 당신 딸도 아닌"
11,48s,You're on a team.,하나의 팀이에요
12,49s,"[yelling] You have no idea
what I do for my daughter! No, no. Come on.","내 딸을 어떻게 키웠는지
당신이 알기나 해?"
13,53s,Let your kids find their own path.,"아이들이 스스로
길을 찾게 해주세요"
14,55s,Get down lower! Get down lower!,몸을 숙이고!
15,57s,Move! Move! Move! Move!,이동!
16,1:00,"Well, my given name is
Justin Dewayne Lee Johnson.","제 본명은
저스틴 드웨인 리 존슨이에요"
17,1:04,"Not only am I the owner, but I'd like
to say I'm the artistic director","비욘드 빌리프 댄스 컴퍼니의
사장인 동시에"
18,1:08,"of Beyond Belief Dance Company,",예술 감독입니다
19,1:10,"celebrating 14 years of excellence
in good ol' Mesquite, Texas.","텍사스 메스키트에서 14년째
정상을 달리는 학원이죠"
20,1:14,"First overall, Beyond Belief.",종합 1위는 비욘드 빌리프!
21,1:18,"[Justin] We have been named
top ten studios of the South,","우리는
남부 10대 스튜디오로 선정되고"
22,1:22,"presidential awards of choreography,
studio excellence.","안무, 우수 교육기관 부문
대통령상을 받았어요"
23,1:27,"We are snatching them trophies
and titles.","트로피와 우승 타이틀을
그러모으고 있죠"
24,1:31,That's a fact.,이건 팩트예요
25,1:31,Check all the receipts.,기록 전부 조사해 보세요
26,1:42,"But let me tell y'all what really sets
Beyond Belief Dance Company apart","하지만 비욘드 빌리프가
텍사스를 넘어 전국의 스튜디오와"
27,1:46,"from most other studios,
not just in Texas.",차별화된 진짜 이유를 알려드리죠
28,1:53,"When I'm not teaching these little kids
how to dance...","아이들과 댄스 수업을
하지 않을 때는"
29,1:57,I am the grande dame diva of the South...,남부의 디바 마님이 돼요
30,2:00,Alyssa Edwards.,알리사 에드워즈죠
31,2:04,"Uh, hold up, darling diva of the world. Did I just hear my name
come out your mouth?","잠깐, 애정하는 세계의 디바들
방금 내 이름을 불렀나요?"
32,2:12,"-They thought I was a woman, Miss D.
-[Dawn] No, they didn't.","- 내가 여자인 줄 알았대
- 말도 안 돼"
33,2:14,"I wouldn't have my life no other way.
I was born for this!",저는 지금의 인생이 좋아요 이게 제 운명이죠
34,2:18,I broke a nail. [bleep],손톱 부러졌네
35,2:20,"I don't get cute, I get drop dead gorgeous, gorgeous...
[echoing]","난 귀엽다기보다
죽도록 매력적이죠"
36,2:25,"Now, whether you've seen me
on the grand stages I've traveled all around the world.","무대에서 절 보신 분들이 있죠?
세계 각지를 순회했거든요"
37,2:30,"-[woman] I love you, Alyssa!
-I love you, too.","- 사랑해요, 알리사!
- 나도 사랑해요"
38,2:33,Or maybe on RuPaul's Drag Race.,"'루폴의 드래그 레이스'를
봤을 수도 있죠"
39,2:35,Alyssa Edwards.,알리사 에드워즈
40,2:39,"Oh, baby, I'm legendary.","자기야, 난 전설이에요"
41,2:41,"I mean, who could be this fabulous
and be a man?","세상에 이렇게 아름다운
남자가 어디 있어요?"
42,2:47,[crowd chanting] Alyssa! Alyssa!,알리사!
43,2:54,"[Alyssa] Drag has empowered me to be everything that Justin Johnson
could never be.","저스틴 존슨으로 불가능한 모든 게
드래그 퀸으로 가능해졌어요"
44,3:00,"[Justin] In life, you're going to have
moments like this that matter.","살다 보면 중요한 순간이
찾아오게 마련이에요"
45,3:04,Don't ever sit it out.,그때 주저앉지 마세요
46,3:06,"[Alyssa] The power of drag
is giving someone the courage...","남들에게 용기를 주는 게
드래그의 위력이에요"
47,3:09,"Thank you, Lord Jesus,
for this opportunity.","기회를 주신 주님께
감사드립니다"
48,3:11,The wig is the cape to a superhero.,가발은 슈퍼히어로의 변신 망토죠
49,3:13,"[Justin] Show it, sell it,
sell it, sell it!","보여줘, 적극적으로!"
50,3:15,"Each and every one of these kids
were born into a royal family.","아이들은 누구나
왕자와 공주로 태어나요"
51,3:19,"Where's your feet? Where's your feet?
Where's your da-da-da-da-ding?","발이 안 보여, 발 어디 있니?"
52,3:22,"I hope to help them
in finding their own crown...","아이들이 왕관을 찾도록
돕고 싶어요"
53,3:28,...because mine's staying on my head.,제 걸 넘겨줄 순 없거든요
54,4:09,"[woman] One, two, one, two.
One, two, one, two. One, two.","하나 둘, 하나 둘"
55,4:14,Hold it!,그대로
56,4:17,♪ My name is Alyssa Edwards ♪♪,"- 내 이름은 알리사 에드워즈
- 좋아요!"
57,4:20,"♪ And I'm back, back, back, back
Back again! ♪","제가 돌아, 돌아, 돌아왔어요!"
58,4:30,"[woman] One, two, one, two.
One, two, one, two.","하나 둘, 하나 둘"
59,4:33,"[Dawn] Hey, girl!","안녕, 언니!"
60,4:35,"I got your email.
I know I haven't responded.",메일 받고도 답장을 못 했어요
61,4:36,"Oh, it's okay. I know.",괜찮아요
62,4:38,"Guys, make sure. You got to have
your team fee deposit paid.","다들 팀별 보증금 납입
잊으면 안 돼요"
63,4:41,"So, please see me immediately
if you have not done that.","아직 안 내셨다면
곧장 저한테 오세요"
64,4:45,"Let's go, let's go, let's go!",시작해 볼까?
65,4:46,[Dawn] Today is the start of the season,오늘부터 새 시즌이 시작돼요
66,4:49,"and, every year,
these kids have to audition.",아이들은 매년 오디션을 봐요
67,4:51,"We have probably 60-plus students
coming in the door, their parents here,","""돈: 비욘드 빌리프 매니저"" 60명 이상의 학생이 참가하고
부모들까지 오기 때문에"
68,4:56,so we're packed to the rim.,학원이 늘 포화상태죠
69,4:57,"You can do either a kick-up
or you can go up over the toes.","발차기를 하거나
발을 높이 들어도 돼 ""셀레스트: 댄스 강사"""
70,5:02,"Today, we're looking for the dancers",오늘은 대회에 나갈
71,5:03,"that will represent Beyond Belief
at the competitions.",학원 대표 선수를 뽑아요
72,5:06,"The kids are all nervous,
but also excited,","아이들 모두 걱정하면서도
기대와 열의가 있어요"
73,5:09,"and eager
'cause they know that a lot's in store",많은 것을 얻을 수 있는
74,5:13,"and a lot of opportunity
is available to them.",좋은 기회라는 걸 알기 때문이죠
75,5:15,"Really go with that.
Really, like, move through it all the way.","이쪽으로 뻗어
몸이 같이 움직여야 해"
76,5:19,"Very good. Yes, that's so much better.","잘했어, 훨씬 좋아졌어"
77,5:22,"I go to school in Boston,
at the Boston Conservatory,","저는 보스턴 컨서바토리에
재학 중이에요"
78,5:26,but I was a student here first.,전에는 이 학원에 다녔죠
79,5:28,"I fly every weekend to come and work
with Justin and to come help the kids.","주말마다 비행기를 타고 와서
저스틴을 도와 아이들을 가르쳐요"
80,5:41,"Wait a minute.
Does everybody have on deodorant, please?","""비욘드 빌리프 댄스 컴퍼니
챔피언 명가"" 다들 땀 냄새 제거제 발랐지?"
81,5:44,[kids] Yes!,네!
82,5:45,"If not, I got some spray
in the car for y'all.",안 한 사람은 차에서 뿌려줄게
83,5:47,"-[Tina] Kelly's got other stuff too.
-'Cause it's getting hot!","- 켈리한테 또 있대
- 기온이 올라가거든"
84,5:50,"[Kelly] My daughter's name is Ainsley
and she's seven.","제 딸의 이름은 에인슬리고
7살이에요"
85,5:53,I'm a very competitive dance mom.,"저는 경쟁심이 많은
댄스 맘이에요"
86,5:55,"Probably one of the worst
that we have here! [laughing]","""켈리: 에인슬리 엄마"" 아마 여기서 가장 심할걸요?"
87,5:58,My child is always up here.,제 딸은 늘 학원에 와 있고
88,6:00,"She's always in a private,",항상 개인 교습을 받아요
89,6:01,"she's always in a class, and a lot of
these parents show up for the audition,","늘 수업 중이죠
오디션에 오는 부모가 많지만"
90,6:06,"but you know for a fact
their kid ain't been here practicing.",애들이 연습은 별로 안 해요
91,6:09,"So, for them to take up space...",걔들이 자리를 차지하는 게
92,6:12,it's frustrating.,난감하죠
93,6:14,"Arms by your ears. Yes, ma'am.",양팔을 귀에 붙이고
94,6:17,"Little faster, do it one more time.","""앤지: 키아나, 레아 엄마"" 더 빨리 해 보자"
95,6:19,"I have two daughters that dance
at Beyond Belief,",두 딸이 비욘드 빌리프에 다녀요
96,6:21,"Kiana, who's 16, and Leigha, who's ten.","16살 키아나, 10살 레아죠"
97,6:25,"Okay, you twisted your hips in the air.
 You've got to stay straight.","물구나무서면 엉덩이를 뒤트는데
똑바로 서야 해"
98,6:29,"For me, I never planned to be a dance mom.","댄스 맘이 될 계획은
추호도 없었어요"
99,6:31,"I was a musician.
My husband and I had a band.","저는 음악가로
남편과 밴드를 했어요"
100,6:35,"And even though this is not necessarily
what I planned for my life,",제 인생 계획에는 없었던 일이지만
101,6:39,"being a dance mom is how I show
Kiana and Leigha that I love them.","애들을 사랑하기 때문에
댄스 맘이 되기로 했죠"
102,6:43,"Yes. That was good. Good, good, good.","그래, 잘했어"
103,6:54,Get that bag.,가방 가져와
104,7:03,[woman] Hi!,안녕하세요!
105,7:04,[Justin] I got some surprises for y'all.,깜짝 뉴스가 있어요!
106,7:06,"-Hey!
-He's so cute!","- 안녕하세요
- 정말 귀여워"
107,7:08,You guys warm up?,준비운동은 했니?
108,7:12,"They need to be warming up, quickly.",빨리 몸을 풀도록 해
109,7:14,"-Good to see you.
-[Marcella] Hi, it's good to see you, too.","- 반가워
- 저도 반가워요"
110,7:16,"-How are you?
-I really am glad to be home.","- 좀 어떠세요?
- 돌아와서 진짜 좋아"
111,7:18,"With me being gone for so long, I feel
that we have a lot of stuff to go over,","오래 자리를 비워서
할 일이 아주 많아"
112,7:21,"-like choreography, dances...
-Schedule.","- 안무, 춤
- 일정도요"
113,7:24,"-Schedule.
-Yes.","- 일정도 짜야지
- 네"
114,7:25,"I am the brand-new assistant director
for Beyond Belief.","저는 새로 온 조감독이에요 ""마셀라: 조감독"""
115,7:29,"I don't feel like I've had any time
with Beyond Belief kids at all.","비욘드 빌리프 아이들과
제대로 어울릴 시간이 없었어요"
116,7:32,"Like, I'm still learning people's names.",아직 이름 외우기도 바쁘고
117,7:34,"I think I've worked with them
maybe one time and I hate that.","한 번 수업했는데
마음에 안 들었죠"
118,7:36,"I came to know Justin
through competition.",대회에서 저스틴을 만났어요
119,7:39,"I had owned Prestige Dance
and Performing Arts Center for five years","저는 5년간 프레스티지
댄스 공연 예술 센터를 경영했어요"
120,7:44,"and we had a lot of issues
as far as crazy moms,","그런데 극성 엄마들 때문에
문제가 많았고"
121,7:48,"and, financially,
we just couldn't do it anymore.",재정난으로 운영이 어려웠죠
122,7:51,"Then I met with Justin
to get a fresh start.","그러다 저스틴을 만나
새로 출발하게 됐어요"
123,7:54,"-Biggest thing is casting. That's it.
-[Marcella] Yes.","- 가장 큰 문제는 캐스팅이에요
- 그렇죠"
124,7:55,"-So let's do that now.
-That's it. Okay.","- 지금 합시다
- 그래요"
125,7:57,"[Celeste] One, two, one, two.
One, two, one, two.","하나 둘, 하나 둘"
126,8:02,"Moms, if you guys can come in the back,",엄마들이 뒤에 들어오면
127,8:04,"I'm gonna do a short, little meeting
real quickly.",짧고 간단하게 미팅을 할게요
128,8:07,"So head into the back.
Come on, two minutes!","뒤쪽으로 오세요, 딱 2분입니다"
129,8:09,Move to the back... everybody!,"뒤로 가세요, 다들!"
130,8:14,"You guys, come on in, file in.
Let's come over here.",쭉쭉 들어오세요!
131,8:18,"So, I'm very glad to be back...",돌아와서 정말 기뻐요
132,8:21,after a long tour.,기나긴 투어를 끝내고 왔죠
133,8:23,"First of all, I do want to say this.
Being gone a lot...","이 말씀부터 드리죠
오래 자리를 비운 사이"
134,8:26,"thank you to Celeste and all the teachers,",셀레스트를 비롯한 모든 강사와
135,8:28,"and thank you to Dawn
for running the studio.",돈 덕분에 학원이 돌아갔어요
136,8:30,"And we're welcoming Marcella
with open arms.",그리고 마셀라를 환영해 주세요
137,8:36,"For me, on my last little tour,",저는 마지막 투어를 통해
138,8:39,"I got to thinking,
after 14 years of having this studio,",14년간 운영한 이 학원의
139,8:42,what is the next level for me?,미래를 구상했어요
140,8:44,"And the next level is not me trying to,
like, jump to another platinum trophy,","앞으로도 백금 트로피와
우승을 찾아서"
141,8:47,"or another win, 'cause all that will fade.","동분서주해봐야
무의미하다고 생각했죠"
142,8:50,"I want an elite team
that not only raises the bar, but creates the bar.","저는 수준을 한 단계 높여
정예 팀을 만들고 싶어요"
143,8:55,"So I want to let you all know
that tonight's audition",그래서 오늘 밤 오디션이
144,8:57,"is gonna be extra, extra extraordinary.","얼마나 중요한지
알려드리고 싶어요"
145,9:00,"I'm going to be looking for...
 a group of dancers","비욘드 빌리프의 실력을
대표할 수 있는"
146,9:05,"that can represent
the absolute very best","소수 정예 댄서들을
뽑으려고 해요"
147,9:09,"of Beyond Belief.
And I'm going to pick a company,",작은 무용단을 선발할 겁니다
148,9:13,"a small performing arts company,",소규모 공연단으로
149,9:17,"-that will travel.
-[girl] Okay, yeah!","원정 공연을 가죠 아, 그렇군요!"
150,9:20,"[Justin] We're going to be building
two elite companies.",정예 팀 두 개를 구성할 거예요
151,9:23,"The mini and junior will combine
to create one Mini Elite,","유아와 저학년생으로
미니 정예 팀을 만들고"
152,9:26,"and the teen and senior
will be combined",중고등학생 팀으로
153,9:29,"to create
one Beyond Belief Dance Company Elite.","비욘드 빌리프 댄스 컴퍼니
정예 팀을 만들 거예요"
154,9:33,"My plan for my dance school is to conquer
this country one competition at a time.","저의 계획은 미국의 대회를
하나씩 정복하는 겁니다"
155,9:38,"My high heels have done touched
almost every inch of this world.","제 하이힐로 휘젓지 않은
지역이 없어요"
156,9:43,"Now I need my dance shoes
to go ahead and saddle up.","이제는 댄스화를 신고
떠날 겁니다"
157,9:47,Our first stop will be Los Angeles.,첫 번째 목적지는 LA예요
158,9:55,[woman] I'm so excited about that.,정말 기대된다
159,9:57,"If you're looking for something
for fun, and recreational,",재미와 취미 활동을 찾고 있다면
160,10:00,"please go to the Girl Scouts
'cause it's free and cheap. [chuckles]","싸고 저렴한
걸스카우트로 가세요"
161,10:04,[Justin] And cheap.,정말 싸죠
162,10:06,'Cause this is not going to be cheap.,여기는 저렴하지 않거든요
163,10:10,"Now, Justin...",그런데 저스틴
164,10:13,"Honey... honey, darling,
it's getting hot in here today.","자기야, 자기야
오늘따라 후끈하네"
165,10:17,"Now, let's just all cross our fingers...",우리 두 손을 모으고
166,10:21,"and hope and pray that choosing this
elite dance travel performing company...","정예 원정 공연 팀 선발이
원활하게 진행되게 해달라고"
167,10:28,goes smoothly.,기원해야 해
168,10:30,"Just think on that for a second.
I'll be sitting here.","잠깐만 생각해 봐
난 가만히 기다릴게"
169,10:34,Exactly.,그렇지
170,10:37,"I'm looking for charisma,",저는 카리스마와
171,10:38,"I'm looking for overall presentation,
performance, and technique.","전반적인 표현 능력
기량, 기술을 볼 거예요"
172,10:42,This is the moment...,지금 이 순간
173,10:44,where you shine.,빛나야 해요
174,10:46,I think I will make the elite team,저는 뽑힐 거예요
175,10:49,because I'm technically Justin's fave.,"""에인슬리, 7"" 저스틴 선생님이
아끼는 제자니까요"
176,10:52,I love performing at competitions.,저는 대회에 나가는 게 좋아요
177,10:54,"I love to see who gets first,
and it's always me who gets first,","1등이 누구인지 보면
언제나 저예요"
178,10:58,so that's why I'm always excited.,그래서 언제나 신이 나죠
179,11:01,"All right, five minutes,
take a break and let's start. Here we go.",5분만 쉬었다가 시작하자
180,11:04,Y'all have to understand,너희 명심해
181,11:06,"that this whole audition,
this whole thing,",이 오디션이라는 건
182,11:09,it's just up to y'all.,너희 하기 나름이야
183,11:11,"You know, I'm just here
because y'all want to be here.","너희가 하고 싶대서
엄마는 따라왔을 뿐이야"
184,11:14,"-[Justin] Get your last-minute warm-ups.
-But you have to...","- 마지막으로 몸 풀어
- 하지만 너희가"
185,11:16,But you have to be so good,무조건 잘해야만
186,11:18,"he can't... he can't cut you,
'cause he will.","탈락하지 않아
너희를 자르려고 들 거거든"
187,11:21,"I've been dancing at Beyond Belief
for nine years",학원에 온 지 9년째고
188,11:23,and I've been competing for eight years.,"""키아나, 16"" 대회 출전은 8년째예요"
189,11:25,"It would mean so much to me
to be on the traveling team","다른 사생활이 없는 제게
원정 팀에 뽑히는 건"
190,11:28,because I don't have a regular life.,너무나 큰 의미를 갖죠
191,11:31,None of us here have a regular life.,"다른 애들의 삶도
평범하지 않아요"
192,11:32,"This is what our whole world
revolves around",우리에겐 이곳이 세상의 전부죠
193,11:35,"and getting the tiniest bit of validation
of what we're doing just means everything.","여기서 조금이나마 인정받는다면
더 바랄 게 없어요"
194,11:50,"[Dawn]
I want to see you fight for it.",투지를 보여주면 좋겠어
195,11:52,"I really want to see you
go in there confident.",자신감을 갖고 도전해
196,11:54,"I want you to walk in
with your shoulders up.","당당하게 들어가서
웃으면서 적극적으로 해"
197,11:55,"I want you to smile,
I want you to act engaged.","당당하게 들어가서
웃으면서 적극적으로 해 ""조시, 15"""
198,11:57,"Your aunt and I, we want you to do you,","""지니: 조시, 소피 엄마"" 이모와 엄마는
너다운 모습을 기대해"
199,12:01,"show them your uniqueness
and what you're good at. Okay?","너만의 특기와 장점을 보여줘
알겠지?"
200,12:05,I'm feeling... extreme stress.,스트레스가 엄청나요
201,12:07,"I've been dancing at Beyond Belief
for nine years.","비욘드 빌리프에 온 지
9년 됐어요"
202,12:10,"Like, I'd better make the team.",꼭 선발돼야 하죠
203,12:12,I can't disappoint anyone.,누구도 실망시킬 수 없어요
204,12:13,"[Dawn] You're good at contemporary and
you're good at your solo. But I want...",넌 현대 무용과 독무가 장기지만
205,12:17,"I really am hoping today is
a breakthrough day for you with Justin","오늘이 너와 저스틴의 관계에
분기점이 되면 좋겠어"
206,12:21,"because his confidence in you
needs to grow.",저스틴이 너를 더 신뢰해야 해
207,12:24,I want Josie to make it...,조시가 성공하길 바라는 건
208,12:26,"because I'm not only her aunt,
I'm her godmother, and we're really close.","제가 이모이자 대모이기 때문이죠
정말 가까워요"
209,12:31,But I also have to be a faculty member,하지만 학원 직원으로서
210,12:35,"and be objective,
because we don't play favorites here.","중립성을 지켜야 해요
편애는 없어야 하니까요"
211,12:38,You either have it or you don't.,있을 수 없는 일이죠
212,12:40,"-[Jeannie] Okay. I love you.
-[Dawn] Good luck, sweetheart.","- 좋아
- 행운을 빌게"
213,12:42,"-[Dawn] You're gonna do great.
-[Josie] Love you, too.","- 넌 잘할 거야
- 사랑해요"
214,12:56,"[Justin] All right, so today I want
to watch you improv, okay?",즉흥 과제를 발표할게
215,12:58,And do what you do best.,실력을 뽐내 봐
216,12:59,"13-, 14-, 15-year-olds, on the floor.",13살부터 15살까지 나와
217,13:01,"Everybody else, move off.
Move quickly. Ready, here we go.","나머지는 비키고
시작하자"
218,13:07,Yeah!,그래!
219,13:15,Change groups! Change groups!,조 교체!
220,13:25,"That leg ain't straight
and extended behind the knee","다리를 반듯하게 펴서
무릎 뒤로 뻗어야 하는데"
221,13:27,and that foot ain't stretched--,발을 뻗지 않았어요
222,13:30,"Girl, you better get yourself together
real quick... real quick.","얘, 빨리 정신 차리고 해"
223,13:40,My kids stand out at competitions.,우리 애들은 대회에서 돋보여요
224,13:43,They're products of me.,저의 작품이죠
225,13:45,"Now, you can't come to Beyond Belief
and have a flamboyant teacher like me...","저처럼 화려한 선생님 밑에서
배웠는데"
226,13:49,and be basic.,평범할 순 없어요
227,13:52,Punch it.,날아다녀야죠
228,13:57,"-There's no place like home.
-[Marcella laughing]",집이 제일 좋구나
229,13:58,There's no place like home. Praise Jesus!,"집처럼 좋은 곳이 없어
감사합니다, 주님!"
230,14:02,[Marcella] That was good.,훌륭했어요
231,14:03,"Um, I would like to see... Willow first.",먼저 윌로부터 보자
232,14:06,"Good job, good job, good job.",잘했어
233,14:09,"[Willow]
For me, I've always just wanted an outlet","""윌로, 17"" 전 언제나 탈출구를 원했어요"
234,14:11,"because I already have trouble with
money at home and things like that.","저희 집은 돈을 비롯해서
문제가 많아요"
235,14:15,"So it's the next step for me
to get my name out there","그래서 이렇게
제 이름을 알린다면"
236,14:18,"to be able to go to colleges
and get jobs from this.","대학에 가고
취업도 할 수 있으니까"
237,14:21,"-It means a lot to me to be here.
-Okay.","- 소중한 기회죠
- 알았어"
238,14:24,"Justin's known Willow since
before she started dance, you know,","저스틴은 윌로가 ""크리스틴: 윌로 엄마"" 댄스를 시작하기 전부터 알았어요"
239,14:28,because her brother was here.,오빠도 여기 다녔거든요
240,14:32,Yeah!,그거지!
241,14:34,"[Kristen] He saw her creative side
from an early age.","저스틴은 윌로가 어렸을 때
창의성을 포착했어요"
242,14:40,"You allow me to be who I am
and, for that, I thank you forever,","지금의 저를 만들어주신
평생의 은인이에요"
243,14:44,"because I've been here
since I was younger and... [sobs]",전 어렸을 때부터 이곳에 왔어요
244,14:49,"and I get to walk away knowing
that you allowed me to be who I am","선생님은 저의 내면과 외면의
진정한 모습을"
245,14:52,from the inside and out.,찾아주셨어요
246,14:55,"-[Justin] Oh, my gosh!
-[woman] So good, so beautiful.","- 세상에!
- 진짜 잘한다, 아름다워"
247,15:05,"Everybody in my family has a story,
you know,",우리 가족은 각자 사연이 많아서
248,15:08,and sometimes I get pushed aside,때로는 제가 뒷전으로 밀려요
249,15:10,"and people are always like, you know,
""Only Kiana's... it's only her crazy mom,","사람들은 늘 그러죠
'키아나가 가진 건 극성 엄마와'"
250,15:15,"and her six sisters and her gay brother.""","'여동생 6명, 게이 오빠뿐이야'"
251,15:19,"But, you know, it would mean so much to me
for people to look at me and be, like,","하지만 저의 실력을 알아보는
사람을 만나면 행복해요"
252,15:24,"""Kiana's a star because Kiana's amazing.""","'키아나는 대단해
실력이 뛰어나거든'"
253,15:26,"Not ""Kiana's a star
because she has a crazy family.""","'키아나는 대단해
극성 가족과 사니까'와는 다르죠"
254,15:29,"You know, like...
this opportunity would",이 기회를 얻는다면
255,15:33,literally change my life.,제 인생이 바뀔 거예요
256,15:36,"Kiana generally will place
in the top five.",키아나는 5위권에 들 거예요
257,15:39,Does she win every competition? No.,대회마다 우승하는 아이는 아니죠
258,15:41,"When judged by different panels,
some love her,","키아나에 열광하는
심사위원도 있지만"
259,15:43,"and some don't get her
because she's quirky, she's different,","항상 통하진 않죠
키아나는 유별나고 색다르고"
260,15:46,she's weird.,특이하거든요
261,15:49,[Justin] I see a lot of me in Kiana.,"키아나에게서
제 모습이 많이 보여요"
262,15:51,She knows that dance is very hard for her.,키아나에게 춤은 어려운 상대예요
263,15:54,It doesn't come as easy for her.,만만하지가 않죠
264,15:56,But her willpower...,하지만 의지만큼은...
265,16:00,I admire that.,높이 삽니다
266,16:02,"Not always in life
will the most talented dancers...","실제로 성공하는 댄서는
최고의 실력자가 아니라"
267,16:06,"be the most successful, but the smartest.",가장 똑똑한 사람인 경우가 있어요
268,16:10,Yeah!,그렇지!
269,16:19,Hey!,좋아!
270,16:21,Musicality is amazing.,음악성이 예술이야
271,16:26,"[Justin laughing and applauding]
Yeah!",그래
272,16:33,Yeah!,그렇지!
273,16:41,"[Justin] When you dance, what do you feel?",춤출 때 어떤 기분이야?
274,16:43,"[Josie] I feel this, like, abundant, like, this mass of, like, energy and happiness.","엄청난 에너지와 행복감에서
헤어날 수 없어요"
275,16:48,"Like, I don't know
if many of you know this...",얼마나 아시는지 모르겠지만
276,16:51,"but I suffer from bipolar 2,
which is bipolar depression, and, like...","저는 양극성장애 2형을 앓아요
우울증이 주를 이루는 증세죠"
277,16:57,it's the contrast...,하지만 춤출 때는
278,16:59,"at which, like, I feel... so amazing...",너무나 환상적이고
279,17:04,"and, like, so happy and, like,
I wish I could just feel that 24/7.","몹시 행복해요
언제나 이런 기분으로 살고 싶죠"
280,17:09,"[Jeannie]
Josie is an intensely private person...",조시는 극도로 내성적인 아이예요
281,17:13,"um, and for her to put that
out there like that","하지만 저렇게
자신을 드러내는 걸 보면서"
282,17:16,"gives me great hope for us
to get through it together, as a family.","가족이 힘을 합치면
이겨낼 수 있다는 희망이 생겨요"
283,17:21,"[Justin] Guess what?
""It gets better"" is a hope.","사실 '나아질 거야'란
희망에 그치면 안 돼"
284,17:25,"You know when it gets better? It gets
better when you realize who you are,","정말 나아지려면
자신의 정체성을 확인하고"
285,17:30,and you go after what it is you want.,진정 원하는 꿈을 좇아야 해
286,17:32,"That force has to come from within.
I don't want you to ever give up.","내면의 힘을 이용해야 하지
절대로 포기하지 마"
287,17:35,"-Thank you so much.
-[Jeannie] Thank you.","- 정말 감사합니다
- 고마워요"
288,17:36,"-[Celeste] Good job, Josie.
-[Justin] Okay, thank you.","- 잘했어, 조시
- 수고했어"
289,17:40,It's hard because she's my cousin.,제 사촌이라서 힘드네요
290,17:43,"She has issues picking up
the choreography fast","조시는 안무를 빨리 익히는 데
어려움을 겪어요"
291,17:47,"and she has issues with her confidence,",자신감도 부족하고요
292,17:49,"but she works really hard,
and I think she does want it.","하지만 정말 열심히 하고
뽑히기를 진심으로 원해요"
293,17:53,"It was hard for me to see her struggle
because I care about her a lot.","고생하는 걸 보면 힘들어요
많이 아끼는 동생이거든요"
294,18:00,"But I think that she's a strong person
to come out and say that.","하지만 병을 밝힐 만큼
강한 아이예요"
295,18:04,"Because I think, as an artist,
a lot of us struggle",예술가들 중에는 우울증이나
296,18:06,"with depression and anxiety
and mental illness,","불안감, 정신적인 병에
시달리는 사람이 많은데"
297,18:09,"and I think
that's an important thing to say.","중요한 이야기를
털어놨다고 생각해요"
298,18:12,"She, to me, shone out of all the teens,
out of all of them.","고학년 중에서는
확실히 빛나는 아이야"
299,18:15,"-Yeah. Always.
-No, not her, for me, always.","- 그럼요, 항상요
- 항상은 아니지만"
300,18:19,"Some of you tonight
were game changers for me.","오늘 새롭게 시선을
사로잡은 친구들이 있어"
301,18:23,For good and bad reasons.,"장점도 보였고, 단점도 보였지"
302,18:25,"You cannot be inconsistent with me
'cause I'm always judging.","기복이 있으면 같이 갈 수 없어
난 계속 평가하거든"
303,18:29,"All right, thank you. You can go home. Good job.
Good job. Good job. Good job.","고마워, 집에 가도 돼
다들 수고했어"
304,18:32,"I'm emotionally drained,
I'm physically drained.",난 감정도 체력도 모두 소진됐어
305,18:34,"It's going to be really hard
to narrow it down.",추려내기가 정말 힘들겠어요
306,18:37,There's so much talent here.,재능 있는 애들이 너무 많아
307,18:39,It's really ridiculous.,어이가 없을 정도야
308,18:40,Justin!,저스틴!
309,18:41,Shut the hell up!,주둥이 닥치지 못할까!
310,18:48,Or I will make the decision.,내가 답을 정해줄게요
311,18:51,"If Alyssa Edwards was running this school,","알리사 에드워즈가
학원장이라고 치죠"
312,18:53,"can y'all imagine me sitting
behind that desk at the typewriter?","이 몸이 타자기 뒤에
얌전히 앉아있을 거 같아요?"
313,18:58,"Your bill was due?
Go ahead and sit in the lobby.","수강료 미납이에요?
가서 로비에 앉아있어요"
314,19:02,"Miss Thing, take a seat. No, ma'am.","거기 언니, 앉아요
어머님, 조용!"
315,19:05,"I would be letting those mothers know,
""No, ma'am.""","난 그 엄마들한테
조용히 하라고 할 거예요"
316,19:34,"[Justin] Now y'all know I watch
my Joyce Meyers and I go to church.","저는 조이스 마이어스 설교 방송을
시청하고 교회에 나가요"
317,19:38,"And, before my feet hit the ground,
my knees hit it first,","침대에서 일어나기 전
무릎부터 꿇고"
318,19:43,and I say my daily prayers.,그날의 기도를 바쳐요
319,19:46,"God laid all this right here
in front of you, and said,","하나님은 모든 것을
우리 앞에 펼쳐주시고"
320,19:48,"""This is what you were supposed to do.""",'이게 네가 할 일이다'라고 하세요
321,19:50,"I remind myself every day, it's just...
about managing your blessings.","제가 받은 은혜를 어떻게
누릴 것인지 매일 고민해요"
322,19:59,"And I haven't let a minute,
a day, an hour, or an ounce of a second pass me by.","하루도, 한 시간도
심지어 1분 1초도 허비하지 않죠"
323,20:05,"'Cause my whole family
might have been runners-up.","우리 가족은 늘
문턱 앞에서 좌절했지만"
324,20:09,"Oh, no, I was going to be a winner.",전 승자가 되기로 했거든요
325,20:11,"Glamour, darling.","귀티 난다, 자기야"
326,20:16,I was born a dreamer.,전 몽상가로 태어났어요
327,20:19,I was a very creative little boy.,아주 창의적인 소년이었죠
328,20:21,"I had a wild, vivid imagination.",알록달록한 상상력이 있었어요
329,20:24,I was also very introverted.,또한 무척 내성적이었죠
330,20:28,"I knew I was going to do something
in the... artistic field,","뭔가 예술적인 일을
하게 될 거라고 믿었어요"
331,20:32,"a form of artistry, creativity.",예술성과 작품성 있는 일을요
332,20:40,"My family did, too.",저희 가족도 그랬어요
333,20:41,"My dad wanted me to be a ball player,
and that's just a whole 'nother book.","아버지는 야구 선수를 바라셨지만
말도 안 되는 얘기였고요"
334,20:49,I took my very first dance class...,저의 첫 번째 댄스 수업은...
335,20:53,"I opened the newspaper...
I'll never forget this,","신문을 펼치던 순간을
잊을 수 없어요"
336,20:58,and it said...,거기에 쓰여 있길
337,21:00,"""Calling all boy dancers.
Joy Sharp's School of Dance.","'소년 댄서들이여, 주목하라
조이 샤프의 댄스 스쿨'"
338,21:04,"$10 a month.""",'월 10달러'
339,21:06,"And my granny used to give me
an allowance,",할머니가 용돈을 주시곤 했어요
340,21:08,maybe if I helped mow the grass with her.,잔디 깎기를 도와드렸을 거예요
341,21:10,"I called my Uncle Bobby and I said,
""Uncle Bobby, I have ten bucks.","바비 삼촌에게 전화를 걸었어요
'삼촌, 나 10달러 있어요'"
342,21:13,Can you please take me?,'제발 데려가주세요'
343,21:15,"There's a dance school
and they're letting boys come dance!""","'댄스 스쿨이 있는데
남자애들을 모집한대요'"
344,21:18,"And he came over and he took me
to my very first dance class,","삼촌이 집에 와서
첫 수업에 데려다주셨어요"
345,21:21,and the rest is history.,그 이후는 다들 아시겠죠?
346,21:28,"That was my way of expressing
who I was as a little boy,","댄스는 소년 시절의 저를
표출할 통로였어요"
347,21:31,because all the things I couldn't say...,말할 수 없는 모든 것을
348,21:34,"I could share
through the art of movement.",신체의 언어로 공유할 수 있었죠
349,21:37,"Beyond Belief is the safest place on Earth
for me,","제게 비욘드 빌리프는
지상에서 가장 안전한 곳이고"
350,21:40,"and I created this so other children,",다른 아이들에게 문을 열었어요
351,21:42,"maybe another little Justin Johnson
like me, could come and celebrate...","제2의 저스틴 존슨이 있다면
이곳에 와서"
352,21:46,"not only art and dance, but life!","예술과 댄스뿐 아니라
인생을 즐기자고요"
353,22:03,"All that glitters, all that shines,
Alyssa Edwards is here like a dime.","반짝반짝 눈이 부셨어
알리사 에드워즈가 오셨어"
354,22:07,"[Robbie] Hey, girl!",안녕!
355,22:08,"[Neil] What is up, girl? How are you?","- 뭐 해, 자기야!
- 안녕?"
356,22:10,"[Justin] I'm loving all this.
How are you? Good?","정말 마음에 든다
어떻게 지냈어?"
357,22:14,Look at all of this!,이것 좀 봐
358,22:15,"I need the information
where you got that.",저거 어디서 구했어?
359,22:17,"Because we're gonna get one of those
for the house.","- 그래
- 집에 걸고 싶어"
360,22:19,"You need one for the studio.
You need one for the studio, too.","""로비와 닐
마렉 + 리처드 디자이너"" - 학원에도 걸어
- 진짜 예쁘겠어"
361,22:22,"Yeah, that would be really cute.","- 학원에도 걸어
- 진짜 예쁘겠어"
362,22:23,"Are these too saggy, these overalls? [Robbie] These overalls?
I don't know, girl!","- 이 오버올 너무 펑퍼짐해?
- 이거? 모르겠네"
363,22:27,"You're gonna be able to keep them up?
You're, like, losing a lot of weight.","안 흘러내려?
살이 많이 빠졌나 봐"
364,22:29,"-You got that CrossFit body going on.
-Oh!",크로스핏 하는 몸매인데?
365,22:33,"Every guy has to have
a Robbie and Neil in their life.","모든 남자는
로비와 닐의 손길이 필요해요"
366,22:37,They're two of my favorite designers.,"제가 가장 좋아하는
두 디자이너죠"
367,22:40,"I can't even think
to describe Robbie and Neil.","로비와 닐은
말로 설명할 수가 없어요"
368,22:43,They're like...,마치...
369,22:44,unicorns in the mist.,안개 속의 유니콘 같죠
370,22:46,"So, we got some cute bags.",귀여운 가방이 있어
371,22:47,"-Your girls would love these.
-[Justin] Okay, let me put my phone--","- 애들이 좋아할 거야
- 전화기로 좀 찍자"
372,22:49,For the kids!,애들 주라고?
373,22:51,"-Yeah.
-For the travel company.","- 응
- 공연단 아이들에게"
374,22:52,"-We should get them these.
-Aren't these adorable?","- 이걸 줘야겠어
- 이것도 예쁘지?"
375,22:54,"-Unicorn tribe.
-This is really perfect for the minis.","- 유니콘이야
- 미니 팀에게 딱 어울리겠어"
376,22:57,"They could put all their lipstick
and makeup in this.",립스틱과 화장품 넣으면 되겠네
377,22:59,"Not only do Robbie and Neil help
design things for Alyssa,","로비와 닐은
알리사의 옷을 디자인할 뿐 아니라"
378,23:04,"but they'll always design for, you know,
my dance company.","우리 댄스 컴퍼니의
디자인도 맡아요"
379,23:09,"'Cause any time I have
a big wild, crazy idea...",제 무지막지한 상상력을 구현하죠
380,23:13,"I mean, come on!
I'm wearing Popsicles today.","보세요, 전 오늘도
아이스크림 재킷을 입었어요"
381,23:15,"What do y'all got for me, though?",나한테는 뭘 권할 거야?
382,23:17,"Look, this is perfect.",이거 완벽하네
383,23:18,"No, now y'all want me to look
like Richard Simmons.","내가 리처드 시먼스처럼
보여야겠어?"
384,23:20,"-[Robbie] Yeah, girl!
-All eyes on me, girl.","- 시도해 봐!
- 시선 집중이야"
385,23:22,"-Richard Simmons...
-Do you like the lace?","- 리처드 시먼스라니
- 가발 좋아해?"
386,23:24,"[Neil] Yes, lace front for sure.","응, 가발 완전히 좋아하지"
387,23:27,"-[Robbie] So...
-So, you know...","- 그래서...
- 그러니까 말이지"
388,23:29,we've been together for a long time.,우리 오래 함께 지냈잖아
389,23:30,"Nine years, to be exact.",정확히 9년이야
390,23:32,"-Going on nine.
-[Neil] Yeah, living in sin.","- 만 9년이 돼
- 동거인으로 살았지"
391,23:34,"I asked this one if he would marry me
and he said...",닐에게 청혼을 했는데 하는 말이
392,23:38,"""Only if...",'조건이 있어'
393,23:42,"Alyssa Edwards will officiate.""","'알리사 에드워즈가
주례를 서야 해'"
394,23:50,Just take a second.,생각 좀 해
395,23:51,"[Robbie] I don't know if you've
done anything like that before.",전에 해본 적 있어?
396,23:53,"Well, no. I've done a lot of...","아니, 내가 살면서"
397,23:54,"-charades in my time...
-[Neil] Yeah, you have.","- 별 코스프레를 다 해봤어
- 그렇지"
398,23:57,"...in the name of the Father, the Son,
and the Holy Ghost.",성부와 성자와 성령의 이름으로
399,24:00,"In front of God and everybody?
Wait, hold on. Is this a real wedding?","하나님과 사람들 앞에서 하자고?
잠깐, 진짜 결혼식이야?"
400,24:03,"Oh, yes, for sure.","그럼, 당연하지"
401,24:05,"No! I'm gonna get up there
 and read the Bible at the...","앞에 나가서
성경은 읽을 수 있어"
402,24:07,"[Neil] You'll get ordained. Oh, yeah!",그렇지!
403,24:08,"Now, it might not have been on my radar
nor my bucket list...","주례는 제 관심사도
버킷 리스트도 아니었지만"
404,24:13,"but, girl, what is the T?",사실 좀 기가 막히네요
405,24:14,"Why has it taken folks so long
to ask me to officiate their wedding?","왜 주례를 부탁하는 말을
이제서야 들었을까요?"
406,24:19,You guys are very special to me.,너희는 특별한 친구고
407,24:21,"Y'all have done, not only a lot for me,
but for my dance company.","나뿐 아니라 우리 학원에도
큰 도움을 줬어"
408,24:23,Yeah.,그렇지
409,24:24,"I feel like y'all really are
a part of our group,",가족 같은 사이라고 생각해
410,24:26,"and I love that we've become
very close friends,",정말 친한 친구가 돼서 기뻐
411,24:28,"-so I would be honored...
-[Robbie] Oh, my God!","- 그러니까 주례 요청을
- 어떡해"
412,24:30,"-...to be the prime minister...
-Oh, yes! Yes.","영광스럽게 수락할게 근데 난 화끈한
금발 여목사가 될 거야"
413,24:33,"No, wait. I'll be the hot, blonde
mistress... minister-ess.","근데 난 화끈한
금발 여목사가 될 거야"
414,24:37,Ministress. Ministress.,"- 여목사
- 여목사"
415,24:39,"I don't like ""mistress"",
that sounds dirty.",'요부'는 천박해서 싫어
416,24:40,"-[Neil] No. Ministress.
-Ministress.","- 여목사지
- 여목사"
417,24:42,"-Yeah.
-So we're going to do our photos","- 그래
- 사진 촬영을 할 거야"
418,24:44,"along with Alyssa Edwards
and some eye candy.",알리사를 비롯한 예쁜이들과
419,24:46,"-I need a pink Bible case.
-[Robbie] Oh, absolutely.","- 핑크 성경 커버를 사야겠다
- 훌륭해"
420,24:48,I'm gonna read and recite.,성경을 봉독한 후 말해야지
421,24:50,"And if anybody has a problem,
don't even speak now, honey,","이의 있는 사람도
그냥 입 다물어요"
422,24:53,"just forever hold your peace,
and go on and rot!","평생 뻥끗하지 말고
무덤까지 갖고 가"
423,24:55,"-Get down, girl!
-[laughing]",사라지라고!
424,25:03,"If a kid that can't point their feet
beats my kid,","재주 없는 애가 우리 애를 이기면 ""미니 정예 팀 오디션"""
425,25:06,I'm gonna really want to know why.,가만히 안 있어요
426,25:07,"Oh, I'm gonna be ratchet.
I'm gonna get ratchet.",그럼 속 터지죠
427,25:09,"They put in the time,
they put in the years here.","우리 애들은
몇 년을 바쳐서 노력했어요"
428,25:12,"So what happens
if your daughter doesn't make it?","떨어지면 가만히 안 있고
어떻게 하려고요?"
429,25:14,"[Tina] She gonna burn
the building down, y'all watch. [Anjie] That's right,
I'm gonna burn it down.","- 학원에 불 지르겠죠
- 맞아요, 불살라버릴 거야"
430,25:17,"Hey, baby,
did you bring the matches, Cody?","성냥 가져왔어요, 코디?"
431,25:20,Shut the hell...,말들도 참...
432,25:22,Shut the hell up!,말 좀 조심해요
433,25:24,I'm just saying.,그냥 하는 말이에요
434,25:28,[Justin] Here we are.,오늘은
435,25:28,"Audition day two. The minis and the
juniors audition today. I feel the energy.","오디션 2일 차, 미니와 주니어의
선발을 앞두고 활기가 느껴져요"
436,25:34,"I feel it.
Here, we got hair bows and sparkles...","느낌이 와요
머리 리본과 장신구..."
437,25:38,and glitter galore!,반짝이 천국이죠
438,25:40,"-Yesterday. it was just tense.
-Yeah.","- 어제는 긴장감이 돌았어
- 네"
439,25:42,"You know, before we post this list,
we just really need to think logically.","명단을 붙이기 전에
논리적으로 생각해야 해"
440,25:45,"What's going to present the very best
of us? So, let's just kind of set it up.","누가 최선의 선택인지
이제 시작하자"
441,25:49,"I'm getting the throne.
I'm getting the throne!",내가 왕좌에 앉을게
442,25:57,Yeah!,그렇지!
443,26:00,Hey!,좋아!
444,26:07,"In a mini category, performance
and cute factor is a really big deal.","미니 부문에서는
귀염성이 큰 비중을 차지해요"
445,26:12,"So I'm looking for kids
who can really ham it up on stage.","무대에서 뻔뻔하게
연기할 아이를 찾죠"
446,26:15,"There's a couple of them that just,
when they go on stage, they're stars,","무대에 서면
스타가 되는 애들이 있어요"
447,26:19,and those kids are what stands out,그런 아이들의 활약이
448,26:21,"and makes our company stand out
at competitions.","대회에 나갔을 때
우리를 돋보이게 하죠"
449,26:23,"[Justin] Yes, go on, JJ! You did that.","그렇지, JJ! 해냈어!"
450,26:30,"Why do you think we should pick you
for the mini company?","너를 미니 팀에 뽑아야 할
이유가 뭘까?"
451,26:32,'Cause I've been working hard,열심히 준비했기 때문이에요
452,26:34,"on my turns, my turns into my press leap,
my leg turns.","회전, 회전에서 도약하기
다리 돌리기까지"
453,26:38,"And... things that you've been
teaching me!","선생님이 가르쳐주신 걸
연습했어요"
454,26:40,Do you win a lot?,넌 1등을 많이 하니?
455,26:41,"Yes, I do. A lot.","네, 많이 해요"
456,26:44,"Competitive dance, it's winning.",대회 댄스의 목표는 승리죠
457,26:46,It's all about winning and being the best.,"이기고 최고로 등극하는 게
목표예요"
458,26:48,You want to be the best of the best.,최고 중의 최고가 되어야 하죠
459,26:51,"Second place is for losers.
We want first place or not at all.","2위도 패배자예요
1위가 아니면 무의미하죠"
460,26:55,"[Ainsley]
I've swept many people off the floor when I'm dancing on the competition.","저는 대회에 나가서
춤으로 많은 사람들을 물리쳤어요"
461,27:01,"I have about 1,500 trophies
in my mom's bedroom.","엄마 방에 제가 딴 트로피가
1,500개 있어서"
462,27:07,"My dad barely can sleep
'cause of all of them shining on him.","아빠는 잠이 잘 안 온대요
너무 번쩍거리거든요"
463,27:16,"[Leigha] Every time I dance,
I just open a new world,","춤을 출 때마다
새로운 세상이 열려요"
464,27:18,"and, I don't know,
it just makes me feel free.","잘은 몰라도
자유로운 느낌이 들어요"
465,27:23,"[Justin] Leigha, explain to Marcella, who doesn't really know you,
what you've gone through.","레아, 너를 잘 모르는
마셀라 선생님께 소개 부탁해"
466,27:27,"Well, I was born with spina bifida,","저는 척추 갈림증을 갖고
태어났어요"
467,27:30,"which was, like,
 I had a tethered spinal cord,",척수견인증후군이란 병이죠
468,27:32,"but then I've had, like,
over probably 50 surgeries.",하지만 50번의 수술을 받았어요
469,27:36,"She's worked really, really, really hard
to come back from the surgery","레아는 뼈아픈 노력을 통해
수술에서 회복했어요"
470,27:40,"and I hope that you'll see
that we're not...",그건 좀 알아주시면 좋겠어요
471,27:42,"She's not guaranteed ""next time"" because we don't know
what's going to happen.","레아에겐 '다음번'이 없어요
앞날을 모르거든요"
472,27:49,"I want you to know, for me, personally,",내 개인적인 얘기를 하자면
473,27:51,that you are an inspiration to me.,너는 내게 감동을 줬어
474,27:54,"-Thank you.
-[Justin] Thank you.","- 고맙습니다
- 고마워"
475,27:56,"-Go on, girl.
-[Leigha] Bye.","가봐, 레아 안녕히 계세요"
476,27:59,"I think this little girl teaches you
to not take anything for granted.","감사하면서 살아야 한다는 걸
저 아이를 통해 깨달았어요"
477,28:05,"[Athena] I want to be a dancer
and an artist.",저는 댄서와 예술가가 꿈이에요
478,28:08,"I started, like... a few months ago.",시작한 건 몇 달 전이에요
479,28:12,"It's fun that you can just be yourself
and do... what you want to do.","내 모습 그대로
원하는 걸 하니까 재미있어요"
480,28:16,Don't tell people what they can't do.,"남들한테 안 된다는 말은
하지 마세요"
481,28:20,"[Justin] Athena, the time has come...","아시나, 때가 왔어"
482,28:23,"for you to perform and shine
like you've never shined before. Can you do it?","지금껏 본 적 없는
빛나는 모습을 보여줘, 준비됐지?"
483,28:29,Go for it!,보여줘!
484,28:53,"[Justin] For me, here at Beyond Belief, it's not always just about
great technique.","비욘드 빌리프가 찾는 건
뛰어난 기교가 아니에요"
485,28:57,"It's about character.
It's about confidence.",개성과 자신감을 봅니다
486,29:01,"Athena don't possess
any kind of technical quality,","아시나에게 기교적인
우수성은 없어요"
487,29:05,"but what she has is a gift
of being a performer.","하지만 공연 예술가의
재능을 타고났죠"
488,29:10,"Athena, come here, give me two high-fives!
Y'all give her a hand.","아시나, 하이파이브 하자
모두들 박수!"
489,29:12,"-Oh, Athena!
-Good job!","- 아시나!
- 대단해"
490,29:14,"-I don't know if your technique was there.
-She gets the ""work the crowd"" award.","- 네 기교는 모르겠지만
- '관객상'은 확보했어요"
491,29:17,"But you gave me performance, okay? [Dawn] The ""work the crowd"" award
goes to Athena.","- 환상적인 공연이었어
- '관객상'의 주인공은 아시나예요"
492,29:21,"And that's what I like. What was you
feeling when you were creating all that?","그래서 좋았어, 무슨 생각을 하며
안무를 창작했니?"
493,29:25,"It just gets inside my body
and it tells me what this girl's thinking.","내 몸 안에 들어온 무언가가
소녀의 생각을 보여주라고 했어요"
494,29:31,Who taught you that?,그런 건 누구한테 배웠어?
495,29:34,I just know it from my class.,학교에서 알게 됐어요
496,29:36,"They, like, teach us little things
about history,",역사 같은 것도 배우고
497,29:38,"and what is this song about,
what is this thing about?",노래와 사물에 대해서 배워요
498,29:41,[high-pitched] Athena!,아시나!
499,29:44,"That was good, huh?",굉장했지?
500,29:49,[Justin] Okay. Thank you.,"좋아, 고마워"
501,29:51,You got to focus to get the pocus.,마음을 모아야 마음을 얻죠
502,29:55,Yeah!,짱!
503,29:58,"I think that we can, um...
let's just call it a night tonight.",오늘은 여기까지 할게
504,30:01,"And, uh, let's kick this season off
with a bang.",시즌을 멋지게 시작해 보자
505,30:03,"-I'm excited.
-Thank you, Marcella.","- 기대돼요
- 고마워, 마셀라"
506,30:05,"Thank you, Dawn, for everything.
Thank you for always...","돈도 고생 많았어요
항상 고마워요"
507,30:08,"I sometimes feel like I wake up
in the middle of the night. ""Dawn!","가끔 한밤중에 깨서
외치고 싶어요, '돈!'"
508,30:11,"Where's the updated? Find it, Dawn!""","'어떻게 진행되고 있어요!
찾아봐요, 돈!'"
509,30:14,[Dawn] I hear that voice too when I sleep.,"- 저도 자다가 그런 소리 들어요
- 저도요"
510,30:18,"♪ No T, no shade ♪ ♪ No T, no shade
Girl, I'm gagging ♪","""메스키트"""
511,30:28,"[Robbie] We gotta do the shoot
for the wedding website.",결혼식 사이트용 사진을 찍어야 해
512,30:30,"Get Sanel ready so we can get
some of the singular shots","사넬 단독 촬영 준비시켜 ""로비: 디자이너"""
513,30:33,of Sanel in his underwear and stuff.,속옷 입고 찍을 거야
514,30:36,"[woman] We're gonna need to oil you up
really quick, though.",기름만 빨리 바를게요
515,30:43,[woman] Love it!,좋아요
516,30:44,"[Justin]
So I'm gonna, um, redo my foundation.",파운데이션 다시 발라야겠어
517,30:46,"-Your foundation?
-Yes.","- 파운데이션?
- 응"
518,30:48,"I mean, not that I really need
a whole lot of it, it's just...",두껍게 바를 건 없어
519,30:51,"Go like this, baby. Go like this.",이렇게 해봐
520,30:53,Touch all that.,완벽하지
521,30:55,"All that, honey.
You know what that's called? You know what that's called?","완벽해
이거 이름이 뭔지 알아?"
522,30:58,"-What?
-Money.","- 뭐예요?
- 돈"
523,30:59,"-Money!
-[all laughing]",돈!
524,31:02,"-[clicking]
-[woman] That's cute. Maybe point it up next,
like diagonal. Yeah.","귀여워요, 위로 들어볼까요?
사선 방향으로, 그렇죠"
525,31:07,"[Neil] What's up with your love life
right now, girl?",요즘 연애 생활은 어때?
526,31:09,"-Oh, so, ya'll want to do that?
-[Neil] Yes! We gotta get the personal.","- 어떻게 해주려고?
- 당연히 그래야지"
527,31:11,"-Okay, so y'all want--
-Give us the T. What's the T?","- 너희가 해준단 말이지?
- 사실대로 털어놔"
528,31:14,"So, y'all want to come over here
and, you know, put Baby in the corner?","나한테 애인이라도
안겨주려는 거야?"
529,31:17,"-[Neil] Yes, we're all family, girl.
-Yes, well, you know, um...","- 그래, 다 가족이잖아
- 그런 셈이지 ""닐: 디자이너"""
530,31:21,How is she doing now?,알리사 상태는 어때?
531,31:25,I am...,나는...
532,31:26,"-Um...
-On the market?",구하는 중?
533,31:29,I'm on the... I'm...,그러니까 난...
534,31:31,"Oh, I can't even get it out!",어쩜 말도 안 나와
535,31:34,I got so flustered!,혀가 꼬이네
536,31:36,"-You made me so nervous!
-Hot and bothered, right?","- 나 긴장했나 봐
- 아찔한 기분인가?"
537,31:38,"-All this wedding talk makes me excited.
-Mm-hmm?",결혼 얘기를 하니까 흥분돼
538,31:41,"I told myself
I want to dive more into my work",일에 더 매달리기로 다짐했어
539,31:43,and more into building this empire and...,완전히 자리를 잡아야지
540,31:47,focusing on... the studio...,스튜디오에만 집중할 거야
541,31:51,"and, you know, very much a...
a career gal.",전문직 여성으로 성공하고 싶어
542,31:54,"-[Neil] Yes.
-And, you know...","- 그렇구나
- 그래서"
543,31:55,"it's always been put first, and I think
that's honestly why I am single.","스튜디오가 우선이라서
아무도 못 만난다고 생각해"
544,31:59,"Gosh, I love my friends.",전 친구들을 사랑해요
545,32:01,"And they're like, ""Justin, at some point,","걔들은 그러죠
'저스틴, 때가 되면'"
546,32:04,"between dance, drag, friends,
and some kind of love life,","'댄스, 드래그, 친구
그리고 연애까지'"
547,32:10,"you're going to have to have
a healthy balance.""","'바람직한 균형을 찾는
날이 올 거야'"
548,32:13,"I don't even try to use that word,
""balance"".","저는 '균형'이란 단어 자체를
쓰지 않아요"
549,32:16,"For what? You know what I mean?
What's a balance?","그게 뭔데요?
균형이 뭐냐고요"
550,32:18,What's a healthy balance?,바람직한 균형이 뭐죠?
551,32:19,"I don't even know
if my pH balance is right!",제 체성분 균형도 몰라요
552,32:24,"-[Neil] Tokyo!
-[man] This looks awesome.","- 도쿄!
- 끝내주네"
553,32:26,[Neil] Are you ready for your debut?,데뷔 촬영할 준비 됐어?
554,32:31,"This is giving me very, like...",이렇게 하니까 왠지
555,32:34,"old school Alyssa, honey, back in the day
when she was beat for the pageants.","미인대회에서 깨지던 시절의
원조 알리사로 돌아간 것 같아"
556,32:40,"I think I was... yeah, 19.",19살이었을 거예요
557,32:42,"I stumbled into a drag show
in the Rose Room Theatre.","우연히 로즈 룸 극장의
드래그 공연에 갔죠"
558,32:46,"And there was a poster
and it said, ""Open talent night,","포스터가 붙어있었는데
'일반인 콘테스트'"
559,32:50,"new drag performers.""",'신예 드래그 공연가 모집'
560,32:55,This is it.,이거구나
561,32:56,This is...,이게 바로
562,32:58,I'm doing it.,내 미래야
563,32:59,Are you ready for your close-up?,클로즈업 찍을 준비 됐지?
564,33:02,"-There you go.
-Titty one and titty two.","- 여기 있어
- 찌찌 하나, 찌찌 둘"
565,33:05,"Costume, Lady Titty-taca.",티티 타카 부인의 복장이지
566,33:07,"I went up on stage that night,",그날 밤 무대에 올라갔어요
567,33:09,no wig!,가발도 없었죠
568,33:10,"I swooped my platinum blond hair over,","내 밝은 금발 머리를
옆으로 넘기고"
569,33:12,"put my sister's butterfly clips up in,",누이의 나비 핀을 꽂고
570,33:15,an old leotard...,낡은 무용복을 입고
571,33:17,"And I won. The lady asked me, the emcee,
""What is your drag name?""","우승했어요, 진행자가 물었죠
'드래그 이름이 뭐예요?'"
572,33:21,"""Well, I haven't really thought it
out yet. I'm still working on it.""","'아직 생각 안 해봤어요
고민 중입니다'"
573,33:24,"""What... Baby, what do you want me to
call you tonight, then?"" I said, ""Alyssa.""",'네? 그럼 지금은 뭐라고 부르죠?' '알리사로 불러주세요'
574,33:29,"""Alyssa? You want your drag name
to be Alyssa?","'드래그 이름을
알리사로 지을 건가요?'"
575,33:32,"I said, ""Alyssa, yeah.""","'네, 알리사요'"
576,33:33,"It's the first letter of the alphabet
and I loved Alyssa Milano.","'알파벳 첫 글자로 시작하고
알리사 밀라노를 좋아해요'"
577,33:36,She's my hero.,'제 우상이죠'
578,33:37,Here I am.,그게 저예요
579,33:39,Who would ever imagine?,누가 상상이나 했나요?
580,33:40,Teleport me to Mars!,화성으로 텔레포트 시켜줘
581,33:43,Yes!,완벽해!
582,33:44,[Robbie] Yes.,좋아
583,33:46,"Oh, girl, I knew. I always knew.",난 원래 알고 있었어요
584,33:49,"Take a good look at all this
 and soak it in!",이 모습을 잘 기억해 둬요
585,33:55,"I'd like to describe myself
like Bruce Wayne.","내가 생각하는 나는
브루스 웨인이에요"
586,33:59,"During the day, I'm a business owner,
I'm an entrepreneur.","낮에는 사업체를 소유한
사업가예요"
587,34:02,"I am a teacher, a leader and a mentor.","선생이자 지도자, 멘토죠"
588,34:04,"And, by night,
I slap this wig on, glue her down,","그리고 밤이 되면
가발을 쓰고 속눈썹을 붙여요"
589,34:08,and it's like... my cape.,저만의 배트맨 망토죠
590,34:11,"And that's what I've trained
these kids to do",아이들에게도 그런 걸 가르쳐요
591,34:14,"You glue the lashes on
when you're running to the backstage.","무대 뒤로 달려가
속눈썹을 붙여"
592,34:17,You say your prayers as you're walking on.,걸어 나오면서 기도해
593,34:20,"And when that music turns on,
you let your star shine.","그리고 음악이 시작되면
별처럼 빛나면 돼"
594,34:26,"You guys, we're going to do
regular class today.","오늘은 평상시처럼
수업을 할 거야"
595,34:30,"as we're getting ready to make a decision
about the elite company...","그 사이에
정예 팀 합격자를 결정할게"
596,34:32,"We're getting close, okay?",거의 끝나 가
597,34:34,"How many of you feel like
you're already stressed out? Okay.","벌써부터 스트레스받지?
이해해"
598,34:38,"The thing is, it is a lot.",이게 쉽지 않은 일이야
599,34:40,"If you can make it through this time,
it's like your training camp...","이번에 합격하면
훈련생이 되는 거예요"
600,34:45,"for what lies ahead
in the world outside of this.","바깥세상으로 나갈
훈련소에 입소하는 거죠"
601,34:48,The one thing that I'm most proud of,사회의 주역이 될
602,34:49,"is that these lives
that I've had the opportunity to touch...","아이들의 인생에
저도 동참할 수 있어서"
603,34:53,are assets to society.,가장 큰 긍지를 느껴요
604,34:55,"We post the list at the end of this week,
okay?","명단은 주말에 공개해, 알겠지?"
605,34:57,"All right, let's start warming up, okay?
All right.",그럼 준비 운동부터 하자
606,35:22,"[man] Girl, 9.30! 9:30. We gotta punch it! [Alyssa] Okay, we're ready.","- 9시 반이야, 가야지
- 그래, 가자"
607,35:26,"They always say
there's a first for everything.",모든 일에는 처음이 있다고 하죠
608,35:29,"And I guess I'm going to lose
my wedding virginity tonight","전 오늘 밤 결혼식의
처녀 딱지를 뗄 거예요"
609,35:32,"because Robbie and Neil
will be getting married,",로비와 닐이 결혼을 하거든요
610,35:35,"and not only will
they be getting married...",두 사람의 결혼식인 동시에
611,35:38,"but I will be on full display,",저의 멋진 쇼도 보여줄 거예요
612,35:40,"as I have three wardrobe changes,",3번이나 옷을 갈아입고
613,35:43,"wig changes,",가발을 바꾸고
614,35:44,"and stunts and shows up my sleeve,
and skirt and in my purse. Just as well.","제 소매와 치마와 핸드백을
자랑할 시간이죠"
615,35:50,[man gasps] Oh. Here we go. You ready?,"시작이야, 준비됐어?"
616,36:00,[man] This is the fantasy.,이건 환상이야
617,36:06,"[Alyssa] I never thought
that I would be in full drag,","상상도 못 했어요
드래그 복장을 완벽히 갖추고"
618,36:10,holding a holy rhinestone Bible...,보석 치장한 성경을 들고
619,36:14,marrying two men.,두 남자의 주례를 서다니
620,36:16,"And what a wonderful world we live in
where now we have that opportunity.","이런 게 가능한 세상이라니
얼마나 근사한가요?"
621,36:26,"This really is a real wedding, by the way.",참고로 이거 진짜 결혼식이에요
622,36:31,"See y'all done [bleep] up
'cause I got ordained.","나한테 주례 자격이 있다니
기절초풍하겠죠?"
623,36:36,"Dearly beloved,",친애하는 여러분
624,36:38,we are gathered here today to join,이 자리에 모인 여러분은
625,36:41,Robbie and Neil in holy...,로비와 닐의 성스러운
626,36:44,gay matrimony.,게이 결혼식의 증인입니다
627,36:49,"And it is not to be entered lightly,
but reverently,","가볍게 생각하지 마십시오
경건한 마음과"
628,36:53,"passionately,",열정
629,36:55,lovingly and solemnly.,사랑과 진지함을 보여주세요
630,36:58,And if there is any person...,혹시 이 자리에 온
631,37:01,or beast in the building...,사람이나 짐승 중에
632,37:05,"that has a problem with these two
getting married tonight...","두 사람의 결혼에
이의가 있는 자는"
633,37:09,"let them speak up now
or forever shut your mouth.",지금 말하거나 영원히 침묵하세요
634,37:16,"All right, so continue on.",없으면 계속할게요
635,37:19,And you know the rest.,나머지는 네가 알지?
636,37:21,"I want to say I love you and I can't wait
to spend the rest of my life with you.","너를 사랑하고
남은 생을 함께하고 싶어"
637,37:25,"Neil is the strength
to all of my weaknesses. [crowd] Aw.","닐은 나의 모든 단점을
메워주는 힘이야"
638,37:30,"I love you...
and you're my everything.","사랑해, 너는 나의 전부야"
639,37:38,"-So, we got the rings?
-Yes.","- 그럼 반지 준비됐나요?
- 네"
640,37:41,"Do you, Neil, take this man...","닐, 이 남자를"
641,37:45,to be your...,당신의
642,37:47,"Is it ""awfully wedded""?",'평생의 진상'으로 받아들입니까?
643,37:49,"[laughing]
She said, ""Awfully wedded wife!""",'평생의 진상'이래
644,37:51,Lawfully wedded.,'평생의 짝'이지
645,37:52,Lawfully?,짝?
646,37:56,"Do you, Neil...",닐은
647,37:58,take this man to be your husband,이 남자를 남편으로 맞아
648,38:02,'til death do us part?,죽을 때까지 함께하겠습니까?
649,38:03,"-I do.
-And do you, Robbie...","- 네
- 그렇다면 로비는"
650,38:07,take this man to be your husband...,이 남자를 남편으로 맞아
651,38:11,for the rest of your life?,여생을 함께하겠습니까?
652,38:13,I do!,물론이죠
653,38:15,By the power vested in me...,텍사스주와 메스키트시에서
654,38:18,"by the city of Mesquite
and the state of Texas,",위임한 권한을 받아들여
655,38:22,"I, Alyssa Edwards, now pronounce you two","나 알리사 에드워즈는
이 두 사람을"
656,38:25,"man and man,",남편과 남편
657,38:27,"husband and husband,
for the rest of your lives.","신랑과 신랑으로
평생 맺어주겠습니다"
658,38:30,You are now married!,이제 두 사람은 부부입니다!
659,38:37,"You guys, give them a round of applause!","여러분, 큰 박수 부탁해요"
660,38:45,Thank you. Thank you.,고맙습니다
661,38:48,"-[man] I have seen everything now.
-[Alyssa] Thank you!","- 이제 볼 건 다 봤네
- 고마워요"
662,39:03,"[Alyssa] Everybody say ""Yeah!""",다 같이 소리 질러!
663,39:09,"I'm looking at Robbie and Neil
and it crosses my mind...","로비와 닐을 보면서
그런 생각이 들었어요"
664,39:13,what would it be like if I had...,혹시 저 자리에 나와...
665,39:16,"you know, a Prince Charming by my side?","꿈속의 왕자님이
같이 있었다면 어땠을까?"
666,39:20,He'd be a lovely accessory.,사랑스러운 장신구가 될 텐데
667,39:22,"We're gonna let
the mothers say something.",엄마들의 말씀을 들어볼게요
668,39:25,"I'm so happy! I just want
to welcome Neil into the family.","정말 행복해요
닐이 가족이 된 걸 환영합니다"
669,39:29,"I want to welcome Robbie to our family
as well, and we love you both very much.","로비도 우리 가족이 돼서 기뻐요
두 사람을 진심으로 사랑해요"
670,39:33,"I know Prince Charming's out there
for me somewhere.","어딘가 저만의 왕자님이
있을 거예요"
671,39:36,"I just don't have the time
to be kissing a hundred damn toads!","두꺼비 100마리에
뽀뽀할 시간이 없을 뿐이죠"
672,39:39,"So I'm gonna need him
to come rolling up to my front door and ring my doorbell.","그러니까 그 남자가 우리 집에
찾아와 벨을 누르면 좋겠어요"
673,39:44,"And if he don't, why,
I guess I'll get on Christian Mingle.","소식 없으면
크리스천 밍글에 가입해야죠"
674,39:53,"[announcer] Ladies and gentlemen,
give it up for Alyssa Edwards.","신사 숙녀 여러분
알리사 에드워즈를 소개합니다"
675,40:04,Can you all feel the love tonight?,"자리에서 일어나!
오늘 밤을 즐겨!"
676,41:47,"I love you, guys.","사랑해, 둘 다"
677,41:49,"We love you, girl.",우리도 사랑해
678,42:17,"[woman] That's you, not me!","누구 얘기야, 난 아니에요!"
679,42:19,"Cheers, ladies!",건배해요!
680,42:20,"-Cheers!
-Whoo!",건배!
681,42:22,"[Dawn] If your kid doesn't make
the elite travel team,",아이가 정예 팀에 뽑히지 못하면
682,42:24,"are you going to take them
somewhere else?",아이가 정예 팀에 뽑히지 못하면 학원 옮길 거예요?
683,42:26,"I would never be able
to do that to my daughter. Ever.","""제이미: 애실린 엄마"" 그럴 수는 없어요"
684,42:29,"I'd never be able to take her
to a different studio, with people I don't know.","누가 하는지도 모르는 학원에
보낼 순 없어요"
685,42:31,"I had a hard enough time coming here
five years ago to do that.","5년 전에 여기 오는 것도
얼마나 힘들었는데"
686,42:34,"[Dawn] The bottom line is, though,
if you all want a successful team...","하지만 좋은 팀을 만드는 건
모두가 원하는 일이죠"
687,42:39,"it's better to come together,",다들 마음을 모아서
688,42:41,"support whoever makes the team,",누가 뽑히든 응원하기로 해요
689,42:43,"no sour grapes
if your kid doesn't make it.","우리 애가 안 됐다고
시샘하지 말고"
690,42:48,All you children...,어린이 여러분
691,42:51,get your popcorn all popped,팝콘 준비하시고
692,42:52,"and have all your good Judies
sitting right next to you,",베프를 옆에 앉히세요
693,42:56,"because the list
is going to be jaw-dropping",기가 막히고 코가 막히는 명단이
694,43:00,and shocking.,공개될 거예요
695,43:02,"If you don't like it, don't order it,",마음에 안 들면 주문하지 마세요
696,43:05,"'cause the menu
has been served on display.","우리는 메뉴에 있는 그대로
서빙하거든요"
697,43:18,"[Justin] Okay, this is it.",결정 끝났어요
698,43:20,I'm going to post these names.,명단을 붙일 거예요
699,43:26,"As a mom, we all want our kids
to have these opportunities and...","엄마 입장에서는
두 아이 모두 기회를 주고 싶죠"
700,43:31,I'm... shaking.,떨려요
701,43:33,"I'm nervous, thinking, ""What if one sister
makes it and one sister doesn't?""","누군 붙고 누군 떨어지면 어쩌나
걱정이 커요"
702,43:36,And my heart's pounding.,심장도 두근거리죠
703,43:38,"Yeah, I just really, kind of, don't know,
but I'm kind of freaking out.",왠지는 몰라도 식은땀이 나요
704,43:41,"[Justin]
I want you, at all times, to remember...",반드시 명심해주길 바라
705,43:44,"the importance of your work ethic,",중요한 건 너희들의 마음가짐과
706,43:48,of your drive...,의욕
707,43:49,"and the love of nurturing your passion
truly beyond belief, okay?","열정을 키워나가는 애정으로
놀라운 결과를 얻는다는 점이야"
708,43:54,"My realistic self... puts, like,
me in the situation of, like,","제가 팀 안에서
어떤 위치에 있는지"
709,43:59,where am I actually on the team?,확실히 알고 있어요
710,44:01,"Who's actually, like,
auditioning for the team?",어떤 아이들이 오디션을 봤고
711,44:04,Who are Justin's favorites?,저스틴의 애제자는 누구일까요?
712,44:06,Not me.,전 아니에요
713,44:07,"So it's extreme stress,",스트레스가 극심해요
714,44:10,but I know I need to be here.,하지만 전 여기 있어야만 해요
715,44:12,"Like, this is what I'm meant to do.",댄스는 제 운명이거든요
716,44:14,Here we go.,공개할게
717,44:16,"-Where's Marcella?
-[Marcella] In here.","- 마셀라 어디 있어?
- 여기요"
718,44:18,Do you want to come do this for me,나 대신 붙여줄래?
719,44:19,"so I can go get in my car before I get...
beat up?","얻어맞기 전에
차로 피신해야겠어"
720,44:22,"Okay, all the kids, turn around. Go.
Turn around.","얘들아, 전부 돌아앉자
뒤로 돌아"
721,44:25,"Parents, turn around, just turn around.",부모님도 전부 뒤로 돌아요
722,44:33,"And look, kids.
Listen while I'm talking. Just listen.",그 자리에서 내 얘기 잘 들어
723,44:36,This-- These opportunities are so huge.,너희에게 엄청난 기회가 올 거야
