,Time,Subtitle,Translation
0,51s,"What's up, San Antonio?","안녕하세요
샌안토니오 관객 여러분"
1,58s,"Oh, I'm so excited to be here!
Thank you, guys, for coming out.",여기 오니 너무 좋네요 와 주셔서 감사합니다
2,1:02,I love San Antonio. I got here last night.,"전 샌안토니오가 좋아요 어젯밤에 도착해서
한 여성에게 물었죠"
3,1:05,"And I asked this chick,
""What do you guys do here for fun?""","어젯밤에 도착해서
한 여성에게 물었죠 '여기선 뭘 하고 놀죠?'"
4,1:07,"And she's like...
[slurs] ""I'll tell you what to do.""","그 사람이 대답하길
'뭘 할지 말해줄게요'"
5,1:11,"[slurs] ""You're gonna drink,",'신나게 마시고'
6,1:14,"you're gonna get plastered,",'진탕이 되도록 취해서'
7,1:16,"you're gonna end the night
with Five Guys.""","'다섯 남자와 함께
밤을 마치는 거예요'"
8,1:23,"I had no idea
Five Guys was a burger place.","그땐 '다섯 남자'가
햄버거집 이름인 줄 몰랐어요"
9,1:36,"I'm like, ""Wow, you must be popular!""",'인기가 많으신가 봐요'
10,1:39,"""I'll start with one.""",'전 한 명이면 족해요'
11,1:42,"My idea of a threesome
is me with a pint of Ben & Jerry's.","저에게 '스리섬'이란
두 남자 이름 딴 아이스크림을"
12,1:44,I don't know what we're doing.,정신없이 퍼먹는 거예요
13,1:47,"It's so good to be here. I've been
traveling non-stop for over a year.","여기 오니 좋네요 최근 1년 넘게
투어를 했거든요"
14,1:51,"And I've seen all of the country, and wow!",전국 방방곡곡을 돌아다녔죠
15,1:55,"I was recently in North Carolina
and I went into this bar,","최근 노스캐롤라이나의
술집에 들어가서"
16,1:58,"and I asked the bartender
for an Old Fashioned.","바텐더에게 옛날 풍으로
뭐든지 달라고 했더니"
17,2:01,"So he took away my voting rights.
I was like, ""Whoa, that's...""",제 투표권을 박탈하더군요 엄청 놀랐지 뭐예요
18,2:09,I'm kidding. I'm Latina. I don't vote.,"농담이에요
전 라틴계라 투표 안 해요"
19,2:13,We don't vote! We don't vote!,"저희는 투표 같은 거
안 하거든요"
20,2:18,"Not unless it's American Idol
or The Voice, right? We don't do it!","'아메리칸 아이돌'이나
'보이스'라면 또 몰라도요"
21,2:22,We don't do it.,투표는 안 하죠
22,2:26,"I'm kidding. I love to vote. I do it,
like, five, six times in an election.","농담이에요, 저 투표 좋아요 선거 한 번 열리면
대여섯 번씩 투표해요"
23,2:29,I love it that much.,그 정도로 투표를 좋아하죠
24,2:34,"Am I the only one
that just got tired of the election?","선거 얘기에 지친 사람이
저 한 명뿐인가요?"
25,2:39,The election we've had...,이번 선거는 정말이지
26,2:43,"24 hours a day, seven days a week.","모두가 하루 24시간
날마다 그 얘기뿐이죠"
27,2:46,I'm done. And you know what pissed me off?,"이제 질렸어요 진짜 열 받을 때는
이런 말을 들을 때예요"
28,2:48,"When I started hearing people say, ""We
need to go back to the good old days.","진짜 열 받을 때는
이런 말을 들을 때예요 '그때 그 시절로
돌아가야 하는데'"
29,2:53,"We need to go back to the good old days.""","'그때 그 시절은
정말 좋았는데'"
30,2:55,"You ever notice
it's only white people saying that shit?","그런 말 하는 사람은
꼭 백인인 거 아세요?"
31,3:00,"Brown people,
when was our good old days, right?","유색인종들의
그때 그 시절은 언제죠?"
32,3:06,"If it was really the good old days,",정말 그 시절이 좋았다면
33,3:08,"why don't you ever see black people
doing Civil War re-enactments, right?","왜 남북전쟁 당시를
재현하는 흑인들이 없죠?"
34,3:11,"-You never see that!
-[laughter]",한 번도 못 봤잖아요
35,3:13,Never see that conversation.,이런 대화도 마찬가지고요
36,3:15,"""Hey, Lamar,
what are you doing this weekend?""","'이봐, 라마르
주말에 뭐 할 거야?'"
37,3:18,"""I'm gonna go to my neighbor's house,
I'm gonna cook and clean for free.""","'이웃집에 가서 공짜로
요리하고 청소도 해주려고'"
38,3:23,"""You know, like the good old days.""",'그때 그 시절처럼 말이야'
39,3:34,I'm Latina. When was our good old days?,"우리 라틴계에게
그때 그 시절은 언제죠?"
40,3:36,"When JLo became Selena?
That's what we get?","제니퍼 로페즈가
셀레나 전기영화 나왔을 때?"
41,3:39,"That's what we get? Okay!
That's what we get.",그거면 되나요? 알겠어요 그게 다군요
42,3:43,Selena.,셀레나
43,3:50,For those of you that don't know Selena...,"셀레나가 누군지
모르시는 분들 계시죠?"
44,3:54,"Selena is the closest thing Latinos have
to a superhero.","셀레나는 라틴계 사람들의
영웅과도 같았어요"
45,4:00,She is a Mexican-American singer.,멕시코계 미국인 가수로
46,4:02,"She died over 20 years ago and we still
talk about what she could've done.","죽은 지 20년이 넘었죠 우린 아직도
셀레나 얘기를 해요"
47,4:05,"""Oh, if Selena was still here... Oh-ho-ho!","'셀레나가 아직
살아 있었다면'"
48,4:12,"Trump would build a wall,
she would knock it down with her voice!""","'트럼프가 벽을 세워도
목소리로 무너뜨렸을 텐데'"
49,4:18,Down! Down! Down! Down!,허물어져라 전부 다
50,4:21,Down!,허물어져
51,4:34,"We shouldn't laugh, guys.
Trump's gonna build a wall.","웃을 일이 아니에요
트럼프는 정말 그럴 거라고요"
52,4:38,"He is! Shut up! He is!
He's gonna build a wall.","진짜예요 조용히 하세요
분명 벽을 세운다니까요"
53,4:42,"All the way to California. You know
what's after California? The ocean.","캘리포니아까지요 캘리포니아 다음은 뭘까요?
바다가 있죠"
54,4:46,Fuck it. We'll swim. I don't care.,"수영해서 건너죠, 뭐
그까짓 거"
55,4:50,Build a wall!,벽을 세우다니
56,4:53,"Does he know if he builds a wall, all he's
doing is making us amazing athletes?",트럼프가 세워봤자 우리 운동신경만 발달하겠죠
57,4:58,"We gotta run, we gotta climb,
we gotta swim.","달리고 뛰어넘고
수영해야 할 테니까요"
58,5:00,"He's making, like, an immigrant triathlon.","이민자들 모두
3종경기 선수가 되겠네요"
59,5:05,First place is freedom!,1등 상은 자유랍니다
60,5:15,He's gonna build a wall.,벽을 세우겠대요
61,5:17,Doesn't he know we use tunnels now?,"요즘 사람들은
땅굴을 파는 것도 모르나?"
62,5:23,"Build that wall as high as you want,
stupid. We're underground!","세우고 싶음 그러라 해요
지하로 가면 되니까"
63,5:31,We should help them.,"트럼프를 도와줄 겸
파티라도 개최하죠"
64,5:33,"We should do a BYOB party -
bring your own brick,","트럼프를 도와줄 겸
파티라도 개최하죠 '벽돌 지참 파티' 열어서
벽을 쌓아주는 거예요"
65,5:35,"and we just build it, like...","'벽돌 지참 파티' 열어서
벽을 쌓아주는 거예요"
66,5:37,Stupid!,한심한 얘기죠
67,5:44,Did you guys see that dude?,여러분 그거 보셨어요?
68,5:46,"Did you guys see the tunnel Chapo had
when he got arrested?","마약왕 엘 차포가 체포 전에
숨어있던 땅굴 말이에요"
69,5:49,"-That shit looked like a Disneyland ride!
-[laughter]","디즈니랜드 기구처럼
보여야 해요"
70,5:52,"There was lights, a guy selling tickets,
a two-hour wait.","조명과 매표소도 있고
대기시간은 두 시간에다"
71,5:57,There was a Starbucks.,스타벅스도 있어야죠
72,5:59,"""I'll have the Chapo-ccino, I guess.""","그러면 저는 들어가서
차포치노 시킬 거예요"
73,6:15,"Isn't it weird to think
we have a candidate...","그런 대통령 후보가
존재한다는 게 신기하죠"
74,6:19,"that has to tan that's trying to deport
everybody that doesn't have to tan?","자기는 태닝하면서 그럴 필요 없는 사람들을
전부 추방하려 하다니"
75,6:22,"-That's fucked up!
-[laughter]",기막힌 일이에요
76,6:24,"When you think about it,
tanning is such a double standard","생각해보면 태닝이란 건
참 불공평한 거예요"
77,6:27,"because white people can go
and be dark for a week.","백인은 태닝하고
며칠 지내면 그만이지만"
78,6:30,"I can't go anywhere and lighten.
That's bullshit.","제 피부색을 밝게
만들어주는 곳은 없죠"
79,6:34,"I like hearing white girls
talk to their friends.","백인 여자분들
이런 얘기할 때 귀엽죠"
80,6:37,"""Hey, girl, you wanna go tan?
Let's go be ethnic for a week."" [giggles]","'인공 태닝 하러 갈래?
1주일만 소수 민족 돼 보자'"
81,6:42,"""Don't worry, we're still white.""","'걱정하지 마
그래도 백인이야'"
82,6:52,"""Hi, I'm Becky. I have cornrows. Fuck it.""
[giggles]","'안녕, 난 베키야
레게 머리 했어, 감쪽같지'"
83,6:55,I love it!,참 맘에 들어요
84,7:02,"It's a double standard.
White people have tanning booths.","이중잣대지 뭐예요
백인에겐 인공 태닝이 있지만"
85,7:05,"There's no bleaching booth
for me to go to!","저를 인공 표백해주는
곳은 없잖아요"
86,7:07,I would love that!,이러면 좋을 텐데
87,7:08,"Go in, like, ""Hey,
I need to be two shades whiter this week.","'이번 주는 피부색을
두 단계만 밝게 해주세요'"
88,7:11,"I've got a job interview.""",'구직면접 있거든요'
89,7:15,"Oh, shit.",세상에
90,7:17,"Oh, shit. Oh!",맙소사
91,7:24,"I'm sorry. I dropped something.
The truth, right? [laughs]","죄송해요, 제가 진실을
내뱉어서 그러시나요?"
92,7:33,"So weird... What a weird time
we live in politically, you know?","참 이상하죠 정치적으로
참 이상한 시대예요"
93,7:37,"I live in LA.
In California, weed is legal.","제가 사는 LA에서는
대마초가 합법이에요"
94,7:41,"-Yeah!
-Isn't it weird? No, don't.",정말 이상하지 않아요?
95,7:43,"Think about it. How fucked up is that? We
started legalizing weed before immigrants.","생각해보면 참 기막혀요 이민자보다 대마초가
먼저 합법화되다니"
96,7:47,"-How fucked up is that?
-[laughter]",황당하지 않아요?
97,7:50,"We started legalizing weed
before immigrants.","이민자가 대마초보다
못하다뇨"
98,7:52,"When I was a kid,
I was told weed was a drug.","저는 어릴 때 대마초가
마약이라고 들었죠"
99,7:55,"""Don't do it. It'll ruin your life.""",'대마초 피우면 인생 망친다'
100,7:57,"""Don't do it. It'll ruin your life.""","'대마초 피우다
신세 망가진다'"
101,7:59,"Now they're like, ""Ah, we were messing
with you. Go ahead. Get high. Go!""","지금은 이러죠
'농담이었어' '어서 가서
대마초에 취해 봐'"
102,8:04,"-""Ah! Go!""
-[laughter]",'어서'
103,8:07,"""Lupita, watch the kids.
I'm gonna go smoke. Bye!""","'누피타, 애들 좀 봐
한 대 피우고 올게, 안녕'"
104,8:11,"Lupita's like, ""Can I get a green card?""","누피타는 이러겠죠
'영주권 주실 거예요?'"
105,8:13,"""Hell, no! You can get
a pot card, though, right? Huh?""","'그건 절대 안 되고
대신 대마권은 줄게'"
106,8:17,"""Can I get papers?""",'이민 서류는요?'
107,8:19,"""Rolling papers?
Hell, yeah, you can, Lupita!","'대마초 마는 종이라면
얼마든지 가져가, 누피타'"
108,8:24,"San Antonio, I'm home. I'm from Texas.
I'm from South Texas.","고향에 온 기분이네요
저도 텍사스 출신이거든요 남부 텍사스 출신이죠"
109,8:31,Oh! I love it!,정말 좋네요
110,8:41,"I come from a small town.
We had a really big, bad gang problem.","전 작은 마을에서 컸어요
갱단 문제가 심각한 곳이었죠"
111,8:44,"The problem was, we only had one gang.","문제는 마을에
갱단이 하나뿐이었어요"
112,8:48,How do you only have one gang?,'왜 갱단이 하나뿐이지?'
113,8:51,Who are you fighting with? No-one.,'그럼 싸울 상대가 없잖아'
114,8:54,"The gang started tagging walls
in our town,","갱단이 담벼락에
영역 표시도 하고 다녔죠"
115,8:56,"""TCB number one, bitches!""","'음악 그룹은
TCB가 최고야!'"
116,9:00,No-one would argue with them.,아무도 아니라고 못하고
117,9:01,"So the next day it would be like,
""Uh-huh, that's right.""","이런 답글이나 남겼죠
'옳소!' 맙소사"
118,9:07,"After a month, they just had a wall
of positive affirmations on the wall.","한 달 후에는 벽에
동의하는 글이 가득했어요"
119,9:12,"People would say, ""Is that your church?""","사람들은 물었죠
'교우들이 남긴 거예요?'"
120,9:14,"""No, that's our gang.""","'아니요
우리 동네 갱단이 그랬죠'"
121,9:16,"""They're confident. We're proud of them.
They're gonna be big.""",'자신감 넘치는 친구들이에요' '분명 대성할 거예요'
122,9:24,"If you guys don't know what it's like
to grow up with a gang,","잘 모르시는 분들 계실 텐데요 동네에 갱단이 있다는 게
어떤 건지 설명해드리자면"
123,9:28,let me put it in perspective for you.,"동네에 갱단이 있다는 게
어떤 건지 설명해드리자면"
124,9:30,"It's kind of like when there's
a Walmart and a Target near each other.","비유하자면 월마트와 타겟이
가까운 곳에 매장을 내서"
125,9:35,And you gotta pick which one you're with.,"그 하나를
골라야 하는 상황이죠"
126,9:37,"It's all about territories and colors,
you know.","중요한 건 영역이랑
색깔이거든요"
127,9:39,Walmart's blue. Target's red.,월마트는 파란색 타겟은 빨간색
128,9:43,"If you're Walmart,
I don't wanna see a red pullover","월마트인 경우 그 동네에서 빨간색이
눈에 띄었다가는"
129,9:45,"in my neighborhood, bitch,","그 동네에서 빨간색이
눈에 띄었다가는"
130,9:47,"or I will slash you,
like I slash prices up in this bitch!","가격 경쟁할 때처럼
가차 없이 처단하는 거예요"
131,9:50,I don't even care!,거리낄 게 없죠
132,9:58,Walmart for life.,월마트가 아니면 죽음을 달라
133,10:01,I'm kidding. I'm Target.,"농담이에요
전 타겟 단골이에요"
134,10:07,I'm gonna tattoo a bullseye.,로고도 몸에 새기려고요
135,10:11,I grew up poor.,"전 가난하게 컸어요
참 묘한 건 말이죠"
136,10:13,"It's weird, when you're a kid,
you don't know that you're poor,","어린 시절에는 자기가
가난하다는 걸 모르잖아요"
137,10:16,"because you always think
that everyone lives like you.","그저 모두가 자기처럼
사는 줄로만 알죠"
138,10:19,"When I was in fourth grade,
I realized I was poor","전 초등학교 4학년 때
그걸 깨달았어요"
139,10:21,"because I was a really big fan
of New Kids On The Block.","그때 뉴 키즈 온 더 블록의
열렬한 팬이었거든요"
140,10:24,"I loved them, right?",진짜 좋아했어요
141,10:27,"I couldn't afford
to see them in concert, right?","그런데 공연 표를 살
돈이 없었던 거죠"
142,10:30,"So I had this fantasy when I was a kid,
you know, that I was gonna meet them","그래서 이런 환상을
가지곤 했어요 그들을 직접 만나"
143,10:35,"and they were gonna
fall in love with me, right?","멤버 전원과
사랑에 빠져버리는 거예요"
144,10:37,"No joke, you guys.
This was the fantasy. Fourth grade.","농담이 아니고
정말 그걸 꿈꿨어요 4학년 때요"
145,10:42,I was gonna be the maid on their tour bus.,"이 사람들 투어 버스에
하녀로 취직하는 거예요"
146,10:49,And I was gonna clean things so good...,"그리고 모든 걸
완벽하게 청소해서"
147,10:52,that they were gonna fall in love with me!,"모든 멤버가 절
사랑하게 하는 거죠"
148,10:55,"In my head, I thought they were
gonna get on the tour bus and be like,","멤버들이 버스에 올라
이렇게 감탄하는 거예요 '우와, 누가 침대를
이렇게 깔끔하게 정리했지?'"
149,10:59,"""Oh, my God.
Who made that bed right there?""","'우와, 누가 침대를
이렇게 깔끔하게 정리했지?'"
150,11:01,You know what I mean?,아시겠죠?
151,11:02,"-""Oh, my God.""
-[laughter]",맙소사
152,11:05,"""This tour bus is so clean.",투어 버스가 너무나도 깨끗해
153,11:07,Who made that bed right there?,저기 있는 저 침대를
154,11:09,"Who made that bed right there?
Who made that bed right there?""","누가 이렇게
깔끔하게 정리한 걸까"
155,11:13,"-You know?
-[laughter and whooping]",아시겠죠?
156,11:15,"-Like, yes.
-[applause]",맞아요
157,11:18,Yes.,바로 그거죠
158,11:20,"And then I would say, ""I made that bed.""","전 대답하겠죠
'내가 정리한 거예요'"
159,11:23,"And they would be like, ""We love you now.""
And I'm like... [screams]","멤버들은 이럴 테고요
'사랑해요' 그럼 저는..."
160,11:27,"-That was it.
-[laughter]",그걸 꿈꿨죠
161,11:30,I was in fourth grade.,제가 4학년 때요
162,11:34,"Then 20 years later,
I thought about that story,","20년이 지나서
다시 그 생각을 해봤더니"
163,11:36,"I looked back and I was thinking, ""Why
the fuck was I a maid in my own fantasy?""","이런 생각이 들더군요 '왜 환상 속에서
내 직업이 하녀였지?'"
164,11:44,"Like, even in my fantasy,
I can't give Latinos better jobs?","'내 공상 속에서도 라틴계는
왜 그런 일이나 하는 걸까?"
165,11:51,"And then I started thinking about it,
and you know why?",그래서 곰곰이 생각해봤죠 그 이유를 아세요?
166,11:54,"It's because a lot of the women I knew,
that's what they did for a living.","왜냐하면 제 주변의 많은 여성이
정말 그렇게 살았거든요"
167,11:59,"They cooked at restaurants.
They cleaned houses.",식당 주방에서 일하거나 남의 집을 치우면서요
168,12:04,"They came here and had those jobs
to get a better life","미국까지 와서
그런 일을 해야만 했던 건 자식들에게 더 나은 삶을
물려주기 위해서였죠"
169,12:07,"so that their kids
didn't have to do those jobs.","자식들에게 더 나은 삶을
물려주기 위해서였죠"
170,12:10,"And when I understood that, I realized","그걸 이해하자
전 깨닫게 됐어요"
171,12:13,"that as a woman, I wanted to break
that glass ceiling, you know?","여성으로서 그 유리 천장을
깨고 싶다는 걸 말이죠"
172,12:18,Yeah.,그래요
173,12:25,"But as a Mexican, I wanna clean that shit,
too. You know what I mean?","하지만 멕시코계답게
유리는 한번 닦고요 아시겠어요?"
174,12:38,Where's the Fabuloso?,"'패뷸로소 다용도 세제
어디 있지?'"
175,12:51,The purple one!,보라색 제품요
176,12:55,"Bitch, like there's any other kind!","그거 말고 다른 색은
쓸 가치도 없어요"
177,13:05,"I finally got to see the New Kids
when I was 33.","33살 때 드디어
뉴 키즈 온 더 블록을 봤죠"
178,13:09,"They reunited, right?",재결성 투어 때요
179,13:11,"My boyfriend at the time
went to the concert with me","당시 만나던 남자가
공연 때 같이 갔거든요"
180,13:13,because he wanted to see me lose it.,"제가 광분하는 걸
보고 싶었대요"
181,13:15,"He's like, ""Hey, are you gonna be okay?""
I'm like, ""Dude, I'm 33. I got this, bro.""","'자기 정말 괜찮겠어?' '그럼, 나 지금 33살이야'
그랬는데..."
182,13:26,"[screams] ""I love you! I love you!""","사랑해요! 사랑해요, 오빠들!"
183,13:32,"Oh, my...",세상에
184,13:39,"And then within minutes,
I started realizing, ""Oh, my God...","몇 분 지나지 않아
전 놀라운 걸 깨달았어요"
185,13:43,"This is a stadium
full of 30 to 40-year-old women","공연장에는 30대랑
40대 여자들이 가득했죠"
186,13:46,watching these grown-ass men...,"또 무대 위에서는
나이든 남자들이"
187,13:49,"talking about dating chicks
in high school.""","고등학교 때 연애 얘기를
노래하고 있었어요"
188,13:52,"I was like, ""Oh, my God.
They didn't update the songs at all!""","'웬일이니
가사가 옛날 그대로잖아'"
189,14:01,"Because now I'm an adult, right?",전 이제 성인이니까요
190,14:03,"I remember, when I was a kid, I used to
love the song ""You Got The Right Stuff"".","꼬맹이 시절에만 해도
참 좋아하던 노래들인데 'You Got It'
이 곡 아시죠?"
191,14:07,"And I'd love it
because the lyric was like,","저 이 노래 가사
진짜 좋아했었어요"
192,14:09,"""First kiss was a sweet kiss,
second kiss had a twist.""","'첫 번째 키스는
달콤한 키스' '두 번째 키스는
뭔가 달랐지'"
193,14:13,"And I'm like,
""Oh, my God. They're Frenching."" Right?","'어머, 차 앞 좌석에서
키스했나 봐' 그렇죠?"
194,14:17,"But I'm 33 at that point, so I'm like,","하지만 33살에 들으니 '세 번째랑 네 번째 키스?
그냥 그거나 하지'"
195,14:20,"""Third and the fourth kiss,
we're doing it.""","'세 번째랑 네 번째 키스?
그냥 그거나 하지' 그러니까..."
196,14:23,"""Those tickets were expensive, my friend
got a babysitter, you gotta give me more.""","'공연 표도 비싼 데다
보모까지 부르고 외출했는데' '그걸로는 부족해'"
197,14:29,"""You gotta hang tough and give me more.""","'더 그럴듯한 걸
들려달란 말이야'"
198,14:35,"They really should update those songs,
though. I mean...","어쨌든 노래 가사는
정말 바꿨으면 좋겠어요"
199,14:38,"""You Got The Right Stuff"". I'm in my 30s.","조금 전의 그 노래도
30대 취향에 맞춰서"
200,14:41,"The song should speak to me, you know?","이렇게 바꾸면
더 와 닿을 것 같네요"
201,14:44,♪ You got good credit ♪,자기 신용등급 최고야
202,14:47,♪ Baby ♪,베이비
203,14:49,♪ Your FICO score turns me on ♪,"그대의 신용점수는
나를 흥분시키네"
204,14:51,Yeah!,그렇죠?
205,14:54,"You know, it's weird,
in your 30s, you're not old,","이상한 건 말이죠 물론 30대도
늙은 건 아니지만"
206,14:56,"but you realize in your 30s,
every year you start realizing","이 나이가 되면
매년 깨닫는 게 있는데"
207,14:59,"there's one thing every year
you can't really do any more, you know?","나이 때문에 못하는 일이
하나씩 늘어간다는 거죠"
208,15:03,I live in Los Angeles.,전 LA에 살거든요
209,15:04,"I'm at that age where
the only way I can get into a nightclub","제 나이에 그 동네
나이트클럽에 입장하려면"
210,15:08,"is by telling the door guy that
I'm looking for my underage daughter.","문지기한테 미성년자 딸을
찾으러 왔다고 해야 돼요 아시겠어요?"
211,15:13,"But then I have to pretend to look
for the bitch the entire night.","그럼 밤새도록 딸을
찾는 시늉을 해야 하죠"
212,15:17,"""Where's Stephanie? I don't know where
Stephanie's at. Is she down here?""","'스테파니 어디 갔지?
우리 애가 안 보이네' '밑에 있나?'"
213,15:21,"""She's not down here.""",'이쪽에는 없나 보네'
214,15:47,I am Catholic.,전 가톨릭이에요
215,15:50,"-I'm what I call a barely Catholic.
-[laughter]","간신히 그렇게
말할 수 있을 정도죠"
216,15:53,"Like, I'm barely...
My parents, my family...","우리 부모님이나
가족도 마찬가지예요"
217,15:55,"I'm Catholic because my family is,
but I don't know a lot. I know the basics.","가족을 따라
가톨릭교도가 됐지만 자세한 건 모르고
그냥 기본 교리만 알죠"
218,16:00,"When people find out I'm Catholic,
they love asking me questions.","가톨릭교도라고 하면
다들 꼭 질문을 하더라고요"
219,16:03,"I'm like,
""Oh, God. Let it be an easy one.""","'하느님, 제발
쉬운 질문으로 해주세요'"
220,16:11,"""Who's the guy on the cross?""","'십자가에 달린 게 누구죠?'
'예수님요!'"
221,16:13,"""Jesus! Yes! Yes!""","'십자가에 달린 게 누구죠?'
'예수님요!' '좋았어'"
222,16:15,"""Yes! Yes! Yes!""",'아는 질문이다' '정답이야'
223,16:20,"Sometimes they get harder.
""Why do you use holy water at church?""","어려운 질문도 있어요 '왜 성수를 뿌리는 거죠?'
'맙소사'"
224,16:24,"""Oh, God.","'왜 성수를 뿌리는 거죠?'
'맙소사'"
225,16:25,"It's because we hate vampires.""",'흡혈귀를 쫓으려는 건가?'
226,16:39,"You ever notice Latinos are the only ones
that name their kids ""Jesus""?","유독 라틴계만 아이들에게
'예수'라는 이름을 붙이죠?"
227,16:44,"""This is my son Jesus Rodriguez.
He works at Papa John's.""","'내 아들 헤수스 로드리게스죠
파파존스에서 일해요'"
228,16:49,"""Jesus has come a long way!""",'아주 먼 길을 왔군요'
229,16:53,You never meet a white guy named Jesus.,"백인 남자가 그런 이름을
가진 경우는 없죠"
230,16:55,"""Hi, I'm Jesus Rosenberg.
I work at Goldman Sachs.""","'제서스 로젬버그입니다
골드만 삭스에서 일하죠' 정말이지"
231,17:06,It's insane.,기막힌 일이에요
232,17:08,"You guys ever notice that you always
find out what you think of your friends",혹시 그거 아세요? 친구들 이름이 안 떠오를 때면
233,17:12,when you can't remember their names?,"그 사람들에 대한
본심을 알게 되죠?"
234,17:15,"Because then you have
to describe them to people.","다른 사람들한테
친구들을 설명해야 하는데"
235,17:17,"And you never say nice shit
about that person.","그럴 때 좋은 얘기는
하나도 안 나오잖아요"
236,17:21,"It's always, ""What's that guy's name?
The fat one. Loser. Lives with his mom.","'그 남자 이름 뭐더라?' '뚱뚱하고 한심하고
어머니께 신세 지잖아'"
237,17:25,"-Hector! Hector! Yes!""
-[laughter]","'맞아, 헥터였구나! 그래!'"
238,17:27,"""Yes! Hector!","'그래, 헥터였어!'"
239,17:29,"Hector! Yes!""",'헥터! 바로 그거야!'
240,17:34,"""Tell him hi.""",'안부 전해줘'
241,17:38,"""I don't think you like Hector, dude.""","'너 헥터한테
무슨 악감정 있니?'"
242,17:41,It's insane.,정말 깨죠
243,17:44,"I'm a first generation American, you know?",저는 1세대 미국인이에요
244,17:47,It's hard to be first generation,"1세대 미국인으로
살기가 힘든 이유는"
245,17:49,"because you have to learn
how to be American","미국인이 되는 법을
알아서 터득하고"
246,17:51,"and teach your parents
how to be American, too.","이민자인 부모님께도
알려드려야 하기 때문이죠"
247,17:54,"Like, for me in Texas,
I'm a big sports fan. I love sports.","전 텍사스 출신에다 스포츠를 굉장히 좋아해요
스포츠 팬이죠"
248,17:58,I'm from Texas. I love football.,"텍사스 출신의
미식축구 팬이에요"
249,18:00,"-Now...
-[cheering and applause]",그리고...
250,18:02,Here's the thing.,문제는 말이죠
251,18:03,"People don't understand,
when you're a sports fan,","사람들은 모르지만
스포츠 팬들은"
252,18:06,"when you have a team, that's your team.","자기 팀에 대한
충성도가 강해요"
253,18:08,Those are your boys.,무조건 우리 팀이죠
254,18:09,"Whether they suck or they're good,
those are your boys, you know?","실력이 좋든 나쁘든
어쨌든 우리 팀인 거예요"
255,18:14,"People are passionate about sports.
I'm from Texas. I like football.","사람들은 스포츠에 열광하죠 전 텍사스 출신에다
미식축구를 좋아해요"
256,18:18,"I love the Cowboys, right?",'댈러스 카우보이스' 팬이죠
257,18:23,"Not everyone clapped. See, five minutes
ago, you all loved me, but now...","박수가 확 줄었네요
5분 전에는 좋아하시더니 지금은..."
258,18:31,I get it!,알겠어요
259,18:32,"You know how hard it is
to be a fan of a team that sucks?","못하는 팀의 팬이 겪는
고충을 아세요?"
260,18:40,"It's like you're dating that guy
that can't get his shit together.","한심해 빠진 남자랑
데이트하는 거와 같죠"
261,18:46,"Every season,
they make promises they can't keep.","시즌마다 지킬 수 없는
약속이나 늘어놓고요"
262,18:51,"""No, baby, come back.
This year, I promise you a ring.""","'자기야, 내게 돌아와
올해는 꼭 청혼할게'"
263,18:54,"""Oh, great!""",'알겠어'
264,19:00,It never works!,한 번도 지킨 적 없어요
265,19:03,"My friends tell me all the time,
they say the same thing,","제 친구들은 툭하면
제게 이렇게 말하곤 해요"
266,19:07,"""Switch teams, you gotta switch teams.""","'팀을 바꿔
다른 팀을 응원해 봐'"
267,19:09,That's my team!,'우리 팀이야!'
268,19:10,I can't do that. That's my team.,"안될 말이죠, 우리 팀이니까요"
269,19:12,"It's like having a kid
that's flunking math.","아무리 친자식이
수학을 못 해도"
270,19:15,"You're like, ""I'll cheer
for the neighbor's kid. He's smart.""","'옆집 애가 똑똑하니까
그 애나 응원하자'"
271,19:18,"-You can't do that!
-[laughter and applause]",그건 아니잖아요
272,19:21,You can't.,그럴 수는 없죠
273,19:24,"You show up wearing a jersey,
""Neighbor's kid, 82.""","옷 뒤에 '82번 옆집 아들'
이런 걸 달고 온다든가요"
274,19:34,"What pisses me off about watching sports
is the press conferences after the game.","스포츠 경기 볼 때
열 받는 점은요 꼭 경기 끝난 후에
기자회견 하잖아요"
275,19:39,"Do we have to interview them
when they lose?","꼭 지는 팀도
인터뷰해야 하나요?"
276,19:42,"Everybody wants to find out,
""Why did you lose? Why did you lose?""","다들 궁금해하죠
'패인이 뭐라고 보십니까?' '왜 진 거죠?'"
277,19:46,"""Well, shit, the other team scored more.","'다른 팀 점수가
더 높으니까 그렇죠'"
278,19:49,"That's how it works.""",'늘 그렇잖아요'
279,19:52,"What a terrible time
to get interviewed about stuff!","그럴 때 인터뷰하는 거
진짜 최악이에요"
280,19:56,Can you imagine if that happened to you?,"여러분이 그러면
어떨지 상상 되세요?"
281,19:59,"For shitty parts of your life,
you have to give a press conference?","형편없는 일을 겪었는데
기자회견을 해야 하는 거예요"
282,20:02,"You get fired from a job,",직장에서 해고당했는데
283,20:04,"""Why did you get fired?",'왜 해고당하셨죠?'
284,20:06,"Why did you get fired?""",'이유가 뭡니까?'
285,20:07,"""Well, shit,
I steal office supplies, so I...""","'실은 제가 사무실에서
집기를 좀 훔쳤거든요'"
286,20:15,"""We'll get them next time.""",'저 친구 스카우트해'
287,20:22,"I'm first generation. It's hard, man.","1세대 미국인으로
산다는 건 힘들어요"
288,20:24,"Because, again, you have to teach
your parents how to be American.","미국인이란 어떤 건지
부모에게 가르쳐야 하니까요"
289,20:28,"It's tough because
you're learning it, too, you know?","쉽지가 않죠
자신도 배워가는 중이니까요"
290,20:30,"You guys, my mom...",저희 엄마는요
291,20:33,"had never seen
Girl Scouts before in her life.","평생 걸 스카우트를
본 적이 없었어요"
292,20:36,Never.,단 한 번도요
293,20:38,The first time she saw Girl Scouts...,"그래서 처음으로
걸 스카우트를 본 순간"
294,20:41,"she thought
they were Border Patrol agents...","그 아이들이
국경 경비대라고 생각했죠"
295,20:55,..in training.,훈련생요
296,20:58,She thought Border Patrol had a kid unit.,"국경 경비대에
아동부가 있다고 생각하셨죠"
297,21:01,"And every time she saw the cookies,
she would hide from them.","걸 스카우트 쿠키만 봐도
숨으실 정도였어요"
298,21:05,"I'd say, ""Mom, they're not trying to
deport you. They're selling cookies.""","'엄마를 추방하려고
그런 게 아니라니까요' '쿠키 팔려고 온 거예요'"
299,21:09,"-""Ah, that's what you think! Oh-ho-ho!""
-[laughter]",'그럴 것 같지? 아니야'
300,21:12,"""That's how they get you!
God, you're stupid!""","'저 녀석들 속임수야
너 진짜 바보구나'"
301,21:18,"""That's how they get you.
You get hungry, you buy Thin Mints.","'다 작전이야' '저 쿠키 사 먹으면
난 10분 안에 추방된다'"
302,21:21,"And then I'm back in Mexico.
No cookies in this house!","'저 쿠키 사 먹으면
난 10분 안에 추방된다' '저 쿠키 절대 못 사'"
303,21:24,"No cookies!""",'절대로'
304,21:32,"What people don't understand, though,","다른 사람들은
잘 이해하지 못하지만"
305,21:34,"is that when you grow up
with immigrant parents,","다른 사람들은
잘 이해하지 못하지만 이민자 부모 밑에서
크다 보면 말이에요"
306,21:37,"you have to rely on them to do
their version of American holidays.","부모님이 미국 휴일을
임의로 해석하기 마련이죠"
307,21:42,"So they gotta go with what they know,
you know?","그냥 아시는 대로
행동하시는 거예요"
308,21:44,"Like, my mom was from Mexico. People
don't understand, Mexico is south of us.","마치 사람들이 멕시코가 미국의
남쪽에 있다는 건 알지만"
309,21:48,"But life is totally different there.
They don't get that.","그곳의 생활상은
잘 모르는 것처럼요 사람들은 몰라요"
310,21:51,"My mom,
she didn't grow up with Santa Claus.","저희 엄마는 자랄 때
산타클로스를 모르셨죠"
311,21:54,"There was no Santa Claus in her village.
There was the three wise men.","그 동네에
산타클로스 같은 건 없었어요 동방박사들은 있었죠"
312,21:59,"Now, we celebrate December 25th,
like everybody else.","저희도 다른 집처럼
12월 25일을 축하하지만"
313,22:02,"But we celebrate January 6th, too.
That's our big day.",1월 6일도 축하해요 성대하게 치르죠
314,22:09,And I have a theory that we do January 6th,"제 생각에는요 1월 6일은 명절 후의
세일 기간이라 그런 것 같아요"
315,22:12,"because all that shit's
on clearance by that time.","1월 6일은 명절 후의
세일 기간이라 그런 것 같아요 그러니까..."
316,22:18,That's what we do.,그런 식이죠
317,22:22,"So one year, my single mom tried to do
her version of Santa Claus, right?","한 해는 저희 엄마가 독신 엄마로서
산타 역할을 시도하셨어요"
318,22:27,"I wake up, there's a gift-wrapped box
with a card that says, ""Santa Claus.""","아침에 보니까 선물 상자랑
'산타'라고 쓴 카드가 있었죠"
319,22:31,"I look at my mom.
She's like, ""I am Santa Claus.""","엄마가 그러시는 거예요
'내가 산타야'"
320,22:46,"""What?"" ""I am Santa Claus. Merry Christmas.""","'뭐라고요?
'나라니까, 메리 크리스마스'"
321,22:50,"""No, no, no, I did not bust my butt so
this white guy takes credit for my shit.","'백인 남자한테
대신 감사하라고' '힘들게 그 선물
산 거 아니란다'"
322,22:54,I am Santa Claus. Me.,"'산타는 나야
바로 나라니까!'"
323,23:02,"""And I say it in Spanish with a J.","'방금 그 웃음소리
스페인어 억양이야'"
324,23:04,"Ho, ho, ho! I am Santa Claus.""","'호 호 호, 내가 산타야'"
325,23:22,She was a cute woman.,정말 귀여운 분이셨죠
326,23:25,"My mom, not kidding, she would buy
photo frames, picture frames,","우리 엄마요, 정말이에요 엄마는 액자를 살 때면"
327,23:29,"and she would keep the pictures
that came with the frames.","안에 들어있는 사진을
안 빼고 그냥 두셨죠"
328,23:33,And she would hang them up on the wall.,그걸 벽에 걸어두고서는
329,23:36,And she would call them her white family.,"'나의 백인 가족'이라고
부르셨어요"
330,23:40,"And every time we would get in trouble,
she would use them as an example.","우리 남매가 잘못하면
늘 거기 빗대 혼내셨죠"
331,23:47,"""Cristela, you're flunking math.
Why can't you be like your cousin Peggy?""","'수학 점수가 왜 이러니?' '왜 사촌 페기처럼
못하는 거야?'"
332,24:01,"""She's graduating college. Why can't you?""","'페기는 대학 졸업반인데
넌 왜 수학도 못 해?'"
333,24:13,"People don't understand, when you grow up
between two cultures of any kind,","사람들은 이해 못 하죠 두 문화 사이에 끼어
성장한다는 건"
334,24:17,"it's hard because you start realizing
that certain things you do","힘든 경험이에요
뭔가 특정한 행동을 하면"
335,24:21,"that are considered,
you know, like, American","예를 들어
미국적인 뭔가를 하면"
336,24:23,"are ridiculous
to the other side of your family.","다른 쪽 기준으로는
우스꽝스러워 보이죠"
337,24:26,"I had to ask my mom for permission
to go on spring break","봄방학 때 돌고래랑
수영하러 가고 싶어서"
338,24:29,"to go swim with the dolphins, right?",엄마에게 허락을 구했어요
339,24:31,"""Mom, can I go swim with the dolphins?""","'엄마, 돌고래랑
수영하러 가도 될까요?'"
340,24:33,"""What's that?""",'뭐? 그게 뭔데?'
341,24:36,"""How much is that?""",'얼마나 드니?'
342,24:38,"""$200.""",'2백 달러요'
343,24:42,"""Do you get to eat
the fucking thing after?""","'그런 거 한다고
어디서 밥이 나온다니?'"
344,24:50,"""No, go,
and then when your brothers are hungry,","'아니야, 다녀와
너희 오빠들이 배고파하면'"
345,24:53,"we'll show them
a picture of you riding the dolphin.""","'네가 돌고래 타고 있는
사진이나 보여주자꾸나'"
346,25:03,"""Oh, my God.
she's exercising with her food. Okay!""","'세상에, 먹을 거랑 같이
운동을 하고 있네'"
347,25:08,"""I'm gonna go bike-riding with tamales.
I'll be right back.""","'난 타말레랑 같이
자전거나 타러 가야겠다' '금방 올게'"
348,25:19,I tried asking her for an allowance once.,"한 번은 용돈을 달라고
해봤거든요"
349,25:22,"She said, ""No, you get one. I allow you
to live here for free, stupid.""","'아니, 무슨 용돈을 달래?
너한테 집세도 안 받잖니'"
350,25:29,"""I allowance the lights,
I allowance the food,","'전기세도 안 받고
식비도 안 받고'"
351,25:33,"all the allow!""",'전부 다 공짜잖아'
352,25:41,My mom was like a die-hard Catholic woman.,"우리 엄마는
골수 가톨릭교도셨죠"
353,25:43,"Like, she was super Catholic.
She loved God but she hated people.","정말 완고하셨어요 신은 사랑하되
사람은 증오하셨죠"
354,25:50,"In my neighborhood,
we were always visited every weekend","저희 동네에는
주말이면 주말마다 여호와의 증인 교도들이
찾아왔거든요"
355,25:53,"by the Jehovah's Witnesses, right?","여호와의 증인 교도들이
찾아왔거든요"
356,25:54,Every weekend.,주말마다요
357,25:56,"My mom couldn't stand it
because she's like, ""I'm team Catholic.","우리 엄마는 그걸 못 견디셨죠 '난 가톨릭 믿는데
왜 날 개종시키려는 거야?'"
358,25:59,"Why are they trying to convert me?""","'난 가톨릭 믿는데
왜 날 개종시키려는 거야?'"
359,26:01,"And every day, they would come in.
One day, they knocked. ""Da-da-da.""","그 사람들은 주말마다
찾아와서 문을 두드렸죠"
360,26:05,"""Excuse me, ma'am. Have you found God?""","'실례합니다, 부인
신을 찾으셨나요?'"
361,26:08,"She's like, ""No, but if you find him, tell
him we're fucking starving in here. Bye.""","'아니요
혹시 그분을 뵙거들랑' '배고파 죽겠다고 전해줘요
잘 가요'"
362,26:23,"We ended up getting a dog
and that dog used to bark at everyone.","개를 입양했는데 그 녀석이 사람만 보면
무조건 짖는 거예요"
363,26:26,"Everyone, right? My mom loved it because
the Jehovah's Witnesses stopped coming.","그 녀석이 사람만 보면
무조건 짖는 거예요 여호와의 증인이 안 온다고
엄마는 참 좋아하셨어요"
364,26:31,"And one day, the dog died,
and they caught on,","그러다가 개가 죽었죠 그러니까 이 사람들이
또 찾아와서는"
365,26:34,"and they came back and started knocking,
and my mom wasn't ready for it.","그러니까 이 사람들이
또 찾아와서는 문을 두드리는 거예요 저희 엄마는
준비가 되어 있었죠"
366,26:38,"She's like, ""No! Woof!""","'알겠다, 멍멍!'"
367,26:42,"""Perro woof!""",'강아지 멍멍'
368,26:46,Perro woof?,'강아지 멍멍'
369,26:50,How the hell does the dog have an accent?,"'무슨 강아지가
스페인어 억양으로 짖어요?'"
370,26:55,Perro woof?,'강아지 멍멍'
371,27:05,That's so crazy.,정말 황당하죠
372,27:08,"Isn't it crazy to think
how fast the year goes by?","1년이 금세 지나갈 때
정말 기가 차지 않나요?"
373,27:12,"Every year, you get older, I feel like I
can't believe we're already at this point.","나이가 들수록 더 그렇죠 올해도 언제 이렇게
흘렀나 모르겠어요"
374,27:17,"Like, you know?
Every year goes by quicker and quicker.","해가 갈수록 시간이
더 빨리 흐르는 것 같아요"
375,27:20,"It's insane, you know?",정말 놀랍다니까요
376,27:22,"And I feel bad because at this point,","이쯤 되면 마음이 불편하죠
이런 생각 했었거든요"
377,27:24,"I told myself that I was gonna
get my shit together this year.","이쯤 되면 마음이 불편하죠
이런 생각 했었거든요 '올해는 진짜 제대로 해야지'"
378,27:28,"This was gonna be the year, you guys!",올해는 정말 그러려고 했어요
379,27:33,I've been trying to get in shape.,몸매 가꾸려고 노력 중이거든요
380,27:39,"You guys, I went to the gym today.",저 오늘 헬스클럽 갔어요
381,27:45,"Man, I'm going inside tomorrow, but...","내일은 꼭
안에도 들어갈 거예요 문제는..."
382,27:55,"I had to find it first, dude!","일단 그곳을 찾기도
얼마나 힘들었다고요"
383,27:59,"It's right next to my McDonald's.
I had no idea.","맥도날드 옆에 있더라고요
전혀 몰랐어요"
384,28:04,"It's hard. You ever realize
how hard it is to get in shape?","쉽지가 않죠 몸매를 개선하는 게
얼마나 힘든지 아세요?"
385,28:07,"Because everything costs money.
It's expensive to get in shape.",뭐든 돈이 들잖아요 몸매 관리도 그래요
386,28:11,"Everything costs money.
Workout clothes are expensive.",모든 건 비용이 따르죠 운동복도 얼마나 비싼데요
387,28:15,"You guys,
I went to a store called Lululemon.",룰루레몬이라는 가게에 갔었는데
388,28:18,Now I know why they lose weight.,정말 체중이 줄만도 했죠
389,28:20,"They can't afford to buy food
after they buy that shit!","거기서 뭔가를 사고 나면
식비도 안 남겠더군요"
390,28:27,It's insane!,정말 심했어요
391,28:28,"If you don't know what Lululemon is,",룰루레몬이 뭐냐면요
392,28:29,"it's a store that sells workout clothes
for people who don't need to work out.","운동이 필요 없는 사람들에게
운동복을 파는 가게예요"
393,28:33,They're thin.,깡마른 사람들요
394,28:36,"I went into the store, right?
Guess what I found out.",그 가게에 들어갔다가 뭘 찾았는지 아세요?
395,28:39,"I'm too fat
to fit into their workout clothes.","거기 옷을 입기에는
제가 너무 쪘다는 사실이죠"
396,28:46,I'm too fat to work out?,"제가 운동하기에
너무 살쪘나요?"
397,28:56,"I have to lose 20 pounds
before I can start working out.","일단 운동을 시작하려면
9킬로는 빼야 할 것 같더군요"
398,29:04,"I didn't wanna leave empty-handed,
so I looked for anything that fit.","그래도 빈손으로 나오긴 싫었죠 그래서 살 게 없나
둘러보기 시작했어요"
399,29:07,"I'm like, ""Where the hell are your
headbands? You don't have headbands?","'머리띠 없나?
무슨 머리띠도 안 팔지?' '여긴 손목 밴드도 없나?'"
400,29:11,"Wristbands?""",'여긴 손목 밴드도 없나?'
401,29:14,"""You don't sell key chains?
They don't sell key chains here!""","'열쇠고리 없어요?
어쩜 그런 것도 안 팔지?'"
402,29:23,"Finally, I found a sports bra
that kind of fit, right?","드디어 얼추 맞는
스포츠 브래지어를 찾았어요"
403,29:27,"Kind of fit.
Like, if I light a candle and pray...","얼추요 촛불 켜고 기도하면
들어갈 듯한 치수였죠"
404,29:35,I can put it on.,들어가긴 했어요
405,29:36,"You know when you try clothes on that fit,","그런 옷 있잖아요
간신히 들어가긴 하지만"
406,29:38,"but you don't know
how you're gonna get them off?","어떻게 벗어야 할지
알 수 없는 옷 말이에요"
407,29:41,"""I need scissors."" Like that, right?","'가위가 어딨지?'
이 지경까지 가죠"
408,29:48,I looked at the price.,가격표를 봤는데
409,29:51,80 bucks.,80달러였죠
410,29:52,"80 bucks! I was like, ""80 bucks?","80달러나요
'80달러나 해?'"
411,29:56,"For 10 bucks, I can go to Home Depot",10달러면 홈데포 매장에 가서
412,29:58,"and hire a day laborer to hold them up
when I go jog.""","조깅할 때 가슴 받쳐줄
일꾼을 구할 수 있다고요"
413,30:17,"""Ándale, Pepe.""","'따라와요, 페페'"
414,30:33,It's expensive!,비싸더군요
415,30:35,"I keep trying to work out,
but I don't think I wanna work out.","운동하려고 노력은 하지만
영 내키질 않아요"
416,30:39,"I always say the same thing.
""I am gonna start on Monday.""",늘 같은 말을 하죠 '월요일에 시작해야지'
417,30:45,"And then Monday comes, I eat a doughnut,
and I'm like, ""Damn it!""","월요일이 되면 도넛 먹다
제풀에 화를 내버리죠"
418,30:49,"""Now I gotta wait till next Monday!""","'이제 다음 월요일까지
기다려야겠네'"
419,31:00,I can't start on Tuesday!,"화요일에 운동을
시작할 수는 없잖아요"
420,31:05,It's insane.,말도 안 되죠
421,31:12,I recently bought the Zumba DVDs.,"얼마 전에
줌바 DVD를 샀어요"
422,31:16,"Now, there's a Zumba DVD set
that comes with maracas.","마라카스 끼워주는
DVD 세트가 있더라고요"
423,31:20,"It's like the little weights, right?
So you can keep the beat along with them.","아령 드는 것처럼 마라카스 흔들면서
박자를 맞추는 거예요"
424,31:27,"The other day, you guys, I popped it in.
Oh, I wish you had been there, man.","어떤 날은 몸이
저절로 움직이죠 그걸 보셔야 했는데"
425,31:30,"Oh! I was killing it, you guys.",저 진짜 끝내줬다고요 정말이지
426,31:37,"I was, like, sweating. I was like, ""Oh,
my God. That must have been 20 minutes.""","땀이 막 흐르더군요 '어머, 나 20분은
신나게 흔든 것 같아'"
427,31:41,"-Four minutes. Four minutes. Four.
-[laughter]",4분 됐더군요 4분요
428,31:45,Four. Four.,겨우 4분 지났었죠
429,31:47,Four. Cuatro.,4분요 4분이었죠
430,31:51,"I got tired, right? I go into the kitchen
to get a glass of water.","금방 지치더군요 그래서 주방에 가서
물을 한 잔 따랐는데"
431,31:55,There's a bag of popcorn right next to it.,"하필 그 옆에
팝콘이 있는 거예요"
432,31:58,"I'm like,
""Oh, my God. That looks so good.""","'엄마야, 진짜 맛있겠다'"
433,32:02,So I pop the bag of popcorn,그래서 팝콘을 만들었죠
434,32:05,"and go back into the living room
with my popcorn and my water,","팝콘이랑 물을 들고
거실로 돌아갔는데"
435,32:08,"and the DVD's playing. I'm like, ""Oh, my God, I'm working out!""","DVD가 돌아가는 거예요
'어머, 나 운동 중이었지'"
436,32:19,So what do I do?,그래서 어쨌느냐고요?
437,32:21,"I sit down and I watch the DVD
like it's a movie! Like...","앉아서 영화 보듯이
DVD 시청했어요 이렇게요"
438,32:37,"""I love Zumba.""",'난 줌바가 좋아'
439,32:48,"And you can't just work out, either.
You gotta eat healthy food.","살을 빼려면 운동은 물론
건강식을 먹어야죠"
440,32:51,You know? Healthy food is expensive.,아시겠지만 몸에 좋은 음식은 비싸요
441,32:53,"And that's bullshit because poor people
can't afford it. I hate that.","말도 안 돼요
저소득층은 감당할 수 없죠 정말 싫어요"
442,32:58,I can't stand that.,못 참겠어요
443,33:02,"People don't realize, when you grow up
poor, you don't learn how to eat right,","사람들은 이해 못 하지만 가난하게 성장하면
건강하게 먹는 법을 모르죠"
444,33:06,"because it's not about eating right,
it's about eating.","뭘 먹는지가 아니라 먹는 것 자체가
중요하니까요"
445,33:09,People don't get that.,사람들은 모르죠
446,33:10,"When I was a kid, I was raised on
McDonald's because that shit was cheap.","전 어린 시절에
맥도날드를 먹고 살았어요 그런 음식은 값이 싸니까요"
447,33:15,I mean...,그러니까
448,33:17,"single mom, McDonald's.",싱글맘 밑에서 자랐잖아요
449,33:18,"Dude, the McRib came back more times
than my dad, you know what I mean?","아빠 얼굴보다
맥립을 더 자주 봤어요 아시겠어요?"
450,33:34,"I say that in every city
in case he's out there.","아빠가 보고 계실까 봐
가는 곳마다 이 얘길 하죠"
451,33:48,"Back when I was growing up, you could feed
a family of four for, like, 20 bucks.","제가 어릴 때는 20달러면 4인 가족을
먹일 수 있었어요"
452,33:52,"Family of four, 20 bucks.",4명 식비가 20달러였죠
453,33:54,"But if you wanna make a salad at home,
boom, $1,000.",반면 샐러드를 만들려면 1천 달러는 들었죠
454,34:00,"I went to Whole Foods.
My God, that store should have layaway.","홀푸드 매장에 갔는데
예약판매라도 해야겠더군요"
455,34:03,What the fuck are we doing at Whole Foods?,대체 뭘 하는 거죠? 홀푸드에서요
456,34:12,"I walked in.
They're like, ""Can I help you?""","매장에 들어갔죠
'도와드릴까요?'"
457,34:14,"I'm like, ""No, I'm just here
to visit my tomatoes, thank you.""","'아니에요, 괜찮아요
토마토 만나러 왔어요'"
458,34:18,"""I think I'm gonna get them out next week.
I'm really excited.""","'다음 주에 데려가려고요
진짜 기대되네요'"
459,34:28,"""I'm buying eggplant.
They're checking my credit."" [laughs]","가지 하나 살 때도
신용점수를 확인할 정도죠"
460,34:39,"I started walking around the store.
They were having a sale.",매장 안을 돌아보는데 세일 상품이 있는 거예요
461,34:46,A sale at Whole Foods.,"홀푸드에서 세일을
다 하는 거예요"
462,34:50,Six bucks for a pint of strawberries.,6달러였죠 딸기 한 통에요
463,34:54,Because they're organic.,유기농이라 그렇다나요
464,34:57,"Six bucks. I was like, ""Ho-ho-ho-ho!",6달러나 하는 거예요
465,35:00,That's a lot of money. I'm sorry.,너무 비싸서 그냥 포기했죠
466,35:02,"For that much, you'd better show me
a photo of white people picking the fruit.","그만큼 받을 거면 백인들이 딸기 따는
사진이라도 걸어놓든가"
467,35:06,"What the fuck is that?"" [laughs]",무슨...
468,35:16,"Forget Jose and Maria, man. I want Becky
and Brian out in the field picking that.","호세랑 마리아 말고 베키와 브라이언이
밭에서 일하는 걸 보여줘요 딸기 따면서요"
469,35:26,Healthy food is so expensive.,"건강한 음식은 정말 비싸요
그에 대한 명분은 이렇죠"
470,35:28,"And how do they justify it?
How do they justify it?","건강한 음식은 정말 비싸요
그에 대한 명분은 이렇죠 어떻게 증명하는지 아세요?"
471,35:31,"Now they tell you the life story of every
animal you're about to eat at the store.","그 가게에 있는 모든 고기의 일생을
줄줄이 적어놓는 식이죠"
472,35:36,"You walk down the aisle,
it's like Ancestry.com for cows.","정육 코너 걷다 보면 '소 족보 대백과'를
옮겨놓은 기분이에요"
473,35:44,Every animal has its story.,"모든 동물의 사연이
적혀 있어요"
474,35:47,"""Oh, this milk is hormone-free.",우유는 다 호르몬이 없고
475,35:49,"This beef is grass-fed.
This chicken is cage-free.""",이 소는 풀 먹여서 길렀고 이 닭은 우리 밖에서 키웠고
476,35:53,"""Fuck, these animals
had a better childhood than I did!""","어쩜 그 동물들 삶이
제 어린 시절보다 나을까요"
477,36:02,"""I grew up in the hood,
I had bars on my window,","전 빈민가에 사느라
창문에 쇠창살이 있었는데"
478,36:04,but this chicken was cage-free.,닭은 우리 밖에서 컸다잖아요
479,36:06,"Okay!""",그래요
480,36:15,"There I am in the bedroom.
""How is it outside, chicken?""","침실에 앉아 물으면 되겠네요 '바깥세상은 어때, 닭아?'"
481,36:33,"""I wish I could be a cage-free kid,
but...""","저도 우리 밖에서
성장했다면 좋았을 텐데"
482,36:45,"This chicken is expensive
because I'm paying for the hobbies it had","이 닭고기가 비싼 이유가 살아있을 때 비싼 취미를
즐겼기 때문인가요?"
483,36:49,when it was alive?,"살아있을 때 비싼 취미를
즐겼기 때문인가요?"
484,36:52,"This chicken's $20 a pound because it
played the cello and it liked to surf.","닭고기 450g에
20달러나 하는 이유가 살아있을 때 첼로도 켜고
봉사활동도 해서예요?"
485,36:58,"That's an awesome chicken!
Why are we eating it?","그렇게 잘난 닭을
왜 잡아먹는 건데요?"
486,37:02,"If I had to eat something that had
an awesome life and didn't do shit,","아무것도 안 하고 윤택한 삶을 보낸
뭔가를 먹어야 한다면"
487,37:06,"screw the chicken, I'd eat a Kardashian.",닭은 됐고요 카다시안 가족으로 할래요
488,37:11,"Oh, my God!",세상에
489,37:20,"Have you seen their butts?
They could feed villages for months.","그 사람들 엉덩이 봤죠? 마을 전체가
한 달은 족히 먹겠어요"
490,37:28,"That's what people don't realize
and it bugs me,","사람들이 그걸 모른다는 게
신경 쓰여요"
491,37:31,"that when you grow up poor,
life is different.","가난한 아이들은
삶 자체가 다르다는 거요"
492,37:34,"People don't get it. When you grow up
without money, life is different.","사람들은 모르죠 돈 없이 성장하면
삶도 달라져요"
493,37:37,"You have to learn how to live without
certain luxuries in life, you know?",어떻게든 익혀야죠 사치 없이 사는 법을요
494,37:40,Luxuries. Like air-conditioning.,"여기서 사치라는 건
에어컨 같은 거죠"
495,37:44,Or food allergies.,음식 알레르기나요
496,37:54,"I didn't even know those were a thing
until, like, five years ago, man.","전 5년 전까지 그런 게
존재하는 줄도 몰랐어요"
497,37:59,It's insane.,정말 황당하지 뭐예요
498,38:01,"Isn't it weird that the more money you
make, the less food you're allowed to eat?","수입이 늘어날수록 먹을 수 있는 음식이
줄어들다뇨?"
499,38:06,"When you're poor, you eat whatever you can","가난할 때는
뭐든지 먹을 수 있어요"
500,38:08,"because you never know
when that next meal is coming.","다음 식사가
언제인지 모르니까요"
501,38:10,"We don't have the luxury
to be allergic to shit!","알레르기 같은 사치는
허락되지 않았죠"
502,38:15,"That's a conversation
you'll never hear in the hood, you know?","빈민가에서 이런 대화는
존재하지 않았어요"
503,38:19,"""Yo, man, they killed Mario.""","'이봐, 그놈들이
모리엘을 죽였어'"
504,38:21,"""What, drive-by?""","'지나가다 총에 맞았나?'
'아니'"
505,38:23,"""No, peanuts.""","'지나가다 총에 맞았나?'
'아니' '땅콩이었대'"
506,38:34,Drive-by honey-roasted.,"'달리던 차가
벌꿀 땅콩을 갈겼대'"
507,38:46,"And don't misunderstand me.
I grew up poor, but I grew up happy.",오해는 말아주세요 가난하게 컸지만 전 행복했어요
508,38:50,"You know?
Like, you don't need money to be happy.","꼭 돈이 있어야
행복한 건 아니니까요"
509,38:58,"-It fucking helps, but...
-[laughter]",물론 확실히 도움은 되지만
510,39:01,...you don't need it.,필수는 아니죠
511,39:04,"It's like I said before, when you're
a kid, you don't know you're poor.","아까도 말한 것처럼 어릴 때는 가난이
뭔지 모르니까요"
512,39:08,"Because everybody you live around
is pretty much on the same level.","주변의 모든 사람이
비슷한 수준으로 사니까"
513,39:11,You don't get it.,그걸 모르는 거죠
514,39:13,I grew up in the 80s.,전 1980년대에 성장했어요
515,39:14,"In my neighborhood, everyone was poor.","우리 동네 사람들은
모두 가난했죠"
516,39:17,"Back then, the only way
you could tell someone had cash,","당시에 돈 있는 집을
구분하는 유일한 방법은"
517,39:20,"you'd walk into their living room and they
would have a set of encyclopedias.","거실로 걸어 들어가서 백과사전 세트가 있는지
보는 거였어요"
518,39:37,"""I knew Juan was doing good.""","'후안네 집이
잘 사는 건 알았지만'"
519,39:40,"""I didn't know
he was doing encyclopedia good!""","'백과사전 세트를
들일 정도로 잘 살 줄이야'"
520,39:45,"""Nita, he's got the Q!""","'봐, Q권도 가지고 있네'"
521,40:00,"I feel like half of you don't know
what the fuck an encyclopedia is.","여러분 중 절반은
백과사전이 뭔지도 모르시죠?"
522,40:05,Right?,안 그래요?
523,40:12,It's the internet but in books.,"서적 형태의
인터넷이라고 할까요"
524,40:17,"It's where the word ""Wikipedia"" came from.","'위키사전'의 근원이
바로 그거예요"
525,40:22,"Isn't it weird to think that people
don't know what encyclopedias are?","백과사전이 뭔지 잘 모르는
사람들이 있다니까요"
526,40:26,"They don't know the pain
of having to do homework with that shit.","그걸로 숙제하려면
얼마나 힘든지도 모르겠죠"
527,40:31,Getting a book report...,독후감 숙제를 받고
528,40:32,"Having to go to the library,
hoping the volume hasn't been stolen yet.","누가 책을 안 훔쳤길 바라며
도서관에 가는 심정을요"
529,40:42,"You show up, it's gone.",가보면 벌써 없죠
530,40:43,"You're like, ""Oh, I'm gonna
make up some shit about Japan!","'아, 그냥 대충
꾸며서 써야겠네'"
531,40:46,"I don't know!""",'이걸 어쩌지'
532,40:54,"Isn't it weird that
that's where we are with technology?","기술의 결과라는 건
묘하지 않아요?"
533,40:57,"We used to have books everywhere.
Books, books, books.",과거에는 책이 흔했죠 사방에 책이 있었어요
534,41:00,"Most of us didn't read them
but they were there.","꼭 읽지 않더라도
책이 있었죠"
535,41:04,"Now everything we've got is in
our little phone, right there. Everything.","이제 모든 게
휴대전화 안에 들어있죠 전부 다요"
536,41:07,"Technology can be so amazing and it can be
so terrible at times, you know?",기술이라는 건 놀랍죠 끔찍할 때도 있지만요
537,41:11,"You know what pisses me off?
It's great for kids. It sucks for me.","뭐가 짜증 나는지 아세요?
애들한텐 잘된 일이지만 전 아니거든요"
538,41:16,"It pisses me off
that kids will never know the pain","요즘 애들은 절대 모를
그런 고통인데..."
539,41:19,of having to save up money,열심히 돈을 모아서
540,41:21,to buy a whole record album or CD,레코드나 CD를 사는 거예요
541,41:25,for one song.,한 곡 때문에요
542,41:39,Do you remember,기억하세요?
543,41:41,when you had to do chores?,"그 과정이 얼마나
성가셨는지 말이에요"
544,41:43,"You'd hear a song
on a thing called the radio...","라디오라는 물건으로
노래를 듣던 거 기억하세요?"
545,41:48,"...or MTV, and you're like, ""I want that!""","아니면 MTV에서요
'저 노래 가지고 싶어'"
546,41:52,"You'd have to save up, like, 20 bucks,",그러면 20달러를 모으는 거죠
547,41:54,hoping the whole thing was a hit.,앨범 전체가 좋기를 바라면서요
548,41:58,"Because if you bought a CD that was
a one-hit wonder, you're like, ""Fuck!""","기껏 CD까지 샀는데
한 곡만 들을만하면 열 받잖아요"
549,42:03,You never get over it!,극복할 수가 없죠
550,42:06,I spent 20 bucks on Whoomp There It Is.,"저 'Whoomp!' 때문에
20달러나 썼어요"
551,42:11,20 bucks!,20달러나요
552,42:14,"I thought Tag Team was back again.
They fucking never showed up!","'태그 팀이 돌아왔다'더니
돌아오기는 개뿔"
553,42:30,"""Rico Suave.""",'리코 수아베'
554,42:34,"I thought I was fucking
guessing good on that one.","그 곡 있는 앨범은
분명 좋을 거라고 믿었죠"
555,42:38,"But technology isn't all great.
I mean, some parts of technology suck.","기술이 좋은 것만은 아녜요 어떤 면에선
정말 짜증 나거든요"
556,42:43,"I'm gonna assume
that everyone in this room,","아마 이 자리에 계신
모든 분이 한 번씩은"
557,42:46,"we have all been screwed over
by autocorrect.","자동완성 기능에
당해보셨을 거예요"
558,42:52,"At one point or another, right?",한 번쯤은 다 당하셨죠?
559,42:54,We're not stupid.,우린 바보가 아니에요
560,42:56,"Why does our phone
wanna fuck up our friendships, dude?","왜 휴대전화가 우리와
친구를 갈라놓으려는 거죠?"
561,43:01,"And it sucks
when you text in another language.","외국어로 문자 보낼 때는
더 심하거든요"
562,43:03,"I text with my sister in Spanish, right?","저랑 저희 언니는
스페인어로 문자를 해요"
563,43:07,"Okay, so the other day,
I was texting my sister.","어느 날은 언니한테
문자를 보내다가"
564,43:09,I'm trying to call her a pendeja.,'판데하'라고 쓰려 했죠
565,43:15,"For those of you that don't know,
pendeja is a term of endearment.","'판데하'라는 표현은
말하자면 애칭이거든요"
566,43:19,Right?,그렇죠?
567,43:23,You know?,아시겠지만
568,43:26,"Like, it means bitch, but it depends on
how you say it, you know?","기본 의미는 '년'이지만
어감에 따라 달라지죠"
569,43:30,"You could be like, ""Bitch!"" or you could
be like, ""Bitch!"" You know what I mean?","'이 년아!'가 될 수도 있고
'이 년이'가 될 수도 있죠 아시겠어요?"
570,43:34,"I'm more like, ""Hey, bitch!"" You know?","제가 뜻한 건
'안녕, 이 년아' 정도였죠"
571,43:36,"And I text her, I'm like, ""Hey, pendeja.""","그래서 문자를 쳤어요
'안녕, 이 년아'"
572,43:39,"She writes back,
""Why did you call me a pencil?"" ""Fuck me!""","답장이 오더군요
'왜 연필이라고 불러?' 내가 미쳐"
573,43:45,"""You're, like, all stupid. You're
a number dos pencil. You don't even...""","바보가 된 기분이었죠
연필이라고 하다니 그걸 왜 몰랐을까요"
574,43:56,Even worse...,더 심한 건요
575,43:58,"a couple of months ago, a friend of mine
sent me a video of a puppy.","두어 달 전에 친구가
강아지 영상을 보냈어요"
576,44:02,"I love puppy videos. Love them, right?",저 그런 거 좋아해요 너무 귀엽잖아요
577,44:04,"I wrote back,
""Tee hee hee, I love puppies.""","답장을 했죠
'히히히, 나 강아지 좋아'"
578,44:09,"Autocorrect changed ""Tee hee hee""
to ""Hey Jew Jew.""","자동완성이
'히히히'를 바꾼 거예요 '이봐, 유대인'으로요"
579,44:16,She's Jewish.,친구가 유대인이에요
580,44:26,"And not only that,
autocorrect capitalized every letter.","그것 말고도 모든 글자가
다 대문자로 바뀌었죠"
581,44:31,Like I'm fucking yelling it at her.,꼭 발악하는 것처럼요
582,44:34,"""Hey! Jew! Jew!",'이봐 유대인!'
583,44:36,"I love za puppies!""",'나 강아지 좋아!'
584,44:49,"It went from being cute to a hate crime
in one second.","귀여운 척하려다 순식간에
유대인 혐오자 됐어요"
585,44:53,"I started thinking, ""Oh, my God.
What if that happens when I need help?""","더 걱정되는 건요 '만약 긴급 상황에서
그러면 어쩌지?'"
586,44:57,"I send out a text like,
""Help, I'm stuck in a ditch!""","'나 갇혔어, 도와줘'
이렇게 보냈는데"
587,44:59,"and she's like,
""Help, you stuck up bitch!""","이러면요?
'나대지 마, 이 년아'"
588,45:14,"I have to take care of her. She's one
of my only girlfriends, you know?","몇 없는 여자친구인데
제대로 챙겨야죠 전 여자친구가 적어요"
589,45:18,"I don't have a lot of girlfriends.
I'm a tomboy.",전 여자친구가 적어요 왈가닥이거든요
590,45:20,"I grew up with guys. I grew up with
brothers, you know? I'm not very girly.",오빠들 틈에서 성장했으니까요 여성스럽진 않죠
591,45:24,"And I come from
an old-school Mexican family.","게다가 전통적인
멕시코 가문에서는"
592,45:27,"They expect you to always wear makeup
and be dressed up, you know?","딸들이 늘 예쁘게 차려입고
화장하기를 바라거든요"
593,45:30,"My mom would be like,
""Why aren't you wearing makeup?""","엄마는 이러셨죠
'너 왜 화장 안 해?'"
594,45:33,"""Because I'm going to bed, dude!
It's, like, late!""","저녁 8시에 말이에요
금방 잘 시간이라고요"
595,45:41,"""And how are you gonna find a man
in your dreams?""","'너 그래갖고 꿈에서
어떻게 이상형 만날래?'"
596,45:53,"As a tomboy, what I wear...",그리고 전 왈가닥이라
597,45:54,"Now, what I'm wearing,
this is like my typical outfit.","이런 복장을
항상 즐겨 입거든요"
598,45:57,"T-shirt, jeans, sneakers,
I love it, right?","티셔츠, 청바지에 운동화
딱 제 스타일이죠"
599,45:59,"Very comfortable.
Dress like that every day of my life.","얼마나 편한데요
전 날마다 이렇게 입어요"
600,46:02,"And I've noticed
I'm usually cool with it,","그리고 보기에도
괜찮은 스타일 같거든요"
601,46:05,"but I've noticed that every now and then,
people judge me on how I dress.","하지만 가끔씩 제 스타일을
평가하는 사람들이 있어요"
602,46:09,"And it sucks
because they always guess wrong, normally.","정말 싫어요
보통은 절 오해하거든요"
603,46:12,"You know? And it's annoying. And I'll tell you,","짜증 나는 일이죠, 게다가요"
604,46:15,"the places that it happens a lot at
are the expensive stores...","대개 비싼 상점에서
그런 일이 생겨요"
605,46:20,"where people think
that I can't afford to shop there.","그런 곳에서 쇼핑하기엔
너무 가난하다고 생각하죠"
606,46:22,You know what I mean?,뭔지 아시겠죠?
607,46:24,Look...,저기요
608,46:26,I don't wanna brag...,자랑하기는 싫지만
609,46:33,...but I've got money.,저 돈 있어요
610,46:36,Okay?,아시겠죠?
611,46:38,Okay?,네?
612,46:48,"I've got the kind of money, like,
when I'm sick, I go to the doctor.","아플 때 병원에
갈 돈은 있다고요"
613,46:56,In the United States.,미국에서요
614,47:08,That's rich.,그만하면 부유하죠
615,47:10,"When I get sick, I'm like, ""Grandma, keep
your Vicks. We're going to the doctor.""","제가 아플 때면요 '할머니, 약 필요 없어요
저 병원 갈 거예요'"
616,47:14,That's how much money I've got.,그 정도 돈은 있거든요
617,47:18,"Rappers make it rain champagne,
I make it rain penicillin.","래퍼들은 샴페인을 퍼붓지만 전 페니실린을 퍼부어요
'자, 뿌려줄게'"
618,47:22,"I'm like, ""Right there. Everybody...""","전 페니실린을 퍼부어요
'자, 뿌려줄게' '받아라'"
619,47:32,"So I was at Bloomingdale's,
in the clearance section.","블루밍데일스 백화점의
세일 코너에 갔었죠"
620,47:39,"I can afford clearance,
not the regular-priced stuff, okay?","정가는 너무 비싸지만
세일가는 낼 수 있거든요"
621,47:42,"I'm at Bloomingdale's
and I see a bag that I like","어쨌든 그곳에서
괜찮은 핸드백을 봤는데"
622,47:45,and it doesn't have a price.,가격표가 없는 거예요
623,47:47,And I stand by it,그래서 기다렸죠
624,47:49,"and people start walking
and no-one stops, right?","직원들이 지나가는데 멈춰서는 사람이
아무도 없는 거예요"
625,47:53,"They just walk, walk, walk.",그냥 지나가기만 했죠
626,47:54,"Finally, a woman walks by. I'm like,
""Da-da-da-da! Hey...","드디어 여자 직원을
불러 세웠어요 '저기요'"
627,47:59,"how much is this bag?""",'이 핸드백 얼마죠?'
628,48:01,"She's like, ""Oh.""",이러더군요
629,48:06,"""It's $800. Hmm.""",'800달러요'
630,48:15,"""Okay.""",'알겠어요'
631,48:18,"""I'm gonna buy that bag.""",'하나 사야겠네요'
632,48:20,"She's like, ""Oh, are you? Hmm.""","반응이 이랬죠
'그래요?'"
633,48:25,"""I'm just gonna take the bag and hold it
up front until you're ready to check out.""","그래서 가방을 들고 직원이 계산대로 갈 때까지
계속 기다렸죠"
634,48:30,Bitch!,재수 없는 인간 같으니
635,48:34,"So we're at the cash register, right?
And she's typing, typing, whatever.",그래서 계산대에 갔는데 계속 타자를 치는 거예요
636,48:38,"It's taking forever, like she doesn't
think I'm gonna buy the bag,","오래 걸리더군요 설마 진짜 살 거라고
생각을 안 했나 봐요"
637,48:42,"like halfway through I'm gonna be like,
""JK, I'm poor! Bye!""","이럴 줄 알았나 보죠
'나 사실은 가난해요, 안녕'"
638,48:49,"Typing, typing.",타자만 치더군요
639,48:50,"Here's a thing you gotta know about me.
My mom taught me to never complain.",엄마는 저를 키우시면서 불평하지 말라고 하셨어요
640,48:54,We don't complain.,우리 가족은 불평을 안 하죠
641,48:56,"If I get the wrong food at a restaurant,
I eat the wrong food.","전 식당에서 음식이
잘못 나와도 그냥 먹어요"
642,48:59,"-I don't complain, right?
-[laughter]",웬만하면 그냥 참죠
643,49:01,"But this woman's being so terrible,","그런데 이 여자는
너무 심한 거예요"
644,49:03,"like, obviously terrible, right?",아무리 봐도 짜증 났죠
645,49:05,"-""Nah-nah-nah-nah-nah-nah.""
-[laughter]",이렇게요
646,49:08,"I'm like, ""Look, I'm sorry.
I've gotta stop you. You are being awful.","이런 생각이 들었죠
놔두면 안 되겠네 이런 지독한 인간"
647,49:12,"You're being rude
and I'm gonna teach you a lesson.","엄청 무례하네
본때를 보여줘야겠어"
648,49:17,"Now, I don't even want this bag.""",이따위 핸드백 필요 없거든요
649,49:24,"""I'm buying this bag because
I've got the money to buy this bag.","이거 살 돈이 있으니까
그냥 한 번 사주는 거예요"
650,49:29,"And not only that. This bag is for me,",그리고 날 위한 선물이니까
651,49:32,"and I want you to gift-wrap it.""",댁이 포장도 해주셔야지
652,49:36,"""That bag is for me, but I wanna
surprise myself: 'What did I get me?'","나 자신을
놀라게 해주고 싶으니까 '내가 뭘 샀더라?'
그러니까 잘 포장해봐요"
653,49:40,I want you to surprise...,"'내가 뭘 샀더라?'
그러니까 잘 포장해봐요"
654,49:41,"Gift-wrap it. Gift-wrap it.""",선물 포장요 선물 포장해줘요
655,49:48,"And I stood there.
I'm like, ""More ribbon.""","옆에 서서 지켜봤죠
'리본 더 달아요'"
656,49:58,"I pay, she gives me the card,
blah, blah, blah.","계산을 하고 카드를 돌려받았죠
어쩌고저쩌고"
657,50:01,"I'm like,
""I'm doing this to teach you a lesson.","'이봐요' '지금 당신 정신 차리라고
이러는 거예요'"
658,50:04,"I don't know what it is about me,",'내 어디가 어떤진 몰라도'
659,50:06,"but for some reason, you think
that I can't afford to shop here.","'내 무언가 때문에' '여기서 쇼핑할 여유가
없다고 생각해요?'"
660,50:10,"I don't know
what you expect me to wear to this store,","'그럼 뭘 입고
쇼핑하러 오라는 거예요?'"
661,50:13,"like, what, a fucking wedding gown?""","'웨딩드레스라도
입고 올까요?'"
662,50:17,"""Need I remind you
that I'm shopping at Bloomingdale's,","'게다가 난 블루밍데일스에
쇼핑하러 왔고요'"
663,50:20,"and you're fucking working
at Bloomingdale's, okay?""","'댁은 블루밍데일스에
근무하러 왔거든요'"
664,50:32,"""Now give me my fucking bag. Thank you.""","'내 핸드백이나 내놔요
고마워요'"
665,50:35,I left. I was walking off.,전 웃으며 자리를 떴죠
666,50:37,"You guys, that is the closest...
That was like the movie Selena.","제 삶에서 그나마 영화 '셀레나'랑
비슷한 순간이었어요"
667,50:40,"Like, ""We don't want that dress.""
You know what I mean?","'그런 드레스 필요 없어'
이 대사 아시죠?"
668,50:47,"Like Pretty Woman: ""Big mistake.""
Like, that's where I was.","'프리티 우먼' 대사처럼요
'큰 실수 한 거예요'"
669,50:52,I left. I was like... [squeals],전 실실 웃었어요
670,50:56,"I was waiting to get outside
and just lose it, you know, like...","건물을 빠져나오자
걷잡을 수 없이 웃음이 터졌죠"
671,51:02,I walked out of that store with pride.,"전 자부심을 느끼고
그곳을 나왔어요"
672,51:04,I walked out of that store with dignity.,긍지를 느끼며 백화점을 나섰죠
673,51:06,"And I got into my car and I was like,
""Yes!""","차에 타자마자 외쳤어요
'좋았어!'"
674,51:10,"And I drove to the closest Bloomingdale's
to return that fucking bag.","그리고 가까운 지점에 가서
그놈의 가방을 환불받았죠"
675,51:15,"Because I couldn't afford it,
but I taught that bitch a lesson,","가방은 돌려줬지만
교훈을 얻었을 테니"
676,51:18,and that's all that matters!,그거면 충분하잖아요
677,51:30,That's a lot of money!,한두 푼도 아니고요
678,51:34,I don't have that kind of money!,저 그럴 돈 없어요
679,51:39,"Oh, my...",맙소사
680,51:41,"But I've got 12 bucks for the gift-wrap,
oh, yeah!","그래도 포장지값
12달러는 건졌죠"
681,51:44,Oh! 800 bucks!,800달러라고요?
682,51:47,You know when you ask...,여러분도 아시겠지만
683,51:49,"When you ask for the price of something
and it's too expensive,",뭔가의 가격을 물었는데 너무 비싸지만
684,51:52,"but you gotta pretend
it doesn't mess with you?","그래도 상관없다는 듯
행동해야 할 때요 이래야죠, '800달러요?'"
685,51:55,"""Oh, 800 bucks!"" [laughs]","이래야죠, '800달러요?'"
686,51:58,"""Only?"" [laughs]",'겨우?'
687,52:01,"""I'll take five of them."" [laughs]",'다섯 개만 주세요'
688,52:04,"But on the inside, you're like...
[yells in horror]","물론 속마음은 다르죠
'난 몰라!'"
689,52:08,"""That's two tomatoes at Whole Foods!""","'그 돈이면 홀푸드에서
토마토 두 개는 사는데!'"
690,52:21,"Man, I buckled it in like it was a baby.
""Nobody touch it! I'm returning it!""","아기처럼 가방에
안전띠까지 채웠어요 '손대지 마, 환불받아야 돼'"
691,52:31,I am a tomboy.,왈가닥이긴 해도
692,52:32,"There are things I like
that are kind of girly, like my music.","소녀다운 취향이
전혀 없는 건 아니에요 음악이 그렇죠"
693,52:36,I love love songs.,사랑 노래를 좋아하거든요
694,52:37,"And one of my favorite love songs
has been ruined by a commercial.","그런데 제 애청곡 중 하나가
공익광고 때문에 망가졌죠"
695,52:41,"It's the abused puppy commercial
from Sarah McLachlan.","세라 매클라클런이 출연한
애견 학대 방지 광고요"
696,52:46,"Do those commercials
have to be 30 hours long?","한 번 볼 때마다
30시간처럼 느껴져요"
697,52:50,"And they're always in the middle
of the funniest thing you're watching.","또 웃긴 프로그램 중간에
갑자기 튀어나오고요"
698,52:54,"You guys, those commercials have ruined
that Sarah McLachlan song for me.","덕분에 세라 매클라클런의
'Angel'을 못 듣게 됐죠"
699,52:59,"A couple of months ago,
I was taking a shower,","두어 달 전
샤워를 하고 있었어요"
700,53:02,"I had my iPod on shuffle, loving life.","아이팟을 셔플 모드로 켜놓고
삶을 만끽하며"
701,53:05,"-Killing it.
-[laughter]",즐기고 있었죠
702,53:07,"Listening to, like, Ace Of Base,
""The Sign"" like, nailing it, right?","에이스 오브 베이스의
'The Sign'을 들으며 끝내주게 따라불렀어요"
703,53:11,♪ I saw the sign ♪,난 그 징후를 느꼈어
704,53:12,"Hell, yeah! [giggles]",앗싸!
705,53:19,"End of song, boom, shuffle.","노래가 끝나고
다음 곡이 나왔죠"
706,53:26,♪ In the arms ♪,천사의 품속에
707,53:29,♪ Of the angel ♪,편히 안겨서
708,54:23,[wails] Why?,어째서야?
709,54:29,"It became the most depressing shower
I've ever had!","그렇게 암울한 샤워는
평생 처음이었어요"
710,54:34,I was washing myself with my own tears!,"흐르는 눈물로
몸을 씻었다니까요"
711,54:45,♪ Fly away ♪,이곳에서 멀리
712,54:49,♪ From here ♪,멀리 날아가네
713,54:58,[wails] Why?,왜죠?
714,55:03,The fucking puppy!,그놈의 강아지
715,55:26,"San Antonio, I just wanna say
thank you so much for coming tonight.","샌안토니오의 관객 여러분
오늘 와 주셔서 정말 감사해요"
716,55:48,"It means a lot.
It's a very special night for me.","제겐 뜻깊어요 이렇게 특별한 날
함께해주셔서 감사해요"
717,55:50,I'm glad you guys came out.,"이렇게 특별한 날
함께해주셔서 감사해요"
718,55:53,"Most of you might remember,
I had a show on TV called Cristela.","제가 진행하던 텔레비전 쇼
'크리스텔라' 기억하시죠?"
719,56:03,Thank you.,감사합니다
720,56:08,I...,저는...
721,56:10,"-I loved that show and...
-Bring it back!","그 쇼 정말 좋았어요 - 그리고...
- 되살려줘요"
722,56:19,"I wish I could. I can't bring it back.
But thank you.","그건 힘들겠고요 - 어쨌든 감사합니다
- 사랑해, 크리스텔라!"
723,56:23,That's my dad.,우리 아빠 오셨네요
724,56:27,"""Mija, what did you say about the McRib?""","'딸아, 맥립이 뭐가 어째?' '아니에요'"
725,56:37,I loved that show. That show...,"'크리스텔라'를 진행하면서
저도 정말 즐거웠어요"
726,56:41,"That show was really
about a part of my life","그 쇼는 제 삶의
일부를 반영하고 있죠"
727,56:43,"where I'd moved in with my sister,
I helped take care of her kids and my mom,","언니네 집에 신세 지면서 조카들이랑 엄마를
함께 돌보던 시절요"
728,56:48,"and it was very important for me
to do that show.","제게는 그 쇼의 존재가
굉장히 중요했거든요"
729,56:52,"You might notice, in my stand-up,","눈치채셨나 몰라도 전 코미디 할 때
엄마 얘기를 많이 해요"
730,56:55,I talk a lot about my mom.,"전 코미디 할 때
엄마 얘기를 많이 해요"
731,56:57,And for me...,그리고 제게는...
732,56:59,"if you saw the show,
she was this very crotchety old woman.","쇼를 보셨다면 아시겠지만
엄마는 짜증을 잘 내셨죠"
733,57:06,"She hated everyone, you know?",엄마는 모두를 싫어했어요
734,57:08,"But, like, if she made fun of you,
that meant she loved you.","그러면서 좋아하는 상대는
짓궂게 놀리곤 하셨죠"
735,57:11,You know what I mean?,이해하세요?
736,57:13,"And for me,
my mom was always the star of my show.","제게 그 쇼의 주인공은
항상 우리 엄마였어요"
737,57:18,"I talk a lot about my mom because I feel
like when we talk about immigrants...","전 엄마 얘기를 많이 꺼내죠 우리는 이민자에 대해
얘기할 때면"
738,57:24,"we never really give them
a heart or a soul.","그 사람들의 고난을
생략하는 경향이 있죠"
739,57:28,"And I wanted people to know
the story of my mom","전 사람들에게 우리 엄마의
이야기를 알리고 싶었어요"
740,57:31,"and know that she was a real person
and she was like that,","엄마가 진실한 분이었고
어떤 인격을 지니신 분인지"
741,57:34,"and that she went through a lot
so that I could be here tonight.","엄마의 고생 덕분에
제가 여기 있다는 걸요"
742,57:37,That's why I do it.,그래서 얘기하는 거죠
743,57:50,"And, you know, for some people,",그리고 어떤 라틴계 사람들은
744,57:52,"my experience
isn't their Latino experience.","제 경험을 듣고
공감하기 힘들지도 몰라요"
745,57:56,"And I get that, you know?
I just wanted to show mine.","이해해요 제가 보여주려는 건
제 경험이고"
746,57:59,"I wanted to show my life, you know?",또 제 삶의 이야기니까요
747,58:01,"The show wasn't called
Every Latino In The World.","'세상의 모든 라틴계 사람'
이런 쇼가 아니라"
748,58:04,It was called Cristela.,'크리스텔라' 쇼였죠
749,58:06,"And for me,
I wanted to show a mom like that","그리고 저희 엄마 같은
캐릭터를 보여주고 싶었어요"
750,58:08,"because you ever notice that the moms
on TV, they're never like that?","그리고 저희 엄마 같은
캐릭터를 보여주고 싶었어요 텔레비전의 엄마들은
전혀 다르니까요"
751,58:12,"They're always kind of the same.
They're always very happy.","대중 성격도 비슷하고
항상 행복한 모습이죠"
752,58:15,"They never get mad.
My mom used to get mad, you know?","화도 절대로 안 내요
저희 엄마는 화를 잘 내셨죠"
753,58:19,They never get mad. Think about it.,"그 엄마들은 화를 안 내요
생각해보세요"
754,58:22,Paper towel commercials.,"페이퍼 타월 광고를
생각해보세요"
755,58:30,You guys...,여러분
756,58:32,"the kid will drop,
like, a gallon of orange juice.","꼬마가 오렌지 주스를
큰 통으로 엎질러요"
757,58:37,Orange juice! That shit's expensive!,"오렌지 주스요
그게 얼마나 비싼데요"
758,58:42,"I don't care if that's Sunny Delight
or Tampico.","그 주스가 탐피코라도
상관없어요"
759,58:52,That shit is expensive.,오렌지 주스는 비싸죠
760,58:56,"For those of you
that don't know Tampico...","탐피코가 뭔지
모르시는 분들 계실 텐데요"
761,59:03,Tampico is an orange liquid.,"탐피코는
오렌지 맛 음료수예요"
762,59:14,"You can buy, like,
30 gallons of it for a dollar.","1달러 내면
30통은 살 수 있어요"
763,59:19,"And it glows in the dark. Like,
why the fuck does it glow in the dark?","게다가 형광색이죠 어떻게 음료에서
형광색이 나올 수 있죠?"
764,59:24,"I keep a gallon of it in the fridge
in case there's a power outage.","항상 냉장고에 구비해놔요 혹시라도 정전 나면
꺼내서 쓰려고요"
765,59:27,"I just take it out.
I'm like, ""Everybody follow the Tampico.""","혹시라도 정전 나면
꺼내서 쓰려고요 '다들 탐피코를 따라오세요'"
766,59:32,"""Everybody.""",'여러분'
767,59:34,It's like a highlighter you can drink.,마실 수 있는 형광펜 같죠
768,59:37,Tampico.,탐피코요
769,59:45,"The mom and the kid clean it up,
then they have a dance party.","어쨌든 엄마랑 꼬마랑
춤추면서 그걸 닦는 거예요"
770,59:49,"My mom wasn't like that, you know?",저희 엄마는 그렇지 않으셨죠
771,59:51,"And, you know...",그리고 말이에요
772,59:54,You guys have been a great audience,오늘 관객분들 반응이 좋아서
773,59:56,"and I'm actually
going to tell you a story that I don't normally tell people,","평소 안 하는 얘기를
들려드리고 싶어요"
774,1:00:01,"and after tonight,
I will never tell this story again.","그리고 오늘 이후로 다시는 이 얘기를
안 할 생각이고요"
775,1:00:06,"But it's a story
of the kind of woman my mom was,","저희 엄마 성격을
아주 잘 보여주는 얘기죠"
776,1:00:10,"in case you didn't believe
that she was really like that.","안 믿는 분들을 위해
하는 얘기예요"
777,1:00:16,This story is a very true story and it...,"지금 들려드릴 얘기는
제가 겪은 그대로랍니다"
778,1:00:22,"It takes a lot out of me,
but I wanna say it,","쉬운 얘기는 아니지만
여러분과 나누고 싶어요"
779,1:00:25,"because, again, I'm trying to let people
know what kind of mom my mom was,","왜냐하면 말씀드린 것처럼 전 엄마에 대해
알리려 애쓰고 있거든요"
780,1:00:30,what kind of person she was.,어떤 분이셨는지요
781,1:00:33,When I was 21...,제가 21살 때였죠
782,1:00:35,I moved to Los Angeles by myself.,혼자 LA로 이사했어요
783,1:00:38,I didn't know anybody.,아는 사람도 없었고
784,1:00:40,"And I lived in my car
for a very long time.",오랫동안 차에서 생활해야 했죠
785,1:00:44,"And my family didn't know that
because I was the baby,","그리고 가족들은 몰랐어요
전 막내였으니까요"
786,1:00:47,and I didn't want them to worry.,걱정시키기 싫었죠
787,1:00:50,"And at 21, my oldest brother calls me
and tells me...","그 당시 큰오빠가
제게 전화해서 말했어요"
788,1:00:55,that our mom is sick,'엄마가 편찮으셔'
789,1:00:56,and I have to go home.,집에 오라더군요
790,1:00:59,"Now, I'm 21",전 21살이었어요
791,1:01:01,and...,그리고
792,1:01:03,it's a hard thing to hear.,"그런 말을 듣는 건
쉽지가 않았죠"
793,1:01:06,"So I go home to visit my mom,","그래서 엄마를 만나러
집으로 갔어요"
794,1:01:08,"and when I get there,",집에 도착하자 오빠가 말했죠
795,1:01:10,"my brother tells me,
""You know, we didn't wanna scare you.","집에 도착하자 오빠가 말했죠 '겁먹을까 봐 말 안 했는데
상태가 많이 안 좋으셔'"
796,1:01:13,She's pretty bad.,"'겁먹을까 봐 말 안 했는데
상태가 많이 안 좋으셔'"
797,1:01:15,"We brought you here
so that you could say bye to her.""","'작별인사 드릴 수 있게
집에 오라고 한 거야'"
798,1:01:20,"Now, at 21,
we all think we know everything.","우리는 21살쯤이면
뭐든지 안다고 생각하죠"
799,1:01:24,"We all think we're adults,
we have our shit together.","그만하면 어른이고
마음의 준비가 됐다고요"
800,1:01:28,"But trust me, when you get news like that,
you realize that you're nothing but a kid.",하지만 그런 말을 들으면 아직 어린애라는 걸 느껴요
801,1:01:34,"Your 30s, 40s, any time you get that,","30대든 40대든
그 상황에 부닥치면"
802,1:01:37,you realize that you're still a kid.,"자신은 아직 어리다는 걸
깨닫게 되죠"
803,1:01:41,"When I heard that,
I didn't know what to do.","저도 그 말을 듣고
어쩔 줄 몰랐어요"
804,1:01:44,Because I had that chance.,막상 겪게 되니까요
805,1:01:45,"Now, you gotta know,
I come from an old-school Mexican family.","우리 가족처럼
보수적인 멕시코 가정은"
806,1:01:48,We don't tell each other how we feel.,서로 감정을 털어놓지 않죠
807,1:01:52,"You know, like...",그러니까
808,1:01:54,we hide it.,그냥 숨겨요
809,1:01:56,We make fun of each other.,서로를 놀리거나요
810,1:01:59,"We don't hug, we don't kiss,
we insult each other.","포옹도 입맞춤도 없고
서로를 모욕할 뿐이죠"
811,1:02:03,"""Hey, fatso, you're fucking fat!""","'뚱보야
너 진짜 뚱뚱하구나'"
812,1:02:15,"My family wasn't like that.
Like, that's what we did.","우리 가족도 그랬죠
그런 식이었어요"
813,1:02:18,We didn't hug and stuff. And I thought to myself...,"애정표현이 없었어요
그때 전 생각했죠"
814,1:02:22,"""If you're like this first generation
and you're one of the few","1세대 이주민은
가족 구성원 내에서"
815,1:02:26,"that's doing the first of everything
in your family,","모든 것의 시작을 끊는
역할을 맡아요"
816,1:02:28,"do something, do the first of something.",처음 뭔가를 시작하는 사람이죠
817,1:02:31,"Tell this woman what you think of them,
what you think of this person.","엄마를 어떻게 생각하는지
말해야만 했어요 제가 엄마에 대해
어떻게 느끼는지도요"
818,1:02:35,"Tell her how you feel.""","제가 엄마에 대해
어떻게 느끼는지도요"
819,1:02:37,"I thought,
""Can I tell my mom how I really feel?""","전 생각했죠
'엄마에게 말할 수 있을까?'"
820,1:02:40,"And I thought, ""If not now, when?""",'지금 아니면 언제 하겠어?'
821,1:02:43,I went inside to her room...,전 엄마 방으로 들어갔죠
822,1:02:47,and she looked different.,엄마는 달라 보였어요
823,1:02:51,"Sometimes they don't tell you
that they'll look different.","직접 보기 전까지
아프다는 말도 없으셨거든요"
824,1:02:55,And the moment I saw her...,엄마를 본 순간
825,1:02:58,I cried.,눈물이 났죠
826,1:03:01,And I was like...,전 말했어요
827,1:03:03,"""I love you.","'사랑해요, 엄마'"
828,1:03:07,"You're the most important person
in my life.","'엄마는 제 인생에서
가장 중요한 분이세요'"
829,1:03:11,"Everything I do,
I do to honor your journey.","'제가 하는 모든 일은
엄마의 삶을 기리기 위함이고'"
830,1:03:16,And if I could bargain with God...,'만약 하느님이 허락하신다면'
831,1:03:19,"I would shorten my life
so that you could have a longer one,",'제 목숨을 줄이더라도' '엄마 삶을 늘리고 싶어요'
832,1:03:24,"and I would take care of you
until you died","'그리고 돌아가실 때까지
돌봐드릴 거예요'"
833,1:03:26,"and make sure that you had
the happiest life ever.""","'누구보다 행복하게
사실 수 있도록요'"
834,1:03:31,And she started crying.,엄마는 울기 시작했죠
835,1:03:35,"Which surprised me.
I didn't know she could.","좀 놀랐어요
못 우시는 줄 알았거든요"
836,1:03:46,And it was sad.,슬픈 순간이었죠
837,1:03:49,"At the same time, I thought,","하지만 동시에
굉장하다고 느꼈어요"
838,1:03:50,"""How great is it
that I got the chance to say that?","하지만 동시에
굉장하다고 느꼈어요 말할 수 있었으니까요"
839,1:03:53,"How great is it
that I had that last moment,",마지막 인사를 나눌 수 있었죠
840,1:03:56,"that I got to tell her how I felt,
how much I loved her...","엄마를 얼마나 사랑하는지
전할 수 있었고요"
841,1:04:01,"right before she died?""",돌아가시기 전에요
842,1:04:07,And then she didn't die.,그런데 안 돌아가셨어요
843,1:04:32,She didn't fucking die!,어쩜 안 돌아가신 거 있죠
844,1:04:43,Do you know how awkward the next day was?,"다음 날 얼마나
어색했는지 아세요?"
845,1:04:49,"""Oh!""",'어라'
846,1:04:54,"""You're still here?"" ""Uh-huh!"" [laughs]",'아직 살아계시네요'
847,1:05:00,That woman... lived for another year.,"엄마는 그 후로도
1년이나 더 사셨죠"
848,1:05:05,"And every day, she would make fun of me.",날마다 절 놀려대셨고요
849,1:05:10,And called me a pussy.,절 풋내기라고 부르셨죠
850,1:05:17,For being so weak.,너무 나약하다고요
851,1:05:20,"Every day, ""Cristela, I want a hamburger.""
""You can't have one. You're sick.""","날마다 이러셨죠
'크리스텔라, 햄버거 사와라' '아플 땐 드시면 안 돼요'
'날 사랑한다고 했잖아?'"
852,1:05:24,"""But you love me!""","'아플 땐 드시면 안 돼요'
'날 사랑한다고 했잖아?'"
853,1:05:31,"Thank you, guys, for coming, San Antonio!","오늘 와주셔서
정말 감사해요, 여러분"
854,1:05:33,"Thank you so much! You guys
have been amazing! Thank you so much!","오늘 와주셔서
정말 감사해요, 여러분 열화와 같은 반응도요 정말 감사합니다"
855,1:05:37,"Thank you, thank you!",정말 감사합니다
856,1:05:39,Thank you.,감사합니다
857,1:05:41,Thank you.,감사합니다
