﻿Time,Subtitle,Translation
1:18,( Woman on radio ),"키옙스키 역에서
동쪽으로 가고 있다"
2:18,Dr. Hirsch: ( echoing ) SEND HIM IN.,들여보내
2:32,Dr. Hirsch: WILL YOU COMMIT TO THIS PROGRAM? ( grunts ),임무에 헌신하겠나?
2:36,I CAN'T.,못합니다
2:44,( speaks Russian ),손들어!
2:48,Dr. Hirsch: WILL YOU COMMIT TO THIS PROGRAM?,임무에 헌신하겠나?
2:55,( pants ),손바닥을 펴
2:59,Dr. Hirsch ( echoing ): WILL YOU COMMIT TO THIS PROGRAM?,임무에 헌신하겠나?
3:04,I CAN'T.,못합니다
3:20,( speaks in Russian ),무전기 내놔
4:09,Abbott ( on tape recorder ): THERE'S NO PLACE,"""CIA 본부
버지니아 랭리"" ""크레이머
국장"""
4:13,"IT'S WHAT YOU ARE, JASON...","인정해, 제이슨, 넌 킬러야"
4:16,A KILLER. YOU ALWAYS WILL BE.,"인정해, 제이슨, 넌 킬러야 앞으로도 그럴 거고"
4:20,"GO AHEAD. GO ON. COME ON, DO IT. DO IT!","쏴, 쏘라고!"
4:25,Bourne: SHE WOULDN'T WANT ME TO.,그녀가 원치 않을 거야
4:27,THAT'S THE ONLY REASON YOU'RE ALIVE.  ( clicks ),그래서 살려준다
4:30,"WHO IS ""SHE""?",'그녀' 가 누구지?
4:32,"MARIE KREUTZ, HIS GIRLFRIEND.","마리 크로이츠요, 애인..."
4:35,SHE WAS KILLED IN INDIA.,인도에서 살해됐죠
4:36,DIRECTOR OF OPERATIONS WARD ABBOTT ARRANGED IT.,애벗 팀장의 지시로...
4:43,SO WE HAVE A DIRTY SECTION CHIEF THAT KILLS BOURNE'S GIRL.,본이 애인을 죽인 애벗을 추격
4:47,"BOURNE COMES BACK FOR REVENGE, TAPES ABBOTT'S CONFESSION,",자백을 받아내어 녹음했고
4:50,AND ABBOTT COMMITS SUICIDE.,자살하게 했다
4:52,NOW BOURNE'S GUNNING FOR US.,이젠 우릴 노린다
4:54,YOU COULDN'T MAKE THIS STUFF UP.,삼류 소설 같군
4:59,"BOURNE'S LAST CONFIRMED LOCATION WAS MOSCOW SIX WEEKS AGO. RIGHT. YES, SIR.","6주 전 모스크바에
나타난 후 사라졌어"
5:04,HE'S ON THE RUN. HE'S DANGEROUS.,놈은 위험인물이야
5:05,"SIR, WITH RESPECT, I THINK SOMETHING ELSE COULD BE GOING ON HERE.",뭔가 찾고 있는 것 같아요
5:09,WHAT? WHAT'S HE AFTER?,찾아? 뭘?
5:11,THE REASON BOURNE WENT TO MOSCOW WAS TO SEE THE DAUGHTER OF HIS FIRST TARGET.,"모스크바에선
첫 희생자 딸을 만났죠"
5:14,"WHAT'S YOUR POINT, PAM?",그래서?
5:16,"MAYBE HE WAS RETRACING HIS STEPS. HE'S LOOKING FOR SOMETHING, SOMETHING IN HIS PAST.","자기 과거 행적 속의 뭔가를
찾는 거예요"
5:21,"MAYBE HE HASN'T FOUND IT YET,","자기 과거 행적 속의 뭔가를
찾는 거예요 뭘 찾는 건지 알아내야 해요"
5:23,AND WE NEED TO KNOW WHAT IT IS.,뭘 찾는 건지 알아내야 해요
5:25,ARE YOU TELLING ME HE'S NOT A THREAT TO THIS AGENCY?,우릴 해칠 뜻은 없단 건가?
5:27,"I THINK IF HE WANTED TO HURT US,",우릴 해칠 뜻은 없단 건가? 해칠 거면 CNN에 테이프 보냈겠죠
5:29,HE COULD'VE SENT THE TAPE TO CNN.,해칠 거면 CNN에 테이프 보냈겠죠
5:31,MAYBE HE STILL WILL.,보낼지도 모르지
5:34,"MY NUMBER-ONE RULE IS HOPE FOR THE BEST, PLAN FOR THE WORST.","최선을 희망하되
최악에 대비해야 해"
5:39,"AS FAR AS I'M CONCERNED, BOURNE IS STILL A SERIOUS THREAT UNTIL PROVEN OTHERWISE.","입증되기 전까지
본은 위험인물이야"
5:45,LET'S KEEP LOOKING.,계속 찾아봐
6:30,THIS ONE'S THREE YEARS AGO. THEY HAD HALF OF INTERPOL AFTER HIM.,"3년 전 거예요
인터폴을 따돌리며"
6:34,"TURNED UP IN NAPLES, BERLIN, MOSCOW...","나폴리, 베를린
모스크바에 나타났다가"
6:38,DISAPPEARED AGAIN.,또 사라졌어요
6:40,GIRL THAT HE WAS ON THE RUN WITH... MARIE KREUTZ.,"애인 마리 크로이츠는 지구 반대편 강에서
시체로 발견됐죠"
6:45,SHE WAS FOUND DEAD IN A RIVER HALFWAY ROUND THE WORLD.,"지구 반대편 강에서
시체로 발견됐죠"
6:49,SHE'D BEEN SHOT IN THE HEAD.,머리에 총을 맞고...
6:53,WHAT CONNECTS THE DOTS?,어떤 연관이 있죠?
7:07,TURN OFF THE TAPE RECORDER.,녹음기 꺼요
7:57,WHERE'S MY SISTER?,누나는요?
8:03,WHY DON'T YOU SIT DOWN?,좀 앉으세요
8:17,WHERE IS SHE?,어딨어요?
8:22,SHE'S DEAD.,죽었습니다
8:27,SHE WAS KILLED.,살해됐어요
8:31,I'M SORRY.,미안해요
8:42,I KNEW IT WAS GOING TO END THIS WAY.,그렇게 될 줄 알았어요
8:48,IT WAS ALWAYS GOING TO END THIS WAY. I DIDN'T BELIEVE THAT.,"- 처음부터...
- 그렇게 믿기 싫었어요"
9:01,AND HOW DID SHE DIE?,어떻게 죽었죠?
9:06,SHE WAS SHOT.,총에 맞았어요
9:11,WE WERE TOGETHER IN INDIA.,인도에서 함께 지냈는데
9:16,HE CAME FOR ME.,날 쫓던 놈에게...
9:20,YOU KILLED HIM?,놈을 죽였나요?
9:25,YES.,네
9:27,AND NOW WHAT?,이젠 어쩔 건가요?
9:32,"SOMEONE STARTED ALL OF THIS, AND I'M GOING TO FIND THEM.",이 일을 벌인 자들을 찾아내야죠
9:47,"HEY, IT'S ME.",접니다
9:49,YEAH. HE KNOWS THE WHOLE STORY.,모든 걸 알아요
9:53,BOURNE'S JUST THE TIP OF THE ICEBERG.,본은 곁가지죠
9:55,HAVE YOU HEARD ABOUT OPERATION BLACKBRIAR?,블랙브라이어 작전 아세요?
9:57,I'M GOING TO GET MY HEAD ROUND THIS AND TYPE IT UP.,블랙브라이어 작전 아세요? 검토 후 원고 쓸게요
10:00,I'LL SEE YOU THURSDAY. OKAY.,아침에 봬요
10:17,"SCANNING GOV SAT 21.  I HAVE A HIT ON ECHELON BLACKBRIAR. I REPEAT, BLACKBRIAR.","관측 위성 스캐닝 중
블랙브라이어란 말, 통화망에 감지"
10:22,LOOKS LIKE IT'S COMING FROM A EUROPEAN SIGNAL.,유럽 쪽 신호 같다
10:25,"NSA, PLEASE CONFIRM YOUR RECEIPT.",안보국 접수 확인 바람
10:27,( overlapping chatter ),"""CIA 본부
버지니아 랭리"""
10:31,SIR. WHAT'VE YOU GOT?,"- 팀장님!
- 뭔가?"
10:33,"WE INTERCEPTED A CALL IN LONDON, KEYWORD ""BLACKBRIAR.""","'블랙브라이어' 란 말이
런던에 떴습니다"
10:36,"OKAY, SEND IT TO NEW YORK RIGHT AWAY.","'블랙브라이어' 란 말이
런던에 떴습니다 뉴욕으로 송신해"
10:58,TRACKED THE PHONE. REGISTERED TO A LONDON REPORTER NAMED SIMON ROSS.,"'가디언' 지 런던 특파원
로스의 통화입니다"
11:01,WORKS AT THE GUARDIAN NEWSPAPER. YOU'RE TRACKING HIM?,"'가디언' 지 런던 특파원
로스의 통화입니다 - 추적 중인가?
- 네"
11:04,"Man: SIR. YEAH. THANKS, MIKE.","- 추적 중인가?
- 네"
11:05,WE HAVE A SURVEY TEAM COVERING HIM AT WORK,감시팀은 직장으로
11:08,AND A SNEAK-AND-PEEK'S ON THEIR WAY TO HIS APARTMENT.,정탐팀은 집으로 갔습니다
11:10,WHO TALKED TO HIM? HOW DID HE FIND OUT ABOUT BLACKBRIAR?,어떻게 알았을까?
11:12,I DON'T KNOW. WE PULLED HIS BACKGROUND,"글쎄요, 뒤를 캐봐도"
11:14,AND RAN A CROSS-CHECK ON ANY KNOWN ANOMALIES.,별것 없습니다
11:15,"WE'VE COME UP WITH NOTHING, BUT I THINK IF WE FOLLOW ROSS--",하지만 계속 파보면...
11:18,RIGHT. ROSS IS EASY. WE WANT THE SOURCE.,정보 제공자의 파악이 더 급해
11:38,HAVE YOU HEARD ABOUT OPERATION BLACKBRIAR?,블랙브라이어 작전 아세요?
11:40,YOU HAVE DETAILS?,블랙브라이어 작전 아세요? 상세한 건가?
11:42,I'M GOING TO GET MY HEAD ROUND THIS AND TYPE IT UP.,검토 후 원고 쓸게요
11:44,I'LL SEE YOU FIRST THING.,아침에 봬요
11:45,IS THAT ALL? YEAH.,"- 다야?
- 네"
11:50,"I WANT RENDITION PROTOCOLS, AND PUT THE ASSET ON STANDBY JUST IN CASE.","용의자 인도 절차 밟고
저격수 대기시켜"
11:56,"PEOPLE, LISTEN UP. THIS IS A FULL PRIORITY SITUATION.","잘 들어, 최고 긴급 상황이다"
11:59,"JIMMY, GIVE ME ROSS'S PROFILE ON ONE. YES, SIR.","- 로스의 프로필 띄워
- 네"
12:05,"OUR TARGET IS A BRITISH NATIONAL, SIMON ROSS, A REPORTER.",타깃은 영국인 사이먼 로스 기자야
12:09,"I WANT ALL HIS PHONES, HIS BLACKBERRY, HIS APARTMENT, HIS CAR,","다 조사해, 전화
스마트폰, 집, 차"
12:13,"BANK ACCOUNTS, CREDIT CARDS, TRAVEL PATTERNS.","은행 계좌, 카드, 여행 기록"
12:15,"I WANT TO KNOW WHAT HE'S GOING TO THINK BEFORE HE DOES, EVERY DIRTY LITTLE SECRET HE HAS,",다 뒤져
12:19,"AND MOST OF ALL, WE WANT THE NAME AND REAL-TIME LOCATION OF HIS SOURCE.","제일 중요한 건
정보 제공자의 이름과 소재지야"
12:24,THIS IS NSA PRIORITY LEVEL FOUR. ANY QUESTIONS?,"안보국 보안 등급 4다, 질문?"
12:29,"ALL RIGHT, LET'S GET TO IT.",시작하자고
13:07,Dr. Hirsch: WILL YOU COMMIT TO THIS PROGRAM?,임무에 헌신하겠나?
13:13,I CAN'T.,못합니다
14:06,"COPY THAT. MR. VOSEN, THE SUBJECT IS ENTERING HIS OFFICE.",신문사로 들어갑니다
14:09,GIVE ME SOME EYEBALLS ON THE STREET.,거리 상황 띄워
14:11,"WHERE'S MY PICTURE, PLEASE? COMING ONLINE.","- 화면 안 떠?
- 접속 중입니다"
14:13,ONLINE...NOW.,접속됐습니다
14:17,"Wills: JIMMY, HOW YOU DOING WITH THE PHONE LINE?",전화는 접속됐나?
14:19,Jimmy: WE HAVE AN OFFICE LINE. WE'RE WORKING ON HIS CELL.,"유선만요, 휴대폰도 곧 돼요"
14:22,"HOW LONG? AN HOUR, SIR. ","- 언제?
- 1시간 안에요"
14:24,THAT'S TOO LONG.,너무 길어!
14:26,SO HOW DO WE KNOW HE'S NOT SPINNING FOR SOMEONE?,공작성 정보 아니야?
14:28,THERE WAS MORE. HE WAS SCARED.,"아뇨, 겁에 질렸어요"
14:30,SCARED ABOUT WHAT? BLACKBRIAR.,"- 뭐 때문에?
- 블랙브라이어요"
14:33,"SORRY, CALL FOR YOU. Editor: WHO IS IT?","- 로스, 전화
- 누군데?"
14:36,Chamberlain: WOULDN'T GIVE HIS NAME.,이름을 안 밝혀
14:38,EXCUSE ME.,잠시만요
14:41,Chamberlain: HE'S ON MY LINE. THANKS.,"- 내 회선이야
- 고마워"
14:45,SIMON ROSS.,로스입니다
14:47,"John: CAMERA THREE, SCREEN. WHY AREN'T WE HEARING THIS?",왜 안 들리지?
14:50,"JIMMY? THAT'S A HARD LINE, JIMMY. WHY DON'T WE HAVE IT?",유선인데 왜 감청이 안 돼?
14:52,"WE HAVE HIS LINE, SIR, BUT HE'S NOT ON IT.",유선인데 왜 감청이 안 돼? 동료 전화로 걸려왔습니다
14:54,HE'S USING A DIFFERENT PHONE.,동료 전화로 걸려왔습니다
14:55,Bourne: I'VE BEEN READING YOUR STORIES.,당신 기사 읽었소
14:58,WHO IS THIS?  THIS IS JASON BOURNE.,"- 누구요?
- 제이슨 본"
15:01,"WATERLOO STATION, SOUTH ENTRANCE, 30 MINUTES. COME ALONE.","30분 뒤 워털루 역
남쪽 출구로 혼자 와요"
15:13,"OKAY, GUYS, LET'S WORK IT. COME ONE. WHERE'S HE GOING?",어딜 가지?
15:15,"OKAY, HE IS ON THE MOVE.","어딜 가지? 움직인다, 거리 상황을 보여줘"
15:17,GIVE ME EYEBALLS ON THE STREET. LET'S GO.,"움직인다, 거리 상황을 보여줘"
15:32,SUBJECT EXITING THE BUILDING.,건물에서 나온다
15:33,"Wills: EVERYONE, LET'S FIND OUT WHERE HE'S GOING.",행선지를 알아내
15:41,"Brian: MOBILE ONE, I NEED AUDIO. AUDIO ENGAGED.","- 1팀, 오디오 켜
- 오디오 작동"
15:44,Wills: MOBILE ONE SHOULD HAVE HIM.,1팀이 신호 잡았다
15:46,GET MOBILE ONE ON IT. LET ME KNOW WHEN YOU HEAR IT.,음성 들리면 알려줘
15:49,"HI. WATERLOO STATION, SOUTH ENTRANCE.",워털루 역 남쪽 출고요
15:52,"MR. WILLS, DESTINATION IS WATERLOO STATION.",행선지는 워털루 역
15:54,GIVE ME EYES AT WATERLOO. PUT EVERYONE IN PLAY.,워털루에 전 인원 투입해
15:57,LET'S ACTIVATE THE ASSET.,워털루에 전 인원 투입해 저격수도 투입해
16:20,"ARE WE AT THE BRIDGE YET? Woman: NOT YET, SIR.","- 다리야?
- 아직입니다"
16:22,"MOBILE THREE, TELL THEM TO STAY BACK.",3팀 대기시켜
16:23,"YES, SIR. PLEASE MAINTAIN VISUAL CONTACT.",3팀 대기시켜 영상 계속 비춰
16:40,PREPAID PHONE.,선불 폰이오
16:44,Vendor: THERE YOU GO.,여기요
16:52,"Radio: MOBILE ONE, GIVE ME THE SUBJECT'S CURRENT LOCATION.","1팀, 용의자 현 위치는?"
16:58,"COPY THAT. SIR, THE SUBJECT IS ARRIVING",알았다 워털루 역 남쪽 출구에 있답니다
17:01,AT THE SOUTH ENTRANCE OF WATERLOO STATION.,워털루 역 남쪽 출구에 있답니다
17:50,"JIMMY, I NEED THAT PHONE.",통화 감청해
17:52,I WANT YOU TO LISTEN VERY CAREFULLY TO WHAT I'M ABOUT TO TELL YOU.,내 말 똑똑히 들어요
17:54,WHAT THE HELL'S GOING ON?,내 말 똑똑히 들어요 용건이 뭐요?
17:56,10 O'CLOCK TO YOUR LEFT ACROSS THE STREET THERE'S A SILVER CHRYSLER VOYAGER.,왼쪽 밴에
18:00,THERE'S A SURVEILLANCE TEAM INSIDE.,수사팀이 타고 있어요
18:01,"DIRECTLY ACROSS THE STREET, 12 NOON,",길 건너 2층에선
18:04,THERE'S A MAN ON THE SECOND STORY STATIC POST.,당신을 주시 중이고요
18:08,"NOW, THERE'S A BUS STOP 50 METERS TO YOUR LEFT. I WANT YOU TO WALK TOWARDS IT.",왼쪽 50m 앞 정거장으로 가요
18:11,"Wills: JIMMY, I NEED THAT PHONE. I NEED IT YESTERDAY.",통화 내용 빨리 따
18:13,"HE'S ON THE MOVE. THAT'S NOT HIS PHONE, SIR.","놈이 움직인다 - 본인 전화가 아녜요
- 뭐?"
18:17,"SAY AGAIN? THAT'S NOT HIS PHONE, SIR.","- 본인 전화가 아녜요
- 뭐? - 딴 전화입니다
- 딴 전화?"
18:19,Vosen: WHAT DO YOU MEAN IT'S NOT HIS PHONE?,"- 딴 전화입니다
- 딴 전화?"
18:20,WHERE THE HELL DID HE GET ANOTHER PHONE?,어디서 난 거지?
18:24,"Brian: GRAB TEAM B, STAND BY.",체포팀 대기해
18:26,"Man: GRAB TEAM B, WE'RE IN POSITION.",체포팀 대기 중
18:27,THERE'S A MAN IN A BLUE HOODED SWEATSHIRT. HE'S TALKING ON A PHONE. WALK DIRECTLY TO HIM AND STOP.,"후드 셔츠 입은 남자 쪽으로
가서 멈춰요"
18:32,"Wills: JIMMY, WE NEED THE CALL. I NEED THAT CELL PHONE.",통화 내용 빨리 따야 해
18:36,Brian: DO NOT LET HIM GET OUT OF SIGHT.,녀석을 놓치지 마
18:38,"ALL RIGHT, TURN AROUND.",돌아서요
18:44,"OKAY, WHO'S THE GUY IN THE BLUE HOOD?",후드 셔츠 누구야?
18:46,IS THAT HIS CONTACT?,접선 대상인가?
18:51,THERE'S A BUS COMING. IT'LL BE THERE IN TEN SECONDS.,버스가 와서 멈추면
18:52,"WHEN IT STOPS, I WANT YOU TO WALK DIRECTLY TO YOUR LEFT.",왼편 육교 위로 가요
18:55,"THERE'S AN OVERPASS. GO UP THE STAIRS, STOP AT THE NEWSSTAND. YOU'LL GET FURTHER INSTRUCTIONS.","계단을 올라가
가판대에서 기다려요"
19:01,GET READY TO MOVE.,이동할 준비 해요
19:03,WATCH THAT BUS. WATCH THAT BUS.,저 버스를 잘 지켜봐
19:04,Wills: WE LOST THE FEED. GRAB TEAM B.,"저 버스를 잘 지켜봐 체포팀, 접선자를 낚아채!"
19:07,INTERCEPT THE CONTACT AND STAY WITH ROSS.,"체포팀, 접선자를 낚아채!"
19:11,"( horn blares, brakes screech ) HEY...STOP!","잠깐만, 거기 서!"
19:15,"MOBILE ONE, TARGET'S ON THE MOVE.",표적이 움직인다
19:19,"Wills: OKAY, HE'S ON THE MOVE. DO NOT LOSE ROSS.","간다, 놓치지 마"
19:21,BLUE HOOD! STOP NOW!,"후드 셔츠 내려, 빨리!"
19:29,"OH, SHIT.",맙소사
19:34,WHAT THE HELL WAS THAT? AHH! AHH!,뭐야?
19:37,"Dan: SIR, WE'VE LOST ALL COMMUNICATION WITH MOBILE ONE.",1팀과의 접속이 끊겼습니다
19:45,"TO THE RIGHT, HEADING WEST. LET US KNOW WHEN YOU GET A VISUAL.",서쪽으로 가보겠다!
19:48,"WHAT WAS THE LAST KNOWN POSITION, PLEASE?",최후 소재지는?
19:50,"Jimmy: ON THE WALKWAY, HEADING TOWARDS THE CONCOURSE, SIR.",광장 쪽으로 걷고 있었습니다
19:54,IT'S A SURVEILLANCE NIGHTMARE. IT'S THE BUSIEST TERMINAL IN LONDON.,"런던에서 가장 붐비는
터미널이에요"
19:58,"GIVE ME ALL OF CCTV's EYES. Lucy: ON IT, SIR.","- 다 켜봐
- 알겠습니다"
20:28,WHO'S YOUR SOURCE? WHAT'S HIS NAME?,제보자가 누구요?
20:29,WHAT'S YOUR SOURCE'S NAME?,제보자가 누구요? 이름이 뭐예요?
20:31,"LOOK, WHAT'S GOING ON? WHY ARE THESE PEOPLE AFTER ME?",저들이 왜 날 쫓죠?
20:33,"BECAUSE YOU FOUND SOMETHING. YOU TALKED TO SOMEONE INSIDE TREADSTONE,",트레드스톤 관련자를 매수했잖아요
20:37,SOMEONE WHO WAS THERE AT THE BEGINNING. WHO IS IT?,그게 누구죠?
20:39,YOU KNOW I CAN'T TELL YOU THAT.,말 못 해요
20:40,YOU HAVE NO IDEA WHAT YOU'RE INTO HERE. THESE PEOPLE WILL KILL YOU IF THEY HAVE TO.,"당신 신상이 위험해요
저들이 죽일 거예요"
20:44,WAS IT BLACKBRIAR? IS THAT WHAT THIS IS?,블랙브라이어 때문에요?
20:47,BLACK-- WHAT'S BLACKBRIAR?,블랙브라이어가 뭔데요? 업그레이드된 트레드스톤 작전이오
20:49,TREADSTONE UPGRADE. MY SOURCE TOLD ME IT ALL STARTED WITH YOU.,업그레이드된 트레드스톤 작전이오
20:51,"HE SAID THAT YOU WERE SQUARE ONE,","업그레이드된 트레드스톤 작전이오 당신이 1호요, 저들의 치부죠"
20:53,THE DIRTY LITTLE SECRET.,"당신이 1호요, 저들의 치부죠"
20:55,HE SAID HE KNOWS WHO YOU ARE.,대니얼스도 당신을 알아요
21:01,"ALL RIGHT, WE HAVE TO MOVE.",여길 떠야 해요
21:04,ANSWER YOUR PHONE.,전화 받아요
21:08,Wills: YOU GOT VISUAL? COMING ONLINE.,접속됐어
21:12,"WHERE THE HELL IS HE, PEOPLE?",그 녀석 어딨어?
21:16,"Bourne: DO EXACTLY AS I SAY. I NEED YOU TO MOVE UP TO YOUR RIGHT,","지시에 따라요, 오른쪽으로!"
21:20,FIRST ESCALATOR ON THE RIGHT.,우측 첫 에스컬레이터
21:36,"TIE YOUR SHOE. TIE YOUR SHOE RIGHT NOW. OH, SHIT.",지금 신발 끈 묶어요
21:46,WAIT.,기다려요
21:48,WAIT.,기다려요
21:55,I'M GONNA WALK BY YOU. I WANT YOU TO MOVE,"옆으로 지나갈 테니
벽 따라 걸어요"
21:59,"IN FOUR, THREE, TWO, ONE, STAND UP.","4, 3, 2, 1... 일어나요"
22:02,THAT'S IT.,좋아요
22:07,WHERE THE HELL IS HE?,어딨는 거야?
22:09,"WE CANNOT AFFORD TO LOSE THIS GUY, PEOPLE.",놓치면 절대 안 돼
22:14,THAT LINE YOU'RE ON IS GOOD. STAY ON THAT LINE. STAY ON THAT LINE.,"지금 안전해요, 그대로 쭉 가요"
22:22,THE BIN MAN. I THINK HE'S ONE OF THEM.,청소부가 요원 같은데요
22:25,THE GARBAGE MAN? NEGATIVE.,청소부? 아니요
22:27,"Ross: OH, JESUS, HE'S REACHING FOR SOMETHING. OH, GOD, HE'S GOT A GUN.","젠장, 뭔가를 꺼내요 - 총이에요!
- 끊지 마요"
22:31,STAY ON THE LINE YOU'RE ON.  HE'S GOT A GUN. DO NOT DEVIATE.,"- 총이라고요
- 계속 가요"
22:37,"Wills: OKAY, THERE HE GOES. THERE HE IS.","- 저기 있다!
- 체포팀 출동해!"
22:39,"GRAB TEAM A, GO! HE'S STILL TALKING WITH SOMEBODY.","- 저기 있다!
- 체포팀 출동해! 아직 통화 중이야!"
22:41,HE'S GETTING INSTRUCTIONS. GET ME THE CONVERSATION.,감청해
22:42,MOBILE TWO-- LOCK THE BOX. MOVE IN GRAB TEAM C.,놈을 에워싸
22:47,"HURRY, ROSS. WE GOTTA MOVE.",빨리 이동해야 해요
22:49,MOVE THROUGH THIS CROWD.,사람들 속에 섞여요
22:51,GET UNDER COVER. MOVE THROUGH THIS CROWD.,인파 속에 섞여요
23:01,GET IN THE STORE. THERE'S SOMEONE ON YOUR TAIL.,"가게로 들어가요, 뒤에 있으니까"
23:05,YOU'RE GOING TO PROCEED OUT THE EAST EXIT.,동쪽 출구로 가요
23:06,THAT'S TO YOUR RIGHT AS YOU COME INTO THE STORE.,당신 오른쪽...
23:17,HEAD INTO THE LIQUOR STORE IN FRONT OF YOU.,주류 상점에 들어가
23:19,GO INTO THE BACK AND LOCK THE DOOR.,뒷문을 잠가요
23:23,MOBILE FOUR IS DOWN.,4번 팀원 부상
23:24,Vosen: THIS GUY'S GOT HELP. TELL ME WHEN THE ASSET'S IN THE NEST.,"누가 돕고 있어, 저격수 배치됐나?"
23:33,GET ME A FEED IN THERE.,화면 띄워!
23:35,I WANT GRAB TEAM C IN THERE. TELL ME WHAT'S GOING ON.,"체포 C팀 출동해, 어찌 된 거야?"
23:45,TEAM FOUR'S MOBILE.,4팀 이동 중
24:26,JESUS CHRIST. THAT'S JASON BOURNE.,맙소사 제이슨 본이야
24:31,HE'S PICKING US APART. DO YOU THINK HE'S THE SOURCE?,"작살을 냈군
놈이 제보자일까요?"
24:34,HE'S GOTTA BE.,그렇겠지
24:38,BLOCK ALL THE EXITS. GIVE THE ASSET A GREEN LIGHT.,출구를 막고 저격 명령 내려
24:43,TAKE THEM BOTH OUT.,둘 다 처리해
25:02,STAY THERE.,여기 있어요
25:04,I'M GONNA GET US OUT OF HERE. YOU GOTTA DO EXACTLY WHAT I SAY.,날 믿으면 나갈 수 있어요
25:10,LISTEN TO ME. THIS ISN'T SOME STORY IN A NEWSPAPER.,이건 기사 취재가 아니에요
25:12,THIS IS REAL. YOU UNDERSTAND ME?,"실제 상황이라고요, 알겠어요?"
25:15,OKAY.,알았어요
25:27,PULL ALL THE AGENTS BACK. GIVE BOURNE'S LOCATION,다 철수시키고 저격수에게 위치 알려줘
25:30,"AT THE BACK OF THE STORE TO THE ASSET. YES, SIR.",저격수에게 위치 알려줘
25:50,KILL THE CAMERAS.,카메라 다 꺼
25:58,"Ross: BOURNE.  WAIT, SOMETHING'S NOT RIGHT.",뭔가 잘못됐어요
26:01,"I CAN SEE THE ENTRANCE FROM HERE. IF I GO NOW, I CAN MAKE IT.","입구가 보여요, 지금 나갈게요"
26:07,BOURNE?,본?
26:09,JUST STAY WHERE YOU ARE.,기다려요
26:11,I DON'T THINK WE SHOULD WAIT.,나가야 한다니까!
26:14,I THINK SOMEONE'S COMING.,누가 오나 봐요
26:16,"I'M GOING FOR IT. NO, NO, NO, NO!","- 나가겠소
- 안 돼요!"
28:02,"UH, WE HAVE A SITUATION.",상황이 발생했습니다
28:11,DIRECTOR KRAMER WOULD LIKE TO SEE YOU.,국장님 호출입니다
28:13,WE NEED TO GET THOSE WARRANTS-- HE SAID IT'S URGENT.,긴급 사안이랍니다
29:14,Male newscaster: WHAT THE POLICE WILL TELL ME,피살자는 '가디언' 런던 지국
29:17,"IS THAT THEY BELIEVE THE VICTIM IS 35-YEAR-OLD SIMON ROSS,",피살자는 '가디언' 런던 지국 사이먼 로스 기자로 추정됩니다
29:20,A WELL-KNOWN JOURNALIST BASED HERE IN LONDON WITH THE GUARDIAN NEWSPAPER.,사이먼 로스 기자로 추정됩니다
29:24,IT APPEARS THAT HE WAS GUNNED DOWN RIGHT IN THE MIDDLE OF THE WATERLOO STATION CONCOURSE,그는 워털루 역 한가운데에서
29:29,AROUND 3:45 THIS AFTERNOON,오늘 오후 3시 45분경
29:32,IN FULL VIEW OF HUNDREDS OF COMMUTERS.,"많은 행인이 보는 가운데
피격됐습니다"
29:34,"OVER THE YEARS, HE'S UNCOVERED",로스는 테러에 대한
29:36,A LOT OF UNSAVORY STORIES,"""일급비밀"" 폭로 기사로"
29:38,ABOUT TERROR THAT HAVE UPSET,"폭로 기사로 각국 정보기관의
심기를 불편케 했죠"
29:40,CERTAIN WESTERN GOVERNMENTS AND THEIR INTELLIGENCE AGENCIES.,"각국 정보기관의
심기를 불편케 했죠"
30:09,"Waitress: GOOD MORNING, SIR. CAN I TAKE YOUR ORDER?",주문하시겠습니까?
30:12,"YES, I'LL HAVE THE HEART-HEALTHY OMELET WITH GOAT CHEESE AND PEPPERS, PLEASE.","염소 치즈와 후추를 넣은
웰빙 오믈렛요"
30:16,"Waitress: ANYTHING FOR YOU, MA'AM? JUST COFFEE, PLEASE.","- 손님은요?
- 커피요"
30:18,ARE YOU SURE? I'M BUYING. I'M GOOD.,"- 식사 좀 해
- 됐어요"
30:23,"SO, WHEN THE DIRECTOR CALLED AND IT WAS SUGGESTED WE BRING YOU ON--","국장이 자네에게
합류를 권유한 건..."
30:27,"""SUGGESTED""? YOU SURE IT WAS JUST A SUGGESTION?",권유? 명령이 아니고요?
30:37,IT'S FUNNY HOW DIFFERENT THINGS LOOK DEPENDING ON WHERE YOU SIT. RIGHT? MM-HMM.,모든 건 관점에 달려 있지
30:41,"I LOOK AT THIS AS A FAVOR FOR YOU, PAM,",내가 보기엔 기회야
30:44,GIVING YOU AN OPPORTUNITY TO COMPLETE SOME UNFINISHED BUSINESS.,자네가 일을 마무리 지을...
30:47,MEANING?,마무리라뇨?
30:49,"BOURNE. HE'S HERE, HE'S A THREAT,","본, 놈은 위협적 존재야"
30:52,AND WE BOTH WANT THE SAME THING.,우린 목적이 같지
30:55,BUT WE BOTH GO ABOUT IT IN TWO VERY DIFFERENT WAYS.,방법론은 많이 다르죠
30:57,"THE PAST IS PAST, PAM. ALL RIGHT?","과거는 과거야, 잊자고"
31:00,WE WERE CARELESS IN STOCKHOLM.,스웨덴에선 실수였어
31:03,"SO WHAT WAS WATERLOO, JUST CARELESS AGAIN? WE HAD A LEAK,","워털루도 실수예요? 정보가 샜어, 안보 위기 상황이야"
31:05,A SERIOUS NATIONAL SECURITY SITUATION.,"정보가 샜어, 안보 위기 상황이야"
31:07,"BOURNE SHOWED UP ON OUR SURVEILLANCE,","정보가 샜어, 안보 위기 상황이야 본이 나타났고, 시간이 없어"
31:09,AND WE HAD VERY LITTLE TIME TO REACT.,"본이 나타났고, 시간이 없어"
31:11,AND A REPORTER GOT KILLED.,기자가 죽었어요
31:13,BOURNE SAW US COMING. THE QUESTION IS WHAT WAS HE DOING THERE?,문제는 본이 왜 거기 왔을까야
31:16,"NO, THE REAL QUESTION IS HOW YOU MANAGED TO GET INTO A FIREFIGHT AT A PUBLIC TRAIN STATION.",역에서 총격전 벌인 건 괜찮고요?
31:20,YOU KNOW AS WELL AS I DO,긴박한 실제 상황이었어
31:22,DECISIONS MADE IN REAL-TIME ARE NEVER PERFECT.,"긴박한 실제 상황이었어 사정도 모르면서
함부로 비난하지 마"
31:24,DON'T SECOND-GUESS AN OPERATION FROM AN ARMCHAIR.,"사정도 모르면서
함부로 비난하지 마"
31:32,I'LL SEE YOU AT THE OFFICE.,사무실에서 봬요
31:34,ENJOY YOUR EGG WHITES.,웰빙 잘하세요
31:56,"Vosen: PEOPLE, THIS IS PAMELA LANDY",주목! 파멜라 랜디 차장과 톰 크로닌이야
31:59,"AND HER ASSOCIATE, TOM CRONIN,",파멜라 랜디 차장과 톰 크로닌이야
32:01,AND SHE'S GOING TO BE QUARTERBACKING THE SEARCH EFFORT.,수색 지휘를 맡았어
32:03,"SAY YOUR NAMES, STATE YOUR SPECS, PLEASE.",각자 임무 소개해
32:05,"LET'S DO NAMES LATER, OKAY? ALL RIGHT. WHAT'S BOURNE'S LAST FIXED POSITION?","그건 나중에요, 본의 최종 종적은?"
32:08,"Jimmy: LONDON, 12:00 ZULU.",12시에 런던입니다
32:10,"STATUS. WHAT IS HE, ARMED, WOUNDED?",총은 있어? 다쳤나?
32:12,"ALIVE, MOBILE, AND UNKNOWN.",살아는 있었고 도피 중입니다
32:15,YOU HAVE AN ECHELON PACKAGE?,"- 관측 위성은 가동 안 해?
- 네"
32:17,Lucy: YES. WHY ISN'T IT ON? WE WERE WAITING.,"- 왜?
- 기다리느라..."
32:19,WAITING FOR WHAT?!,뭘 기다려? 잘 들어
32:20,"WHAT--LISTEN, PEOPLE,",뭘 기다려? 잘 들어 상대가 누군지 알아?
32:22,DO YOU HAVE ANY IDEA WHO YOU'RE DEALING WITH? THIS IS JASON BOURNE.,상대가 누군지 알아? 제이슨 본이야
32:26,YOU ARE NINE HOURS BEHIND THE TOUGHEST TARGET YOU HAVE EVER TRACKED.,가장 추적하기 힘든 상대라고
32:29,"NOW, I WANT EVERYONE TO SIT DOWN, STRAP IN, AND TURN ON ALL YOU'VE GOT.",바짝 긴장하고 총력을 발휘해
32:34,THAT WOULD MEAN NOW!,지금부터!
32:36,"( instruments beep, keyboards clicking ) THANK YOU.",지금부터! 고마워
32:38,GIVE ME A TEAM DEPLOYMENT PLAN.,배치도 있지?
32:40,I WANT EVERYTHING YOU GOT ON ROSS ON SCREEN ONE.,로스에 관한 정보 다 띄워
32:52,( ringing ),"""수웰 앤 마버리"""
33:05,"Brian: SIR, I THINK WE HAVE SOMETHING.",뭐가 나왔습니다
33:07,"WE JUST HACKED ROSS'S E-MAIL ACCOUNT AT THE GUARDIAN,",이메일에서
33:09,"FOUND A ROUND-TRIP TICKET TO TURIN, ITALY YESTERDAY,",토리노행 어제 항공권을 찾았어요
33:12,"08:00 ARRIVAL, 12:05 DEPARTURE.",08:00 도착 12:05 출발
33:14,I THINK WE CAN BE PRETTY CERTAIN,그럼 제보자는 본이 아니네요
33:15,"THAT BOURNE'S NOT YOUR SOURCE, THEN. HOW?",그럼 제보자는 본이 아니네요 왜?
33:19,ROSS'S CALL TO HIS EDITOR WHERE HE JUST MET THE SOURCE,로스가 편집장과 통화한 건
33:22,TOOK PLACE JUST AFTER HIS TURIN FLIGHT LANDED.,착륙 후였어요
33:25,HE MET HIS SOURCE IN TURIN. SO?,"- 제보자를 만난 이후...
- 한데?"
33:27,"SO WHAT, BOURNE MET ROSS IN TURIN FOR BREAKFAST,",토리노에서 함께 아침 먹고
33:30,AND THEN AT NOON THE SAME DAY BOURNE CALLS ROSS TO DEMAND A MEET AT WATERLOO?,그날 런던에서 보자고 전화해요?
33:33,"YEAH, MAYBE THEY WERE EVEN ON THE SAME FLIGHT.",같은 비행기 탔겠네
33:35,PULL UP EVERYTHING YOU'VE GOT. CROSS-CHECK THE SECURE CELL PHONE USAGE OF EVERYONE WITH SCI CLEARANCE,일급 정보 취급자 중 그날 아침
33:40,"AGAINST ALL CALLS GOING IN AND OUT OF TURIN, ITALY",토리노에 전화한 자를 찾아봐
33:42,THE MORNING ROSS WAS THERE. Jimmy: WILL DO.,토리노에 전화한 자를 찾아봐 그는 CIA의 기밀 취급권자예요
33:44,HE GUY YOU'RE AFTER IS A CIA OPERATIVE WITH CLEARANCE ABOVE TOP SECRET.,그는 CIA의 기밀 취급권자예요
33:47,HE'S COMMITTING TREASON BY TALKING TO ROSS.,국가에 반역을 행한 자라고요!
33:49,DO YOU REALLY THINK WHILE DOING THAT,추적되게
33:51,HE'S GONNA USE A CELL PHONE THAT HE KNOWS WE CAN TRACK?,휴대폰을 썼겠어요?
33:53,"Jimmy: ZERO RESULTS ON THE CROSS-CHECK. Wills: OKAY, SO YOU GOT ANY BETTER IDEAS?","- 안 나옵니다
- 딴 묘수가 있나요?"
33:57,"YEAH, LOOK AT ALL THE PEOPLE WHOSE CELL PHONES WERE SWITCHED OFF",로스가 토리노 간 날
33:59,THE ENTIRE PERIOD ROSS WAS IN TURIN.,휴대폰 꺼둔 사람 알아봐
34:01,"IF YOUR PEOPLE ARE ON THEIR PHONES AS MUCH AS MINE, THE LIST SHOULD BE PRETTY SMALL.",그런 요원이 많을 리 없어
34:09,"THREE NAMES--TOM BREWSTER, JACK BOULIN, AND NEIL DANIELS.","세 명이에요, 톰 브루스터
잭 불린, 닐 대니얼스"
34:13,NOW CHECK EVERYTHING IN ROSS'S APARTMENT AGAINST THOSE NAMES.,그 이름들 집에서 찾아봐
34:16,CHECK FOR COMMON PATTERNS. LOOK FOR ANYTHING THAT INDICATES WHO ROSS MET.,접촉자를 알아낼 단서를 다 뒤져
34:20,"PULL UP HIS DOCUMENTS, PULL IT UP.",확대해
34:22,SEE THAT DOCUMENT? BREAK IT.,확대해 문서를 작게 쪼개
34:25,OVER HERE. WHAT IS THAT?,"문서를 작게 쪼개 저게 뭐지? ""블랙브라이어"""
34:29,"OH, WAIT... RIGHT THERE, INITIALS.",저 이니셜!
34:32,PULL THAT OUT. BRING THAT UP ON MAIN.,메인에 띄워봐
34:38,"NEIL DANIELS. HE'S STATION CHIEF IN MADRID, ISN'T HE?","닐 대니얼스군요 - 마드리드 지국장이죠?
- 응"
34:41,YEAH.,"- 마드리드 지국장이죠?
- 응"
34:47,"ALL RIGHT, CALL THE RSO AT THE EMBASSY.",대사관 보안팀에게 연락
34:49,HAVE THEM TAKE DANIELS INTO CUSTODY IF HE IS THERE.,구금하라고 해
34:52,"ANNA, GET GRAB TEAMS FOR THE CALLE NORTE SAFE HOUSE.",체포팀 중무장시켜
34:54,SEND THEM IN HEAVY. TELL THEM WE'LL ASSIST WITH THE ENTRY.,"그쪽 안가로 보내, 지원도 해줘"
34:57,HEAVY? DANIELS ISN'T REALLY-- I'M WORRIED ABOUT BOURNE.,"- 중무장? 대니얼스는...
- 본 때문이야"
35:00,"IF HE IS NOT THE SOURCE, THEN HE IS AFTER THE SOURCE,",놈이 제보자가 아니면 제보자를 쫓겠지
35:03,THE SAME AS WE ARE.,제보자를 쫓겠지
35:38,"E.T.A. TEAM TWO? THREE MINUTES TO DESTINATION, SIR.","- 몇 분 뒤 도착인가?
- 3분 뒤입니다"
36:05,Dr. Hirsch: YOUR MISSION WILL SAVE AMERICAN LIVES.,미국 국민을 구하는 게 네 임무다
36:14,REALLY GIVE YOURSELF TO THIS PROGRAM.,모든 걸 바쳐서 임무에 헌신해
36:18,I CAN'T.,못합니다
36:20,Dr. Hirsch: AGAIN.,더 해!
36:59,"SIR, THEY'RE AT THE FRONT DOOR.",현관에 왔습니다
37:20,FIVE SECONDS. PUT IT UP LIVE.,"- 5초 전!
- 화면 띄워"
37:30,Man: WE'RE IN.,들어왔다
37:35,Wills: THE ALARM'S DOWN.,경보기가 꺼졌어요
37:37,THAT'S GOT TO BE BOURNE.,본의 짓이야
37:52,Man: THE SAFE IS EMPTY.,금고가 비었어요
37:53,SHIT. LOOKS LIKE HE LEFT IN A HURRY.,금고가 비었어요 급히 떠난 듯합니다
37:56,TRACK DANIELS'S PASSPORTS.,대니얼스 여권 추적해
38:29,( whispers ) HAMMOND.,해먼드
38:56,GODDAMN IT! GET A BACKUP TEAM IN THERE!,지원팀 들여보내!
39:10,GET ME A SECURE LINE. GET THE SECOND TEAM OVER THERE NOW.,"보안 전화 연결하고
2팀 빨리 보내!"
39:23,WHAT ARE YOU DOING HERE?,여긴 웬일이야?
39:27,I WAS POSTED HERE AFTER BERLIN.,베를린에서 전출됐어
39:32,WHERE'S DANIELS?,대니얼스는?
39:36,WHERE IS HE?,어딨어?
40:03,WHO IS THIS?,누군가?
40:05,THIS IS NICKY PARSONS.,니키 파슨스입니다
40:08,"SHE WAS TREADSTONE, LOGISTICS.",트레드스톤 요원이었죠
40:11,SHE WAS WITH US WHEN WE HUNTED BOURNE IN BERLIN.,본의 추적에도 참여했던...
40:18,"NICKY, I NEED TO DO AN I.D. CHALLENGE.",신원 확인 좀 하겠네
40:20,"CODE IN, SPARROW.","입력 암호, 스패로우"
40:32,"RESPONSE, EVEREST.","응답, 에베레스트"
40:38,"NICKY, THIS IS NOAH VOSEN. HOW LONG HAVE YOU BEEN ON SITE?","난 노아 보슨이야
언제 거기 갔나?"
40:42,I JUST WALKED IN.,방금이오
40:45,WE HAVE TWO OFFICERS ON SITE. ARE YOU IN CONTACT WITH THEM?,요원 두 명이 갔는데 만났나?
40:52,"THEY'RE DOWN. UNCONSCIOUS, BUT ALIVE.","부상당했습니다, 살아는 있어요"
41:00,ANY SIGN OF NEIL DANIELS? NO.,"- 대니얼스는 종적 없고?
- 네"
41:03,"NICKY, THIS IS PAM LANDY.",난 파멜라 랜디야
41:06,WE HAVE REASON TO BELIEVE THERE IS A CONNECTION BETWEEN NEIL DANIELS AND JASON BOURNE.,대니얼스와 본 사이에 연관이 있어
41:13,BOURNE? YOU'RE STILL LOOKING FOR BOURNE? I THOUGHT THAT CASE WAS CLOSED.,"여태 본을 찾나요?
종결 안 됐어요?"
41:16,"NO, SOME PEOPLE ARE CONVINCED HE'S STILL A THREAT.",아직 오해받고 있어
41:19,"I DISAGREE, BUT TO FIND OUT, I NEED TO TALK TO HIM.",풀려면 날 만나야 해
41:22,"HOLD ON, NICKY.",잠깐 기다려
41:25,WHAT THE HELL ARE YOU DOING? I'M TRYING TO SEND HIM A MESSAGE.,"- 왜 이래?
- 만나야죠"
41:27,YOU DON'T THINK BOURNE IS A THREAT?,"위험해, 둘이 당했어"
41:29,HE JUST TOOK OUT TWO MORE OF MY MEN.,"위험해, 둘이 당했어 산 채 데려와야"
41:31,"THE ONLY WAY THIS HAS A HAPPY ENDING, NOAH, IS IF WE BRING HIM IN ALIVE.",산 채 데려와야 해결돼요
41:33,HE IS GOING AFTER DANIELS.,놈은 복수를 원해
41:35,"HE WANTS REVENGE, PAM, AND THE ONLY REALISTIC WAY",위험 요소는 제거해야 해
41:37,TO END THIS IS TO ELIMINATE THE THREAT. HOW LONG TILL BACKUP?,위험 요소는 제거해야 해 지원팀 언제 가?
41:42,"NICKY, I NEED YOU TO STAY PUT AND SECURE THE PREMISES.","니키, 안가를 지키고 있어"
41:45,BACKUP WILL BE ARRIVING IN APPROXIMATELY ONE HOUR. DO YOU COPY?,"1시간 안에 지원팀 가, 알겠나?"
41:52,"COPY, SIR.",알겠습니다
41:58,HOW LONG DO I HAVE? THREE MINUTES.,"- 시간 여유는?
- 3분"
42:03,MY CAR'S OUTSIDE.,밖에 차 있어
42:06,I KNOW WHERE DANIELS IS.,대니얼스 행방 알아
42:20,( speaking Spanish ),"칼레 노르테 334번지에서
총성이 났어요"
42:27,COME ON.,가자
42:29,"TWO MINUTES TO DESTINATION, SIR.",2분 뒤 도착입니다
42:32,WHERE WAS DANIELS HEADED?,대니얼스 어디 있어?
42:34,"8:00 THIS MORNING HE WIRED $100,000 TO A BANK ACCOUNT IN TANGIER.","아침에 10만 달러를
탕헤르로 이체했어"
42:39,"ALL RIGHT, THAT'S 300 MILES AWAY. IF WE HURRY, WE CAN MAKE THE MORNING FERRY.","500km 거리군
아침에 페리 타자"
42:43,WHERE ARE YOU PARKED?,차는 어디 있어?
42:45,"TO THE RIGHT, 20 METERS, NEAR SIDE OF THE STREET.",오른쪽 북쪽 길가에...
42:54,THEY'RE COMING. KEEP MOVING.,"- 온다
- 계속 걸어"
42:57,Dan: TWO SUBJECTS SEEN EXITING SAFE HOUSE.,"용의자 둘, 안가를 나온다"
43:12,WHAT THE HELL IS THIS?,무슨 일이야?
43:22,WHAT THE HELL JUST HAPPENED?,어떻게 된 거야?
43:25,"WE'VE LOST VISUAL CONTACT WITH THE SUBJECT, SIR. CHRIST!",추적이 끊겼습니다
43:30,ISSUE A STANDING KILL ORDER ON JASON BOURNE EFFECTIVE IMMEDIATELY.,본에 대한 무기한 사살령을 내려
43:35,Wills: SEND ANOTHER SYSTEM ONE ALERT TO ALL SPANISH CONTACTS.,스페인 전 요원에게
43:38,I WANT ALL AIR AND GROUND BORDER EXITS LOCKED DOWN.,일급 비상령도!
44:02,WHAT'S GOING ON?,뭐였죠?
44:07,WHAT'S DANIELS GOT?,대니얼스가 누설한 게...
44:09,WHAT'S OPERATION BLACKBRIAR?,블랙브라이어가 뭐예요?
44:14,"DO YOU WANT TO TELL ME, OR SHOULD I CALL KRAMER AND ASK HIM?","크레이머 국장께
전화해서 물어봐요?"
44:21,"FOR CHRIST SAKES, PAM, WE'RE IN THE MIDDLE OF AN OPERATION.",지금 작전 중이야
44:24,BULLSHIT.,딴말 말고
44:26,YOU WANT JASON BOURNE?,본을 잡길 원하면
44:29,LEVEL WITH ME.,모든 걸 말해요
44:38,OPERATION BLACKBRIAR STARTED AS AN N.E.A.T. SURVEILLANCE PROGRAM.,"블랙브라이어는
감시 프로그램이었어"
44:42,AND WHAT IS IT NOW?,지금은요?
44:44,IT IS NOW THE UMBRELLA PROGRAM,흑색 작전 총괄 프로그램
44:45,"FOR ALL OUR BLACK OPS-- FULL ENVELOPE INTRUSION,","흑색 작전 총괄 프로그램 타국 정보 해킹, 범인 양도, 취조"
44:49,"RENDITION, EXPERIMENTAL INTERROGATION","타국 정보 해킹, 범인 양도, 취조"
44:51,IS ALL RUN OUT OF THIS OFFICE.,이곳에서 다 이뤄져
44:55,"WE ARE THE SHARP END OF THE STICK NOW, PAM.",국익을 위해 모든 걸 하지
44:58,LETHAL ACTION?,암살도요?
45:01,"IF WE HAVE TO, SURE.","해야 한다면, 물론!"
45:03,THAT'S WHAT MAKES US SPECIAL. NO MORE RED TAPE...,우리의 활동엔 어떤 제재도 없어
45:08,"NO MORE GETTING THE BAD GUYS CAUGHT IN OUR SIGHTS,",상부 지시 기다리다
45:11,THEN WATCHING THEM ESCAPE WHILE WE WAIT,악당을 놓치는 거 이젠 옛말이야
45:13,FOR SOMEONE IN WASHINGTON TO ISSUE THE ORDER.,이젠 옛말이야
45:16,"OH, COME ON.",알잖아!
45:19,"YOU'VE SEEN THE RAW INTEL, PAM. YOU KNOW HOW REAL THE DANGER IS.",절차 생략하고 수사할 때 많아
45:23,WE NEED THESE PROGRAMS NOW.,필요한 프로그램이야
45:24,WHAT'S THE CONNECTION TO DANIELS?,대니얼스는 뭐죠?
45:27,"HE RAN ALL OF OUR OPERATIONS IN SOUTHERN EUROPE AND NORTH AFRICA,","남유럽과
북아프리카 공작 총책이었지"
45:31,SO HE HAS EVERYTHING.,그래서
45:32,"NAMES, DATES, GHOST SITES,","요원 이름, 기지 위치
정보원 신상을"
45:34,"WHO'S COOPERATING WITH US ABROAD, EVERY OPERATION.","요원 이름, 기지 위치
정보원 신상을 다 알아"
45:37,"YOU WANT THAT STUFF IN BOURNE'S HANDS,","다 알아 본이 그 정보를
팔아먹길 원친 않지?"
45:39,OUT ON THE MARKET TO THE HIGHEST BIDDER? I DON'T THINK SO.,"본이 그 정보를
팔아먹길 원친 않지?"
45:44,BOURNE'S NOT AFTER MONEY. HE'S AFTER DANIELS FOR A REASON.,"그가 쫓는 건 돈 아닌
대니얼스예요"
45:49,WHAT DOES IT MATTER WHAT BOURNE IS AFTER?,뭘 쫓는진 중요치 않아
45:51,"WHEN WE FIND DANIELS-- AND BELIEVE ME, WE'LL FIND HIM--",우리가 대니얼스를 찾아내면
45:55,"IF YOU'RE RIGHT, WE GET BOURNE, TOO.",자네 말대로면 본도 잡게 돼
46:28,WHY DID YOU COME BACK?,왜 돌아왔어?
46:32,WHY ARE YOU LOOKING FOR DANIELS?,대니얼스는 왜 찾지?
46:43,DO YOU KNOW WHO THAT IS?,누군지 알아?
46:47,THAT'S DANIELS.,대니얼스군
46:51,I DON'T KNOW WHO THAT IS. WHO IS HE?,"한 명은 모르겠어, 누구야?"
46:59,HE WAS THERE AT THE BEGINNING.,처음부터 있던 자야
47:03,I REMEMBER MEETING HIM...,만난 기억이 나
47:07,"THE FIRST DAY,",첫날에
47:08,DANIELS BROUGHT ME TO HIM.,대니얼스를 따라갔었지
47:14,THAT'S WHERE IT ALL STARTED FOR ME.,그때부터 시작됐어
47:17,SOMETHING HAPPENED TO ME... AND I NEED TO KNOW WHAT IT WAS...,"내게 있었던 일, 알아내야 해"
47:22,OR I'LL NEVER BE FREE OF THIS.,그래야 내가 자유로워져
47:26,DANIEL SAID THE TRAINING WAS EXPERIMENTAL.,대니얼스 말이 실험적 훈련이랬어
47:32,BEHAVIOR MODIFICATION.,행동 교정 훈련
47:35,THEY HAD TO BREAK DOWN THE AGENTS BEFORE THEY BECAME OPERATIONAL.,"요원의 인성을 파괴
조종하는 거지"
47:40,HE SAID YOU WERE THE FIRST ONE.,당신이 1호였어
47:46,WHY ARE YOU HELPING ME?,왜 날 돕는 거지?
47:58,IT WAS DIFFICULT FOR ME...,많이 힘들었어
48:02,WITH YOU.,당신과 일할 때...
48:19,YOU REALLY DON'T REMEMBER ANYTHING?,정말 통 기억 안 나?
48:26,NO.,안 나
48:35,WE HAVE TO MOVE.,나가자
48:45,Dan: SIR. MR. WILLS.,"""여권 추적 성공"""
48:47,YOU'RE GOING TO WANT TO LOOK AT THIS.,"팀장님, 이것 좀 보십시오"
49:01,HE'S IN TANGIER.,탕헤르에 있습니다
49:09,NOAH VOSEN. ( beeps ),노아 보슨
49:20,WE HAVE FOUND DANIELS.,대니얼스를 찾았어요
49:27,THEY JUST TRACKED DANIELS'S PASSPORT TO A HOTEL IN TANGIER.,탕헤르의 호텔에 있답니다
49:30,THEY'RE HOLDING UP A BANK TRANSFER HE MADE TO KEEP HIM IN PLACE WHILE THEY BRING AN ASSET UP FROM CASABLANCA.,계좌 봉쇄하고 저격수 보낸대요
49:34,THEY'RE GOING TO TAKE HIM OUT?,죽일 작정이군
49:45,Woman: IT'S PAM LANDY. SHE SAYS IT'S URGENT.,"랜디예요, 급하답니다"
49:49,TELL HER I'M UNAVAILABLE.,바쁘다고 해
50:46,"Brian: SIR, ASSET HAS ARRIVED AT THE AIRPORT.",저격수 입국했습니다
51:10,GIVE ME THE SUBJECT'S LOCATION.,대니얼스의 위치는?
51:13,Dan: SUBJECT IS NOW ON FOOT AND ENTERING HOTEL VELASQUEZ.,"벨라스케즈 호텔로
걸어가고 있습니다"
51:17,HOTEL IS 2.2 KILOMETERS FROM THE BANK.,은행에서 2.2km 거리죠
51:20,"GET AN ELEVATION AND A FLOOR PLAN, TIC-TAC-TOE.",각층 도면을 검토
51:23,"LOCATE THE ROOM. GIVE THE ASSET SUBJECT LOCATION,","각층 도면을 검토 몇 호인지 알아낸 뒤 저격수에게 알려
은행 가는 경로도..."
51:26,AND THE ROUTE BETWEEN THE SUBJECT'S HOTEL AND THE BANK.,"저격수에게 알려
은행 가는 경로도..."
51:44,Vosen: DO WE HAVE THAT ROOM YET?,"""CIA
보안 로그인"" - 방 찾았나?
- 네, 117호실입니다"
51:46,"Man: YES, SIR. IT'S ROOM 117.","- 방 찾았나?
- 네, 117호실입니다"
51:49,"ALL RIGHT, GET A HOLD OF THE HOTEL TRUNK LINE,",메인 회선의 통화 내역 다 조사해
51:52,RUN ALL CALLS THROUGH HERE WITH AN ISO ON ROOM 117.,117호를 중심으로...
52:08,HIS LOCATION'S BEING BLOCKED BY THE FIREWALL.,"""접속 차단"" 방화벽에 차단됐어"
52:11,"NO, THEY FOUND DANIELS. THEY KNOW WHERE HE IS.",저들이 선수 친 거야
52:13,THEY'LL GET ONE OF THE OPERATIVES TO TERMINATE HIM.,저격수를 보냈겠군
52:16,FIND OUT WHO.,누군지 알아내
52:21,Nicky: DESH.,데슈야
52:24,TELL HIM YOU'RE GOING TO MEET HIM AND YOU HAVE A NEW PHONE FOR HIM.,"유인해, 접선 전화 바꾼다고..."
52:28,"IF YOU STOP DESH, THEY'LL JUST GET SOMEONE ELSE.",막으면 딴 킬러가 와
52:30,WE'RE NOT GONNA STOP HIM. WE'RE GONNA FOLLOW HIM. HE'LL TAKE US RIGHT TO DANIELS.,"못 막아도 대니얼스는
찾을 수 있지"
53:12,"SIR, THE ASSET IS DEVIATING OFF COURSE.","""경로 이탈 감지"" 저격수가 딴 길로 갑니다"
53:17,LET IT PLAY.,놓아둬 봐
53:50,"ASSET, UNSCHEDULED STOP.",어딘가에 멈췄습니다
54:23,"SIR, ASSET IS ON THE MOVE EN ROUTE TO SUBJECT.",표적을 향해 다시 갑니다
54:26,"Wills: SIR, WE HAVE AN UNAUTHORIZED BREACH. SOMEONE WITH ACTIVE SYSTEM KNOWLEDGE PENETRATED OUR PROTOCOL.",누군가 통신망에 접속
54:32,INSTRUCTIONS WERE SENT TO THE ASSET AT 14:11 LOCAL TIME.,"14시 11분에 저격수에게
뭔가 지시를 내렸습니다"
54:36,TRACE IS CONFIRMED INVALID. IT CAME FROM A COMPUTER BELONGING TO NICKY PARSONS.,"니키 파슨스의 컴퓨터에서
발송된 지시예요"
54:44,WHERE DID THE COURSE DEVIATION OCCUR?,들른 곳이 어디지?
54:46,"SOUTH TO RUE DE BELGIQUE,",뤼드벨기케 쪽 프랑스 거리요
54:48,STATIONARY PLACE DE FRANCE. THAT'S WHERE PARSONS IS.,뤼드벨기케 쪽 프랑스 거리요 니키가 거기 있군
54:51,"WHEN WE'RE FINISHED WITH DANIELS, SEND THE ASSET AFTER HER.",대니얼스 없앤 후 걔도 추적해
54:55,"WE FIND PARSONS, WE FIND BOURNE.",걜 찾으면 본도 찾게 돼
54:58,"NOAH, WHAT ARE YOU DOING?",어쩌려고요?
55:00,NOT NOW. I WANT TO KNOW WHAT'S GOING ON.,"- 나중에!
- 말해줘요"
55:02,I SAID NOT NOW!,나중에 얘기해!
55:04,WHAT BASIS ARE YOU CONTINUING THIS OPERATION ON?!,무슨 근거로 그들을 쫓죠?
55:06,THAT NICKY PARSONS HAS COMPROMISED A COVERT OPERATION. SHE IS UP TO HER NECK IN THIS.,"니키 파슨스는
비밀 작전을 누설했어"
55:10,"THIS IS ABOUT DANIELS, NOT NICKY!",표적은 대니얼스예요!
55:12,"SHE HAS BETRAYED US. YOU DON'T KNOW THE CIRCUMSTANCES, NOAH!","- 우릴 배신했어!
- 상황을 모르는군요"
55:15,"SHE'S IN LEAGUE WITH JASON BOURNE, FOR CHRIST'S SAKE.",걘 본과 한패야!
55:17,YOU DO NOT HAVE THE AUTHORITY TO KILL HER.,그렇다고 죽일 권한은 없죠!
55:19,"OH, YES, I DO, AND YOU HAD BETTER GET ON BOARD.",권한 있어! 자네도 협조해
55:23,"NOAH, SHE'S ONE OF US.",걘 우리 요원이에요
55:24,"YOU START DOWN THIS PATH, WHERE DOES IT END?","이런 살상 게임은
언제쯤 끝낼 거죠?"
55:28,IT ENDS WHEN WE'VE WON.,우리가 이기면 끝나
55:44,"WHEN WE'RE FINISHED WITH DANIELS,","대니얼스 처치 후, 둘을 추적해"
55:45,"SEND THE ASSET AFTER THEM. YES, SIR.","대니얼스 처치 후, 둘을 추적해 알겠습니다"
56:10,"TWO MINUTES, SIR. TELL THE BANK TO RELEASE THE FUNDS.","- 2분 전
- 이체 봉쇄한 거 풀어"
56:31,( woman speaking French ),대니얼스 씨 입금됐습니다
56:39,HE'S ON THE MOVE.,움직입니다
57:19,Brian: IT'S READY TO CALL IN. John: 200 METERS.,200m
57:21,"Wills: OKAY, I WANNA LAY SOME PRELIMINARY TRACK--","""데슈
대니얼스"""
57:33,STOP!,멈춰요!
57:58,( beeping ),"""신호 끊김"""
1:09:16,CODE IT IN. WE NEED TO BE DEAD.,"송신해, 우릴 죽였다고..."
1:09:26,"SIR, ASSET CONFIRMS BOTH TARGETS ARE DOWN.",임무 완료했다는 보고입니다
1:09:39,I WANT TO BE SURE ABOUT THIS. ASK THE STATION CHIEF FROM RABAT TO CONFIRM THE DEATHS,"라바트 지국장에게
전화로 확인하고"
1:09:44,AND DO A SUB ROSA COLLECTION OF THE BODIES. I WANT TO TIE THIS THING OFF COMPLETELY.,비밀리에 시신 수습 후 종결해
1:09:47,AND KEEP AN EYE ON LANDY.,랜디는 계속 주시해
1:10:01,Vosen: BOURNE AND NICKY PARSONS ARE DEAD.,본과 니키는 죽었습니다
1:10:03,YOU SURE ABOUT THAT?,확실한가?
1:10:05,OUR STATION CHIEF IN RABAT IS CONFIRMING.,지부장에게 확인했어요
1:10:08,I CAN'T AFFORD TO HAVE THIS COME BACK TO ME.,이 일 공개되면 곤란해
1:10:11,DON'T WORRY. YOU'RE PROTECTED.,국장님 신변은 안전합니다
1:10:15,JUST REMEMBER WHY WE PUT LANDY THERE.,랜디를 투입한 이유 잊지 마
1:10:19,"IF BLACKBRIAR GOES SOUTH, WE'LL ROLL IT UP AND HANG IT AROUND HER NECK AND START OVER.","블랙브라이어가 실패하면
희생양이 필요해"
1:11:32,I CAN SEE THE FACES...,얼굴들이 보여
1:11:40,EVERYONE I EVER KILLED.,내가 죽인 사람들의...
1:11:45,I JUST DON'T KNOW THEIR NAMES.,이름은 기억이 안 나
1:12:03,MARIE USED TO TRY TO...,마리가 도와주려 애썼지
1:12:07,HELP ME REMEMBER THE NAMES.,이름을 기억해 내도록...
1:12:22,I'VE TRIED TO APOLOGIZE...,속죄하려고 노력했어
1:12:25,FOR WHAT I'VE DONE...,내가 한 짓을
1:12:31,FOR WHAT I AM.,내 삶을
1:12:35,NONE OF IT MAKES IT ANY BETTER.,그래도 늘 괴로워
1:12:52,THEY'RE GOING TO COME FOR YOU AGAIN.,그들은 너도 노려
1:13:00,YOU'RE GOING TO HAVE TO RUN NOW.,빨리 피해야 해
1:14:27,WE SHOULD GO.,가야 해
1:14:57,IT GETS EASIER.,익숙해질 거야
1:15:16,( speaking French ),대니얼스 씨 유품입니다
1:16:01,STATION CHIEF IN RABAT JUST CALLED.,라바트 지국장이
1:16:03,THEY FOUND A BODY.,시신을 찾았답니다
1:16:08,BOURNE? DESH.,"- 본의?
- 데슈요"
1:16:17,"PAM, YOU NEED TO SEE THIS.","차장님, 이것 좀 보세요"
1:16:26,A PASSPORT FOR GILBERTO DE PIENTO JUST CLEARED IMMIGRATION.,질베르토 드 피엔토로 입국했어요
1:16:29,"IT'S AN EARLY TREADSTONE IDENTITY REGISTERED TO JASON BOURNE,",트레드스톤 때 받은 공작명인데
1:16:32,BUT HE NEVER USED IT AND IT NEVER WENT TO THE GRID.,한 번도 안 써서 검색 안 돼요
1:16:35,BOURNE'S ALIVE.,본은 살아있어요
1:16:46,"IF THEY KNEW, VOSEN WOULDN'T BE IN HIS OFFICE RIGHT NOW.",보슨은 몰라? 알면 여기 있겠어요?
1:16:49,IT'S A HELL OF A RISK.,위험하게 왜 왔지?
1:16:52,"MAYBE BOURNE WANTS US TO KNOW,",나폴리에서처럼
1:16:54,JUST LIKE NAPLES. MAYBE HE'S COMMUNICATING.,대화를 원하는 게 아닐까요?
1:16:58,MAYBE HE'S TRYING TO COMMUNICATE WITH YOU.,차장님과의 대화를...
1:17:01,THEN WE SHOULD COMMUNICATE BACK.,그럼 응해줘야지
1:17:04,I THINK I KNOW WHAT BOURNE'S LOOKING FOR.,뭘 찾는지 알 것 같아
1:17:15,"Man on PA system: GILBERTO DE PIENTO, GILBERTO DE PIENTO,",질베르토 드 피엔토 씨
1:17:18,YOUR PARTY IS WAITING FOR YOU.,일행께서 기다립니다
1:18:51,PAMELA LANDY.,랜디예요
1:18:53,Bourne: I HEAR YOU'RE STILL LOOKING FOR ME.,아직도 날 찾는다며?
1:19:00,Bourne: WHAT DO YOU WANT?,본? 뭘 원해?
1:19:07,BETTER GET IN HERE. WE GOT A SITUATION.,상황이 발생했습니다
1:19:10,"I, UM...",애벗 건...
1:19:13,I WANTED TO THANK YOU FOR THE TAPE.,테이프 준 거 고맙게 생각해
1:19:16,( on speaker ) IT'S ALL TIED OFF. IT'S OVER.,덕분에 마무리됐어
1:19:20,I GUESS I OWE YOU AN APOLOGY.,사과도 하고 싶어
1:19:24,IS THAT OFFICIAL?,공식적으로?
1:19:25,"NO, OFF THE RECORD. YOU KNOW HOW IT IS.","아니, 비공개로, 상황 알잖아"
1:19:28,TRACING THIS? 50 SECONDS TO TRACE.,"- 추적돼?
- 50초 안에요"
1:19:32,"WAIT, WAIT.","- 잘 있어
- 잠깐!"
1:19:35,DAVID WEBB-- THAT'S YOUR REAL NAME.,"데이비드 웹이야, 네 본명..."
1:19:40,"Landy: YOU WERE BORN 4/15/71 IN NIXA, MISSOURI.","1971년 4월 15일
미주리 닉사 출생"
1:19:44,"WHY DON'T YOU COME IN, AND WE'LL TALK ABOUT IT?",만나서 얘기하는 게 어때?
1:19:48,SOMETHING IS VERY WRONG HERE.,뭔가 잘못됐어
1:19:53,BOURNE?,본?
1:19:56,"GET SOME REST, PAM.",좀 쉬어
1:19:57,YOU LOOK TIRED.,피곤해 보여
1:20:01,HE'S LOOKING RIGHT AT HER.,지켜 보고 있어
1:20:07,"PEOPLE, LISTEN UP.",주목!
1:20:08,THIS IS A NATIONAL SECURITY EMERGENCY. WE HAVE AN IMMINENT THREAT.,이건 심각한 국가 비상사태다
1:20:12,I'M GOING OUT THERE.,나가야겠어
1:20:13,"IF I SHOW MYSELF, HE'LL FIND ME.",나가 있으면 찾아오겠지
1:20:17,"JASON BOURNE IS ALIVE AND IS AT LARGE IN NEW YORK CITY,",본은 뉴욕에 있다
1:20:19,"AND WE BELIEVE WITHIN 1,000 YARDS OF THIS BUILDING.",이 건물 반경 900m 안에!
1:20:22,I WANT AN IMMEDIATE 12-BLOCK LOCKDOWN OF THE AREA.,열두 블록 봉쇄하고
1:20:24,SEND A FLASH MESSAGE TO LANGLEY. PREP FOR LOCAL BACKUP ASSISTANCE.,"본부에 보고해
경찰 지원 신청하고..."
1:20:30,LANDY JUST LEFT THE BUILDING. STAY WITH HER PHONE.,"- 랜디가 나갔어요!
- 전화 추적해"
1:20:50,SHE'S USING HER CELL. THERE'S AN INCOMING TEXT.,휴대폰으로 문자가 왔습니다
1:20:54,"GET IT. WORKING ON IT, SIR.",알아내
1:20:55,"HOW MANY DO WE HAVE ON LANDY? SIX MEN, MORE ON THE WAY.","- 몇 명 붙였나?
- 6명이오"
1:20:57,"I'VE GOT IT, SIR. COMING UP ON THE SCREEN NOW.","떴습니다, 화면에 지금 나와요"
1:21:05,ANYBODY NOT ON LANDY GOES DIRECTLY TO TUDOR CITY.,나머진 튜더 단지로 가
1:21:07,GET THE VEHICLES. WE'RE GOING MOBILE.,"차에 타, 따라가자"
1:21:12,"TEAM TWO, TEAM TWO...",모두 위치 보고하라
1:21:55,THERE'S ONLY ONE WAY OUT OF THERE.,"출구는 하나야, 왜 여길 택했죠?"
1:21:57,WHY WOULD HE DO THAT? HE'S TRAPPING HIMSELF.,"출구는 하나야, 왜 여길 택했죠? 놈은 갇혔어"
1:21:59,IT'S A BAD PLACE TO MEET. IT'S TOO EXPOSED. HE WOULDN'T HAVE CHOSEN IT IF HE DIDN'T HAVE A REASON.,이유 없이 그럴 놈 아니야
1:22:08,SUBJECT IS EN ROUTE.,그리로 이동한다
1:22:10,"Radio: ROUTE 43, LET ME KNOW WHEN YOU HAVE VISUAL.","옥상 43, 보이나?"
1:22:13,"ROUTE 43, STANDING BY.","옥상 43, 대기 중"
1:22:21,"STANDING BY. OKAY, FOLKS, HERE WE GO.",대기 중 200m 거리 두고 에워싸
1:22:24,BOX IS 200 METERS. VISUAL ON LEADER.,200m 거리 두고 에워싸 팀장 주시해
1:22:27,Radio: FORTY-THREE GROUND IN POSITION.,"지상 43, 도착!"
1:22:29,"AS SOON AS YOU HAVE EYES ON LANDY, I WANT TO KNOW.",랜디가 포착되면 내게 알려
1:22:47,"OKAY, HERE WE GO.",왔습니다
1:22:48,COPY THAT. I SEE HER.,"그래, 보인다"
1:23:02,ANY SIGN OF BOURNE?,본은 안 보여?
1:23:04,Man on roof: NEGATIVE.,네
1:23:07,NO SIGN OF TARGET.,안 보입니다
1:23:20,NOAH VOSEN. ( clicks ),노아 보슨이오
1:23:22,THIS IS JASON BOURNE.,제이슨 본이다
1:23:24,I WAS WONDERING WHEN YOU WERE GOING TO MAKE THIS CALL.,언제 전화 올지 기다렸네
1:23:28,HOW DID YOU GET THIS NUMBER?,이 번호는 어떻게?
1:23:30,"YOU DIDN'T ACTUALLY THINK I WAS COMING TO TUDOR CITY, DID YOU?",내가 튜더에 갈 거라 생각했나?
1:23:35,"NO, I GUESS NOT,",꼭 그런 건 아니야
1:23:37,"BUT IF IT'S ME YOU WANT TO TALK TO, PERHAPS WE CAN ARRANGE A MEET.",나와 얘길 하고 싶으면 만나지
1:23:41,WHERE ARE YOU NOW?,지금 어딘데?
1:23:43,I'M SITTING IN MY OFFICE.,사무실에 있어
1:23:47,I DOUBT THAT.,설마
1:23:49,WHY WOULD YOU DOUBT THAT?,설마라니?
1:23:51,"IF YOU WERE IN YOUR OFFICE RIGHT NOW, WE'D BE HAVING THIS CONVERSATION FACE TO FACE.","그럼 우린 지금
같은 방 안에 있게?"
1:24:02,Recorder: NOAH VOSEN. ( safe beeps ),노아 보슨...
1:24:07,THIS IS A CODE TEN ABORT.,일급 비상이다
1:24:09,I WANT EVERYONE BACK IN THE VEHICLES.,"일급 비상이다 차에 타, 일급 비상이야!"
1:24:10,THIS IS CODE TEN ABORT!,"차에 타, 일급 비상이야!"
1:24:12,Man: COME ON! LET'S GO!,서둘러!
1:24:36,"YEAH. WILLS, CHECK MY OFFICE.","윌스, 내 방 확인해"
1:24:44,Jimmy: WHAT THE HELL'S GOING ON?,빌어먹을!
1:24:49,Man: WE NEED BUILDING SECURITY UP HERE.,경비 요원 보내
1:24:52,Wills: HE'S GOT EVERYTHING.  GODDAMN IT!,다 가져갔어요
1:24:54,SET A FOUR-BLOCK PERIMETER AROUND THE BUILDING.,건물 반경 4블록 모두 봉쇄해!
1:24:57,"I WANT THE ENTIRE BUILDING SEARCHED,",건물 반경 4블록 모두 봉쇄해! 건물 안도 수색해
1:24:59,"EVERY ROOM, EVERY HALLWAY, EVERY CLOSET,","각 방, 복도, 환풍기까지 다 뒤져!"
1:25:02,"EVERY GODDAMN AIR DUCT, YOU UNDERSTAND?!","각 방, 복도, 환풍기까지 다 뒤져! 반드시 찾아내"
1:25:04,I WANT HIM FOUND!,반드시 찾아내
1:25:08,WHAT JUST HAPPENED?,무슨 일이야?
1:25:09,BOURNE JUST BROKE INTO C.R.I. HE GOT INTO VOSEN'S SAFE.,본이 보슨의 금고를 털었어요
1:25:15,WHERE TO?,어디로 가죠?
1:25:17,415 EAST 71st STREET.,이스트 71번가 415번지
1:25:19,"4/15/71? JESUS, PAM.",4-15-71요? 맙소사!
1:25:48,TARGET IN SIGHT.,표적 포착
1:25:55,NORTH ON EIGHT.,8번가에서 북향 중
1:26:03,HE'S HEADED EAST IN THE PORT AUTHORITY.,터미널에 있습니다
1:26:05,ALL AGENTS HAVE SHOOT-ON-SIGHT AUTHORIZATION.,보이는 즉시 사살해
1:26:32,Agent: RIGHT THERE!,저기 있다!
1:27:16,"SIR, HE DROVE OFF THE ROOF.",밑으로 떨어졌습니다
1:27:17,WHAT! HE DROVE OFF THE ROOF.,밑으로 떨어졌습니다 옥상 밑으로요!
1:27:20,HE'S ON FOOT. HE'S RUNNING.,내려서 뜁니다
1:27:33,POLICE! FREEZE! PUT YOUR HANDS IN THE AIR! ( gun fires ),"- 경찰이다, 꼼짝 마!
- 손들어, 어서!"
1:28:12,"SIR, TAKE A LOOK AT THIS. BOURNE'S BIRTHDAY, SIR. WHAT ABOUT IT? CHECK THAT OUT.","보세요
이게 본의 진짜 생일이에요"
1:28:17,"SIR, LANDY TOLD BORNE THAT HIS BIRTHDAY WAS 4/15/71.","랜디가 알려준
생일은 71이었어요"
1:28:22,"OH, MY GOD. IT'S A CODE.",암호군
1:28:25,EVERYTHING STOPS. EVERYTHING STOPS!,모두 잠깐! 여기 주목!
1:28:27,LISTEN UP! 4/15/71.,모두 잠깐! 여기 주목! 4-15-71이 뭔지 알아내!
1:28:29,"NEW ASSIGNMENT, NUMBERS. WHAT DOES IT MEAN?",4-15-71이 뭔지 알아내! 뭘 뜻하지?
1:28:31,"John: GIVE ME ENCRYPTION CODES! IF YOU PLUG THOSE VARIABLES OF LONGITUDE AND LATITUDE,",위도와 경도라면
1:28:35,YOU GET CAMEROON.,카메룬입니다
1:28:37,"41571 IS THE ZIP CODE FOR BARNEY, KENTUCKY.","41571은
켄터키 우편 번호고요"
1:28:42,WHAT DATE DID SHE GIVE HIM? Wills: 4/15/71.,"- 생일이 며칠이랬다고?
- 4-15-71이오"
1:28:46,I DON'T BELIEVE IT.,맙소사
1:28:49,S.R.D. IS AT 415 EAST 71st STREET.,특수 연구팀 실험실의 주소야
1:28:52,SHE JUST GAVE HIM THE TRAINING FACILITY.,그 주소를 알려준 거야
1:28:54,"OH, CHRIST. BRING ALL THE TEAMS IN BEHIND US.",전 팀 출동시켜
1:31:33,Wills: THE ASSET LOST BOURNE. WE LOST HIM.,저격수가 본을 놓쳤어요
1:31:45,"ALBERT, IT'S VOSEN. BOURNE KNOWS EVERYTHING.","박사? 보슨이오 본이 다 알아요, 그리로 가고 있소"
1:31:48,HE'S ON HIS WAY TO YOU RIGHT NOW.,"본이 다 알아요, 그리로 가고 있소"
1:31:52,"HE'S COMING HOME, NOAH. HOW LONG DO I HAVE?","집으로 오고 있군 - 여유 시간은?
- 모르겠소"
1:31:56,I DON'T KNOW.,"- 여유 시간은?
- 모르겠소"
1:31:57,JUST GET THE HELL OUT OF THERE.,거길 나와요
1:32:00,"NO, I'M GOING TO STAY.",그냥 여기 있겠소
1:32:01,HE'LL HEAD FOR THE TRAINING WING. THAT'S WHAT HE KNOWS.,"훈련 센터로 갈거요
거기만 아니까..."
1:32:05,I'LL KEEP HIM IN PLAY TILL YOU GET THERE.,요원들 올 때까지 시간을 끌겠소
1:32:59,THEY'LL KILL YOU FOR GIVING ME THIS.,죽을 작정을 하셨군
1:33:02,4/15/71 ISN'T MUCH OF A CODE.,썩 중요한 정보 아니야
1:33:05,MY GUESS IS VOSEN'S ON HIS WAY ALREADY.,보슨이 오고 있을 거야
1:33:08,WHY'D YOU DO IT?,왜 날 돕지?
1:33:10,'CAUSE THIS ISN'T WHAT I SIGNED UP FOR...,"왜 날 돕지? 그런 일 하려고 CIA 된 건 아니야
블랙브라이어 말이야"
1:33:13,"WHAT THEY DID TO YOU, BLACKBRIAR. THIS ISN'T US.","그런 일 하려고 CIA 된 건 아니야
블랙브라이어 말이야"
1:33:19,THEN DO SOMETHING ABOUT IT. EVERYTHING YOU NEED IS IN THERE.,"그럼 당신이 막아
이 속에 다 있어"
1:33:27,EVERYTHING.,전부!
1:33:30,"DAVID, WHY DON'T YOU COME IN WITH ME.","데이비드, 나와 같이 가"
1:33:33,IT'LL BE BETTER IF WE DO THIS TOGETHER. NO.,"- 함께 막아보자고
- 아니"
1:33:38,THIS IS WHERE IT STARTED FOR ME. THIS IS WHERE IT ENDS.,"여기서 다 시작됐어
여기서 끝내야지"
1:33:56,Vosen: THAT'S LANDY.,랜디다
1:34:10,"Vosen: ALL RIGHT, LOCK THIS BUILDING DOWN. SET A SECURE PERIMETER OF ONE BLOCK.",출입구 막고 블록을 다 봉쇄해
1:34:21,"HELLO, THIS IS PAMELA LANDY. I HAVE TO SEND A CLASSIFIED DOCUMENT--","랜디예요, 문서 보낼 게 있어요"
1:34:24,"GET A TEAM TO S.R.D. AFTER BOURNE, AND PUT SOMEONE AT EVERY PUBLIC AREA OF THIS HOSPITAL.","실험실로 팀 보내고
공공장소 검문해"
1:34:28,"Team Leader: OKAY, ELEVATOR SHAFTS, SERVICE ENTRANCES, GO!","승강기, 설비실 다 뒤져!"
1:34:36,DAMN IT! SOUTH BAY. LET'S GO!,"젠장, 남쪽 창!"
1:34:40,"GENTLEMEN, THIS IS A PRIORITY ONE SITUATION.","긴급 상황입니다
적극 협조해주세요!"
1:34:41,YOU WILL GIVE US YOUR FULL COOPERATION.,"긴급 상황입니다
적극 협조해주세요! 3분 전 화면으로 돌려봐요"
1:34:43,GIVE ME PLAYBACK FOR THE ENTIRE BUILDING FOR THE LAST THREE MINUTES.,3분 전 화면으로 돌려봐요
1:34:58,"GO, GO!",뛰어!
1:35:05,THIS ONE HERE. WHERE IS THIS? FIRST FLOOR.,"- 여기! 여긴 어디요?
- 1층이에요"
1:35:08,I'LL TAKE LANDY ON MY OWN.,랜디는 내가 맡지
1:35:45,YOU'D BETTER GET YOURSELF A GOOD LAWYER.,일류 변호사 구해요
1:36:02,Dr. Hirsch: A REPUBLIC LIVES ON THE KNIFE'S EDGE.,국가가 위기에 처했다
1:36:13,"WHEN WE ARE FINISHED WITH YOU, YOU WILL NO LONGER BE DAVID WEBB.","넌 이제 더 이상
데이비드 웹이 아니야"
1:36:20,YOU MAY NOT EVEN REMEMBER WHO HE WAS.,그를 기억조차 못 할 거야
1:36:25,YOU KNOW WHY WE'RE TREATING YOU LIKE THIS?,이 훈련을 왜 하는지 알아?
1:36:30,"HELLO, JASON.","안녕, 제이슨"
1:36:34,I BELIEVE YOU'VE BEEN HAVING SOME PROBLEMS.,무슨 문제가 있나 보군
1:36:38,PUT THE GUN DOWN.,총 내려놔
1:36:39,I WOULDN'T BE HERE IF I DIDN'T WANT TO TALK.,얘길 좀 하려고 왔네
1:36:47,I SPENT THREE YEARS RUNNING...,3년을 도망 다녔어
1:36:50,THREE YEARS TRYING TO FIND OUT WHO I AM.,나 자신을 잃고 방황하며...
1:36:53,"YOU'VE STILL NOT GOT IT ALL BACK, HAVE YOU?",아직 기억을 다 못 찾았나?
1:36:56,STILL NOT FILLED IN THE PIECES. IT WAS ALWAYS YOU.,"- 아직 조각 조각이야?
- 늘 당신이었어!"
1:37:02,"I'M UNARMED, JASON.",난 무기가 없네
1:37:04,WHY ME? WHY DID YOU PICK ME?,왜 나였지? 왜 날 골랐어?
1:37:09,"YOU REALLY DON'T REMEMBER, DO YOU?",정말 기억 못 하는군
1:37:13,WE DIDN'T PICK YOU. YOU PICKED US.,우리가 아니라 네가 택한 거야
1:37:20,YOU VOLUNTEERED.,자원한 거라고
1:37:23,RIGHT HERE...,여기서!
1:37:28,EVEN AFTER YOU WERE WARNED.,"경고를 했음에도... ""사용 중"""
1:37:39,Daniels: CAPTAIN WEBB.,웹 대위
1:37:41,"Dr. Hirsch:  GOOD MORNING, CAPTAIN.",반갑네
1:37:48,YOU CAME IN HERE.,네가 찾아 왔어
1:37:52,"YOU DIDN'T EVEN BLINK, JASON.",한 치의 망설임도 없었지
1:38:00,YOU JUST HANDED ME THESE.,이걸 내게 주더군
1:38:09,Dr. Hirsch: HAS EVERYTHING BEEN EXPLAINED TO YOU?,설명은 다 듣고 온 건가?
1:38:13,"YES, SIR.",네
1:38:18,YOU SAID YOU WANTED TO SERVE.,나라를 위해 일하고 싶댔어
1:38:21,"YOUR MISSIONS WILL SAVE AMERICAN LIVES. Bourne: I UNDERSTAND, SIR.","- 임무는 미국 시민을 구하는 거야
- 압니다"
1:38:29,YOU SAID I'D BE SAVING AMERICAN LIVES.,미국 국민을 구하는 게 임무랬지?
1:38:32,YOU WERE.,구했잖나
1:38:34,I WAS KILLING FOR YOU...,"난 살인을 했어, 당신을 위해..."
1:38:38,FOR THEM.,저들을 위해...
1:38:40,YOU KNEW EXACTLY WHAT IT MEANT FOR YOU... IF YOU CHOSE TO STAY.,"넌 잘 알았어
여기 남는 게 뭘 뜻하는지..."
1:38:45,"WHEN WE HAVE FINISHED WITH YOU, YOU WILL NO LONGER BE DAVID WEBB.","넌 이제 더 이상
데이비드 웹이 아니야"
1:38:49,"I'LL BE WHOEVER YOU NEED ME TO BE, SIR.",뭐든 따르겠습니다
1:38:54,"YOU CAN'T OUTRUN WHAT YOU DID, JASON.",책임을 회피할 생각 마
1:38:56,YOU MADE YOURSELF INTO WHO YOU ARE.,널 만든 건 너 자신이야
1:39:00,EVENTUALLY YOU'RE GOING TO HAVE TO FACE THE FACT,사실을 인정해
1:39:03,YOU CHOSE RIGHT HERE TO BECOME JASON BOURNE.,"넌 이곳에서 선택했어
제이슨 본이 되기로..."
1:39:15,"YOU HAVEN'T SLEPT FOR A LONG TIME, DAVID.",넌 오랫동안 잠을 못 잤다
1:39:23,HAVE YOU MADE A DECISION?,이제 결심이 섰나?
1:39:30,THIS CAN'T GO ON. YOU HAVE TO DECIDE.,더 끌 순 없어 결심해야 해
1:39:37,WHO IS HE? WE'VE BEEN THROUGH THAT.,"- 저 사람 누구죠?
- 같은 걸 되묻지 마"
1:39:44,WHAT DID HE DO?,뭘 잘못했나요?
1:39:46,IT DOESN'T MATTER.,그건 안 중요해
1:40:02,YOU CAME TO US.,넌 네 발로 왔어
1:40:07,YOU VOLUNTEERED.,자원했다고
1:40:09,YOU SAID YOU'D DO ANYTHING IT TAKES,미국 국민을 구하기 위해
1:40:12,TO SAVE AMERICAN LIVES.,미국 국민을 구하기 위해 뭐든지 한다고 했지?
1:40:15,"YOU'RE NOT A LIAR, ARE YOU?",거짓말을 한 거였나?
1:40:19,OR...TOO WEAK TO SEE THIS THROUGH?,아니면 힘드니까 마음이 변한 거야?
1:40:26,THIS IS IT.,결심해
1:40:29,LET GO OF DAVID WEBB.,데이비드 웹은 잊어
1:40:37,REALLY GIVE YOURSELF TO THIS PROGRAM.,오직 네 임무만 생각하라고
1:41:06,YOU'RE NO LONGER...,넌 더 이상
1:41:08,DAVID WEBB.,데이비드 웹이 아니야
1:41:12,FROM NOW ON YOU'LL BE KNOWN AS JASON BOURNE.,이제부터 넌 제이슨 본이야
1:41:18,WELCOME TO THE PROGRAM.,이 프로그램의 일원!
1:41:33,DO YOU REMEMBER NOW?,이제 기억나나?
1:41:44,I REMEMBER.,기억나
1:41:47,I REMEMBER EVERYTHING.,모든 게 다!
1:41:51,I'M NO LONGER JASON BOURNE.,난 이제 제이슨 본이 아니야
1:41:55,SO NOW YOU'RE GOING TO KILL ME.,그럼 날 죽이겠군
1:41:58,NO.,아니
1:42:01,YOU DON'T DESERVE THE STAR THEY'D GIVE YOU ON THE WALL AT LANGLEY.,당신은 CIA 추모관에 낄 자격 없어
1:42:20,Radio: HE'S HEADED FOR THE ROOF.,옥상으로 간다!
1:43:06,WHY DIDN'T YOU TAKE THE SHOT?,왜 그때 날 안 쐈지?
1:43:18,DO YOU EVEN KNOW WHY YOU'RE SUPPOSED TO KILL ME?,넌 왜 날 죽여야 하는지는 알아?
1:43:30,LOOK AT US.,우릴 봐
1:43:35,LOOK AT WHAT THEY MAKE YOU GIVE.,저들이 만든 우리 모습을
1:44:29,"Landy: GOOD MORNING, SENATORS.",존경하는 의원님들
1:44:30,"IF I MAY, I'D LIKE TO BEGIN BY MAKING A STATEMENT FOR THE RECORD.","우선 공식적으로 밝힐
사실이 있습니다"
1:44:38,THE FILE INDICATES THAT EZRA KRAMER AUTHORIZED SIX ILLEGAL--,"에즈라 크레이머 국장은
6가지 불법 행위를..."
1:44:43,News anchorman: THE PRESIDENT CONVENED AN EMERGENCY CABINET MEETING TODAY.,대통령은 각료 회의를 열고
1:44:46,TO DISCUSS THE GROWING SCANDAL OVER AN ALLEGED GOVERNMENT ASSASSINATION PROGRAM,"블랙브라이어란
암살 프로그램에 대해"
1:44:50,"CODE NAMED ""BLACKBRIAR.""",논의했습니다
1:44:52,CIA DIRECTOR EZRA KRAMER IS UNDER CRIMINAL INVESTIGATION,미국 시민도 표적이 됐던
1:44:56,"FOR AUTHORIZING THE PROGRAM,",이 프로그램을
1:44:57,WHICH IN SEVERAL CASES MAY HAVE EVEN TARGETED U.S. CITIZENS.,"승인한 국장은
조사를 받고 있습니다"
1:45:05,TWO AGENCY OFFICIALS HAVE ALREADY BEEN ARRESTED--,실험소장 앨버트 허슈와
1:45:10,"THE ALLEGED MASTERMIND OF THE BLACKBRIAR PROGRAM,",총괄 책임자 보슨 부국장 등
1:45:12,"AND CIA DEPUTY DIRECTOR NOAH VOSEN, THE PROGRAM'S OPERATIONAL CHIEF.",두 명의 간부 요원은 체포됐습니다
1:45:20,"MEANWHILE, MYSTERY SURROUNDS THE FATE OF DAVID WEBB,","한편 블랙브라이어의
음모를 폭로한"
1:45:23,"ALSO KNOWN AS JASON BOURNE,",데이비드 웹
1:45:25,THE SOURCE BEHIND THE EXPOSURE OF THE BLACKBRIAR PROGRAM.,일명 제이슨 본은
1:45:27,IT'S BEEN REPORTED THAT WEBB WAS SHOT AND FELL FROM A MANHATTAN ROOFTOP,총을 맞고 10층 건물에서
1:45:31,INTO THE EAST RIVER TEN STORIES BELOW.,강으로 추락했으나
1:45:34,"HOWEVER, AFTER A THREE-DAY SEARCH, WEBB'S BODY HAS YET TO BE FOUND.","3일간의 수색 끝에도
시신은 찾지 못했습니다"
