﻿Time,Subtitle,Translation
44s,"Man: THIS IS NOT A DRILL, SOLDIER...",이건 실제 상황이다
46s,"( echoes ) NOT A DRILL, SOLDIER. WE'RE CLEAR ON THAT?",알겠나?
51s,THIS IS A LIVE PROJECT. YOU'RE A GO...,이건 실전이고 자네 임무야
54s,YOU'RE A GO.,임무를 수행하도록
57s,TRAINING IS OVER... TRAINING IS OVER...,훈련은 끝났다
1:01,TRAINING IS OVER.,훈련은 끝났다
1:50,I'M OKAY. IT'S FINE.,"괜찮아, 별거 아냐"
1:53,IT'S JUST A HEADACHE.,머리가 좀 아파서
2:00,YOU'RE BURNING UP.,불덩이야
2:17,"IT'S OKAY,",괜찮아
2:21,JUST A HEADACHE.,두통일 뿐이야
2:43,- ANYTHING NEW? - NO.,"- 새로운 게 있어?
- 아니"
2:49,IT'S JUST BITS AND PIECES.,그냥 단편적인 것뿐이야
2:53,"I CAN HEAR CONKLIN'S VOICE,",콩클린 목소리가 들리고
2:56,"AND THERE'S THAT PHOTOGRAPH, BUT...",사진도 보여...
3:01,I JUST CAN'T STAY WITH IT.,연결이 안 돼
3:03,- BUT YOU'RE SURE IT'S NOT JUST A BAD DR-- - IT HAPPENED.,"- 그냥 악몽은 아니고?
- 실제 상황이었어"
3:07,IT WAS A MISSION.,내가 맡은
3:11,AND I WAS THERE.,임무였어
3:13,- YOU SHOULD WRITE IT DOWN. - ( exhales ),적어 놓는 게 좋겠어
3:18,"TWO YEARS WE'RE SCRIBBLING IN THAT NOTEBOOK,",적기 시작한 게 2년째야...
3:20,- IT'S ALWAYS BAD-- - IT HASN'T BEEN TWO YEARS.,"적기 시작한 게 2년째야... - 아직 2년은 안 됐어
- 언제나..."
3:23,- NOW IT'S THE SAME THING OVER AND OVER AGAIN. - THAT'S WHY WE WRITE IT DOWN.,"- 아직 2년은 안 됐어
- 언제나... 늘 같은 내용이야 그러니까 적어 놔야지"
3:27,BECAUSE SOONER OR LATER YOU'LL REMEMBER SOMETHING GOOD.,언젠간 좋은 기억도 떠오를 거야
3:33,I DO REMEMBER SOMETHING GOOD...,좋은 기억도 있어
3:36,ALL THE TIME.,우리 둘만의
4:34,"BERLIN, GERMANY","독일, 베를린"
4:38,Woman: I WANT ONE FINAL GO-ROUND.,"독일, 베를린 - 마지막으로 한번 더 점검해
- 모두 들어라"
4:40,Man #2: ALL TEAMS LISTEN UP. WE ARE STANDING BY FOR FINAL GREEN.,"- 마지막으로 한번 더 점검해
- 모두 들어라 최종 명령을 기다려라"
4:43,"SURVEY TWO, I NEED TO KNOW WHEN YOU'VE GOT EYES.",최종 명령을 기다려라 모니터로 포착했는지 말하라
4:46,"Man #3: HUB, THIS IS SURVEY TWO. I HAVE EYES. Man #2: COPY THAT.","- 서베이 2, 포착했다
- 알았다"
4:50,"SURVEY ONE, THIS IS HUB.","서베이 1, 여기는 본부"
4:52,DO YOU HAVE VISUAL CONTACT?,"- ""파크인 래디슨 베를린""
- 목표가 보이는가?"
4:55,"HUB, THIS IS SURVEY ONE. MOBILE ONE IS IN MOTION. ( overlapping chatter )","본부, 여기는 서베이 1
모바일 1이 이동 중이다"
5:03,"Woman #2: SURVEY THREE, THAT IS GOOD.","서베이 3, 이상 없다"
5:07,- ( phone ringing ) - HUB. Operator: DIRECTOR MARSHALL FROM LANGLEY.,"- 본부입니다
- 랭글리의 마샬 국장이에요"
5:12,"- LANGLEY. - STAND BY, PLEASE. MARTIN?","- 랭글리예요
- 대기하라"
5:16,"CENTRAL INTELLIGENCE AGENCY - LANGLEY, VIRGINIA","마틴 국장님? 버지니아주, 랭글리
CIA 본부"
5:18,I'M HERE. SO IS DONNIE AND JACK WELLER.,도니와 잭 웰러도 내 옆에 있네
5:20,WE UNDERSTAND YOU'RE USING THE FULL ALLOCATION FOR THIS BUY.,정말 그 돈을 다 줄 생각인가?
5:23,"- THAT'S WHERE WE CAME OUT. - IT'S A LOT OF MONEY, PAM.","- 여기 온 이유잖아요
- 거액이야, 팸"
5:26,FOR A THIEF-- A MOLE.,첩자를 물색하기 위한 거예요
5:28,"IF IT DOES NOTHING MORE THAN NARROW THE LIST OF SUSPECTS,",찾아낼 수만 있다면
5:30,IT'S A BARGAIN AT 10 TIMES THE PRICE.,열 배는 더 가치가 있죠
5:31,"HUB, THIS IS SURVEY TWO. ESCORT IS BREAKING OFF.","본부, 여기는 서베이 2
에스코트가 떠났다"
5:35,MOBILE ONE IS ENTERING THE BUILDING.,모바일 1이 건물로 들어갔다
5:38,"GENTLEMEN, I HAVE THE SELLER ON SITE AND IN PLAY.",판매자가 현장에 도착했어요
5:40,"QUITE FRANKLY, THERE'S NOTHING MUCH MORE TO DISCUSS.",더 이상 기다릴 것도 없어요
5:48,"ALL RIGHT, PAM, YOUR CALL. - GO. - WE'RE ON.","- 좋아, 팸, 진행하게
- 출동"
5:52,- AUDIO CONTACT ONLY. - SWITCHING TO CHANNEL ONE NOW.,"- 출동이다
- 무전 통신으로 고정 이제 채널 1로 전환한다"
5:56,Man: COPY THAT. THAT'S AFFIRMATIVE.,"알았다, 전환 완료"
6:35,( in Russian ) HAVE YOU GOT IT?,가져왔소?
6:37,I'VE GOT IT. FOLLOW ME.,"가져왔소? 네, 날 따라와요"
6:57,"( in English ) HUB, MOBILE ONE AND SELLER HAVE ENTERED THE OFFICE.","모바일 1과 판매인이
사무실로 들어갔다"
7:00,COPY THAT.,"모바일 1과 판매인이
사무실로 들어갔다 알았다"
7:16,THIS IS EVERYTHING?,이게 전부인가요?
7:17,( in Russian ) IT'S ALL THERE.,"이게 전부인가요? 모두 들어있소, 이거면
공금 횡령한 자가 밝혀질 거요"
7:21,THESE FILES WILL PROVE WHO STOLE YOUR MONEY.,"모두 들어있소, 이거면
공금 횡령한 자가 밝혀질 거요"
7:53,Pam: THOSE ARE SHOTS.,총성이다!
8:01,"SURVEY ONE, COME IN! SURVEY ONE, I NEED TO KNOW WHAT HAPPENED.","서베이 1, 들리나?
상황을 말하라? 보이는 거 없나?"
8:04,DO YOU SEE ANY SHADOWS? I SEE NOTHING.,"움직임은? 그림자는? - 보이지 않는다
- 보이는 거 없나?"
8:06,- GET MEN IN THERE. GET MEN IN THERE NOW! - ( shouting ),"- 보이지 않는다
- 보이는 거 없나? 지원팀 보내, 당장! 커트, 작전 중지해"
8:12,"EYE CONTACT, I DON'T CARE IF IT'S MOBILE ONE.","- 현장
- 모바일 1, 들리는가?"
8:14,"- MOBILE ONE, COPY PLEASE. - ARE YOU THERE, MOBILE ONE?","- 현장
- 모바일 1, 들리는가? - 응답하라, 모바일 1
- 죄송합니다"
8:16,- I'M SORRY. - ( overlapping shouting ),"- 응답하라, 모바일 1
- 죄송합니다 테디, 상황을 보고하라"
8:19,WE'VE GOT THREE PLACES OUT.,"테디, 상황을 보고하라 모두 경계를 늦추지 마라"
8:39,Anchorman: ...THE ASSOCIATION'S ANNUAL CONFERENCE HERE IN BERLIN,석유 협회 베를린 회의에
8:41,IS PECOS OIL CHIEF EXECUTIVE OFFICER YURI GRETKOV.,"석유 협회 베를린 회의에 참석 중인 페코스 정유의
대표이사 유리 그레코프는"
8:44,"IN JUST SIX YEARS, GRETKOV HAS TURNED PECOS INTO AN OIL EMPIRE...","참석 중인 페코스 정유의
대표이사 유리 그레코프는 단 6년 만에 페코스를
정유 제국으로"
8:54,...HAS BECOME ONE OF THE WEALTHIEST MEN IN RUSSIA,"급성장시키며 러시아의
최대 재벌이 되었습니다"
8:57,"AFTER CONSOLIDATING DRILLING RIGHTS IN THE CASPIAN SEA,",캐스피 해 유전 개발권을 따고
8:59,AND GAINING CONTROL OF ONE OF THE WORLD'S VAST OIL RESERVES.,캐스피 해 유전 개발권을 따고 통제권을 획득...
9:04,( in Russian ) YOU'RE LATE.,늦었군
9:08,THE FILES.,파일입니다
9:18,YOU'LL GET THE REST WHEN YOU FINISH THE JOB.,나머진 임무가 완료되면 주지
9:26,I NEED TO CLEAN UP.,좀 씻고 올게요
9:28,"HURRY, YOUR PLANE LEAVES IN ONE HOUR.","서둘러, 1시간 뒤에
비행기를 타야 해"
9:34,ARE YOU SURE THE INFORMATION IS GOOD?,정보는 확실한가요?
9:37,HE'LL BE THERE.,확실해
9:54,( in English ) HOW MUCH?,얼마예요?
12:28,"- GOOD MORNING, SIR. - MORNING.","- 어서 오세요
- 안녕하세요"
12:31,"HE IS MY FRIEND. THERE'S BEEN A DEATH IN THE FAMILY,","- 어서 오세요
- 안녕하세요 제 친군데요
급히 연락할 일이 있어서요"
12:36,AND I WONDER IF YOU'VE SEEN HIM.,이 친구를 본 적이 있나요?
13:23,- HEY. - GET IN.,"- 왔어?
- 타!"
13:25,- WHAT'S WRONG? - WE'RE BLOWN.,"- 왜 그래?
- 노출됐어"
13:27,- HOW? - WE PUSHED IT. WE GOT LAZY.,"- 어떻게?
- 우리가 너무 방심했어"
13:48,THAT'S TWICE NOW I'VE SEEN THE SAME GUY. I SAW HIM IN TOWN,같은 자를 두 번이나 봤어
13:50,- AT THE TELEGRAPH OFFICE. - ARE YOU SURE? HOW CAN YOU BE SURE?,"전신국에서도 봤고 - 확실해?
- 뭔가 이상해"
13:54,"'CAUSE HE'S WRONG-- THE GUY, THE CAR HE'S DRIVING, WHAT HE'S WEARING-- IT'S JUST WRONG.","- 확실해?
- 뭔가 이상해 인상이랑 탄 차와 옷차림도
다 이상해"
13:58,"( honking, screeching )","인상이랑 탄 차와 옷차림도
다 이상해"
14:01,"- WELL, JASON, LET'S THINK FOR A WHILE. - THIS IS REAL.","- 제이슨, 진정해
- 확실해"
14:03,- HE COULD BE ANYBODY. - THIS IS REAL.,"- 제이슨, 진정해
- 확실해 - 제이슨, 아닐 수도 있잖아
- 확실해"
14:06,THAT'S HIM. THAT'S HIM RIGHT THERE. GET YOUR HEAD DOWN.,"- 제이슨, 아닐 수도 있잖아
- 확실해 확실해
저자야"
14:08,SILVER HYUNDAI. GET YOUR HEAD DOWN.,"머리 숙여, 은색 현대 차야"
14:31,HOW FAR IS HE?,몇 미터 거리야?
14:35,HOW FAR?,몇 미터야?
14:38,100 METERS.,백 미터
14:58,"HERE, TAKE THE WHEEL. YOU'RE GONNA DRIVE.","운전대 잡아, 자기가 몰아"
15:01,SWITCH.,자리 바꿔
15:06,JUST HEAD TO THE BRIDGE.,다리로 가
15:27,TURN HERE. CUT THROUGH THE FIELD. HANG ON.,"- 여기서 돌려, 들판을 가로질러
- 꽉 잡아"
16:19,YOU KEEP GOING TO THE SHACK. I'LL MEET YOU THERE IN ONE HOUR.,"집으로 곧장 가
거기서 1시간 뒤에 만나"
16:22,I'LL BAIL ON THE OTHER SIDE OF THIS BRIDGE.,다리 끝에서 뛰어내릴게
16:23,IT'S THE ONLY WAY HE CAN FOLLOW US.,다리 끝에서 뛰어내릴게 따돌리려면 그 방법밖에 없어
16:26,- WHAT IF IT'S NOT WHO YOU THINK? - IT'S THEM. IT'S TREADSTONE.,"- 만약 잘못 안 거면?
- 트레드스톤이 맞아"
16:28,- DON'T DO IT. I DON'T WANT YOU TO-- - I WARNED 'EM.,"총은 쏘지 마, 제발 - 난 경고했어
- 그러지 마"
16:30,I TOLD THEM WHAT WOULD HAPPEN IF THEY DIDN'T LEAVE US ALONE!,"- 난 경고했어
- 그러지 마 우릴 내버려 두지 않으면
가만 안 둔다고"
16:32,IT'LL NEVER BE OVER LIKE THIS. I DON'T WANT--,"우릴 내버려 두지 않으면
가만 안 둔다고 이런 식으론 절대 끝이 안 나"
16:35,"- WE DON'T HAVE A CHOICE! - YES, YOU DO.","- 제발...
- 선택의 여지가 없어 아냐, 있어"
18:45,( chattering in German ) TWO POLICE OFFICERS FOR 64...,"""경찰"""
18:57,Man: TWO OF THESE EXPLOSIVE CHARGES,"고마워 전선에 두 개의 폭발물이
설치되어 있었어요"
19:00,PLACED ON THE POWER LINES. ONE OF 'EM FAILED.,"전선에 두 개의 폭발물이
설치되어 있었어요"
19:03,HERE ARE THE FINGERPRINTS FROM THE ONE THAT DIDN'T GO OFF.,"전선에 두 개의 폭발물이
설치되어 있었어요 그중 하나는 불발이고
지문을 남겼어요"
19:05,"- THE GERMANS CAN'T MATCH IT? - NO, NOBODY'S GOT IT.","- 일치하는 자는?
- 없어요"
19:08,WE CHECKED OUT EVERY DATABASE WE COULD ACCESS. - BUT WE'RE HOOKED INTO LANGLEY NOW. - Pam: RUN IT.,"모든 정보를 다 동원했지만 없어요
지금 랭글리에 접속하고 있어요"
19:13,OKAY.,"- 검색해 봐
- 네"
19:23,WHAT THE HELL IS TREADSTONE?,"""트레드스톤 프로젝트
보안등급 5단계 필요"" 트레드스톤이 뭐지?"
19:28,GET ME A FLIGHT. WE'RE GOING TO LANGLEY.,"비행기 준비해
랭글리로 간다"
19:53,( in Russian ) BOURNE?,본은?
19:56,DONE.,제거했습니다
19:57,YOU'RE SURE HE'S DEAD?,죽은 게 확실한가?
19:59,BECAUSE THERE'S NO ROOM FOR--,실수의 여지가 있으면...
20:02,IT'S FINISHED. BOURNE. THE FILES. THE FINGERPRINT.,"다 처리했어요
본, 파일, 지문도요"
20:13,I'LL CONTACT YOU IN A MONTH.,한 달 뒤에 연락하겠다
22:03,( in English ) TWO MEN DEAD.,두 명이 죽고
22:07,NO NESKI FILES. AND ALL VERY PUBLIC.,"삼백만 달러 현금도
네스키 파일도 모두 사라졌어 공개만 됐어"
22:10,"THIS IS STILL A CLANDESTINE AGENCY, NO?","우리가 비밀 기관이
맞긴 한 건가?"
22:14,I DON'T VIEW THIS EVENT AS A FAILURE.,실패라고 보진 않아요
22:16,YOU CALL IT A SUCCESS?,"- 이걸 성공이라고 하나?
- 단서가 있어요"
22:18,"WE HAVE A LEAD, A FINGERPRINT LEFT BY THE ASSASSIN.","- 이걸 성공이라고 하나?
- 단서가 있어요 암살자가 지문을 남겼어요
우리 쪽이에요"
22:21,- HE'S ONE OF US. - WHO IS IT?,"암살자가 지문을 남겼어요
우리 쪽이에요 - 그게 누군가?
- 트레드스톤이 뭐죠?"
22:26,WHAT CAN YOU TELL ME ABOUT TREADSTONE?,"- 그게 누군가?
- 트레드스톤이 뭐죠?"
22:30,THAT'S WHERE THE TRAIL DEAD-ENDS.,"- 트레드스톤?
- 거기서 막혀요"
22:32,"IF YOU WANT AN ANSWER, YOU'RE GONNA HAVE TO GIVE ME","해답을 원한다면 보안등급 5단계 기밀문서
접근 인가를 주세요"
22:35,A LEVEL-FIVE S.C.I. ACCESS.,"보안등급 5단계 기밀문서
접근 인가를 주세요"
22:41,"WE HAVE A LEAD, MARTY.","확실한 단서가 있어요, 국장님"
22:46,"ALL RIGHT, YOU'VE GOT YOUR CLEARANCE.",좋아
22:49,BUT YOU'RE ON A VERY SHORT LEASH.,승인하지 대신 조건이 있네
22:53,AND YOU GIVE A FULL REPORT TO THE GROUP. I WANT TO KNOW WHERE YOU'RE GOING WITH THIS.,"수사 전 과정을 보고서로 올리게
하나도 빠짐없이"
22:57,SIR.,그러죠
24:18,- YES. - PAMELA LANDY.,"- 워드?
- 네?"
24:20,"HEY, PAM, WHAT CAN I DO FOR YOU?","- 파멜라 랜디예요
- 팸, 웬일인가?"
24:22,I WAS HOPING YOU HAD SOME TIME FOR ME.,"- 파멜라 랜디예요
- 팸, 웬일인가? - 시간 좀 내주세요
- 무슨 일이지?"
24:25,"- TIME FOR WHAT? - I'M FREE RIGHT NOW, ACTUALLY.","- 시간 좀 내주세요
- 무슨 일이지? - 지금 좀 만나고 싶은데요
- 긴장되는걸"
24:27,THAT SOUNDS OMINOUS. LET ME CHECK MY SCHEDULE.,"- 지금 좀 만나고 싶은데요
- 긴장되는걸 일정 좀 확인하고"
24:34,"EXCUSE ME, CAN I HELP YOU?","실례합니다, 전... - 무슨 일이죠?
- 애보트 씨를 만나러 왔는데요"
24:37,"YEAH, I'M HERE TO SEE MR. ABBOTT.","- 무슨 일이죠?
- 애보트 씨를 만나러 왔는데요"
24:39,20 MINUTES? SEE YOU.,"- 무슨 일이죠?
- 애보트 씨를 만나러 왔는데요 20분 뒤 어때?"
24:51,- OPERATION TREADSTONE. - NEVER HEARD OF IT.,"- 트레드스톤 작전
- 처음 들어"
24:53,"- THAT'S NOT GONNA FLY. - WITH ALL DUE RESPECT, PAM,","- 트레드스톤 작전
- 처음 들어 그럴 리가요"
24:55,I THINK YOU MIGHT HAVE WANDERED A LITTLE PAST YOUR PAY GRADE.,"팸, 자네 직급으론
이 일과는 거리가 멀 텐데"
24:58,THAT'S A WARRANT FROM DIRECTOR MARSHALL GRANTING ME UNRESTRICTED ACCESS,"국장님이 트레드스톤에 관련한
모든 인적 자원에 대한"
25:01,TO ALL PERSONNEL MATERIALS ASSOCIATED WITH TREADSTONE.,"국장님이 트레드스톤에 관련한
모든 인적 자원에 대한 무제한적 접근권을 승인하셨어요"
25:08,"SO, WHAT ARE WE LOOKING AT?","- 그래, 알고 싶은 게 뭔가?
- 그게 뭐죠?"
25:11,- I WANT TO KNOW ABOUT IT. - KNOW ABOUT IT?,"- 그래, 알고 싶은 게 뭔가?
- 그게 뭐죠? 암살단이네
비밀 조직이지"
25:13,IT WAS A KILL SQUAD. BLACK ON BLACK.,"암살단이네
비밀 조직이지"
25:15,WE CLOSED IT DOWN TWO YEARS AGO.,2년 전에 해체됐어
25:17,NOBODY WANTS TO KNOW ABOUT TREADSTONE-- NOT AROUND HERE.,트레드스톤은 새삼 왜 들춰내지?
25:20,SO I THINK YOU BETTER TAKE THIS BACK TO MARTY AND LET HIM KNOW,"자네가 이러는 거
마틴 국장도 알고 있나?"
25:22,- EXACTLY WHAT YOU'RE DOING. - HE DOES. I'VE BEEN DOWN TO THE ARCHIVES.,"자네가 이러는 거
마틴 국장도 알고 있나? 네, 보관소에서
파일을 받아 왔어요"
25:26,"I HAVE THE FILES, WARD.","네, 보관소에서
파일을 받아 왔어요"
25:28,"- LET'S TALK ABOUT CONKLIN. - WHAT ARE YOU AFTER, PAM?","네, 보관소에서
파일을 받아 왔어요 - 콩클린에 대해 말해 주세요
- 원하는 게 뭔가?"
25:32,YOU WANT TO FRY ME? YOU WANT MY DESK? IS THAT IT?,"날 매장시키고 싶나?
아니면 내 자리를 원하나?"
25:36,- I WANT TO KNOW WHAT HAPPENED. - WHAT HAPPENED? JASON BOURNE HAPPENED.,"- 진실을 알고 싶어요
- 진실? 제이슨 본은 파일에 있잖아"
25:39,YOU GOT THE FILES. THEN LET'S CUT THE CRAP.,제이슨 본은 파일에 있잖아 단도직입적으로 말하지
25:43,CONKLIN HAD THESE GUYS WOUND SO TIGHT THEY WERE BOUND TO SNAP.,"콩클린은 돌기 직전까지
맹렬하게 그들을 훈련시켰어"
25:47,BOURNE WAS HIS NUMBER ONE.,그의 최정예 대원인 본은
25:49,"THE GUY WENT FOR A JOB, SCREWED THE OP, NEVER CAME BACK.","임무에 실패하고는
잠적해 버렸지"
25:52,CONKLIN COULDN'T FIX IT. COULDN'T FIND BOURNE. COULDN'T ADJUST.,"콩클린은 뒷수습은
물론 본도 못 찾았어"
25:55,- IT ALL WENT SIDEWAYS. - SO YOU HAD CONKLIN KILLED.,"모든 게 수포로 돌아갔지 그래서 콩클린을 죽였나요?
단도직입적으로 말하면요?"
25:59,"I MEAN, IF WE'RE CUTTING THE CRAP.","그래서 콩클린을 죽였나요?
단도직입적으로 말하면요?"
26:01,I'VE GIVEN 30 YEARS AND TWO MARRIAGES TO THIS AGENCY.,"난 이 기관에 온 힘을 다해
30년이란 세월을 봉사했고"
26:03,I'VE SHOVELED SHIT ON FOUR CONTINENTS. I'M DUE TO RETIRE NEXT YEAR.,내년이면 은퇴야
26:06,"BUT IF YOU THINK I'M GONNA SIT HERE AND LET YOU DANGLE ME WITH THIS,","내년이면 은퇴야 이 일로 날 끌고 들어갈 거라면
가만두지 않겠어"
26:09,YOU CAN GO TO HELL. AND MARSHALL TOO.,"이 일로 날 끌고 들어갈 거라면
가만두지 않겠어 마샬도 함께"
26:14,IT HAD TO BE DONE.,다 지난 일이야
26:16,AND BOURNE-- WHERE IS HE NOW?,"- 본은 어디 있죠?
- 어디서 죽었겠지"
26:18,"DEAD IN A DITCH, DRUNK IN A BAR IN MOGADISHU.","- 본은 어디 있죠?
- 어디서 죽었겠지 - 폐인이 됐거나, 낸들 알겠나?
- 난 알 것 같아요"
26:20,- WHO KNOWS? - I THINK I DO.,"- 폐인이 됐거나, 낸들 알겠나?
- 난 알 것 같아요"
26:22,I HAD A DEAL GOING DOWN IN BERLIN LAST WEEK.,"지난주 베를린에서
거래가 있었어요"
26:25,"AND DURING THE BUY, BOTH OUR CASE OFFICER AND THE SELLER WERE KILLED.","거래 중에
우리 요원과 상대측이 죽었어요"
26:28,THEY WERE KILLED BY JASON BOURNE.,제이슨 본에 의해서요
26:34,THEY'RE READY FOR US UPSTAIRS.,다들 기다리십니다
26:41,"LONDON, ENGLAND CIA SUBSTATION","영국, 런던
CIA 지국"
27:15,"( in English ) SEVEN YEARS AGO, $20 MILLION OF CIA FUNDS DISAPPEARED","7년 전 2천만 달러의
CIA 자금이 사라졌어요"
27:19,DURING A WIRE TRANSFER THROUGH MOSCOW.,모스크바로 이체 중 증발했죠
27:21,"IN THE INVESTIGATION THAT FOLLOWED,",그 사건을 조사하던 중에
27:23,"WE WERE CONTACTED BY A RUSSIAN POLITICIAN, VLADIMIR NESKI.","블라디미어 네스키란
러시아 정치인의 연락을 받았죠"
27:27,"NESKI CLAIMED WE HAD A LEAK, AND THAT WE'D BEEN RIPPED OFF BY ONE OF OUR OWN.","네스키에 따르면
우리 내부 소행이라고 했죠"
27:31,- AND WERE WE? - WE NEVER FOUND OUT.,"- 사실인가?
- 밝혀내질 못했죠"
27:33,WE WERE NEGOTIATING A MEET WHEN HE WAS KILLED.,"네스키 씨는 접선 전에
살해당했어요"
27:36,- BY WHO? - HIS WIFE.,"- 범인은?
- 아내였죠"
27:38,THE CASE HAD GONE COLD UNTIL A MONTH AGO WHEN WE FOUND A SOURCE--,"그 사건은 정보를 찾기 전까진
미결 처리 상태였죠"
27:41,ANOTHER RUSSIAN IN BERLIN WHO CLAIMED TO HAVE ACCESS TO THE NESKI MURDER FILES.,"네스키 파일을 가지고 있다며
다른 러시안 인이 접촉해 왔죠"
27:44,WE THOUGHT WE HAD ANOTHER BITE AT THE APPLE.,"네스키 파일을 가지고 있다며
다른 러시안 인이 접촉해 왔죠 사건을 풀 단서를
잡았다고 생각했죠"
27:49,"TURNS OUT THE ASSASSIN WAS ONE OF OUR OWN, JASON BOURNE.","암살자는 우리 요원인
제이슨 본이었어요"
27:53,"I KNOW TREADSTONE IS NOT A VERY POPULAR SUBJECT AROUND HERE,","암살자는 우리 요원인
제이슨 본이었어요 트레드스톤이 그리 달가운
화젯거리가 아닌 건 알아요"
27:58,BUT WE FOUND SOME INTERESTING THINGS WHEN WE DUG A LITTLE DEEPER.,"하지만 수사 중에
흥미로운 걸 발견했어요"
28:01,THIS IS CONKLIN'S PERSONAL COMPUTER.,이건 콩클린의 개인 컴퓨터예요
28:03,HIS TREADSTONE FILES ARE BLOATED WITH CODE KEYS,암호화된 트레드스톤 파일이
28:07,AND CASE FILES THAT HE NEITHER NEEDED NOR HAD CLEARANCE FOR.,암호화된 트레드스톤 파일이 다른 파일과 함께 섞여 있더군요
28:10,"BURIED IN THE HARD DRIVE, WE FOUND A DELETED FILE","그에겐 승인 허가가 없는
기밀 서류들이요"
28:12,WITH AN ACCOUNT NUMBER TO A BANK IN ZURICH.,"하드에서 삭제된 스위스 은행의
계좌 번호를 찾아냈죠"
28:14,"AT THE TIME OF HIS DEATH, HE WAS SITTING ON A PERSONAL ACCOUNT OF $760,000.","사망 당시, 개인 계좌에 76만 달러가 있었어요"
28:18,YOU KNOW WHAT HIS BUDGET WAS?,"76만 달러가 있었어요 그에게 할당된 예산은
모두 알잖소?"
28:21,"WE WERE THROWING MONEY AT HIM, THROWING IT AT HIM AND ASKING HIM TO KEEP IT DARK.","모든 재량권을 맡겼었죠 돈을 주고
알아서 몰래 쓰라고 했죠"
28:24,IT WAS HIS OWN ACCOUNT. HE WAS UP TO SOMETHING.,"개인 계좌예요
구린 데가 있어요"
28:26,THIS IS SUPPOSED TO BE DEFINITIVE?,확실한가?
28:27,WHAT'S DEFINITIVE IS I JUST LOST TWO PEOPLE IN BERLIN.,확실한 건 난 두 사람을 잃었어요
28:30,SO WHAT'S YOUR THEORY? CONKLIN'S REACHING OUT FROM THE GRAVE TO PROTECT HIS GOOD NAME?,"자네 이론은 뭔가?
콩클린이 무덤에서 나와"
28:32,"- THE MAN IS DEAD. - NO ONE'S DISPUTING THAT, WARD.","조종이라도 했다는 건가? - 그는 죽었어
- 논쟁할 가치도 없네"
28:36,"OH, FOR CHRIST'S SAKE, MARTY, YOU KNEW CONKLIN.",콩클린을 잘 알잖나?
28:38,"DOES THIS SCAN? I MEAN, AT ALL?",이게 말이 된다고 생각해?
28:43,"- CUT TO THE CHASE, PAM. - I THINK BOURNE AND CONKLIN WERE IN BUSINESS TOGETHER.","요점을 말하게, 팸 본과 콩클린이
동업을 한 것 같아요"
28:47,BOURNE'S STILL INVOLVED AND WHATEVER INFORMATION I WAS TRYING TO BUY IN BERLIN,"베를린에서 제가 사려던 정보는 본이 노출을
무릅쓰고 없애야 할..."
28:50,WAS BIG ENOUGH TO BRING BOURNE OUT FROM HIDING TO KILL AGAIN. HOW'S THAT SCAN?,증거였고요 이건 어때요?
28:56,"EXCUSE ME, SIR, BUT YOU'RE NOT GOING TO BELIEVE THIS.","죄송합니다, 제임스 본의 여권이"
28:58,JASON BOURNE'S PASSPORT JUST POPPED UP ON THE GRID IN NAPLES.,방금 나폴리의 감시망에 걸렸어요
29:05,"OKAY, CONTACT NAPLES. THEY NEED TO KNOW WHO THEY'RE DEALING WITH.","나폴리 지국을 연결해
주의 사항을 알리고"
29:08,FIND OUT WHAT KIND OF LOCAL ASSETS WE HAVE IN PLACE THERE.,그곳 인원과 수사력을 파악해
29:17,"NO, IT'S NOTHING. SOME GUY'S NAME CAME UP ON THE COMPUTER.","아직 이요
컴퓨터 조회에 뭔가 걸려서요"
29:23,"( in English ) YEAH. HEY, LISTEN, TOM, I'M GONNA CALL YOU BACK, OKAY?","네, 나중에 다시 걸게요"
29:43,"MR. BOURNE, I'M JOHN NEVINS.","본 씨, 난 미영사관의
존 네빈스요"
29:45,I'M WITH THE U.S. CONSULATE. I JUST HAVE A FEW QUESTIONS FOR YOU.,"본 씨, 난 미영사관의
존 네빈스요 몇 가지 확인할 게 있소"
29:59,YOU'RE COMING OUT OF TANGIERS. IS THAT CORRECT?,탠지어에서 왔죠?
30:08,"WHAT'S THE, UH, NATURE OF YOUR VISIT TO NAPLES?",나폴리를 방문한 이유는 뭐죠?
30:32,"( in English ) LOOK, I DON'T KNOW WHAT YOU DID. AND I DON'T KNOW WHO YOU'RE WORKING FOR,","난 당신이 무슨 짓을 했는지
누구와 일하는지는 모르지만"
30:37,"BUT I PROMISE YOU THIS,",장담하는 데 순순히 협조하는 게
30:40,YOU'RE GOING TO PLAY BALL ONE WAY OR THE OTHER.,신상에 좋을 거야
30:52,"- THIS IS NEVINS. - THIS IS TOM CRONIN, C.I. OPERATIONS OFFICER",네빈스입니다 CIA 작전 장교인 톰 크로닌이다
30:55,"CALLING FROM LANGLEY, VIRGINIA. DO YOU HAVE A JASON BOURNE IN CUSTODY?","CIA 작전 장교인 톰 크로닌이다 - 제이슨 본을 억류하고 있나?
- 네, 그렇습니다"
30:58,"- YES, I DO. - LISTEN, HE'S AN AGENCY PRIORITY TARGET.","- 제이슨 본을 억류하고 있나?
- 네, 그렇습니다 그자는 주요 용의자다"
31:01,USE WHATEVER MEANS NECESSARY.,그자는 주요 용의자다 잡아두고 다시 전화하게
31:05,- CALL ME BACK AS SOON AS HE'S SECURE. - I UNDERSTAND.,잡아두고 다시 전화하게 알겠습니다
31:51,HE'S BEEN DETAINED. HERE'S THE NUMBER.,"억류 중입니다
연락 번호고요"
31:54,HE'S BEING INTERROGATED BY A FIELD OFFICER,"억류 중입니다
연락 번호고요 영사관 감찰관이 심문 중입니다"
31:56,OUT OF THE CONSULATE.,영사관 감찰관이 심문 중입니다
32:12,"- HELLO? - THIS IS PAMELA LANDY, C.I. SUPERVISOR.","- 여보세요?
- 파멜라 랜디 CIA 부국장이다"
32:15,WHERE DO WE STAND?,상황은?
32:17,"I, UH, THINK HE GOT AWAY.",도망쳤습니다
32:21,DAMN IT!,젠장!
32:24,"HAVE YOU LOCKED DOWN THE AREA? LOCKED IT DOWN? NO. NO, THIS IS ITALY,","- 시설을 봉쇄했나?
- 봉쇄요? 아니요"
32:28,THEY DON'T EXACTLY LOCK DOWN.,"여긴 이탈리아에요
봉쇄할 수 있는..."
32:31,"- HOW LONG HAVE YOU WORKED FOR THE AGENCY? - ME? FOUR YEARS, MA'AM.","- 기관에서 일한 지 얼마나 됐나?
- 4년 차입니다"
32:34,"Pam: IF YOU WANT TO MAKE IT TO FIVE, LISTEN CLOSE.",계속 일하고 싶으면 잘 듣게
32:36,BOURNE IS ARMED AND EXTREMELY DANGEROUS.,계속 일하고 싶으면 잘 듣게 본은 무장했고 극도로 위험하다
32:38,"LAST WEEK IN BERLIN, HE ASSASSINATED TWO MEN,",본은 무장했고 극도로 위험하다 지난주 베를린에서
32:40,ONE A HIGHLY EXPERIENCED FIELD OFFICER.,지난주 베를린에서 두 명을 암살했다
32:42,I WANT YOU TO SECURE THAT AREA. I WANT ANY EVIDENCE SECURED.,그 지역을 봉쇄하고 당장 모든 증거를 수거해
32:45,"- AND I WANT IT DONE RIGHT NOW. IS THAT CLEAR? - YES, SIR-- MA'AM.","당장 모든 증거를 수거해 - 알겠나?
- 네, 알겠습니다"
32:48,"I'M GETTING A PLANE TO BERLIN IN 45 MINUTES,","난 45분 뒤에
베를린으로 출발하니"
32:50,WHICH MEANS YOU'LL CALL ME BACK IN 30.,30분 안에 결과를 보고하도록
32:53,"AND WHEN I ASK YOU WHERE WE STAND, I'D BETTER BE IMPRESSED.","다음번엔 날 기쁘게 할 정보를
전하는 게 좋을 거야"
32:59,- BERLIN? - I ALREADY HAVE A TEAM IN PLACE THERE.,"- 베를린?
- 부대를 배치했어요"
33:01,I DOUBT BOURNE'S IN NAPLES READY TO START A FAMILY.,거기 간 이유가 있을 거예요
33:03,YOU HAVE NO IDEA NO IDEA WHAT YOU'RE GETTING INTO.,자넨 놈을 몰라
33:06,"DO YOU? FROM THE MINUTE HE LEFT TREADSTONE,",그를 추적하기 위해 보낸 자들은
33:08,HE'S KILLED AND ELUDED EVERY PERSON YOU'VE SENT TO FIND HIM.,모두 살해됐거나 실종됐어요
33:10,"SO YOU READ A COUPLE FILES ON JASON BOURNE, THAT MAKES YOU AN EXPERT?",고작 파일 몇 개로
33:13,- THIS IS MY CASE. - Marshall: ENOUGH.,"- 전문가가 됐나?
- 내 소관이에요, 워드 그만 들 하게
둘 다 비행기를 타게"
33:15,I WANT YOU BOTH ON THAT PLANE.,"그만 들 하게
둘 다 비행기를 타게"
33:17,"WE ARE, ALL OF US, GOING TO DO WHAT WE WERE EITHER TOO LAZY","그만 들 하게
둘 다 비행기를 타게 이번엔 확실하게"
33:20,OR INEPT TO DO THE LAST TIME AROUND.,이번엔 확실하게 끝맺음하고 오게
33:22,WE'RE GONNA FIND THIS SON OF A BITCH AND TAKE HIM DOWN.,이놈을 찾아서 제거하게
33:25,I'M NOT HAVING JASON BOURNE DESTROY ANY MORE OF THIS AGENCY.,"더 이상 제이슨 본이
우리 기관을 먹칠하게 둘 순 없어"
33:29,"IS THAT DEFINITIVE ENOUGH FOR YOU? YES, SIR.","- 무슨 소린지 알아듣겠나?
- 알겠네"
33:36,Pam's voice: JASON BOURNE IS ARMED AND EXTREMELY DANGEROUS.,"본은 무장했고
극히 위험하다"
33:39,LAST WEEK IN BERLIN HE ASSASSINATED TWO MEN.,지난주 베를린에서
33:41,ONE AN HIGHLY EXPERIENCED FIELD OFFICER.,두 명을 암살했다
33:43,- I WANT THAT AREA-- - ( tape rewinds ),그 지역을 봉쇄하고...
33:44,...HE ASSASSINATED TWO MEN.,베를린에서
33:46,ONE AN HIGHLY EXPERIENCED FIELD OFFICER.,두 명을 암살했다
33:48,I WANT THAT AREA SECURED.,그 지역을 봉쇄하고
33:49,I WANT ANY EVIDENCE SECURED. I WANT IT DONE RIGHT NOW--,당장 증거를 수거해
34:17,"Conklin's voice: THIS IS NOT A DRILL, SOLDIER.",이건 실제 상황이다
34:21,ARE WE CLEAR ON THAT?,알겠나?
35:13,"AMSTERDAM, NETHERLANDS","네덜란드, 암스테르담"
35:37,Cronin: YOU'D BEEN WORKING AT TREADSTONE FOR THREE YEARS.,"자넨 트레드스톤에서
3년간 활동했었군"
35:39,AND YOUR COVER AT THE TIME WAS WHAT?,"자넨 트레드스톤에서
3년간 활동했었군 위장 신분이 뭐였지?"
35:43,I WAS AN AMERICAN STUDENT IN PARIS.,파리에 유학한 미국 학생이었어요
35:45,AND WHAT EXACTLY DID YOUR JOB WITH TREADSTONE IN PARIS CONSIST OF?,파리에서의 정확한 임무는 뭐였나?
35:48,I HAD TWO RESPONSIBILITIES. ONE WAS TO COORDINATE LOGISTICAL OPERATIONS.,파리에서의 정확한 임무는 뭐였나? 요원의 임무 이동 업무와
35:52,THE OTHER WAS MONITOR THE HEALTH OF THE AGENTS.,"건강 체크
두 가지 임무였어요"
35:54,"- HEALTH, MEANING WHAT? - THEIR MENTAL HEALTH.","- 건강?
- 정신 건강이요"
35:57,"BECAUSE OF WHAT THEY HAD BEEN THROUGH, THEY WERE PRONE TO PROBLEMS.",다양한 문제점이 발견됐거든요
35:59,"- WHAT KIND OF PROBLEMS? - DEPRESSION, ANGER, COMPULSIVE BEHAVIORS.","어떤 문제였지? 우울증, 분노, 충동적 행동"
36:04,"THEY HAD PHYSICAL SYMPTOMS. HEADACHES, SENSITIVITY TO THE LIGHT.","신체적 증상도 나타났죠
두통, 광 과민증 등이요"
36:08,"- AMNESIA? - BEFORE BOURNE, NO.","- 기억상실증은?
- 본 이전엔 없었어요"
36:16,THE PLANE'S READY. THERE'S A CAR WAITING FOR YOU.,"비행 준비됐어요
차가 대기 중입니다"
36:18,"- GOOD LUCK. - NO, YOU WERE HIS LOCAL CONTACT.","비행 준비됐어요
차가 대기 중입니다 - 행운을 빌어요
- 아니, 콩클린이 사망하던 날 밤"
36:21,YOU WERE WITH HIM THE NIGHT CONKLIN DIED. YOU'RE COMING WITH US.,"자네가 그의 접선책이었잖아
우리와 같이 간다"
37:27,LANGLEY PULLED AN IMAGE OUT OF NAPLES. IT'S UPLOADING RIGHT NOW.,"랭글리에서 나폴리 억류 당시
영상을 올리고 있어요"
37:31,IT'S COMING IN NOW. WORKING.,지금 들어오네요
37:34,- Woman: I NEED CLEARANCE. - HE'S NOT HIDING. THAT'S FOR SURE.,"- 승인이 필요해요
- 표정이 당당하군"
37:38,- WHY NAPLES? WHY NOW? - COULD BE RANDOM.,"왜 나폴리였을까요
그것도 지금? - 충동적이었겠지
- 확대해"
37:40,- MAYBE HE'S RUNNING. - ON HIS OWN PASSPORT?,"- 도주 중인지도 모르지
- 자기 여권으로?"
37:42,- WHAT IS HE ACTUALLY DOING? - HE'S MAKING HIS FIRST MISTAKE.,"- 뭘 하고 있는 걸까?
- 첫 번째 실수겠지"
37:45,IT'S NOT A MISTAKE.,실수가 아니에요
37:48,THEY DON'T MAKE MISTAKES.,"그들은 실수를 허용하지 않아요
충동적인 행동은 하지 않죠"
37:50,"THEY DON'T DO ""RANDOM"". THERE'S ALWAYS AN OBJECTIVE. ALWAYS A TARGET.","그들은 실수를 허용하지 않아요
충동적인 행동은 하지 않죠 목표에 따라 움직여요"
37:53,THE OBJECTIVES AND TARGETS CAME FROM US. WHO'S GIVING THEM TO HIM NOW?,"목표에 따라 움직여요 그 목표를 지정하는 건 우리였는데
지금은 누가 할까?"
37:57,SCARY VERSION?,알고 싶어요?
37:59,HE IS.,그 자신이죠
38:04,"MUNICH, GERMANY","독일, 뮌헨"
38:59,I EMPTIED IT.,총알을 뺐어
39:01,IT FELT A LITTLE LIGHT. PUT IT DOWN.,"- 어쩐지 가볍다 했어
- 내려놔"
39:11,FRONT.,앞으로 매
39:14,"SORRY, OLD HABITS.","미안, 습관이라"
39:18,USE YOUR TEETH.,이로 당겨
39:32,WORD IN THE ETHER WAS YOU'D LOST YOUR MEMORY.,소문엔 기억을 잃었다던데
39:35,YOU STILL SHOULD HAVE MOVED.,그래도 거처를 옮겼어야지
39:40,- WHAT DO YOU WANT? - CONKLIN.,"- 원하는 게 뭐야?
- 콩클린"
39:43,HE'S DEAD. SHOT DEAD IN PARIS.,"그는 죽었어
파리에서 피살됐어"
39:46,DEAD THE NIGHT YOU WALKED OUT.,"그는 죽었어
파리에서 피살됐어 네가 사라지던 그 날 밤에"
39:48,SO WHO'S RUNNING TREADSTONE NOW?,그럼 트레드스톤은 누가 지휘하지?
39:50,NOBODY. THEY SHUT IT DOWN.,"아무도, 해체됐어
모두 끝났어"
39:52,IT'S OVER.,"아무도, 해체됐어
모두 끝났어 남은 건 우리 둘뿐이야"
39:55,WE'RE THE LAST TWO.,남은 건 우리 둘뿐이야
40:02,"IF IT'S OVER, THEN WHY ARE THEY STILL AFTER ME?",그럼 왜 날 추적하지?
40:04,- I DON'T KNOW. - EVER HEARD THE NAME PAMELA LANDY?,"- 나도 몰라
- 파멜라 랜디가 누구지?"
40:07,- I DON'T KNOW WHO THAT IS. - PAMELA LANDY IN BERLIN.,"- 누군지 몰라
- 파멜라 랜디가 베를린에는"
40:09,- WHAT'S GOING ON IN BERLIN? - I DON'T KNOW.,왜 온 거지? 나도 몰라
40:14,WHY WOULD I LIE?,왜 내가 거짓말을 하겠나?
40:39,I THOUGHT YOU WERE HERE TO KILL ME.,날 죽이려고 온 줄 알았어
40:44,WHAT'D YOU DO? I'M SORRY.,"- 무슨 짓을 한 거야?
- 미안해"
40:49,DID YOU CALL IT IN?,경보기를 켰나?
40:54,GET UP. COME ON.,"일어서, 어서"
41:00,"YOU HAVE A CAR OUT FRONT? THE KEYS ARE IN MY COAT POCKET, BUT WE SHOULD...","- 현관에 차 있지?
- 내 주머니에 열쇠가 있어"
41:04,- WHAT? - GO OUT THE BACK. I HAVE ANOTHER CAR.,"- 하지만...
- 뭐? 뒤로 나가지
다른 차가 있어"
45:59,"NO, WE DON'T HAVE A GUEST BY THAT NAME.","""유명 호텔"""
46:06,"( woman #2 speaking German ) WESTIN GRAND HOTEL, HELLO! HOW CAN I HELP YOU?","""웨스틴 그랜드 호텔입니다
무엇을 도와 드릴까요?"""
46:09,"( in German ) PAMELA LANDY, PLEASE.",파멜라 랜디 부탁합니다
46:14,"YES, ONE MOMENT PLEASE, I WILL PUT YOU THROUGH.","네, 잠시만요"
46:44,"( woman #2 speaking German ) WESTIN GRAND HOTEL, HELLO! HOW CAN I HELP YOU?","""웨스틴 그랜드 호텔입니다
무엇을 도와 드릴까요?"""
46:47,"( in English ) PAMELA LANDY, PLEASE.",파멜라 랜디 부탁합니다
46:49,"- ( in English ) ONE MOMENT, PLEASE. - THANK YOU.","""잠시만 기다리세요"" 감사합니다"
46:55,( in English ) I WANTED TO CALL A GUEST.,어떤 일로 오셨나요? 손님 중에 파멜라 랜디 부탁해요
46:57,"- PAMELA LANDY. - ( in English ) JUST ONE SECOND, PLEASE.",손님 중에 파멜라 랜디 부탁해요 잠시만요
46:59,- ( phone rings ) - HELLO?,여보세요?
47:05,HELLO?,여보세요?
47:08,"( in English ) I'M SORRY, SIR, THE PHONE'S BUSY RIGHT NOW. - YOU LIKE TO LEAVE A MESSAGE? - I'LL TRY LATER, THANK YOU.","- 죄송합니다, 통화 중이신 데요
- 나중에 다시 하죠, 고마워요"
47:59,"Pam: OKAY, LET'S TAKE A LOOK AT THE TIMELINE. WHAT'S BOURNE'S OBJECTIVE?","자, 그의 행적을 분석해보자고
본의 목적이 뭘까?"
48:03,"NOW, I WANT TO BREAK THIS OUT IN BOXES.",각자 역할을 분담해보자고
48:05,"NAPLES OUTBOUND. CHECK EVERYTHING. FLIGHTS, TRAINS, POLICE REPORTS.","나폴리에서 나오는
수단은 다 확인해 봐 비행기, 기차, 경찰 조서도"
48:09,"- THAT'S BOX ONE. TEDDY, THAT'S YOURS. - YOU GOT IT.","비행기, 기차, 경찰 조서도 - 그건 테디, 자네가 맡게
- 알겠습니다"
48:15,"Pam: BOX #2-- CALL IT ""PRIOR CONNECTIONS.""","두 번째, 주요 연결점이다"
48:17,I WANT TO RERUN ALL BOURNE'S TREADSTONE MATERIAL-- EVERY FOOTSTEP.,"본의 트레드스톤
자료를 다시 검토해 발자취 모두"
48:23,"KIM, BOX THREE. I WANT TO IDENTIFY HIS METHOD OF TRAVEL.","킴, 세 번째는 자네가 맡게"
48:26,"STAY ON THE LOCAL COPS. WE NEED A VEHICLE, A PARKING TICKET-- SOMETHING.","그의 여행 방법을 파악해 봐
차량, 주차 딱지 등"
48:29,"LANGLEY'S OFFERED TO UPLOAD ANY SATELLITE IMAGING WE NEED. SO, LET'S FIND A TARGET.","단서가 될 만한 건 모두 조사해
랭글리와 연계해 목표가 위성에 뜨는 대로
추적을 하고"
48:34,"DANNY, BOX FOUR. WE NEED FRESH EYES.","대니는 네 번째,
새로운 시각이 필요해"
48:37,REVIEW THE BUY WHERE WE LOST THE NESKI FILES.,"파일을 잃었던
그 거래를 검토해 봐"
48:40,TIMELINE IT WITH WHAT WE KNOW ABOUT BOURNE'S MOVEMENTS.,"그동안의 행적을 바탕으로
본의 움직임을 파악하고"
48:42,TURN IT UPSIDE DOWN AND SEE WHAT WE CAN FIND.,"그동안의 행적을 바탕으로
본의 움직임을 파악하고 완전히 까뒤집어서
뭘 찾아내는지 보자고"
48:46,"COME ON, GUYS. WE RAN THIS GUY'S LIFE WITH TOTAL CONTROL","놈은 수년 동안
우리 밑에 있던 자야"
48:49,FOR ALL THOSE YEARS. WE SHOULD BE A STEP AHEAD OF HIM.,"놈은 수년 동안
우리 밑에 있던 자야 그를 예측할 수 있어야 해"
48:52,YOU WANT TO GO HOME? FIND JASON BOURNE.,"집에 가고 싶나?
그럼 제이슨 본을 찾아"
49:14,PAMELA LANDY. THIS IS JASON BOURNE.,"- 파멜라 랜디예요
- 제이슨 본이오"
49:19,- BOURNE? - IT'S BOURNE.,"- 본?
- 본이래"
49:21,WE GOT 90 SECONDS TO TRIANGULATE HIS POSITION.,"90초는 끌어야
위치 추적이 가능해요"
49:23,WHAT DO YOU WANT?,"90초는 끌어야
위치 추적이 가능해요 원하는 게 뭔가?"
49:28,ARE YOU RUNNING TREADSTONE?,당신이 트레드스톤의 책임자요?
49:33,TREADSTONE WAS CLOSED DOWN TWO YEARS AGO. YOU KNOW THAT.,트레드스톤은 2년 전에 해체됐어 알고 있을 텐데?
49:36,THEN WHO'S PLANNING THE MISSIONS NOW?,"그럼 지금은 누가
임무를 기획하죠?"
49:39,THERE ARE NO MISSIONS. IT'S OVER.,"임무는 없다, 다 끝났어"
49:44,- THEN WHAT DO YOU WANT WITH ME? - BERLIN.,"- 그럼 왜 날 쫓는 거죠?
- 베를린"
49:49,HAVE YOU FORGOTTEN WHAT HAPPENED IN BERLIN?,그 일을 벌써 잊었나?
49:54,"YOU KILLED TWO PEOPLE, BOURNE. ( echoes ) YOU KILLED TWO PEOPLE, BOURNE.","자넨 두 명을 죽였어, 본"
50:02,"Conklin's voice: NESKI, VLADIMIR NESKI.","네스키
블라디미르 네스키"
50:16,BOURNE?,본?
50:20,Bourne: I WANT TO COME IN.,복귀하고 싶소
50:24,"- OKAY, HOW DO YOU WANT TO DO IT? - Man: I NEED 35 SECONDS.","- 좋다, 어떤 방법으로?
- 35초 더요"
50:27,Bourne: I NEED SOMEONE I KNOW TO BRING ME IN.,"- 좋다, 어떤 방법으로?
- 35초 더요 - 도와줄 사람이 있어요
- 누구?"
50:30,WHO?,"- 도와줄 사람이 있어요
- 누구?"
50:32,"THERE WAS A GIRL IN PARIS, PART OF THE PROGRAM.","파리에서 작전에
참가한 여자가 있소"
50:35,SHE USED TO HANDLE LOGISTICS.,요원 이동을 담당했죠
50:38,"ALEXANDERSTRASSE, 30 MINUTES-- UNDER THE WORLD CLOCK.","30분 뒤에 알렉산더 광장
시계탑으로 보내요"
50:41,SEND HER ALONE. GIVE HER YOUR PHONE.,당신 휴대폰 들려서 혼자 보내요
50:44,WHAT IF I CAN'T FIND HER?,그녀를 못 찾으면?
50:46,"IT'S EASY. SHE'S STANDING RIGHT NEXT TO YOU. ( phone clicks, dial tone )","찾기 쉬워요
바로 당신 옆에 있으니까"
51:04,- THERE IS JUST SO MANY-- - HERE IT IS.,"- 너무 많아요
- 여기 있어요"
51:06,HERE... THE SECOND QUADRANT.,"- 너무 많아요
- 여기 있어요 - 구획도예요
- 어디지?"
51:09,( overlapping shouting ),"- 구획도예요
- 어디지? 이쪽 것도 좀 부탁해"
51:12,THE CLOCK IS RIGHT HERE. HE'S PUT HER IN THE MIDDLE OF EVERYTHING.,이쪽 것도 좀 부탁해 시계 탑은 여깄네요
51:16,IT'S A SECURITY NIGHTMARE. THERE IS NO WAY WE'RE GONNA GET HER COVERED.,"젠장, 한복판이잖아 그녀를 엄호할 방법이 없어요"
51:19,"CALL A MAYDAY INTO BERLIN STATION. WE NEED SNIPERS, D.O.D.--",베를린 서에 전화해 저격수 요청해
51:23,NO SNIPERS! NO SNIPERS! YOU PUT SNIPERS ON THE ROOF AND IT'LL SCARE HIM OFF.,"저격수 요청해 안 돼요 저격수가 있으면 숨어버릴 거예요
생포해야 해요"
51:26,- I NEED ANSWERS. - YOU CAN'T REALLY BELIEVE HE WANTS TO COME IN.,"저격수가 있으면 숨어버릴 거예요
생포해야 해요 복귀하겠다는 말을
진심으로 믿는 건 아니겠지?"
51:29,HE KNOWS SOMETHING ABOUT THE NESKI CASE.,"네스키 건에 대해
뭔가 알고 있어요"
51:31,AND I'M NOT GONNA PASS UP THIS CHANCE TO FIND OUT WHAT IT IS.,그걸 알아내야 한다고요
51:33,DON'T BE A FOOL!,멍청한 소리 말게
51:35,ARE WE TALKING ABOUT PROTECTING NICKY OR KILLING BOURNE?,"니키를 보호하는 거요
아니면 본을 죽이는 거요?"
51:37,- KILLING BOURNE. - WE'RE TALKING ABOUT THE NEXT DEAD BODY.,"본을 죽이는 거요 니키가 다음 희생자가
될 수도 있어"
51:40,- IT MIGHT BE NICKY. IT WILL BE SOMEONE. - YOU'RE NOT HEARING ME.,"니키가 다음 희생자가
될 수도 있어 말귀가 안 통하는군요
본의 죽음은 아무 도움이 안 돼요"
51:42,BOURNE DEAD GIVES ME NOTHING.,"말귀가 안 통하는군요
본의 죽음은 아무 도움이 안 돼요"
51:47,CAN I TALK TO YOU PRIVATELY?,잠깐 얘기 좀 할까?
51:56,- WHAT? - I KNOW HOW YOU'RE FEELING.,"- 뭐요?
- 자네 기분은 알아"
51:59,YOU LOST TWO MEN IN BERLIN AND YOU WANT IT TO MEAN SOMETHING.,허무하게 두 명을 잃은 건 알아
52:01,BUT NOTHING BOURNE GIVES YOU WILL BRING YOUR MEN BACK.,허무하게 두 명을 잃은 건 알아 본이 그들을 되살릴 것 같나?
52:04,NOTHING IN THOSE FILES MAKES THEIR SACRIFICE WORTHWHILE.,"그 둘의 희생을 되돌릴 수 있는 건
아무것도 없어"
52:07,YOU HAVE TO LET GO. WE'RE PROFESSIONALS.,"잊어버려 우린 프로야, 작전이 실패하면
종결하는 수밖에 없어"
52:10,"WHEN AN OPERATION GOES BAD, WE TIE IT OFF.","우린 프로야, 작전이 실패하면
종결하는 수밖에 없어"
52:12,"IF THERE'S SOMETHING YOU'RE NOT TELLING ME, I WANT IT NOW,",감추는 게 있다면
52:14,BEFORE I SEND THAT GIRL. DO YOU UNDERSTAND?,니키를 보내기 전에 말해줘요
52:19,YOU TALK ABOUT THIS STUFF LIKE YOU READ IT IN A BOOK.,다 알고 있다는 듯이 얘기하는군
52:36,WHAT DO YOU WANT TO DO?,어떻게 할까요?
52:40,PUT THE SNIPERS IN PLACE.,저격수 배치해
52:43,"IF THINGS GO BAD, WE TAKE HIM OUT.",상황이 나빠지면 놈을 처치해
52:46,YOU GOT IT.,알겠어요
53:26,"Man: HUB, THIS IS SURVEY ONE. WE HAVE A CROWD MOVING IN.","서베이 1, 인파가 몰려옵니다"
53:30,- IT'S SOME SORT OF PROTEST MARCH. - CAN YOU GET CLOSER?,"서베이 1, 인파가 몰려옵니다 - 데모 행렬입니다
- 가장 가까이 간 겁니다"
53:32,"SORRY, THAT'S AS CLOSE AS I CAN GET.","- 데모 행렬입니다
- 가장 가까이 간 겁니다"
53:34,"SURVEY TWO, CAN YOU GET IN ANY CLOSER?","- 데모 행렬입니다
- 가장 가까이 간 겁니다 더 가까이 갈 순 없나?"
53:36,"- KURT, MAKE SURE THE SOUTH END IS COVERED. - ROGER.",남쪽을 커버해 알았다
53:40,AFFIRMATIVE. COPY THAT.,접근했다
53:42,"( yelling, cheering )",알았다
53:56,- HELLO. - Bourne: THERE'S A TRAM COMING TOWARDS YOU.,여보세요? 다가오는 전차를 타
53:58,- GET ON IT. - SHE'S MOVING TO THE TRAM.,다가오는 전차를 타
54:01,"- SHE'S COMING YOUR WAY, SURVEY FIVE. - WHERE'S IT GOING?","- 전차로 이동한다
- 어디 행이지?"
54:04,TO ALEXANDERPLATZ STATION.,전차는 알렉산더 광장 역으로 간다 알렉산더 광장역
54:11,Man: THIS IS SURVEY FIVE. I CAN'T SEE HIM. I DON'T SEE HIM.,"서베이 5, 그는 보이지 않는다"
54:18,Man: THIS IS SURVEY TWO. SHE'S GETTING ON THE TRAM.,그가 안 보인다
54:21,- SHE'S GETTING ON THE TRAM. - ZOOM IN.,"- 본부, 여자가 전차에 탔습니다
- 전차를 확대해"
54:23,- BOURNE'S ON THE TRAM. - I DON'T THINK HE'S ON THE TRAM.,"- 본은 전차에 탔어
- 전차 안에 없는데요"
54:27,HE'S ON THE TRAM.,"- 본은 전차에 탔어
- 전차 안에 없는데요 전차에 탔어"
54:31,SEND THEM IN TO FOLLOW. TELL THEM TO KEEP THEIR DISTANCE.,"미행을 보내
거리를 두라고 해"
54:33,"- ( shouting ) - OKAY, DELTA, LET'S GO. GET ON IT.","좋다, 델타, 출동
전차에 타"
54:36,LET'S GO.,가자
54:40,TELL THEM TO HURRY. THERE'S NOTHING ON THE SOUTH SIDE.,"- 서둘러요
- 남쪽엔 없습니다"
54:58,"ALEXANDERPLATZ STATION, 25 SECONDS.","알렉산더 광장역까지
25초 남았습니다"
55:16,THIS IS SURVEY THREE. THERE'S A LOT OF PROTESTORS HERE.,시위하는 사람들이 너무 많아요
55:18,THERE'S NO WAY WE CAN COVER HER OUT THERE.,시위하는 사람들이 너무 많아요 엄호가 불가능합니다
55:22,"- GET HER OUT OF THERE. - GO, DELTA. MOVE, NOW!","- 니키를 빼내
- 델타 팀, 출동, 어서"
55:43,Man: SHE'S NOT HERE. SHE'S GONE. - GOD DAMN IT. - THEY'RE NOT ON THE TRAM.,"- 없어요, 사라졌어요
- 젠장!"
55:48,"- ( overlapping shouting ) - Nicky: JASON, PLEASE DON'T HURT ME.","- 전차에 없습니다
- 본은 혼자야! - 제이슨, 제발 날 살려줘요
- 내가 뭐라고 했지?"
55:50,WHAT WERE MY WORDS? WHAT DID I SAY?,"- 제이슨, 제발 날 살려줘요
- 내가 뭐라고 했지?"
55:54,"- I SAID LEAVE ME ALONE, LEAVE ME OUT OF IT. - I DID, I SWEAR.","날 내버려 두라고 했잖아 그랬어요, 정말이에요
당신을 믿는다고 말했어요"
55:56,"JASON, I TOLD THEM THAT I BELIEVED YOU.","그랬어요, 정말이에요
당신을 믿는다고 말했어요"
55:59,I'M GOING TO ASK YOU SOME SIMPLE QUESTIONS.,몇 가지만 물어보겠어
56:01,YOU'RE GONNA ANSWER ME HONESTLY OR I SWEAR TO GOD I'M GOING TO KILL YOU.,"정직하게 대답해
안 그럼 죽이고 말겠어"
56:05,"- DELTA, GIVE ME SOMETHING. I NEED SOMETHING. - THEY'RE ON IT!",뭔가 알아냈나?
56:08,WHO'S PAMELA LANDY?,잡혔어요! 파멜라 랜디는 누구야?
56:10,SHE'S A TASK FORCE CHIEF.,"파멜라 랜디는 누구야? - 특수 부대 사령관이에요
- 트레드스톤을 지휘하나?"
56:12,"- IS SHE RUNNING TREADSTONE? - NO, SHE'S THE DEPUTY DIRECTOR.","- 특수 부대 사령관이에요
- 트레드스톤을 지휘하나? - 아뇨, 부국장이에요
- 왜 날 죽이려고 하지?"
56:15,WHY IS SHE TRYING TO KILL ME?,"- 아뇨, 부국장이에요
- 왜 날 죽이려고 하지?"
56:17,LAST WEEK AN AGENCY FIELD OFFICER TRIED TO MAKE A BUY OFF ONE HER OPS.,"지난주 그녀의 작전 요원이
러시아 장교와 거래가 있었어요"
56:20,- HE WAS TRYING TO SELL OUT A MOLE OR SOMETHING. - AND?,"지난주 그녀의 작전 요원이
러시아 장교와 거래가 있었어요 내부 첩자에 대한
정보를 사려고요"
56:23,- AND YOU GOT TO HIM BEFORE WE DID. - I KILLED HIM?,"- 그런데?
- 당신이 한발 빨랐잖아요"
56:25,YOU LEFT A PRINT. THERE WERE PARTIAL PRINTS TRACED BACK TO TREADSTONE.,"- 내가 죽였다고?
- 지문을 남겼어요 그 지문으로 트레드스톤까지
추적하게 된 거예요"
56:28,- THEY KNOW IT WAS YOU. - THAT IS INSANE.,"그 지문으로 트레드스톤까지
추적하게 된 거예요 - 그건 말도 안 돼
- 왜죠, 왜 돌아온 거죠?"
56:31,WHY ARE YOU DOING THIS? WHY COME BACK NOW?,"- 그건 말도 안 돼
- 왜죠, 왜 돌아온 거죠?"
56:33,JUST STOP! STOP!,"- 랜디가...
- 멈춰"
56:36,"LAST WEEK, I WAS 4,000 MILES AWAY IN INDIA WATCHING MARIE DIE.","지난주 난 4천마일 밖 인도에서
마리가 죽는 걸 보고 있었어"
56:40,"THEY CAME FOR ME, AND THEY KILLED HER INSTEAD.","지난주 난 4천마일 밖 인도에서
마리가 죽는 걸 보고 있었어 날 추격하다
대신 마리가 죽었어"
56:44,THIS ENDS NOW.,이건 여기까지야
56:50,- ( radio static ) - FIND HER.,찾아
56:56,WHY ARE YOU TRYING TO FRAME ME?,왜 날 모함하는 거지?
56:57,"PLEASE, I'M ONLY HERE BECAUSE OF PARIS. ABBOTT--","난 파리 일 때문에 온 거예요
애보트..."
57:00,- ABBOTT? WHO'S ABBOTT? - CONKLIN'S BOSS. HE-- HE SHUT DOWN TREADSTONE.,"애보트가 누구야? 콩클린 상관, 트레드스톤을
폐쇄했죠"
57:03,- IS HE HERE IN BERLIN? - YES.,"- 그도 베를린에 있어?
- 네"
57:05,- DID HE RUN TREADSTONE? - ( sobbing ) PLEASE...,트레드스톤을 지휘한 게 그였어?
57:07,"- DID HE RUN TREADSTONE? - YES, CONKLIN REPORTED TO HIM.","- 그가 트레드스톤을 지휘했냐고?
- 네, 콩클린의 직속 상관이었어요"
57:10,"PLEASE, PLEASE, I SWEAR.","제발, 맹세해요"
57:12,WHAT WAS LANDY BUYING? WHAT KIND OF FILES?,"랜디가 사려던 건 뭐야?
무슨 파일이지?"
57:14,CONKLIN-- STUFF ON CONKLIN.,"랜디가 사려던 건 뭐야?
무슨 파일이지? 콩클린에 대한 것요"
57:16,IT WAS SOMETHING TO DO WITH A RUSSIAN POLITICIAN.,콩클린에 대한 것요 러시아 정치인과 연관된 거랬어요
57:25,- NESKI. - WHAT? WHAT ARE YOU TALKING ABOUT?,"- 네스키
- 무슨 얘기 하는 거예요?"
57:31,( Conklin's voice echoing ) YOUR TRAINING IS OVER.,훈련은 끝났다
57:35,- WHEN WAS I HERE IN BERLIN? - WHAT DO YOU MEAN?,"- 내가 베를린에 간 게 언제였지?
- 네?"
57:37,FOR TREADSTONE. YOU KNOW MY FILE. I DID A JOB HERE-- WHEN?,"트레드스톤 작전 말이야
임무를 맡은 게 언제였지?"
57:40,- NO. YOU NEVER WORKED IN BERLIN. - MY FIRST JOB.,"트레드스톤 작전 말이야
임무를 맡은 게 언제였지? 없어요, 베를린에서
일한 적 없어요"
57:42,"IN BERLIN, I DID A JOB HERE. YOU KNOW MY FILE.","내 첫 임무, 내 파일 봤잖아"
57:44,- YOU'VE NEVER WORKED BERLIN. - MY FIRST JOB.,"내 첫 임무, 내 파일 봤잖아 - 베를린에서 일한 적 없어요
- 내 첫 임무 말이야!"
57:47,"- NO, YOUR FIRST ASSIGNMENT WAS GENEVA. - YOU FUCKING PEOPLE!","- 베를린에서 일한 적 없어요
- 내 첫 임무 말이야! - 첫 임무는 제네바였죠
- 망할 놈들!"
57:50,"( screams ) I SWEAR, I SWEAR!","- 첫 임무는 제네바였죠
- 망할 놈들! - 정말이에요!
- 난 여기 있었어, 니키!"
57:52,"- I KNOW I WAS HERE, NICKY. - IT'S NOT IN YOUR FILE. IT'S NOT IN YOUR FILE.","- 정말이에요!
- 난 여기 있었어, 니키! - 파일엔 없어요
- 난 여기 있었다고!"
57:55,I KNOW I WAS HERE!,"- 파일엔 없어요
- 난 여기 있었다고!"
57:57,"I SWEAR. OH, PLEASE...","맹세해요
당신 파일엔 없어요, 제발!"
58:18,"PAM, I WANT TO SHOW YOU SOMETHING.","팸, 보여줄 게 있어요
알렉산더 광장이에요"
58:19,THIS IS ALEXANDERPLATZ. WE GOT THREE LEVELS.,"팸, 보여줄 게 있어요
알렉산더 광장이에요 15개 터널 모두 반경 블럭 안에
몰려 있어요"
58:22,15 TUNNELS ALL CONVERGING IN A FIVE-BLOCK RADIUS.,"15개 터널 모두 반경 블럭 안에
몰려 있어요"
58:25,OVER HERE LUFTSCHUTZBUNKER. AN OLD WAR SHELTER.,"여기요
오래된 방공호가 있어요"
58:27,"- HOW MANY MEN? - TWO COVERING THE BACK,","여기요
오래된 방공호가 있어요 몇 명이나 있나?"
58:28,THE REST FANNED OUT FOR A SEARCH.,"둘이요, 나머진 수색 중이에요"
58:30,WHAT'S OUR SECURITY SITUATION HERE?,"둘이요, 나머진 수색 중이에요 - 여기 경비 상황은 어떤가?
- 어디요?"
58:32,- WHERE HERE? - IN THE BUILDING. CHECK EVERYTHING.,"- 여기 경비 상황은 어떤가?
- 어디요? 이 건물 말이야"
58:35,"- RECHECK ALL THE STAIRWELLS, ALL THE HALLWAYS, EVERYTHING. - DONE.",계단과 복도 전부 확인해 알겠습니다
58:40,LET'S GO PUBLIC. RELEASE HIS PHOTO TO THE BERLIN POLICE.,"공개 수사해
베를린 경찰에 사진 배포하고"
58:43,"AND CHECK OUT HIS STORY ABOUT THE GIRLFRIEND IN INDIA, TOO.",인도 일도 확인해 봐
58:46,"- I'M ON IT. - YOU'RE IN A BIG PUDDLE OF SHIT, PAMELA.","알겠습니다 신발도 안 신고
진흙탕에 빠진 격이군"
58:49,AND YOU DON'T HAVE THE SHOES FOR IT.,"신발도 안 신고
진흙탕에 빠진 격이군"
58:52,HE SAID HE DIDN'T KNOW ANYTHING ABOUT BERLIN.,"그는 베를린에 대해
아무것도 몰라요"
58:54,HE KNEW NICKY WORE A WIRE.,"그는 베를린에 대해
아무것도 몰라요 도청된다는 걸 알고 있었어"
58:55,DON'T YOU THINK THAT WAS FOR OUR BENEFIT?,도청된다는 걸 알고 있었어
58:57,HE DIDN'T SOUND LIKE A MAN IN CONTROL.,도청된다는 걸 알고 있었어 불안정한 목소리였어요
59:00,WE KNOW HE WAS IN BERLIN.,그가 베를린에 있었던 걸 알잖아
59:02,HIS MIND IS BROKEN! WE BROKE IT! AND NOW--,"제정신이 아니야
우리가 그렇게 만들었고..."
59:04,NOW TERMINATE HIM? YOU'VE BEEN PUSHING THAT SINCE WE GOT HERE.,"- 그래서...
- 그래서 없애자고요? 처음부터 원하던 게 그거잖아요"
59:07,HE SAID YOU'RE RUNNING TREADSTONE. SHOULD WE BELIEVE THAT TOO?,"트레드스톤을 지휘한 게
자네라는데 그것도 믿나?"
59:10,- I'M CONVINCED BOURNE KNOWS SOMETHING. - HE KNOWS YOU'RE AFTER HIM.,본은 뭔가 알고 있어요 자길 쫓는 게 자네란 것도
59:13,"AND IN THE INTEREST OF SELF-PRESERVATION, YOU MIGHT START WITH THAT.","살고 싶다면
그 점부터 명심하는 게 좋을 거야"
59:17,CHECK ON THOSE PHOTOS. HAVE THEY GONE OUT?,"저 사진들도 확인해
배포는 했나?"
59:33,I NEED TO SHOW YOU SOMETHING.,보여드릴 게 있는데요
1:01:21,"ALL RIGHT, I FINISHED MY BOX WORK,","조사를 끝냈어요, 보고하기 전에"
1:01:24,BUT I WANTED TO SHOW YOU BEFORE I SHOWED LANDY.,보여드리고 싶은 게 있어서요
1:01:26,"I CAME DOWN HERE LAST NIGHT, BECAUSE NONE OF THIS IS MAKING ANY SENSE.","지난밤에 여길 왔는데
영 앞뒤가 안 맞아서요"
1:01:30,"I'M WITH YOU-- CONKLIN WAS A NUT, BUT A TRAITOR?","콩클린이 지나친 면이 있지만
배신자라?"
1:01:32,I JUST CAN'T GET THERE.,"- 확신이 안 서요
- 찾아낸 게 뭔가, 대니?"
1:01:34,"- WHAT DO YOU HAVE, DANNY? - IF YOU PUT A 4-GRAM KEL ON HERE,","- 확신이 안 서요
- 찾아낸 게 뭔가, 대니? 4그램 폭약을 여기에 넣으면"
1:01:38,IT'S GONNA TAKE OUT POWER TO THE BUILDING. YOU KNOW THAT.,건물의 전력을 마비시키죠
1:01:40,THERE WERE TWO CHARGES THAT WERE SUPPOSED TO GO OFF SIMULTANEOUSLY.,"두 곳에서 연속으로
터지게 되어있었는데"
1:01:43,"THE SECOND ONE, THE ONE OVER HERE DIDN'T GO OFF.","여기 두 번째건 터지지 않았죠
우선, 이건 별 소용도 없죠"
1:01:47,"FIRST OF ALL, THIS IS NOTHING-- IT'S A SUB-LINE FOR THE BREAKER ABOVE.",위에 있는 브레이커의 곁줄이죠
1:01:50,SECOND-- WHY PUT THE CHARGE ALL THE WAY DOWN HERE?,"둘째는 왜 이 폭약을 여기까지
설치했느냐죠?"
1:01:53,"IF YOU'RE GOOD ENOUGH TO GET IN HERE AND HANDLE THE GEAR,","둘째는 왜 이 폭약을 여기까지
설치했느냐죠? 여기에 들어올 만큼 실력이 좋다면"
1:01:56,YOU'RE GOOD ENOUGH TO KNOW YOU DON'T NEED THIS.,이걸 설치할 필요도 없거든요
1:01:58,- BOURNE WOULD KNOW. - IT WAS STAGED?,"본이라면요 - 모함이라 생각하나?
- 확실한 건 아니에요"
1:02:01,IS IT A SLAM DUNK? NO.,"- 모함이라 생각하나?
- 확실한 건 아니에요"
1:02:03,BUT WHAT IF SOMEBODY WERE TRYING TO COVER THEIR TRACKS,하지만 콩클린과 본에게
1:02:05,BY BLAMING CONKLIN AND BOURNE?,뒤집어씌운 거라면요?
1:02:07,WHAT IF BOURNE DIDN'T HAVE ANYTHING TO DO WITH THIS?,"본은 이 일과는
전혀 상관이 없다면요?"
1:02:12,"- SHOW ME AGAIN. - ALL RIGHT. WHAT IF-- ( grunts, metal jingles )","- 다시 보여주게
- 네, 그러니까..."
1:02:41,"Conklin's voice: PULL OVER, HE'S GETTING OUT.","""브렉커 호텔"" 세워, 그가 나온다"
1:02:47,"THIS IS NOT A DRILL, SOLDIER.",이건 실제 상황이다
1:02:49,WE'RE CLEAR ON THAT?,알겠나?
1:02:51,THIS IS A LIVE PROJECT AND YOU ARE GO.,"이건 실전이고
자네 임무야"
1:02:57,WE'LL SEE YOU ON THE OTHER SIDE.,반대편에서 기다리겠네
1:03:19,"GOOD EVENING, SIR. HOW CAN I HELP YOU?","안녕하세요, 뭘 도와 드릴까요?"
1:03:21,"YEAH, HI, I WANTED TO GET A ROOM FOR THE NIGHT.",오늘 밤 숙박하려고요
1:03:23,- DO YOU HAVE A RESERVATION? - NO.,"- 예약하셨나요?
- 아니요"
1:03:30,"ACTUALLY, IS ROOM 645 AVAILABLE? I'VE STAYED THERE BEFORE.","645호실 비었나요?
전에 묵은 적이 있는데"
1:03:38,"I'M SORRY, SIR, THAT ROOM IS OCCUPIED.","죄송합니다, 손님이 계십니다"
1:03:40,HOW ABOUT ROOM 644? IT'S RIGHT ACROSS THE HALL.,"죄송합니다, 손님이 계십니다 644호는 어떠세요?
바로 맞은 편입니다"
1:03:45,SIR?,손님?
1:03:47,"- 644? - IT'S FINE, THANK YOU.","- 644호요?
- 좋아요, 고마워요"
1:03:51,I JUST NEED YOUR PASSPORT AND SIGNATURE.,"- 644호요?
- 좋아요, 고마워요 여권 보여주시고
여기 서명 부탁합니다"
1:03:54,"RIGHT HERE, PLEASE.","여권 보여주시고
여기 서명 부탁합니다"
1:03:57,HAVE A NICE NIGHT.,좋은 시간 되세요
1:04:32,- HE JUST CHECKED IN. - YES.,"""지명 수배"""
1:05:19,"( in English ) WHERE? BRECKER HOTEL, ON THE KUR'DAMM.",어디? 브렉커 호텔이야
1:05:21,"OKAY, WE'RE THERE. TEDDY, TAKE THE VAN.","좋아, 곧 갈게
밴을 타고 가!"
1:05:23,"- BRECKER? HOW FAR? - ABOUT FIVE, SIX MINUTES.","- 거리는?
- 5~6분 정도"
1:06:46,"CONGRATULATIONS, SOLDIER, TRAINING IS OVER.","축하하네, 훈련은 끝났어"
1:07:32,( shouting ),"""644호"""
1:08:18,"BLACK COAT-- POSSIBLY LEATHER, DARK T-SHIRT, DARK PANTS.","검정 가죽 코트에
검정 티셔츠와 바지를 입고 있다"
1:08:23,THE COPS OUT THERE WANT TO CORRAL ALL THE GUESTS,"검정 가죽 코트에
검정 티셔츠와 바지를 입고 있다 경찰은 투숙객을 한 곳에 몰아서"
1:08:25,ON THE SIDEWALK AND CHECK THEM OUT ONE BY ONE.,경찰은 투숙객을 한 곳에 몰아서 한 사람씩 확인한대요
1:08:27,Pam: THAT'LL REALLY WORK. WHAT THE HELL IS HE DOING HERE?,"정말 효과가 있겠군 - 여기서 뭘 하고 있는 걸까?
- 하룻밤 묵고 싶었겠죠"
1:08:30,MAYBE HE JUST WANTED TO STAY THE NIGHT.,"- 여기서 뭘 하고 있는 걸까?
- 하룻밤 묵고 싶었겠죠"
1:12:12,"- ( in English ) THEY MISSED HIM? - YEAH, SO FAR.","- 못 찾았나?
- 지금까진요"
1:12:14,BUT THEY FOUND NICKY. SHE'S BACK AT THE WESTIN.,"니키는 찾았대요
본이 보내줬대요"
1:12:16,- BOURNE LET HER GO. - HE LET HER GO?,"니키는 찾았대요
본이 보내줬대요 - 그가 놔줬다고?
- 네"
1:12:19,- YEAH. - WHERE'S DANNY ZORN? HE OUGHT TO HEAD OVER THERE AND DEBRIEF HER.,"대니 존은 어디 있는 거야?
할 일이 태산인데"
1:12:24,- WHY DID BOURNE COME HERE? - WE DON'T KNOW YET.,"왜 본이 여길 왔을까? 아직 모릅니다
랜디는 저 위에 있어요"
1:12:28,LANDY'S UPSTAIRS IN ONE OF THE ROOMS.,"아직 모릅니다
랜디는 저 위에 있어요"
1:12:30,SHE SAID SHE'D CALL YOU WHEN SHE'S DONE.,끝나는 대로 연락할 겁니다
1:12:34,OKAY...,알았네
1:12:38,I THINK I'LL TAKE A CAB BACK TO THE HOTEL.,"난 택시 타고
숙소로 돌아가 있겠네"
1:12:48,SO THE ROOM HE CHECKED INTO WAS ACROSS THE HALL.,"그가 투숙했던 방은
맞은 편이라죠?"
1:12:52,WHY WOULD HE COME IN HERE?,여긴 왜 온 걸까요?
1:13:03,- WHAT ARE YOU THINKING? - I RECOGNIZE THIS ROOM FROM A PHOTO.,"- 무슨 생각 하세요?
- 사진에서 이 방을 본 기억이 나"
1:13:08,THERE WAS A CHALK OUTLINE RIGHT HERE-- AROUND THE BODY OF VLADIMIR NESKI.,"블라디미르 네스키 사체 위치를
그린 윤곽이 바로 여기 있었어"
1:13:11,THIS IS WHERE HIS WIFE KILLED HIM?,"그가 아내에게
살해당한 곳이 여기예요?"
1:13:16,DO YOU STILL THINK HIS WIFE KILLED HIM?,"아직도 아내가
살해했다고 생각하나?"
1:13:27,GUESS HE GOT OUT THROUGH THIS WINDOW.,이 창문으로 빠져나갔겠죠
1:13:29,WE JUST GOT WORD FROM THE BERLIN POLICE.,베를린 경찰에서 연락이 왔는데
1:13:34,THEY FOUND DANNY ZORN'S BODY.,대니 존이 사체로 발견됐대요
1:13:41,I WANT YOU TWO TO STAY ON BOURNE. CHECK EVERYTHING THAT'S OUT THERE.,"자네 둘은 본을 맡고
의심나는 건 모두 확인해"
1:13:45,CALL ABBOTT. TELL HIM TO WAIT FOR ME IN HIS HOTEL.,애보트에게 연락해서
1:13:47,I'M COMING TO SEE HIM.,숙소로 내가 간다고 전해
1:14:19,( in English ) IT'S ME. THEY'RE ONTO NESKI.,"- 여보세요
- 나야 네스키 사건을 파헤치고 있어"
1:14:23,THIS IS NOT A CLEAN PHONE.,이 전화는 안전하지 않아
1:14:26,THEY CAN'T PROVE ANYTHING WITHOUT BOURNE.,본이 없으면 아무것도 증명 못 해
1:14:28,KILL BOURNE AND YOU KILL THIS INVESTIGATION.,"본을 죽이고
수사도 종결하게"
1:14:30,"I'M AFRAID, WARD, THE TIME HAS COME FOR US TO PART COMPANY.","워드, 이제 우리 동업을
끝낼 때가 된 것 같군"
1:14:34,"LISTEN, YURI, YOU BOUGHT THOSE OIL LEASES","워드, 이제 우리 동업을
끝낼 때가 된 것 같군 유리, 넌 CIA 자금 이천만 달러를
빼돌려 석유 채굴권을 샀어"
1:14:36,WITH 20 MILLION IN STOLEN CIA SEED MONEY.,"유리, 넌 CIA 자금 이천만 달러를
빼돌려 석유 채굴권을 샀어"
1:14:39,- YOU OWE ME. - I GAVE YOU YOUR CUT.,"- 넌 내게 빚이 있어
- 자네 몫은 줬잖아"
1:14:42,WE BOTH GOT RICH.,우린 부자가 됐고
1:14:44,I DON'T OWE YOU ANYTHING.,난 빚진 것 없어
1:14:46,THE PLAN CAN STILL BE SALVAGED. JUST GET BOURNE.,"본만 없애면 계획엔 차질 없어
듣고 있나?"
1:14:49,"DO YOU HEAR ME? HE'S STILL OUT THERE! NOW, GET HIM!","본만 없애면 계획엔 차질 없어
듣고 있나? 놈을 찾아 없애"
1:14:51,- GET JASON B-- - ( phone clicks ),제이슨을...
1:15:13,"I DON'T SUPPOSE IT'LL DO ME MUCH GOOD TO CRY FOR HELP, HUH?",소리 질러도 소용없겠지?
1:15:18,NOT MUCH.,소용없지
1:15:22,YOU KILLED HER.,넌 마리를 죽였어
1:15:24,IT WAS A MISTAKE. IT WAS SUPPOSED TO BE YOU.,그건 실수였어 죽일 사람은 너였어
1:15:29,THERE WERE FILES LINKING ME TO THE NESKI MURDER.,"내가 네스키 살인과 연루된 걸
증명하는 서류가 있었어"
1:15:33,"IF THE FILES DISAPPEARED AND THEY SUSPECTED YOU,","파일이 사라지고 널 의심하게 되면
널 없앤 후"
1:15:36,THEY'D BE CHASING A GHOST FOR 10 YEARS.,네 짓으로 몰려고 했지
1:15:39,SO HE GOT IN THE WAY?,방해가 된 거였군
1:15:41,IS THAT WHY NESKI DIED? IS THAT WHY YOU KILLED MARIE?,"그래서 네스키를 죽였나?
마리를 죽인 이유도?"
1:15:45,YOU KILLED MARIE--,마리를 죽인 건 너야
1:15:47,THE MINUTE YOU CLIMBED INTO HER CAR.,그녀의 차에 네가 탄 그 순간
1:15:49,"THE MINUTE YOU ENTERED HER LIFE, SHE WAS DEAD.","네가 그녀의 인생에 끼어든
그 순간 그녀는 죽은 거야"
1:15:53,I TOLD YOU PEOPLE TO LEAVE US ALONE.,우릴 내버려 두라고 했잖아
1:15:55,I FELL OFF THE GRID. I WAS HALFWAY AROUND THE WORLD.,"난 아무도 모르게
숨어 살고 있었다고"
1:15:57,THERE'S NO PLACE THEY WON'T CATCH UP TO YOU.,넌 과거에서 절대 벗어나지 못해
1:16:00,IT'S HOW EVERY STORY ENDS.,삶은 그런 거야
1:16:03,"IT'S WHAT YOU ARE, JASON, A KILLER.","인정해, 제이슨
넌 살인자야"
1:16:06,YOU ALWAYS WILL BE.,그 굴레를 벗어날 수 없어
1:16:10,"GO AHEAD, GO ON, GO ON, DO IT. DO IT!","어서 죽여, 어서!"
1:16:16,SHE WOULDN'T WANT ME TO.,마리가 원치 않을 거야
1:16:18,THAT'S THE ONLY REASON YOU'RE ALIVE.,"그게 당신이 살아 있는
유일한 이유야"
1:17:36,I'M A PATRIOT. I SERVED MY COUNTRY.,"난 애국자야
난 국가를 위해 봉사했어"
1:17:39,- AND DANNY ZORN? WHAT WAS HE? - UNLUCKY.,"난 애국자야
난 국가를 위해 봉사했어 - 그럼 대니 존은? 그는 왜?
- 운이 나쁜 거지"
1:17:45,COLLATERAL DAMAGE?,희생양이라고나 할까
1:17:49,SO WHAT DO WE DO NOW?,그럼 이제 어쩌죠?
1:17:52,I'M NOT SORRY.,난 죄책감 없어
1:18:52,"- ( phone ringing ) - NO, FORGET IT.","- 아냐, 됐어
- 여기에 오는 대로 전화해"
1:18:56,"- CALL ME AS SOON AS IT'S SECURE. - NO, THAT'S NOTHING.","- 아냐, 됐어
- 여기에 오는 대로 전화해 아니, 없어"
1:18:59,- WE COULD SYNCH UP. - WHO'S THIS GUY?,"- 맞춰볼 수 있어
- 이 자는 누구지?"
1:19:01,Kim: PLATFORM P...,플랫폼 P
1:19:03,"Abbott's voice: GO AHEAD, GO ON, GO ON, DO IT. DO IT!","어서, 해"
1:19:07,Bourne: SHE WOULDN'T WANT ME TO.,"""파멜라 랜디
235호"" 마리가 원치 않을 거야"
1:19:09,THAT'S THE ONLY REASON YOU'RE ALIVE.,"마리가 원치 않을 거야 그게 당신이 살아 있는
유일한 이유야"
1:19:23,WE GOT A CALL FROM LANGLEY.,랭글리의 전화예요
1:19:25,THEY'RE GOING THROUGH ABBOTT'S RECORDS.,"랭글리의 전화예요 애보트의 기록을
조사하고 있어요"
1:19:28,MARSHALL WANTS TO KNOW WHAT'S GOING ON WITH BOURNE.,"애보트의 기록을
조사하고 있어요 마샬 국장님이 본의 수사에 대해
알고 싶어 해요"
1:19:33,"WAIT, TEDDY... TEDDY, WHO'S THIS? LOOK AT THIS GUY.","잠깐, 테디?
이건 누구야? 이자를 봐"
1:19:37,HE'S ABOUT TO ENTER RIGHT THERE. THERE!,저기 막 들어가는 저자 말이야!
1:19:39,- THAT'S BOURNE. - GET DOWN HERE. WE GOT SOMETHING.,"- 바로 저기
- 본이야! - 단서를 잡았어요
- 시야에 포착됐어"
1:19:42,- WHAT DO YOU GOT? - WE GOT A SIGHTING. CHECK IT OUT.,"- 단서를 잡았어요
- 시야에 포착됐어 확인해"
1:19:45,"THERE, I GOT IT ON THE BIG MONITOR.","저기, 더 큰 모니터로 잡아볼게"
1:19:46,"- HOLD ON. - LOOK, HERE HE COMES AGAIN.",다시 나와요
1:19:49,"WHOA, HOLD ON, HE'S JUST ENTERED FRAME.",방금 화면에 들어왔어
1:19:52,- IT'S THE COAT. THAT'S HIM. - WHAT TRAIN IS THAT?,저자야! 어디 행 기차지?
1:19:56,- THAT'S THE TRAIN TO MOSCOW. - WHY THE HELL WOULD HE GO TO MOSCOW?,"- 모스크바 행이요
- 모스크바는 왜 가는 걸까?"
1:20:03,GET ME THE RUSSIAN INTERIOR MINISTRY.,러시아 내무성 연결해
1:20:06,"MOSCOW, RUSSIA","러시아, 모스크바"
1:20:51,( in Russian ) YOUR PHONE IS OFF. WHAT THE HELL IS GOING ON?,"휴대폰은 왜 꺼놓은 거야
대체 무슨 일이야?"
1:20:55,YOU TOLD ME I HAD ONE MONTH OFF.,한 달 쉬라고 했잖아요
1:21:00,YOU TOLD ME JASON BOURNE WAS DEAD.,"제이슨 본이 죽었다고
하지 않았나?"
1:22:15,CAN YOU TAKE ME TO THIS ADDRESS?,이 주소로 가 주세요
1:22:18,RUBLES?,루블화로 낼 거요?
1:22:20,DOLLARS.,달러요
1:22:41,WANTED,"""지명수배"""
1:22:50,"DISPATCH, TAXI 34-- LEAVING TRAIN STATION.","34호 차, 기차역을 출발한다"
1:23:50,WAIT HERE.,여기서 기다려요
1:24:32,"( in Russian ) THE AMERICAN, RIGHT?",미국인 말이야?
1:24:36,GOOD DAY. I'M LOOKING FOR THE GIRL WHO LIVES AT NUMBER 48.,안녕하세요 48호에 살던 여자애를 찾는데요
1:24:40,THE NESKI GIRL? SHE DOESN'T LIVE HERE ANYMORE.,"네스키네 딸?
여기 안 살아"
1:24:44,SHE MOVED OUT OF THE CITY. THE ORANNYI PROJECTS.,근교로 이사 갔어
1:24:48,"NUMBER 16, I THINK.","오레냐이 단지, 16호인가 그렇지"
1:25:48,I'M SECRET SERVICE! I'M SECRET SERVICE!,난 비밀 요원이오!
1:27:15,"DOWN, GET DOWN! STAY DOWN!",엎드려!
1:27:21,( crowd screaming ),엎드려!
1:27:47,"HEY, GET AWAY FROM MY CAB, ASSHOLE!","이봐, 내 택시에서 떨어져"
1:29:18,REQUESTING FSB BACK UP. HIGH SPEED PURSUIT.,"지원 요청
과속 차량을 추격 중"
1:35:49,QUIET. SILENCE. OKAY?,"조용, 소리 지르지 마"
1:35:58,I DON'T HAVE ANY MONEY OR DRUGS. IS THAT WHAT YOU WANT?,"난 돈도 마약도 없어요
원하는 게 그거 아닌가요?"
1:36:04,SIT DOWN. SIT DOWN.,좀 앉지
1:36:10,TAKE THE CHAIR.,그 의자에 앉아
1:36:30,( in English ) - I SPEAK ENGLISH. - I'M NOT GONNA HURT YOU.,영어 할 줄 알아요 널 해치지 않아
1:36:36,I WON'T HURT YOU.,겁낼 것 없어
1:36:46,YOU'RE OLDER--,생각보다 크구나
1:36:52,OLDER THAN I THOUGHT YOU'D BE.,더 어릴 줄 알았는데
1:36:59,THAT PICTURE...,저 사진
1:37:02,DOES THAT MEAN A LOT TO YOU?,소중한 거겠지?
1:37:07,IT'S NOTHING. IT'S JUST A PICTURE.,"별로요, 그냥 사진일 뿐이에요"
1:37:10,NO...,아니
1:37:13,IT'S 'CAUSE YOU DON'T KNOW HOW THEY DIED.,그건 네가 진실을 모르기 때문이야
1:37:16,I DO.,알아요
1:37:20,"NO, YOU DON'T.","아니, 넌 몰라"
1:37:27,I WOULD WANT TO KNOW.,나라면 알고 싶을 거야
1:37:34,I WOULD WANT TO KNOW THAT MY-- THAT MY MOTHER DIDN'T KILL MY FATHER.,나라면 엄마가 아버지를 죽이고
1:37:39,THAT SHE DIDN'T KILL HERSELF.,"자살한 게 아니란 걸
알고 싶을 거야"
1:37:42,WHAT?,네?
1:37:46,THAT'S... NOT WHAT HAPPENED TO YOUR PARENTS.,"네 부모님은 그렇게
돌아가신 게 아니야"
1:37:57,I KILLED THEM.,내가 죽였다
1:38:02,I KILLED THEM.,내가 죽였어
1:38:07,IT WAS MY JOB.,그게 내 임무였어
1:38:11,IT WAS MY FIRST TIME.,내 첫 임무였지
1:38:18,YOUR FATHER WAS SUPPOSED TO BE ALONE.,네 아버지 혼자 있는 줄 알았어
1:38:26,BUT THEN YOUR MOTHER...,그런데 네 엄마가
1:38:30,CAME OUT OF NOWHERE.,갑자기 나타나셨지
1:38:36,AND I HAD TO CHANGE MY PLAN.,계획을 수정해야 했어
1:38:44,IT CHANGES THINGS--,사실을 알게 되면
1:38:47,THAT KNOWLEDGE-- DOESN'T IT?,모든 게 달라지지 안 그래?
1:38:56,WHEN WHAT YOU LOVE GETS TAKEN FROM YOU...,사랑하는 사람들을 잃었는데...
1:39:03,YOU'D WANT TO KNOW THE TRUTH.,진실을 알아야지
1:39:25,I'M SORRY.,미안해
1:40:16,"NEW YORK CITY, NEW YORK","뉴욕주, 뉴욕 시티"
1:40:25,PAMELA LANDY. Bourne: I HEAR YOU'RE STILL LOOKING FOR ME.,"- 파멜라 랜디예요
- 아직도 날 찾는다고요"
1:40:33,- BOURNE? - WHAT DO YOU WANT?,"- 본?
- 뭘 원하죠?"
1:40:38,I WANTED TO THANK YOU,고맙다는 말을 하고 싶었어
1:40:42,FOR THE TAPE.,테이프 보내줘서
1:40:44,WE GOT WHAT WE NEEDED. IT'S ALL TIED OFF. IT'S OVER.,"필요한 건 다 있어
모든 게 다 마무리됐어"
1:40:50,I GUESS I OWE YOU AN APOLOGY.,그간의 일은 사과하겠네
1:40:52,IS THAT OFFICIAL?,공식적인 건가요?
1:40:55,"NO, OFF THE RECORD. YOU KNOW HOW IT IS.","아니, 비공식적으로
자네가 더 잘 알잖아"
1:41:00,"- GOODBYE. - WAIT, WAIT.","안녕히 계세요 잠깐, 잠깐만"
1:41:07,DAVID WEBB. THAT'S YOUR REAL NAME.,데이빗 웹 자네 진짜 이름이야
1:41:12,"YOU WERE BORN 4/15/71 IN NIXON, MISSOURI.","자넨 미주리주 닉사에서
71년 4월 15일에 출생했네"
1:41:18,"WHY DON'T YOU COME IN, AND WE'LL TALK ABOUT IT?","자세한 건 만나서
얘기하면 어떨까?"
1:41:24,BOURNE?,본?
1:41:29,"GET SOME REST, PAM. YOU LOOK TIRED.","좀 쉬세요, 팸
피곤해 보여요"
