﻿Time,Subtitle,Translation
45s,"MEDITERRANEAN SEA
60 MILES SOUTH OF MARSEILLES","""지중해
마르세유 남측 60마일 해상"""
1:55,[in Italian] What a mess.,엉망이군
1:56,You've never seen a dead man before?,너 시체 처음 보냐?
2:07,Put a blanket on him. Cover him.,"담요 좀 덮어 줘라
푹 씌워"
2:09,I'm coming.,다 왔다
2:11,Be careful.,조심해
2:12,"One minute.
I'll be right there. Cover him.","금방 갈게
담요 잘 덮어"
4:53,"[Bourne, in English]
What the hell are you doing to me?",내게 지금 무슨 짓 하는 거야?
4:58,"[Bourne, in English] What are you doing?",뭐 하는 거냐고?
5:01,Goddamn it! Where am I?,"빌어먹을!
여긴 어디지?"
5:02,"[in English] A boat! A fishing boat.
You were in the water.","배, 어선이오
당신은 물에 빠져 있었소"
5:06,We pulled you out.,우리가 끌어냈소
5:07,What water?,물이라니?
5:09,You were shot. See? There are the bullets.,"당신은 총상을 입었소
자, 총알이 여깄잖소"
5:13,"Look, there is a number for a bank.
Why was it in your hip?","보시오, 은행 계좌 번호요
엉덩이에 왜 이런 게 있는 거요?"
5:18,"-My hip?
-Why was it in your hip?","엉덩이? - 왜 당신 엉덩이에 있었냐고?
- 엉덩이"
5:20,"Yeah, in your hip, under the skin.","음, 당신 엉덩이 피부밑에"
5:22,"Oh, God.",세상에
5:25,You need to rest. Wait. Please. Lie down.,"- 나를 어떻게 할 거지?
- 좀 쉬어요, 자 어서, 누워요"
5:29,I'm a friend. I'm your friend.,"난 친구요
당신 친구라고"
5:33,My name is Giancarlo.,내 이름은 지안카를로요
5:35,Who are you?,당신은?
5:38,What's your name?,이름이 뭐요?
5:40,What's your name?,당신 이름은?
5:42,I don't know.,모르겠어
5:45,"-Oh, God.
-Lie down.","- 이럴 수가
- 누워요"
5:51,"CENTRAL INTELLIGENCE AGENCY
LANGLEY, VIRGINIA","""미국 중앙정보부 (CIA)
버지니아주 랭리"""
6:14,"It's been confirmed, sir. Mission failed.","확인되었습니다
작전 실패입니다"
7:02,"[Bourne, in French] Do you know who I am?",넌 내가 누군지 아니?
7:07,I do not know who I am.,난 나를 모르겠어
7:14,[in Dutch] Tell me who I am.,내가 누군지 말해줘
7:18,"[continues in Dutch] If you know who I am,",네가 날 알고 있다면...
7:21,please stop messing around,바보짓 그만두고...
7:23,and tell me.,말을 해줘
7:37,"[in English] If you want to eat,
you'd better get in there.",배고프면 저리로 가 봐
7:39,"[Bourne] You know, based on these charts, I think I may have been
closer to the coast.","해도에 따르면
해안 근처에 있었던 것 같아요"
7:43,What is this? You tie these knots?,"이건 뭐지?
이 매듭 네가 묶었어?"
7:47,"-So, it starts to come back?
-No, it doesn't start to come back.","- 그래, 기억이 돌아오나?
- 아뇨, 전혀"
7:50,"The knot is like everything else.
I just found the rope and I did it.","매듭 따윈 의미가 없어요
끈이 보이길래 묶은 것뿐이에요"
7:53,"Same way I can read, I can write.","읽는 것도 쓰는 것도, 덧셈 뺄셈도 하고
커피도 탈 수 있고요"
7:56,"I can add, subtract.
I can make coffee. I can shuffle cards.","쓰는 것도, 덧셈 뺄셈도 하고
커피도 탈 수 있고요 - 카드놀이도, 체스도 할 수 있죠
- 그래, 기억은 곧 돌아올 거야"
7:58,"-I can set up a chessboard.
-Yes, it will come back.","- 카드놀이도, 체스도 할 수 있죠
- 그래, 기억은 곧 돌아올 거야"
8:01,"No, it's not coming back, god damn it!
That's the point!","아뇨, 기억이 전혀 없어요
젠장, 그게 문제라고요!"
8:05,"I'm down here looking through this,
all this shit!","이 구석에 처박혀서
이 빌어먹을 것들 살펴보는 게..."
8:07,For two weeks I'm down here.,벌써 2주일째예요
8:09,"It's not working.
I don't even know what to look for.","소용없어요
뭘 찾아야 할지도 모르겠어요"
8:16,You need to rest. It will come back.,"좀 쉬어
금방 다 생각날 거야"
8:20,What if it doesn't come back?,기억이 영영 돌아오지 않으면요?
8:25,"We get in there tomorrow,
I don't even have a name.","내일은 항구에 도착할 텐데
난 아직 내 이름도 몰라요"
8:58,"It's not much,
but it should get you to Switzerland.","많은 돈은 아니지만
스위스까지 갈 차비는 될 거야"
9:06,Thank you.,고마워요
10:47,"[officer 1, in German]
Can't you read the signs?",이 표시 보입니까?
10:50,"[officer 2, in German]
On your feet. Let's go, right now.","일어나십시오
어서, 지금 당장"
10:52,[officer 1] The park is closed. There's no sleeping in the park.,"공원은 문을 닫았습니다
여기서 자는 것은 불법입니다"
10:55,[in English] All right.,알았어요
10:57,[in German] Let's see some identification.,신분증 좀 봅시다
11:00,"No, I don't...","아니, 난..."
11:01,"[officer 1, in German]
Come on. Your papers.",신분증 제시하십시오
11:02,I don't have any papers. I lost my...,"난 신분증이 없어요
전부 분실..."
11:04,"[in German] I've lost them.
My papers, they are lost.","분실했어요, 신분증
전부 다요"
11:10,"[in German] Okay.
Let's go. Put your hands up.","그럼 동행하셔야겠습니다
손드십시오"
11:13,[in German] I just need to sleep.,졸려서...
11:37,"These people have threatened
my family, my babies.","이들은 내 가족을
내 아이들을 위협했어요"
11:41,"So, I'm telling you,
when the evidence is clear,","그래서 말인데
증거가 확실해지면..."
11:44,"I will have a nice story
for you to read about.","내 재미난 이야기를
선사해 드리리다"
11:46,"And all my friends out there,
you will read about yourselves.","그러면 거기 친구들
당신들의 얘기를 읽게 해 주겠소"
11:50,'Cause if you want to play this game,당신들이 원한 게임이니까...
11:51,"after I have been reasonable,
I will show you.","사리를 좀 따져보고
내 알려 드리리다"
11:55,"That's Nykwana Wombosi speaking in Paris
the day before yesterday.","니쿠아나 움보시가 그저께
파리에서 행한 인터뷰입니다"
11:59,"He was an irritation before he took power,","이전에는 성가신 정도였으나
실권을 잡은 후 문제가 되었죠"
12:01,"he was a problem when he was in power,
and he's been a disaster for us in exile.","망명 생활 내내
재앙이나 다름없었습니다"
12:05,"He's writing a book
about the Agency's history in Africa.","CIA의 아프리카 활동에 대한
책을 집필 중입니다"
12:08,He's going to name names.,요원들의 실명을 노출하겠죠
12:10,"It's basically a shakedown.
He's demanding the Agency's help.","이건 일종의 공납 요구입니다
그는 사실 CIA의 도움이 필요하죠"
12:13,"He wants us to put him back in power
in six months, or else.","6개월 이내에 복권 시키지 않으면
공개할 겁니다"
12:17,"This interview, and I'll make the tape
available to anyone who wants it,","이 테이프가 필요하신 분께는
복사해드리겠습니다만..."
12:20,"he goes on to claim
that he's just survived an assassination attempt.","이 인터뷰에서, 암살 위기를
겨우 모면했다 주장하고 있죠"
12:25,He says it's us. He says he's got proof.,"CIA의 짓이랍니다
증거도 있다고 하죠"
12:29,"The director wants to know
if there's any possible shred of truth","국장님께서는 이러한 트집이
혹 진실일 가능성을"
12:31,in this accusation.,알고자 하십니다
12:34,"I've already assured him
there's nobody that reckless on my senior staff.","우리 상부에 그렇게 무모한 요원이
없음은 이미 확신시켜 드렸습니다"
12:44,"I was recalling a conversation
we had some time ago.","우리가 얼마 전에 나눴던
대화를 떠올려 봤네"
12:48,Talking about Treadstone.,트레드스톤에 관한 거였지
12:49,"I seem to remember
Nykwana Wombosi's name might have come up.",움보시도 거론되었던 것 같구먼
12:54,I'm not sure what we're talking about.,"무슨 얘기를 하자는 건지
모르겠군요"
12:56,Someone tried to take him out.,누군가 그를 암살하려 했어
12:59,Tried and failed.,시도는 했으나 실패했지
13:02,Was this Treadstone?,트레드스톤이 그랬지?
13:05,You're asking me a direct question?,"이렇게 직선적으로
묻는 법도 있나요?"
13:08,Yes.,그래
13:10,"-I thought you were never gonna do that.
-What happened?","당신이 이럴 줄은
꿈에도 몰랐는데요 대체 뭐야?"
13:14,"Well, we lost communication with our man.","그게, 우리 쪽 요원 하나가
연락이 두절됐어요"
13:20,This was almost two weeks ago.,벌써 2주 전이었지
13:22,"We've been working
around the clock, the whole unit.","우린 밤낮으로 연락을 취했어요
전 요원이 말입니다"
13:24,"We've been sleeping down there.
Believe me, we're doing everything we can.","잠도 사무실에서 자면서
할 수 있는 최선을 다했다고요"
13:28,And you don't let me know this? You never wanted to before.,"- 왜 내게 알리지 않았지?
- 궁금해한 적 없었잖아요"
13:32,You never made a mistake before.,자네가 실수한 적이 없었으니까
13:44,"GEMEINSCHAFT BANK
ZURICH, SWITZERLAND","""기마인샤프트 은행
스위스 취리히"""
14:06,[in German] What can I do for you?,무엇을 도와 드릴까요?
14:09,"[in English] Yes, I'm here
about a numbered account.","네, 여기에 비밀 계좌를
가지고 있어요"
14:12,"[in English] If you enter
your account number here, I'll direct you to an appropriate officer.","여기에 계좌 번호를 적어주시면
담당 은행원을 연결해 드리겠어요"
16:18,My name is Jason Bourne.,내 이름은 제이슨 본이구나
16:26,I live in Paris.,파리에 살고 있군
18:02,"[in German] I'm trying to think,
how long's it been since I was here last?","생각 중인데... 내가 지난번 여기에 온 게
언제였죠?"
18:06,"[in German] I'm not sure,
it must be three weeks.",확실히 모르겠군요 3주 전일 겁니다
18:25,"[Bourne] Yes, in Paris.","네, 파리요"
18:26,Do you have the number for a Jason Bourne?,"제이슨 본의 전화번호
부탁합니다"
18:31,"[female operator] Yes, sir.
Would you like me to connect you?","네, 연결해 드릴까요?"
18:33,"Yes, please.",그렇게 해 주세요
18:39,"[Bourne on answering machine]
This is 4-6-9-9-0-3-8-4.",46 99 03 84번입니다
18:42,Leave a message at the beep.,메시지를 남겨 주십시오
19:50,"-I'm an American.
-Okay.",미국인입니다 들어가세요
19:53,Hold it.,멈춰요
19:54,Wait. You have no jurisdiction here.,여긴 당신네 관할이 아니오
19:56,"-Hold it there. Okay?
-[speaking German]","거기서 기다려요
알았죠?"
20:02,[Marie] No. Excuse me. No.,"아니요 미안하지만, 이건 내 현주소가
아니에요, 알겠어요?"
20:04,"This is not my current address, okay?","미안하지만, 이건 내 현주소가
아니에요, 알겠어요?"
20:07,"This was my current address
until two days ago,","이틀 전에 여기 줄 설 때는
이게 현주소였죠"
20:09,"when I started standing in line outside.
Now I lose my apartment, okay?","이틀 전에 여기 줄 설 때는
이게 현주소였죠 이제 난 아파트가 없어요, 네?"
20:13,"That means no address, no phone,
no money, no time.","주소도 전화도 돈도
시간도 없다는 뜻이에요"
20:16,"-And I still have no visa!
-[clerk] Miss Kreutz, please.","- 게다가 여태껏 비자도 없어요!
- 크로이츠 양"
20:18,"I'm gonna have to ask you
to keep your voice down.",소리치지 말아 주세요
20:20,"[Marie] Excuse me. I mean, but... Where's the guy
that I talked to last week?","미안해요, 그렇지만 지난주에 날
상담했던 사무원은 어딨는 거죠?"
20:24,"Every week it's a new person.
How am I supposed to--","매주 새로운 사람이잖아요
도대체 내가 어떻게..."
20:26,I don't know who you saw last week.,지난주 상담원은 모릅니다
20:28,"Well, let me help you.
I'm sure I have it. Wait. Hang on.","그럼, 내가 설명하죠
서류가 있으니까 잠깐 기다려요"
20:31,"[clerk] Could I have
your attention for a moment, please?",잠시 제 말씀 좀 들으세요
20:32,"Hang on, I have it right here.
Just look at it.","바로 여깄네요
이것 좀 봐요"
20:35,"[clerk] You staged an effort to circumvent
the immigration laws of the United States.","당신은 미국의 이민법을
교묘히 속이려 했습니다"
20:40,"This is a student visa now.
It's not about a green card anymore.","이번에는 학생 비자잖아요 이제는 영주권 신청 안 해요
둘이 완전 별개예요"
20:43,It's completely different.,"이제는 영주권 신청 안 해요
둘이 완전 별개예요"
20:45,"It's not a menu, Miss Kreutz.
You don't just pick what you want.","- 식당 메뉴 고르는 게 아니에요
- 서류를 다 가져왔는걸요"
20:48,"-I brought all this proof.
-[man on radio] Potential suspect...","- 식당 메뉴 고르는 게 아니에요
- 서류를 다 가져왔는걸요 범죄 용의자가"
20:58,You! Red bag! The red bag!,당신! 빨간 가방!
20:59,Stop right there! Put your hands up!,꼼짝 마! 손들어!
21:41,[man] I'm on the east--,알았소
21:48,[man 1 on radio] Move it! Now! Now! Move!,출동! 긴급이다!
21:54,"[man 2 on radio] Alpha Unit,
take the back stairs and work your way up. Bravo...","알파 팀, 뒤 계단으로
브라보 팀..."
22:05,[man 1 on radio] Move in! Move in!,출동! 출동!
22:10,Check. Clear!,"좋아, 가!"
22:11,"-[man on radio] The suspect is...
-Bravo Unit. Moving up staircase.","용의자는... 브라보 팀 계단을 올라가라
2층으로 향하라"
22:14,"-Proceeding to second floor.
-Go, go, go!","브라보 팀 계단을 올라가라
2층으로 향하라"
22:20,"[man 2 on radio] Alpha Unit, you're clear.","알파 팀, 전진"
22:30,Move! Move!,이동!
22:33,"Alpha, Bravo Units,
target may have a radio.","용의자가 무전기를
소지한 것 같다"
22:36,Go to Code 77. Over.,"코드 77 발효, 오버"
22:38,"[man 2] Code 77, copy.","코드 77 발효, 오버"
22:39,"-Get down on the floor! Now!
-[woman screams]","코드 77 발효, 오버 엎드려! 바짝!"
22:44,Clear!,없음!
24:10,Go. Move up. Move up.,위로 이동해
25:17,"-He's in Zurich now? Right now?
-Yes. It just came in.","- 취리히에 있다고? 바로 지금?
- 네, 속보입니다"
25:21,"-But they're sure? They're sure it's him?
-Yes. He went to the bank.","- 확실한가? 그가 확실해?
- 네, 은행에 갔었답니다"
25:24,"Our source at the bank, that's who called.","우리 은행 요원으로부터의
정보입니다"
25:26,"-Come on.
-But he's got to assume","빨리 은행이 우리 감시하에 있는 것을
눈치챘을 텐데요?"
25:28,"-we're watching the bank, right?
-I don't know. Come on.","은행이 우리 감시하에 있는 것을
눈치챘을 텐데요? 모르겠어
빨리 가자"
25:32,"I mean, he cleaned out the box.
He left a gun. What does that mean?","총만 빼고 다 가져갔답니다
무슨 뜻일까요?"
25:35,I said I don't know.,모른다고 했잖아!
25:37,"I liked it better
when I thought he was dead.","죽은 줄 알고 있을 때가
차라리 나았어"
25:56,What are you looking at?,뭘 봐요?
25:58,"-I heard you inside.
-What?",안에서 당신 얘기 들었어요 뭐요?
26:01,"The consulate. I heard you talking.
I thought maybe we could help each other.","영사와 상담 하는 거요
서로 도울 수 있을 것 같은데요"
26:04,How's that?,어떻게요?
26:06,You need money. I need a ride out of here.,"당신은 돈이 필요하죠
난 여기서 벗어날 차가 필요해요"
26:09,"I'm not running a car service
just now. Thank you.","내 차는 택시가 아니에요
그럼 이만"
26:11,"I'll give you $10,000
to drive me to Paris.","파리까지 태워다 주면
만 불을 주겠어요"
26:16,"[in German] What, do you think I'm a fool?","젠장, 내가 바보 천지인 줄 아나?"
26:18,"[in German]
You'd be a fool not to take it.",그냥 가 버리면 정말 바보예요
26:23,"[in English] What is this,
a joke? Some kind of scam? [in English] No, it's no scam.","- 장난해요? 사기 치냐고요?
- 사기 아니에요"
26:27,"And I'll give you another ten
when we get there.","파리에 무사히 도착하면
만 불을 더 주겠어요"
26:30,"-Jesus.
-[siren blaring]",세상에
26:38,"-Is that for you?
-Look. You drive, I pay. It's that simple.","- 당신을 쫒는 건가요?
- 돈 받고 차만 태워 주면 돼요"
26:46,"I got enough trouble, okay?","난 지금도 너무 복잡해요
알겠어요?"
26:49,Okay. Can I have my money back?,그럼 돈을 돌려주겠어요?
27:07,"[Conklin] All right, go. Keep going.","좋아, 계속 넘겨"
27:10,Go.,좀 더
27:12,"-There! Wait!
-[man] No, it's got to be near the end.","- 거기! 잠깐!
- 아뇨, 거의 다 됐어요"
27:14,"Oh, come on, folks!
We caught a break here! Let's go!","여보게들! 행운이 따르고 있어!
서두르세나!"
27:17,"Okay, I'm up. We're getting grids.","네, 자료 받았어요 데이터 확인 중이에요
항공, 철도, 호텔, 병원"
27:20,"-Airline, train, hotels, hospitals.
-Who's getting the address?","데이터 확인 중이에요
항공, 철도, 호텔, 병원 - 누가 주소 찾았어? 거리는?
- 기멘쉬트 길"
27:22,"-The street?
-Gemensheidt.","- 누가 주소 찾았어? 거리는?
- 기멘쉬트 길"
27:24,"-Here we go.
-I got it. I think I got it.","좋아, 찾았어, 다 됐군"
27:26,[Zorn] Is it him?,그가 맞아?
27:28,Unreal.,세상에
27:30,[man] This is 38 minutes ago.,38분 전이군
27:32,"[Zorn] Hey, Zurich police
are looking for an American man carrying a red bank bag.","취리히 경찰이 빨간 가방을 멘
미국인을 찾고 있답니다"
27:35,"He just tore up the embassy, and he put two cops
in the hospital last night.","방금 대사관을 헤집어 놓았고
어젯밤 경찰 둘을 입원시켰답니다"
27:41,Get everybody up. Do it now.,"모두에게 연락해, 지금 당장
전원 출동"
27:43,"-I want them all activated.
-Wait. All of them?","모두에게 연락해, 지금 당장
전원 출동 잠깐, 전부 다요?
동시에?"
27:45,"-At the same time?
-You heard me.","잠깐, 전부 다요?
동시에? 그래, 저녁까지는
본을 처리해야 해"
27:48,I want Bourne in a body bag by sundown.,"그래, 저녁까지는
본을 처리해야 해"
27:50,"All right, let's get a map up here! Come on, folks! Let's work it!","자, 지도를 가져와!
서둘러! 시작하자고!"
27:58,The grids are getting updated.,지도가 수정되었어요
28:06,LOCATED: BARCELONA,"""위치: 바르셀로나"" ""로그인 허가
명령어 입력: 착수"""
28:11,"ENTRANCE ACCEPTED
TYPE COMMAND: ENTER","""접속"""
28:15,"PREP MODE AND ARM READY
FOR TRANSPORT","""이동을 위한 무장 대기 요함"" ""별도 지시 대기"""
28:17,HOLD PATTERN UNTIL FURTHER NOTICE,"""발송"""
28:27,HAMBURG,"""작전 코드: 만하임"""
28:30,PREP MODE AND ARM/TRANSPORT ZURICH,"""취리히로 이동"" ""칠레 여권/긴급 송부"""
28:32,"PASSPORT CHILE/IMMEDIATE DISPATCH
432ZZ45","""칠레 여권/긴급 송부"" ""취리히에서 대기 - 전송"""
28:53,"CONNECTING - LOCATION: ROME ITALY
TRANSMISSION CONFIRMED","""접속 - 위치: 로마 이탈리아
전송 완료"""
29:17,"[Marie] ...which was fine with me,
because I was ready.","난 준비가 되어있었기 때문에
괜찮았죠"
29:19,"You know, because, I mean,
after six months in Amsterdam,","이해할지 모르겠지만
암스테르담에 6개월 있으면"
29:22,"you're not sure if you've been there
for 20 minutes or 20 years, if you know what I mean.","겨우 20분인지, 몇 년이
지났는지 구별할 수가 없어요"
29:25,"So I went, and I took all the money I had. And I went in with friends,","그래서 갔어요
친구랑 가진 돈 다 들고..."
29:29,"and we took over
this really cool surf shop","비아리츠 시외 해변에 있는
멋진 서핑용품 가게를 샀죠"
29:31,"outside Biarritz, which was
right by the water. It was amazing.","비아리츠 시외 해변에 있는
멋진 서핑용품 가게를 샀죠 대단했죠"
29:35,"It was just amazing
for about three months,","3개월 동안은 근사했어요
계약서를 넘겨준 이가"
29:38,until it turned out that this jerk,"3개월 동안은 근사했어요
계약서를 넘겨준 이가 사기꾼이라는 게
밝혀지기까지는요"
29:40,"who had fronted us the lease
was actually shining everyone on and...","사기꾼이라는 게
밝혀지기까지는요"
29:51,And what?,그래서요?
29:54,"What do you mean ""what""? Listen to me.","'그래서요?' 라니?
이봐요"
29:56,"I've been speed-talking
for about 60 kilometers now.","지금껏 60km를 오는 동안
나만 지껄여댔잖아요"
29:59,"I talk when I'm nervous.
I mean, I talk like this when I'm nervous.","난 신경이 곤두설 때
이렇게 수다를 떨게 돼요"
30:02,"-I'm gonna shut up now.
-No, don't do that.","- 이제 입 다물고 있겠어요
- 아뇨, 계속해요"
30:06,I haven't talked to anybody in a while.,"한동안 아무와도
얘길 나누지 못했거든요"
30:10,"Yeah, but we're not talking. I'm talking.","됐어요, 어쨌든
나 혼자만 말하고 있잖아요"
30:12,"You've said, like,
ten words since we left Zurich.","당신은 취리히를 떠난 후
겨우 열 마디를 했을 뿐이에요"
30:15,"Well, listening to you, it's relaxing.","당신 이야기 듣는 게
편해서 그랬어요"
30:20,I haven't slept in a while and...,한동안 잠도 못 잤고
30:24,And I've had this headache.,두통으로 고생했어요
30:26,"It's like a constant thing inside my head,",항상 머릿속에 맴돌던 게
30:28,"and it's just starting
to move to the background,",이제야 좀 사라지는 것 같아요
30:31,so keep going.,그러니 계속해요
30:34,"Really, if you want, please keep talking.","정말로요, 원하면 계속해요"
30:39,Okay. [chuckles],그러죠
30:43,What kind of music do you like?,어떤 음악 좋아해요?
30:47,"What do you like? Come on.
[turns on radio]",어떤 거예요? 자
30:50,"-You know what? Never mind.
-No, it's fine. Tell me.","- 난 신경 쓰지 말아요
- 괜찮아요, 말해봐요"
30:53,"[switching channels]
What do you want to listen to?",뭐 듣고 싶어요?
30:56,I don't know.,모르겠어요
30:58,"Come on, it's not that hard.
What do you like? Tell me.","자, 어렵지 않잖아요
좋아하는 게 뭐죠? 얘기해요"
31:02,I don't know.,모르겠어요
31:13,"Who pays $20,000 for a ride to Paris?","누가 파리 행 차비로
2만 달러를 내죠?"
31:26,Fuck it.,젠장맞을
31:29,"I can't remember anything
that happened before two weeks ago.","난 2주일 전에 일어난 일을
하나도 기억 못 해요"
31:33,"-Lucky you.
-No, I'm serious.","- 운 좋군요
- 아뇨, 정말이에요"
31:37,"I don't know who I am.
I don't know where I'm going. None of it.","난 내가 누군지 몰라요
내가 어디로 가는 지도 아무것도요"
31:41,"-What? Like amnesia?
-Yes.","- 기억 상실증이에요?
- 그래요"
31:46,"-Amnesia.
-Yes.","- 기억 상실증요?
- 네"
31:52,Right.,그렇군요
32:00,"And that's the best angle
of the courtyard? That's the only angle.","- 그게 안뜰에서 최고의 각도야?
- 이거 하나뿐이에요"
32:04,"[Conklin] What do
they have of the streets?","그 거리에는 뭐가 있지?
아님, 그 동네에라도?"
32:06,"Or, you know, the area?
They must have something.","그 거리에는 뭐가 있지?
아님, 그 동네에라도? 뭔가 있을 거야"
32:08,Hang on.,잠깐만요
32:11,"Oh, what is he doing?",대체 무슨 짓일까?
32:15,"Is it a game?
Is he warning us? Is it a threat?",게임? 경고? 협박?
32:19,Sir? Look at this.,이것 좀 보십시오
32:23,"-What's that?
-It's an angle of the street.","- 그게 뭐야?
- 거리를 찍은 겁니다, 샛길요"
32:25,"-It's some sort of alley. But if--
-Just enhance it.","- 그게 뭐야?
- 거리를 찍은 겁니다, 샛길요 확대해 봐"
32:33,"Now, who the hell is that?",저 화상은 누구지?
32:36,[man] Marie Helene Kreutz.,'마리 헬레나 크루츠' 입니다
32:38,"She's 26, born outside Hanover.
Her father was a welder. He died in '87.","26세, 하노버시 외곽 출생
부친은 용접공이었어요 1987년에 사망했습니다"
32:44,"We still don't have the mother. The
grandmother, she's still there in Hanover.","모친은 아직 조사 중입니다
조모는 아직 하노버에 살고 있고요"
32:47,"It looks like she's the anchor
for this little domestic disaster.","그녀가 이 재앙의
결정적 인물이 듯싶습니다"
32:51,And there's a stepbrother.,배다른 오빠가 하나 있어요
32:53,It's tough. The girl's a gypsy.,"복잡하죠, 집시나 다름없거든요"
32:55,"I mean, she pops up on the grid
here and there, but it's chaotic at best.","데이터가 너무 방대한 데다
엉망진창이라, 예측 불능입니다"
32:59,"She paid some electric bills
in Spain, '95. Had a phone in her name","1995년에 스페인에서
전기료를 납부했어요 1996년에는 벨기에에서
3개월간 전화료를 납부했고요"
33:03,"for three months in Belgium, '96.","1996년에는 벨기에에서
3개월간 전화료를 납부했고요"
33:06,"No taxes, no credit.",세금 내역도 신용카드도 없습니다
33:08,I don't like her. I want to go deep.,"맘에 안 드는 여자야
자세히 조사해보지"
33:11,"Get a phone log for Granny
and the half-brother.","할머니와 이복 오빠의
전화선을 도청해"
33:14,Anybody we can cross-file.,연관이 있다면 누구든
33:17,"I want to know every place she's slept
in the past six years.","지난 6년 동안 그녀가 묵었던
모든 장소를 알아내"
33:21,Have Paris get these out in the field.,"파리 요원들에게
이 정보 전송해"
33:27,"TREADSTONE SAFE HOUSE
PARIS, FRANCE","""트레드스톤 안보국
프랑스 파리"""
33:52,[Bourne] I'm not making this up.,꾸며 내는 게 아니에요
33:55,These are real.,진본들이죠
34:03,"-Okay.
-Who has a safety deposit box full of...","그래요 대체 어떤 사람이 돈과
여섯 개의 여권, 그리고..."
34:10,"money, and six passports, and a gun?","총으로 채워진
비밀 계좌를 가지고 있죠?"
34:14,"Who has a bank account number
in their hip?","누가 은행 계좌 번호를
엉덩이에 박고 다니죠?"
34:19,"I come in here, and the first thing I'm doing is
I'm catching the sight lines","여기 들어와서 처음 한 일이
눈에 띄지 않는 자리와"
34:23,and looking for an exit.,비상구를 찾는 것이었어요
34:24,"I see the exit sign, too. I'm not worried.","나도 비상구를 봤어요
난 걱정 안 해요"
34:28,"I mean, you were shot.","내 말은
당신 총상 입었었잖아요"
34:29,"People do all kinds of weird
and amazing stuff when they are scared.","사람들은 공포에 질리면
별별 놀라운 짓을 다 해요"
34:39,"I can tell you the license plate numbers
of all six cars outside.","밖에 주차된 자동차
여섯 대의 번호판을 외웠고"
34:44,"I can tell you
that our waitress is left-handed,","웨이트리스가
왼손잡이라는 것도"
34:46,"and the guy sitting up
at the counter weighs 215 pounds and knows how to handle himself.","카운터에 있는 사내의 몸무게가
98kg이란 것도 말할 수 있죠"
34:50,"I know the best place to look for a gun
is the cab of the gray truck outside.","저기 회색 트럭 안에
총이 들어있다는 것도 알아요"
34:54,"And at this altitude, I can run flat out for a half-mile
before my hands start shaking.","또, 지금 고도에서 1km쯤은
끄떡없이 달릴 수 있다는 것도"
35:02,"Now, why would I know that?","대체 내가 어떻게
이런 걸 아는 거죠?"
35:07,How can I know that and not know who I am?,"난 나 자신도 모르는데
어떻게 이런 걸?"
35:51,Hey.,저기요
35:55,I slept.,나 잤군요
35:58,"-I can't believe it.
-Yeah, well, you were tired.","- 말도 안 돼요
- 당연하죠, 피곤했을 테니까요"
36:01,I haven't slept.,난 못 잤어요
36:02,"Oh, here. For $20,000,
I like to throw in breakfast.","아, 이거 그 2만 달러에
아침 식사 포함해 줄게요"
36:08,Did you stop for gas?,주유소에 섰던가요?
36:13,You were pretty out of it.,깊이 잤나 봐요
36:19,"So, do you think there's,
like, a family waiting for you?","거기에 당신을 기다리는
가족이 있을까요?"
36:25,I don't know.,모르겠어요
36:28,I've thought about it.,그럴지도 모르죠
36:39,[Marie] Is that it?,저거예요?
36:41,"104. Yeah, that's the address.
No, no, keep going. Keep going.","104 네, 맞아요
아뇨, 좀 더 가요, 계속"
36:44,"-Okay. Where?
-Just take a left. Pull in over here.","- 자, 어디로요?
- 왼쪽으로, 여기서 멈춰요"
37:04,"So, this is it, right?","자, 여기라고요?"
37:06,"Yeah, I guess.",아마도요
37:09,"God, I don't recognize any of this.","세상에, 하나도 못 알아보겠군요"
37:12,Okay. I should go.,난 이만 갈게요
37:18,Jason...,제이슨?
37:22,"Oh, God. The money. Right.","이런, 맞아요
돈을 줘야죠"
37:25,Yeah.,네
37:27,Here.,여기
37:29,Thank you. Okay.,"고마워요, 그럼"
37:31,Thanks for the ride.,태워 줘서 고마워요
37:34,Anytime.,천만에요
37:42,"Well, you could come up.
I mean, or you can wait here.","뭐, 올라와도 돼요
여기서 기다리든지요"
37:45,I can go check it out. But you could wait.,"- 확인하고 올게요, 기다려요
- 아뇨, 아니에요"
37:47,"-Oh, no, no. No, no.
-You could wait.","- 확인하고 올게요, 기다려요
- 아뇨, 아니에요 기다려도 돼요"
37:49,"Um, with you, you would probably
just forget about me if I stayed here.","기다려도 돼요 같이 가요, 여기서 기다리면
아마 날 잊어버릴 거예요"
37:56,How could I forget about you?,잊을 리가 있겠어요?
38:00,You're the only person I know.,"당신은 내가 아는
유일한 사람인걸요"
38:06,Yeah. That's true.,그건 그래요
38:23,I guess you're not home.,당신 집이 비었나 봐요
38:33,"[in French] Monsieur Bourne,
there you are.","본 선생님, 오셨군요"
38:37,"Monsieur Bourne,
I was wondering, I haven't seen you.","본 선생님, 걱정했어요...
통 보이질 않으셔서"
38:41,"[in French] Uh, here I am.","어, 이제 왔어요"
38:44,"-I think I forgot my key.
-Come in.",열쇠를 잃어버렸어요
39:02,Hello?,아무도 없어요?
39:22,Are you sure this is all yours?,이게 전부 당신 소유가 맞아요?
39:25,I guess.,아마도요
39:49,This is my kitchen.,이게 내 부엌이군요
40:08,Any clues?,기억나는 거라도?
40:10,I think I'm in the shipping business.,선박회사에 근무했던 것 같군요
40:13,"So, it's all coming back, huh?",다 기억이 나요?
40:21,Do you mind if I use the bathroom?,화장실 좀 써도 될까요?
40:25,"Uh, sure.",물론이죠
40:27,Okay.,네
40:53,Yeah. Hello? Hello?,"네, 여보세요?"
40:55,"[in English] Yes, sir, Hotel Regina,
Paris. How may I direct your call?","네, 파리의 레지나 호텔입니다
어디로 연결해 드릴까요?"
40:59,"-Yeah, you're in Paris?
-Yes, sir.","- 네, 파리죠?
- 그렇습니다"
41:01,I'm looking for a guest there.,"투숙객 중에
찾는 사람이 있어요"
41:05,"Uh, Jason Bourne.",제이슨 본을 부탁해요
41:07,"-One moment, please.
-Thank you.","- 잠시만 기다려 주세요
- 고마워요"
41:14,"I'm afraid I have no one
by that name registered, sir.","죄송하지만 숙박 명단에 없는
이름입니다, 손님"
41:19,Okay. Thank you.,"그래요, 고마워요"
41:21,"Wait! No, no. no. Are you there? Hello?","잠깐! 아니, 여보세요?"
41:24,"-Sir?
-Can you check another name","네? 다른 사람 하나 더
확인해 주시겠습니까?"
41:26,"for me, please?
Here, bear with me one second.","다른 사람 하나 더
확인해 주시겠습니까? 저기, 잠깐만요"
41:34,"John Michael Kane. Kane with a ""K.""","- 존 마이클 케인, K로 시작해요
- 잠시만 기다려 주세요"
41:36,"-One moment, sir.
-Thank you.","- 존 마이클 케인, K로 시작해요
- 잠시만 기다려 주세요 고마워요"
41:47,"[man]You call about Monsieur Kane?
John Michael Kane?","케인 씨를 찾으셨습니까?
존 마이클 케인 씨?"
41:51,"Uh, yeah, that's right.","네, 맞아요"
41:52,"-You are a friend of his?
-Uh-huh. Yeah.","- 친구분 되십니까?
- 네"
41:57,"I have some very bad news for you, sir.","좋지 않은 소식을 전하게 되어
유감입니다"
41:59,"I'm terribly sorry to tell you this, but Monsieur Kane has passed away
almost two weeks ago.","안타깝게도, 케인 씨는
약 2주 전에 사망하셨습니다"
42:05,There was an accident on the motorway.,고속도로 사고였고
42:08,"Apparently, he was killed instantly.",현장에서 즉사하셨습니다
42:11,"Really, I'm terribly sorry
to be the one to tell you this.","손님께 이런 소식을 전하게 되어
진심으로, 대단히 유감입니다"
42:15,"When they came for his things,
it was made known for us, you see?","유족들이 소지품을 챙겨 가시면서
사망 소식을 전해 주셨습니다"
42:19,"-Who came?
-His brother.",누구였죠? 형제분이셨습니다
42:22,"Did his brother leave a number
or a way to get in touch with him?",혹 연락처를 남기지 않던가요?
42:26,I think not.,아니요
42:29,"No, I'm sorry--","아뇨, 죄송합니다"
42:52,"[Marie] Uh, Jason, there's no hot water.",제이슨? 더운물이 안 나와요
42:56,It's freezing.,얼어 죽겠어요
42:58,I'll go try the water in the kitchen.,내가 부엌 수도를 틀어 볼게요
43:01,Why don't you just stay in the bathroom? I'll see if I can get it hot.,"그냥 목욕탕 안에 있어요!
내가 더운물 나오게 해 볼게요"
43:10,"Yeah, it's really cold in here, too.","네, 여기도 찬물뿐이에요"
43:22,The water is still cold.,물이 아직도 차요
43:26,"Yeah, it's cold in the kitchen, too.
I got it running, though.","부엌 물도 차가워요
그냥 흐르게 놔뒀어요"
43:34,So...,그럼...
43:42,What?,뭐죠?
43:45,Nothing.,아무것도
43:48,Are you okay?,괜찮아요?
43:50,Mm-hmm. Yeah.,네
44:05,[Marie] What is it?,왜 그래요?
44:08,Something wrong?,뭐 이상해요?
44:47,Jason!,제이슨!
45:50,"Open that. Open that.
Tell me what's inside.","열어 봐요, 열어서
안에 뭐가 있는지 말해 줘요"
45:52,Who are you?,넌 누구야?
45:56,Who are you?,누구지?
45:59,Who are you?,누구냐고?
46:04,"[Marie] Oh, my God.","오, 이런"
46:08,God... Oh!,세상에
46:10,[Bourne] Answer me! Who are you?,대답해! 넌 누구야?
46:12,"-He's got my picture!
-All right. Just hang on.","- 내 사진이에요!
- 그렇군요, 진정해요"
46:14,"-This is Zurich. It's yesterday!
-No, no, don't--","- 취리히 사진이에요, 어제!
- 아뇨, 제발..."
46:16,"-I don't know. Where did you get this?
-Hang on. Stay there.","- 취리히 사진이에요, 어제!
- 아뇨, 제발... 안 돼, 이게 어디서 났지?"
46:18,"-Marie, stay there.
-How did you get my picture?","- 진정해요, 떨어져요
- 내 사진 어디서 났어?"
46:21,"Where did you get this from?
How did you-- Let go!","어디서 났지? 어떻게 내 사진을...
세상에!"
46:25,"Don't do this. I'll do this!
You stay there. Stay there!","내가 할게요!
거기 좀 있어요, 제발!"
46:44,"-Where are your shoes? Get your shoes.
-Sure. Yeah, sure.","- 신발 어딨죠? 신 신어요
- 물론이죠, 네"
46:50,"He went out the window.
Why would someone do that?","창문으로 뛰어내렸어요
왜 그랬을까요?"
46:52,We can't stay here. It's not safe.,"여기 머물 수 없어요
안전하지 않아요"
46:55,"Look, I can get us out of here,
but we got to go. We got to go right now.","여기서 나가야 해요
바로 지금 당장요"
47:01,"Okay, look, you can wait.",당신은 있어도 돼요
47:04,You can wait for the cops. It's okay.,"경찰을 기다려요, 그래도 돼요"
47:06,You just wait for them to get here. But I can't. I got to go.,"당신은 여기서 경찰 기다려요
하지만 난 가야 해요"
47:12,Marie?,마리?
47:16,Marie?,마리?
47:25,"-[Marie] Oh!
-[Bourne] Quiet. Be quiet.","조용해요, 조용히"
47:38,"-Don't look.
-[siren blaring]",보지 말아요
47:53,"-[man] Code in.
-Alpha 3-7-5-0-9.",코드를 말하세요 알파 37509
47:59,Yeah.,네
48:07,Hang on. Bourne. He went to Paris.,"잠깐 본이 파리에 갔답니다
아파트에 말입니다"
48:09,"-He went to the apartment.
-We got him?","본이 파리에 갔답니다
아파트에 말입니다 - 그를 잡았나? 얘기해
- 우리 요원이 살해당했습니다"
48:10,"-Tell me.
-[Nicky] He killed our man.","- 그를 잡았나? 얘기해
- 우리 요원이 살해당했습니다"
48:13,"-What? In the apartment?
-Yeah.","- 뭐? 아파트에서?
- 네"
48:15,"-[Conklin] Well, you got to clean that up.
-No, I can't clean it up.","- 그럼, 자네가 처리 좀 하게
- 아뇨, 그럴 수 없습니다"
48:19,"-There's a body in the street.
-So?","- 시신이 거리에 있거든요
- 근데?"
48:21,There's police. This is Paris.,"경찰이 있어요
여긴 파리예요"
48:23,"All right, put up the scanners.
Get as much radio information as you can.","파리 경찰 무전 도청해서
최대한의 정보를 얻도록"
48:29,"Okay, you stay here.","자, 여기 있어요"
48:31,"I'm gonna go find a place for this money.
I'll be back in ten minutes.","이 돈을 숨기고
10분 내로 돌아오겠어요"
49:59,"Hey, I told you to stay in the car.","이런, 내가 차 안에서
기다리라고 했잖아요"
50:06,"Jesus Christ.
I told you to stay in the car.","세상에, 차 안에 있으랬잖아요"
50:11,"I needed a drink.
I didn't think you would come back anyway.","목이 말랐어요, 어쩐지 당신이
돌아올 것 같지도 않았고"
50:13,"Look, you got to go to the cops.","목이 말랐어요, 어쩐지 당신이
돌아올 것 같지도 않았고 당신은 경찰한테 가요"
50:16,"Right now.
You got to go before this gets any worse.","일이 악화되기 전에
지금 당장요"
50:18,"-By myself?
-It's gonna be okay.","- 나 혼자서요?
- 괜찮을 거예요"
50:20,"You're gonna take my passport, okay?
You show this to them.","내 여권을 가져가요, 알겠죠?
이걸 보이란 말이에요"
50:23,"You have that picture,
you have the $20,000.","당신에게는 그 사진도 있고
2만 달러도 있어요"
50:25,"You tell them everything
that happened. Everything.","있었던 대로만 진술해요
경찰은 당신을 믿을 거예요"
50:27,"They're gonna believe you.
They have to believe you.","있었던 대로만 진술해요
경찰은 당신을 믿을 거예요 믿어야만 해요"
50:33,"Marie, you can't just sit here.","마리, 여기 가만있지 말고요
안전하지 않다고요"
50:36,"-It's not safe here.
-Safe? This is from inside the embassy.","마리, 여기 가만있지 말고요
안전하지 않다고요 안전? 대사관 안에서
나온 사진이에요"
50:39,"-Who can do this? This is from yesterday.
-I don't know.","- 누가 이게 가능하죠? 어제 걸요
- 모르겠어요"
50:42,"How can they even know
that we're together? Look, I'm trying to do
the right thing for you. Okay?","- 우리가 함께인 건 어떻게 알죠?
- 당신을 위해 노력 중이에요"
50:46,"-Just... That's all I'm trying to do.
-Right?","- 그게 다예요
- 날 위해?"
50:48,"How are you gonna make this right
by sending me there alone?","경찰에 날 혼자 보내는 게
어떻게 최선이죠?"
50:51,You think I want you to go to the cops?,"일부러 보내려는 것 같아요?
난 뭐 좋은 줄 아냐고요?"
50:52,"-You think that's good for me?
-You want to go, fine.","일부러 보내려는 것 같아요?
난 뭐 좋은 줄 아냐고요? - 당신이 가요
- 난 도망칠 거요!"
50:54,"-If you go to the cops, I gotta run!
-You go and tell them what happened!","- 당신이 가요
- 난 도망칠 거요! - 그간 상황을 당신이 진술해요!
- 난 아무것도 몰라요!"
50:56,I don't know what happened!,"- 그간 상황을 당신이 진술해요!
- 난 아무것도 몰라요!"
50:58,"I don't know who this guy was!
I don't know about that picture!","난 이 남자와 사진에 대해
전혀 몰라요!"
51:00,I don't know who I am!,내가 누구인지 모른단 말이에요!
51:09,"Look, I'm...","저, 난..."
51:10,"You're acting like
I'm trying to burn you here. I'm just trying to do the right thing.","내가 당신을 해치려는 것 같아요?
난 최선을 다하고 있어요"
51:13,Nobody does the right thing.,아무도 옳은 일을 하지 않아요
51:24,"Look, I can't run with you. I can't.","함께 도망 다닐 순 없어요
안 돼요"
51:29,"We run, I got to live like this. I gotta-- I don't even know who I'm hiding from.","평생 도망치면서 이렇게 살겠죠...
누구로부터 도망치는지도 모른 채"
51:34,These people know who I am.,이 사람들은 내가 누구인지 알아요
51:35,"Yeah, I gotta stay here.
I got to figure this out.","난 여기 남아서
어떻게 된 건지 알아봐야 해요"
51:39,"So, figure it out.",그럼 그렇게 해요
51:59,You take care of this car?,이거 아끼는 차예요?
52:01,"-[engine starts]
-What do you mean?",무슨 뜻이죠?
52:02,"The tires felt a little splashy
on the way over here.","오는 도중에 타이어가
좀 물렁물렁한 것 같았어요"
52:05,It pulls a little to the right.,오른쪽으로 약간 기울어요
52:29,"Last chance, Marie.","마지막 기회예요, 마리"
53:54,[Bourne] So...,저기...
53:56,"-What?
-Uh, we got a bump coming up.","- 뭐요?
- 좀 덜컹거릴 거예요"
54:32,Turn your head away. Turn your head away.,고개 돌려요
56:46,You can never come back to this car.,이 차로 다시 돌아오면 안 돼요
56:49,"-You understand?
-Mm-hmm.",알겠어요?
56:50,"Okay, we're gonna clean it out,
and I'll wipe it down, and we walk away.","그럼, 물건을 전부 챙기고
내가 지문을 지운 후, 도망치죠"
56:55,"-That's it.
-Okay.","- 그럼 돼요
- 네"
56:56,"Okay. And I'll find
a place for us to rest. And I got to think.","우리가 쉴 만한 곳을 찾겠어요
그리고 생각 좀 해 보죠"
57:00,"Do you have a hat,
or a scarf or something?",모자나 스카프 같은 거 있어요?
57:02,"-For my hair?
-Yeah. Just until we can change it.","- 머리 때문에요?
- 네, 바꿀 때까지만요"
57:05,"-Yeah. Sure. Okay.
-Okay.","그럼요, 네, 있어요 좋아요"
57:10,"HOFFENMEIN MORGUE
PARIS, FRANCE","""호프만 시체 공시소
프랑스 파리"""
57:46,[in English] It's not him.,그가 아니야
57:49,"[in Yoruba]
This man was not shot.",이 녀석은 총을 맞지 않았어
58:12,[Conklin on phone] What do you have?,뭐지?
58:13,"[Nicky on phone]
Wombosi went to the morgue.",움보시가 시체 공시소에 가서
58:16,He saw the body. He didn't buy it.,"시신이 제이슨이 아니란 걸
알았습니다"
58:20,Where is he now?,어딨는데?
58:21,"[Nicky] I told you,
I'm not staffed for this.","말씀드렸듯이
요원이 부족합니다"
58:23,"[Conklin] Where is he now?
Right now, where is Wombosi?","지금 어디에 있어? 지금!
움보시 말이야"
58:26,[Nicky] They were leaving the morgue.,시체 공시소를 떠났습니다
58:27,They just left.,방금요
58:36,"[Zorn] Sir, what do you want to do?",어떻게 할까요?
1:00:36,I need to get that bottle.,염색약 가져올게요
1:02:10,Hey.,깼어요?
1:02:22,You already cleaned the room?,벌써 방 청소 다 했어요?
1:02:25,"I wiped the whole place down
for fingerprints.",지문 없애려고 다 닦았어요
1:02:31,"Can I walk around
or is it gonna leave any footprints?",걸으면 족흔이 남겠죠?
1:02:41,You can walk around. It's no problem.,"내려서 걸어도 돼요, 괜찮아요"
1:02:45,"But we'll just keep track
of everything we touch.","하지만 우리가 만졌던 건
모두 기억해야 해요"
1:02:48,"I just think it's better
if we leave a room,","우리가 방을 떠난 후, 아무 흔적이
남지 않았으면 좋겠어요"
1:02:50,"-that we're not gonna leave a trail.
-Why? Where are we going?","우리가 방을 떠난 후, 아무 흔적이
남지 않았으면 좋겠어요 왜요? 어디 가요?"
1:02:53,I need to go to the hotel,"존 마이클 케인이 묵었던
호텔에 가 봐야겠어요"
1:02:55,"where John Michael Kane stayed.
The Hotel Regina.","존 마이클 케인이 묵었던
호텔에 가 봐야겠어요 레지나 호텔"
1:02:58,"Um, if I was him,
then they're gonna have some records.","만약 그와 내가 동일 인물이라면
분명 무슨 기록이 있을 거예요"
1:03:03,We need that hotel bill.,그 호텔 영수증이 필요해요
1:03:05,Okay.,그래요
1:03:06,"It gets slightly complicated, though.",점점 복잡해지는군요
1:03:09,Because you're dead.,당신이 죽었기 때문이죠
1:03:13,Right.,맞아요
1:03:19,"-[man] Sir, please.
-[Wombosi] If they want war, then we'll give them war.","- 제발요
- 그들이 전쟁을 원한다면, 줘야지"
1:03:22,"If they want to kill me,
they better kill me the first time.","그들이 나를 죽이고 싶다면
단번에 죽이는 게 나을 거야"
1:03:26,"They better kill me dead.
They better kill me when I'm in my sleep.","죽은 나를 죽이는 게 쉬울 거야
내가 잠들어 있을 때 말이야"
1:03:30,"Nykwana, listen to me.
We need these people.","니쿠아나, 내 말 들어요
우린 이 사람들이 필요해요"
1:03:32,"It's hard enough getting people
that we know to help us.","우리를 도와줄 사람을
찾는 일은 쉽지 않아요"
1:03:35,We need to be careful.,조심해야 해요
1:03:36,We?,우리가?
1:03:38,"No, you.","아냐, 너지"
1:03:39,"You need to bring me back
that bastard Kane's head,","네가 그 썩을 녀석 머리통을
나한테 가져와서"
1:03:42,"put it out in front of this house, and show them
what kind of war we're fighting!","이 집 앞에 매달아서 그들에게
우리의 힘을 알리도록 해"
1:03:45,"-But that is precisely--
-[gunshots]",하지만 명백히...
1:04:06,Let's do a reference check before we go.,"실행 전
최종 점검을 해봐요"
1:04:10,Okay.,좋아요
1:04:14,What's the pay phone number?,공중전화 번호는?
1:04:16,616-2468.,616-2468
1:04:19,"-Exits?
-There's three.",비상구는? 세 개
1:04:21,"Service at the back,
side goes to the street past the shops,","직원 전용의 뒷문
번화가로 통하는 옆문"
1:04:26,front is the best.,앞문이 제일 나아요
1:04:28,"If I think I'm being followed, I walk out
with the bag over my right shoulder.","미행이 붙었다고 생각되면
가방을 오른쪽에 메고 나오겠어요"
1:04:32,And if there's no taxi?,택시가 없으면?
1:04:34,"I keep on walking,
don't look back until you make contact.","계속 걷겠어요, 당신이 연락을
할 때까지 뒤돌아보지 않고"
1:04:40,What?,뭐죠?
1:04:46,"We need this, right?","필요한 일이에요, 그죠?"
1:04:50,Okay.,시작하죠
1:05:03,[Bourne] I need distances.,거리를 알아야 해요
1:05:05,"You walk in, you pick a spot.
Some midpoint in the lobby.","들어가서, 장소를 한 군데 정해요
로비 한가운데쯤에"
1:05:08,"I want you to count your steps
to that spot,  and then remember that number.","그 정해진 곳까지의 발걸음 수를
계산해서, 기억하고 있도록 해요"
1:05:11,"Because after I call you,
I can get you moving.","통화할 때, 당신에게
대책을 일러 줘야 하니까요"
1:05:14,You understand?,알겠어요?
1:05:16,I also need a head count.,사람 수도 세요
1:05:18,How many people from the time you walk in,"문에서 프런트까지
몇 사람이나 있는지"
1:05:19,"until you get to the desk.
How many hotel employees are there?","문에서 프런트까지
몇 사람이나 있는지 호텔 직원은 몇 명이나 있는지?
경비원 수도 당연히"
1:05:22,"And, obviously, security.","호텔 직원은 몇 명이나 있는지?
경비원 수도 당연히"
1:05:24,"And it might not be that easy
to see who they are.","누가 경비인지 구별하기
쉽지 않겠죠"
1:05:26,"So I'll call you, you give me the layout,
and we'll take it from there.","내가 전화하면 상황을 일러줘요
그런 후 함께 살펴보죠"
1:05:34,[female operator] Hotel Regina.,레지나입니다
1:05:35,"[in French]
Yes, the house phone in the lobby.","네, 로비의 수신용 전화
연결해 주세요"
1:05:56,"-What happened?
-Uh--","- 뭐예요?
- 나..."
1:05:57,"-Did something go wrong? What--
-I've got the records.","- 뭐가 잘못됐어요? 뭐...
- 기록을 찾았어요"
1:06:03,"This guy at the front desk
was smiling at me.","프런트의 남자가
내게 미소를 짓더군요"
1:06:05,"So I thought, you know, all this trouble,
maybe it's easier to just ask for them.","그래서 그들에게 직접 묻는 것이
쉬울 것 같았어요"
1:06:09,"-You have the bill?
-He made me a photocopy.","- 영수증은?
- 그가 복사본을 주더군요"
1:06:13,You just asked for it?,그냥 부탁했어요?
1:06:17,"I said I was Mr. Kane's
personal assistant.",난 케인 씨의 비서라고 했죠
1:06:24,"-[Marie chuckles]
-Okay. Good thinking.","좋아요
재치가 있군요"
1:06:36,"-[Zorn] Sir, can I--
-No.","- 제가...
- 아니"
1:06:42,"Wombosi was assassinated
in his house in the middle of Paris.","움보시가 파리 시내에 있는
자신의 집에서 암살당했네"
1:06:46,"Yeah, we just heard.","네, 방금 들었죠"
1:06:49,"It's him. It's Bourne.
We're almost positive.","바로 그, 제이슨 본입니다
거의 확실해요"
1:06:52,He had an assignment. He failed.,그의 임무였지만 실패했죠
1:06:55,"He obviously felt compelled
to finish the task.","분명 임무를 완수해야 한다는
책임감을 느꼈을 겁니다"
1:06:57,"-Jesus.
-We think he'll come back in now.",맙소사 조만간 돌아올 거예요
1:07:01,"I mean, it's routine.",다들 그러니까요
1:07:03,It's like behavioral software.,컴퓨터 프로그램과 다름없어요
1:07:06,He's following a protocol.,지휘 통제를 따르죠
1:07:09,"Now that he's completed the mission,
we think he'll come back in.","이제 책임을 다했으니
틀림없이 돌아올 겁니다"
1:07:14,They always do.,항상 그래요
1:07:16,When? How long till he checks in?,언제? 돌아오는 데 얼마나 걸리나?
1:07:21,"-Twenty-four hours.
-Twenty-four hours?","- 24시간입니다
- 24시간?"
1:07:23,"Yeah, it's usually something like that.","네, 보통 그래요"
1:07:26,Then what?,그다음엔?
1:07:29,I told you we'd clean this up.,말했듯이 깔끔하게 처리해야죠
1:07:31,It will be clean.,걱정 마세요
1:07:37,"[Bourne] Yeah, I understand
you're a dive shop, but where are you located?","다이빙 장비 매장인 건 아는데
위치가 어디죠?"
1:07:42,Marseilles?,마르세유요?
1:08:08,"What specifically does
your company supply?",회사 제품이 정확히 어떤 건가요?
1:08:10,"[man] I am sorry. What did you say
your name was, monsieur?","죄송하지만, 본인 성함을
다시 말씀해 주시겠습니까?"
1:08:21,"[in French] You've been here
for three hours, and you still can't find a print?","여기 세 시간이나 있었는데
아직도 지문을 못 찾았어?"
1:08:34,"-What?
-Paris police found the vehicle.","- 뭐야?
- 파리 경찰이 차를 찾았답니다"
1:08:50,"[Rawlins] You've reached
the office of Simon Rawlins at Alliance Security, Maritime Division.","얼라이언스 경비 해사부의
사이먼 롤린스 사무실입니다"
1:08:54,"Paris office hours are
from 8:00 a.m. to 5:00 p.m.","파리 사무실의 업무 시간은
오전 8시에서 오후 5시입니다"
1:08:58,[Bourne] I got a lead in Paris.,파리에 뭔가 단서를 찾았어요
1:09:01,"The rest were Marseilles,
and two out in Southampton.","마르세유에 대부분이 있고
사우샘프턴에 2개가 있어요"
1:09:03,"-In Paris? It's what?
-Alliance Security. Simon Rawlins.","- 파리에? 뭐가요?
- 얼라이언스 경비 사이먼 롤린스"
1:09:06,I got a machine.,자동 응답기요
1:09:33,[woman] Mr. Kane?,케인 씨?
1:09:36,Mr. Kane!,케인 씨!
1:09:38,"-How are you?
-I'm good. I'm good. How are you?","- 잘 지내시죠?
- 그럼요, 별일 없으시죠?"
1:09:45,"Oh, Mr. Kane. Come right in.
Please have a seat.","케인 씨, 어서 오세요
앉으시죠"
1:09:49,Thank you.,고마워요
1:09:51,"So, this is the Palmer Johnson tri-deck.","자, 이건 파머 존슨 스타일의
요트예요"
1:09:54,"I'm assuming you're still in the market.
It's still the same vessel.","아직 사업 중이시고
여전히 같은 상선이죠?"
1:09:59,Yes.,네
1:10:24,"So, I'm Kane.",난 케인이에요
1:10:25,"-Hey. They--
-I just had a meeting as Kane.","- 그...
- 그들에게 난 케인이었어요"
1:10:27,"-They said--
-No, no. I'm definitely Kane.","- 그...
- 난 케인이 분명해요"
1:10:29,"I just had a meeting as Kane,
and he knew me as Kane.","난 케인으로서 만났고
그도 날 케인으로 알아봤죠"
1:10:32,"So, I'm definitely Bourne.
I'm also just definitely Kane.","난 분명 제이슨 본이지만
동시에 케인이기도 해요"
1:10:35,This is all just boats.,선박 관련이었어요
1:10:36,"I got blueprints and cameras,","설계도와 CCTV와
보안 설비 같은 이야기가..."
1:10:38,"-and security systems.
-I just found John Michael Kane's body.","방금 막 마이클 케인의
시신을 찾았어요"
1:10:42,In a morgue here in Paris.,파리 시체 공시소에 있어요
1:10:44,"But, if you are John Michael Kane,
whose body do they have?","하지만 당신이 케인이라면
대체 그 시신은 누구죠?"
1:10:56,"-What was name again?
-[Bourne] Kane.","- 이름이 뭐라고 하셨죠?
- 케인입니다"
1:10:59,Kane.,케인
1:11:00,John Michael Kane.,존 마이클 케인
1:11:02,John Michael Kane.,존 마이클 케인
1:11:08,Kane. It's number 121.,"케인, 121번이군요"
1:11:13,I want to see the body.,시신을 보여 주세요
1:11:14,"Our boss could come back.
We are not supposed to do that.","팀장이 곧 올 겁니다
함부로 보여드릴 수가 없어요"
1:11:18,"-Come on.
-[sighs]",부탁해요
1:11:35,"Is this it? I mean, where is he?",뭐죠? 시신은 어딨어요?
1:11:38,I don't know.,모르겠어요
1:11:41,[in French] What's going on?,이거 뭐야?
1:11:42,"[in French] This guy's
come to see the American.","이 사람이 미국인 시신을 보러
왔는데, 시신이 사라졌어"
1:11:43,"-But the body, it's disappeared.
-They came yesterday evening, his brother.","이 사람이 미국인 시신을 보러
왔는데, 시신이 사라졌어 그 사람 형이
어제저녁에 가져갔어"
1:11:46,He's not in the register.,기록엔 없던 걸
1:11:48,"[in English] Who are you?
What's going on here?",당신은 누구죠? 대체 왜?
1:11:50,"-Where's the body that goes in here?
-I said someone came last night.","- 시신은 어디 있죠?
- 지난밤 누가 운송해 갔다니까요"
1:11:53,"Yeah, I know. Where'd they take the body?","그래요, 어디로 옮겨졌죠?"
1:11:54,"Look, this is not a carnival, okay?","여긴 잔치마당이 아니오
아시겠어요?"
1:11:57,"People call, they make an appointment,
and they follow the rules.","규정대로 전화 예약을
먼저 하셨어야죠"
1:12:00,"Everyone signs in and out.
This is a serious place. Serious work.","드나드는 사람은 누구든 서명을
해야 합니다, 중요한 곳이라고요"
1:12:03,"It's not just to come in
whenever you like! You're right. You're right.
We didn't sign in.","- 마음껏 드나드는 데가 아닙니다!
- 그렇군요, 서명을 하지 않았어요"
1:12:07,"-Get the hell out of here.
-Fine, fine.",당장 나가요
1:12:09,"-No, I'm just gonna go sign in.
-Okay, go.","- 그러죠, 하지만, 서명은 할게요
- 좋아요, 어서"
1:12:15,[Bourne] Is this it?,이거죠?
1:12:16,"-Slow down. You can't just take the book.
-This is it, right?","- 이것 봐요, 통째로 들지 말아요
- 이거 맞죠?"
1:12:18,"No, it's okay. There's a pencil in here.
All right. That's fine.","괜찮아요, 연필 여기 있군요
잘됐어요"
1:12:21,"Honey, why don't you
go wait outside, all right? -Here it is. Okay.
-We can't have--","자기야, 밖에서 좀 기다려 줄래?
다 됐어"
1:12:24,Excuse me! [grunts],"- 안 돼...
- 네"
1:12:27,"Jason, what just happened in there? What are you looking for?","제이슨, 왜 그런 거예요?
뭘 찾고 있죠?"
1:12:31,Nykwana Wombosi.,니쿠아나 움보시
1:12:33,Wombosi went to the morgue to visit Kane.,"움보시가 케인을 보러
시체 공시소를 방문했었군요"
1:12:37,See?,볼래요?
1:12:38,"-So?
-So, look.",그래서요?
1:12:39,He's in the Alliance Security brochure.,"이거 봐요, 얼라이언스 경비의
팸플릿에 있는 남자예요"
1:12:41,Same guy.,동일 인물이죠
1:12:42,This guy knows.,이 남자는 알고 있겠죠
1:13:17,"My French sucks. I can't...
It says something about a boat or...","난 불어가 엉망이라, 도무지...
배에 대한 것 같은데..."
1:13:23,I don't understand. What does it say? You read it. Huh? Tell me. What--,"모르겠어요, 뭐래요?
읽었잖아요, 네?"
1:13:29,"It says that
three weeks before he was killed,","살해당하기 3주 전에 움보시는
경찰에 마르세유 해안에서..."
1:13:31,"Mr. Wombosi told police
that a man came onto his yacht","살해당하기 3주 전에 움보시는
경찰에 마르세유 해안에서... 8km쯤 떨어져 있던 그의 배에
어떤 남자가 침입해서..."
1:13:35,"five miles off the coast of Marseilles,
and tried to kill him.","8km쯤 떨어져 있던 그의 배에
어떤 남자가 침입해서... 암살을 시도했다고 신고했었어요"
1:13:40,"It says that he chased
the man off the boat and shot him twice in the back.","그는 암살자를 배에서 몰아낸 후
등에 총을 두 발 쐈대요"
1:13:45,It says I'm an assassin.,내가 암살자래요
1:14:28,[in French] Stop the car.,차를 세워요
1:14:30,"[driver, in French]
But we're almost there.","하지만, 말씀하신 거리는...
거의 다 왔는데요"
1:14:32,"[Bourne] Just right here, this is good.","그냥 여기, 여기면 돼요"
1:14:34,I said stop.,멈춰요
1:14:36,[Marie] What's going on?,왜 그래요?
1:14:38,"[in French] Well, what's going on?","저, 무슨?"
1:14:39,"-[Marie] What the hell are you doing?
-Go.",무슨 짓이에요?
1:14:41,"-What are--
-[Bourne] Go. Go.","- 가요, 가
- 대체..."
1:14:42,"[driver, in French] You gave me too much.",잔돈 받아가세요
1:14:44,"-We're blown. Come on.
-Blown? What is ""blown""?","- 탄로 난 거예요, 가요
- 탄로? 뭐가 탄로가 나요?"
1:14:47,"[in French] Monsieur,
your change. Your change.","손님, 잔돈요, 잔돈"
1:14:50,"[in French] Sir,
please, you have to leave.","죄송하지만, 정차 금지입니다
떠나 주십시오"
1:14:53,Keep walking. Keep walking.,"계속 걸어요, 계속"
1:14:56,"What do you think
they're doing back there? They're on to the hotel.","그들이 왜 돌아왔겠어요?
호텔에 대해 안 것이 분명해요"
1:14:59,"-No. You don't know that.
-Trust me. Just keep walking.","- 아뇨, 설마요
- 내 말 믿고, 계속 걸어요"
1:15:23,Are you crazy? What are you doing now?,미쳤어요? 지금 무슨 짓이에요?
1:15:28,Jason!,제이슨!
1:15:30,This is blown.,탄로 났다니까요
1:15:39,"-Marie?
-Get away.","- 마리?
- 떨어져요"
1:15:41,"-Marie, stop right there. Stop.
-Get away from me. Or what?","- 마리, 거기 서요
- 저리 가요"
1:15:44,"-What are you gonna do? Kill me?
-Marie.",어떡할 거죠? 날 죽일래요?
1:15:45,"-Is that what's next?
-Listen, stay calm. Stay calm.","- 마리
- 날 죽일 거예요? 진정해요, 진정해"
1:15:49,"Whatever we do, we have to do it together.","무엇을 하든
우린 함께 해야 해요"
1:15:51,"-We have to be--
-We?","- 우린...
- 우리?"
1:15:53,"The only thing we had in common was that neither one of us
knew who you were.","우리 사이 유일한 공통점은 둘 다
당신이 누구였는지 모른다는 거죠"
1:15:56,"-We've passed that now.
-Marie, listen to me!","- 다 지난 일이에요
- 내 말 들어요!"
1:15:58,"The police will find us. And the people
who took that picture in the embassy,","경찰이 우릴 찾을 거예요
대사관에서 우리 사진을 찍은"
1:16:01,"the people who killed Wombosi,
they're gonna come here,","움보시 살해범들은
우리를 찾아내 죽일 거예요"
1:16:03,"-and they're gonna kill us.
-The people who you work for.","움보시 살해범들은
우리를 찾아내 죽일 거예요 당신 동료들인걸요"
1:16:08,"I will take you wherever you need to go. I will take you there.
I will leave you there.","가고 싶은 곳 어디든 데려다주고
나는 떠날게요"
1:16:12,"You can do whatever you want.
You never have to see me again.","원하는 건 뭐든지 해도 좋아요
두 번 다시 나를 안 봐도 돼요"
1:16:15,"But not here. If we stay here, we die.","하지만 여긴 안 돼요
여기 있으면 둘 다 죽어요"
1:16:25,"Boy, great police work! Really brilliant!","맙소사, 대단한 경찰력이군!
아주 훌륭해!"
1:16:29,"Why don't they just hang out a banner
that says, ""Don't come back!""","'다시는 돌아오지 마!'라고
광고하고 다니는 꼴이야!"
1:16:34,"Jesus Christ! What is
the French word for ""stakeout,"" huh?","세상에! 불어에는
'경찰 매복'이란 단어가 없나?"
1:16:45,"Okay, this was 16 minutes ago.","좋아, 그게 16분 전이었으니"
1:16:48,This is our starting point.,여기를 시작점으로 삼지
1:16:50,"-They can't fly. Trains are risky. Nicky?
-[Nicky on phone] Here.","- 비행기도 기차도 못 타, 니키?
- 네"
1:16:54,"I need to know everything
Paris's finest is doing on this.","파리의 경찰이 하는
모든 일을 알려줘"
1:16:58,I'm on it.,네
1:17:00,"[Abbott] You said 24 hours,
and he's not back.","24시간이라더니
돌아오지 않는군"
1:17:04,"[Conklin] No. But we got
a good idea where he is.","그렇지만 그의 위치는
거의 알아냈어요"
1:17:08,"[Abbott] You've got a black ops agent
who's off the reservation.","자네, 통제 불능의 요원 덕에
검은돈을 남용하고 있네"
1:17:11,"He's trashed an American consulate.
He's on the run somewhere in Europe.","그는 미 대사관을 부쉈고
지금은 유럽 어딘가 도피 중이네"
1:17:14,"You don't know why. I've got to stand
before an oversight committee.","자넨 이유도 모르지
관리위원회에 보고해야 하는데"
1:17:17,"What am I gonna tell them
about Treadstone?","트레드스톤에 대해
뭐라고 해야겠나?"
1:17:18,You're worried about a budget meeting?,예산 감찰을 걱정하시는 건가요?
1:17:21,"We don't take care of this,
we don't make it to the men's room.","이 일을 처리 못 하면
빛도 못 볼 거예요"
1:17:25,"Now, is that clear enough for you?","자, 무슨 말인지 아시겠어요?"
1:17:28,We will burn for this.,우린 잘릴지도 모른단 말이에요
1:17:31,"We will, both of us, burn.",우리 둘 다 말이죠
1:17:34,"All right, I want two teams. Daryl, Ray, stay on the grids.","자, 두 팀으로 나눠
대릴과 레이는 컴퓨터 추적 계속해"
1:17:38,"Brian, Harris, Steve,","브라이언, 해리스, 스티브"
1:17:40,I want to work on this girl.,이 여자에 대해 조사해
1:17:42,"Where do we stand
with this residency pattern?","- 주거 지역은 전부 파악됐나?
- 작업 시작했습니다"
1:17:45,"-We started it.
-Get it out.","- 주거 지역은 전부 파악됐나?
- 작업 시작했습니다 알아내"
1:17:51,"[man] We cross-referenced numbers
from the grandmother and stepbrother.","할머니와 이복동생의
통화 내역을 교차 확인해서"
1:17:54,"Whenever we found convergence,
we took those numbers, back-checked them,","집합점을 찾으면, 추적해서
보유한 데이터베이스에 연결해 검색해 봤습니다
결과는 많지 않지만..."
1:17:57,"and ran a search merge
with any other data we had on her, which wasn't much. But--","연결해 검색해 봤습니다
결과는 많지 않지만..."
1:18:00,Pins. These pins.,표적은 이곳들입니다
1:18:02,"These are all the places we think
she's lived in the last six years.","지난 6년간 그녀의 거주지는
이것이 전부입니다"
1:18:06,"-One, two, three, four, five.
-[line ringing]","하나, 둘, 셋, 넷, 다섯"
1:18:09,That's our pool.,이곳들을 중심으로 탐색해
1:18:16,No answer.,안 받아요
1:18:18,How many times you let it ring?,신호가 몇 번이나 울렸죠?
1:18:20,"Look, if you don't want to go, I'll hitch. I said I'd take you.","- 싫으면 다른 차 얻어 탈게요
- 데려다주겠다고 했잖아요"
1:18:26,[Conklin] Those are the targets.,이곳들이 표적이야
1:18:28,"Beg, borrow, hack, tap, bypass!
I don't care what you do!","구걸, 탈취, 구타, 도청
신호 위반! 뭘 해도 좋아!"
1:18:34,"I want to know everything you can tell me
about what's going on at those locations.","이 장소들에서 일어나는 모든 일을
내게 보고할 수만 있다면 말이네"
1:18:56,"[Bourne] How do you know
he still owns this?","이 집이 아직
동생 소유가 확실해요?"
1:19:00,"Eamon always had money.
He would never sell this.","에몬은 늘 돈이 많아요
이 집을 팔았을 리가 없어요"
1:19:33,Marie?,마리?
1:19:34,What?,네?
1:19:37,We got to go.,가야겠어요
1:19:39,What?,네?
1:19:41,We got to go.,가야 한다고요
1:19:45,"-I thought it would--
-[car brakes squeak]",내 생각에는...
1:19:52,"-Oh, shit, that's Eamon. I'll talk to him.
-We're leaving.","- 오, 이런, 에몬이에요
- 떠납시다"
1:19:59,Eamon. Hey. Surprise.,"에몬, 깜짝쇼야"
1:20:02,"It's me, Marie. Wow, God.","나야, 마리
와, 세상에..."
1:20:06,There's a really good reason for this.,여기 온 타당한 이유가 있어
1:20:08,"-There bloody well better be.
-Daddy!","그랬으면 좋겠지 - 아빠!
- 잠깐, 잠깐만"
1:20:11,Hang on. Just hang on. Hang on.,"- 아빠!
- 잠깐, 잠깐만"
1:20:15,I had no idea you would be here.,네가 올 줄은 꿈에도 몰랐어
1:20:18,"Well, why would I be here?
It's only my bloody house, right?","왜 왔냐고?
여긴 내 유일한 집이잖아, 아냐?"
1:20:22,[Marie] Yeah.,그렇지
1:20:24,Did she get you into this?,누나 따라 왔나요?
1:20:28,It was just gonna be for a day.,하루만 머물 예정이었어요
1:20:29,"Daddy, Alain has to go pee!","아빠, 알랭이 쉬한대요!"
1:20:33,"All right, all right, come on.
Here, get out of the car.","그래, 그래, 이리 오렴
차에서 내려"
1:20:38,"Okay, in you go. Come on, Alain.","들어가자 자, 알랭"
1:20:42,I'm sorry. I thought it would be okay.,"미안해 난 괜찮을 줄 알았는데
내가 잘못 생각했나 봐"
1:20:44,But I guess I was wrong.,"난 괜찮을 줄 알았는데
내가 잘못 생각했나 봐"
1:20:46,"-Let's find Mommy.
-Mommy?","- 엄마 어딨어?
- 엄마?"
1:20:48,"She is away for two days, thank God.","엄마는 이틀 후에 온단다
다행이지"
1:20:55,You've got yourself all tied up here.,그러니 여기 있어도 돼
1:20:58,Okay.,그래
1:21:03,What does he do for a living?,저 사람 직업이 뭐야?
1:21:06,He used to be in shipping.,선박 회사 다녔었어
1:21:10,Is he good for you?,누나한테 잘해?
1:21:12,Are you happy?,행복해?
1:21:14,You know me. I try too hard.,"너 나 알잖아
극성맞은 거"
1:21:40,Here you go.,이거 받아
1:21:42,Sleep well.,잘 자
1:21:44,Good night.,너도
1:21:47,I'll sleep on the floor.,난 마루에서 잘게요
1:21:55,"-This was when?
-11:45 a.m.","- 언제였어?
- 오전 11시 45분입니다"
1:21:58,"Which is definitely within
the driving range of Paris.",파리에서 운전 가능한 거립니다
1:22:02,"The call came from a highway rest stop,
southbound side.","고속도로 휴게실의 전화예요
남쪽 방향 도로입니다"
1:22:04,"[Conklin] Yeah. What's this yellow pin? She spent a couple of months
there in 1997.","- 그래, 이 노란 표적은 뭐지?
- 1997년에 몇 달 머문 곳인데"
1:22:08,Closest town is Riom.,리옹시에서 가깝습니다
1:22:12,"We took her family's phone records
and collated the international calls.","국제 전화를 포함해, 가족들의
통화 내역을 모두 조회했습니다"
1:22:15,They were in Paris at 2:00 a.m.,"그들은 새벽 2시에
파리에 있었어요"
1:22:17,They can't fly. Train's too dangerous.,"비행기는 못 탔을 거예요
기차는 들킬 위험이 너무 많고"
1:22:20,"He knows better than to go anywhere
we might track him.","추적당할 염려가
없는 곳으로 가려고 할 테죠"
1:22:23,"So, this is our best guess.",우리의 추측은 이래요
1:23:24,[whispering] What are you doing here? The kids. I was worried.,"- 여기서 뭐 해요?
- 애들 걱정요, 잘 수가 없어요"
1:23:27,"-I couldn't sleep.
-[Marie] You're gonna wake them up.","- 여기서 뭐 해요?
- 애들 걱정요, 잘 수가 없어요 애들 깨겠어요, 나가요"
1:23:29,"-We got to go.
-I don't want to know who I am anymore.","애들 깨겠어요, 나가요 난 더는 내 존재가
궁금하지 않아요"
1:23:31,"-Shh.
-I don't care. I don't want to know.","난 더는 내 존재가
궁금하지 않아요 상관없어요, 알 필요 없다고요"
1:23:37,"-Come on. We'll talk about--
-Everything I found out I want to forget.","- 가요, 얘기는...
- 지금까지의 일은 다 잊겠어요"
1:23:42,"-It's okay.
-I don't care who I am or what I did.","괜찮아요 내가 누구이든 무슨 짓을 했든
신경 안 써요"
1:23:47,"-It's okay.
-We have this money.",괜찮아요 우린 돈이 있어요
1:23:51,We can hide.,숨어 살아요
1:23:55,"Can we do that?
Is there any chance you can do that?","그럴 수 있겠어요?
당신도 그럴 수 있겠죠?"
1:24:06,I don't know.,모르겠어요
1:24:12,Come on.,나가요
1:24:24,"Here, boy!","여기야! 야, 여기!"
1:24:27,Morning.,좋은 아침
1:24:28,Christ. You were up early.,"이런, 일찍도 일어났구나"
1:24:31,Bless you for making coffee.,커피 끓여줘서 고마워
1:24:42,One night. You weren't kidding.,정말 하루만 있다 가네
1:24:44,"-[door opens, closes]
-For a change.",변화가 좋잖니
1:24:46,He's not there either.,없어졌어요
1:24:49,"-[Eamon] And you looked by the car?
-He's not anywhere.","- 차 안은 살펴봤니?
- 아무 데도 없어요"
1:24:53,"All right, let me get dressed.","그래, 옷 좀 입고 찾자"
1:24:55,"-Who?
-[Eamon] Bloody dog's gone missing.","- 누구?
- 개가 없어졌대요"
1:24:58,Does that happen a lot?,자주 없어져요?
1:24:59,"What? That mutt?
Miss his breakfast? Not a chance.","그 똥개가 아침을 거르다니요?
절대 그럴 리 없죠"
1:25:02,"It's always something, right?",진짜 희한한 일이지 뭡니까?
1:25:06,"-Get in the basement.
-What?",지하실로 가요 뭐요?
1:25:10,"-Get everyone in the basement, right now.
-What the hell are you talking about?","- 모두 당장 지하실로 들어가요
- 무슨 미친 소리요?"
1:25:13,You're in danger. Your family's in danger. I don't have time to explain.,"위험해요, 당신 가족 모두
설명할 시간이 없어요"
1:25:17,"-Wait a minute. What the--
-Eamon.","- 잠깐만, 대체...
- 에몬"
1:25:18,You should go.,말 들어
1:25:20,"-What the hell have you done?
-It's not her. It's me.","- 무슨 빌어먹을 짓을 했지?
- 마리가 아니라 나예요"
1:25:23,"You need to get out of sight
and in the basement as quick as you can.","가능한 한 빨리 밖이 보이지 않는
지하실로 숨어야 해요"
1:25:27,Daddy.,아빠
1:25:33,I'm sorry. Let's go.,미안해요 가자
1:25:54,"-The phone is dead.
-Yeah.","- 전화가 안 돼요
- 네"
1:25:58,"Jason, who's out there? Who is it?","제이슨, 밖에 누가 있는 거죠?
누구예요?"
1:26:18,What are you doing?,뭐 하는 거예요?
1:26:20,"Oh, no.","오, 안 돼"
1:26:26,We should never have come here.,"여긴 죽어도 오지 말았어야 했어요
난 조카들이..."
1:26:28,"-These children, if--
-That's not gonna happen.","여긴 죽어도 오지 말았어야 했어요
난 조카들이... 아무 일도 없을 거예요"
1:28:58,Where is it? Where's the weapon?,어디 있어? 총 말이야
1:29:04,"Who else is out here?
Who else? How many you got with you?","너 말고 또 누가 있지?
누구야? 전부 몇이나 돼?"
1:29:08,I'm not gonna ask you again.,마지막으로 묻는 거야
1:29:10,I work alone. Like you.,"난 혼자서 일해, 너처럼"
1:29:15,We always work alone.,우린 늘 혼자 작업하잖아
1:29:17,"-What do you mean?
-Who are you? Rome?","- 무슨 말이야?
- 넌 누구지? 로마?"
1:29:19,Paris?,파리?
1:29:23,"Treadstone, both of us.",우리는 트레드스톤 소속이잖아
1:29:25,"-Treadstone?
-Which one?","- 트레드스톤?
- 담당이 어디야?"
1:29:26,Paris. I live in Paris.,"파리, 난 파리에 살아"
1:29:28,You still get the headaches?,너 머리 아프지?
1:29:31,"-Yeah.
-I get such bad headaches.",응 나 머리 아파 죽겠어
1:29:35,"You know, at night,
when you're driving a car.",너 야간운전 해 봤지?
1:29:37,"I don't know. Maybe it's something
to do with the headlights.","밤의 헤드라이트처럼
골치가 아파"
1:29:38,What is Treadstone?,트레드스톤이 뭐야?
1:29:41,Treadstone said...,그가 널 죽이라고 했어
1:29:45,They said go to Paris.,파리로 가라고 했어
1:29:47,Is Treadstone in Paris?,트레드스톤이 파리에 있어?
1:29:52,Look at this.,나를 봐
1:29:55,Look at what they made you give.,그가 널 해치려는 것을 알겠지
1:30:23,"All right, all right.",괜찮아
1:30:24,"All right, Claudia,
get in the front and put your belt on.","괜찮아, 클로디아
앞에 앉아서 벨트 매렴"
1:30:27,"All right, we're just gonna
put you in the back.","괜찮아, 넌 뒤에 태워 줄게"
1:30:29,"All right, get in the front, Claudia.","괜찮아, 넌 뒤에 태워 줄게 괜찮아, 앞에 타, 클로디아"
1:30:37,"I'm not waiting, Marie.","서둘러, 마리"
1:30:39,"-One minute, Eamon.
-I'm not waiting!","- 잠깐, 에몬
- 난 못 기다려!"
1:30:41,[Marie] Please!,제발!
1:30:44,"Take it. I took out 30 grand.
The rest is yours.","가져가요 난 3만 달러를 챙겼어요
나머진 당신 거예요"
1:30:49,"-That's it?
-That's all I got.","- 겨우요?
- 그게 전부예요"
1:30:53,"No, that's not what I meant.","아니, 적다는 뜻이 아녜요"
1:30:55,"This is not gonna stop, Marie.
You got to get out now. Away from me.","끝없는 싸움이에요, 마리
당신은 빠져요, 나한테서 떠나요"
1:31:01,"You got to get out.
You got to start running.","당신은 도망쳐야 해요
아주 멀리 도망쳐요"
1:31:04,"You get low, you stay low.",눈에 띄지 않도록 숨어요
1:31:06,No more friends. Nothing familiar.,친구 없이 낯선 곳에서
1:31:10,"There's enough in there
for you to make a life. Any life.","먹고 살기 충분한 돈이 들었어요
마음껏 쓰면서 살아요"
1:31:14,"-[Eamon] I'm out of here, Marie!
-Hey!","나 간다, 누나! 잠깐만요!"
1:31:19,Get in the car. You got to go.,"차에 타요, 떠나야 해요"
1:31:27,What are you gonna do?,당신은 어쩔 건데요?
1:31:30,I'll end it.,전쟁을 끝내야죠
1:31:32,Go ahead.,어서
1:31:35,Please.,제발
1:32:54,"Code in, please.",코드를 입력하세요
1:32:57,Code in.,코드 요청합니다
1:33:03,Code in.,코드 말해요
1:33:08,[Bourne] Who is this?,너 누구야?
1:33:16,Who the hell are you?,넌 누구냔 말이야?
1:33:21,The man you sent is dead.,네가 보낸 사내는 죽었다
1:33:23,"So, whoever this is,
you better start talking.",그러니 어서 대화를 시작하자
1:33:27,"[Conklin] Hello, Jason.","안녕, 제이슨"
1:33:29,"So, what are we into now?",지금 뭐 하고 있는 건가?
1:33:37,"Come on. It only goes two ways, Jason. Either you come in
and let us make this right,","두 가지 방법이 있네
돌아와서 일을 바로잡든가"
1:33:40,"or we're gonna have to keep going
until we're satisfied.",우리 좋을 대로 계속하든가
1:33:43,You mean until you kill me.,나를 죽일 때까지 말이군
1:33:46,"I can't fix this, Jason,
if I don't know what the problem is.","네 문제를 모르는 상태로는
난 아무것도 해결할 수가 없어"
1:33:49,"So, tell me what we're into,
and I'll do the best I can.","어떻게 된 건지 설명하게
그럼 최선을 다해 보지"
1:34:00,"Why don't you talk to Marie, Jason?","마리와 얘기하는 게 어때, 제이슨?"
1:34:04,"-Let's ask Marie what she wants to do.
-Actually, I don't think she gives a shit.","- 마리에게 원하는 것을 물어보지
- 사실, 그녀는 상관 안 할걸"
1:34:09,She's dead.,그녀는 죽었어
1:34:18,"I'm sorry to hear that.
How did that happen?","안됐군, 어쩌다 죽었어?"
1:34:21,She was slowing me down.,방해가 되더군
1:34:24,"Jason, listen,
all we've been doing right from--","- 제이슨, 우리가 지금껏...
- 충분해"
1:34:27,Enough. Enough.,충분하지
1:34:29,"5:30 p.m., Paris.",파리에서 5시 반에 만나
1:34:32,Today. Pont Neuf.,오늘 퐁네프에서
1:34:34,"You come alone,
you walk to the middle of that bridge.","혼자 와
다리 한가운데까지 혼자 와서"
1:34:37,You take off your jacket. Face east.,거기서 재킷을 벗고 동쪽을 봐
1:34:39,"-I'll redial this number.
-Jason, wait!","- 이 번호로 다시 전화하지
- 제이슨, 잠깐"
1:34:51,"First flight out. Tell Nicky I'll call
from the car. Tell her to find Picot. Go.","첫 비행기, 니키에게 차에서
전화할 테니 피코 찾으라고 해"
1:34:58,"So, what are we gonna do?",그래 이젠 어쩔 거지?
1:35:02,"I told you I'd clean this up.
That's what I'm doing.","제가 처리하겠습니다
그게 제가 할 일이죠"
1:35:04,Can you really bring him in?,정말 그를 데려올 수 있겠나?
1:35:07,"I think we're past that, don't you?",다 끝난 얘기가 아니던가요?
1:35:10,What? Do you have a better idea?,더 좋은 의견이 있어요?
1:35:11,"Well, so far you've given me nothing
but a trail of collateral damage","자넨 이미 내게 취리히에서
파리까지 통하는"
1:35:14,"from Zurich to Paris.
I don't think I could do much worse.","엄청난 피해를 줬네
이제 더 나쁠 것도 없어"
1:35:16,"Well, why don't you go upstairs
and book a conference room?","올라가셔서
회의실을 예약하시지요"
1:35:19,Maybe you can talk him to death.,"그 말솜씨로
본을 죽이는 건 어떨까요"
1:36:39,"[man 1 over earphone] The bus,
the tour bus, second level.","버스, 관광버스, 2층"
1:36:43,"[man 2 over earphone]
Negative on the target.",표적 미확인
1:36:48,"-[man 1] Position one?
-[man 3] Negative.","- 1번 위치?
- 미확인"
1:36:50,"-[man 1] Position two?
-[man 4] Negative.","- 2번 위치?
- 미확인"
1:37:07,"[man 1] Position three, motorcycle.","3번 위치, 오토바이"
1:37:11,"-[man 3] Negative.
-[man 4] Negative.",미확인 미확인
1:37:38,"-Jason?
-I told you to come alone.","제이슨? 내가 분명히 혼자 오라고 했잖아
말을 못 알아듣는군"
1:37:40,I guess that was too complicated.,"내가 분명히 혼자 오라고 했잖아
말을 못 알아듣는군"
1:37:43,"So, try this. I'm gone.","어디 그래 봐, 난 간다"
1:37:49,Fuck.,젠장
1:37:57,[Conklin] Get Nicky on the phone.,니키에게 전화 연결해
1:38:15,"-[Nicky] Yeah?
-[Conklin] How long does it take",네?
1:38:16,to wipe the room down and get it moved?,"방의 모든 걸 제거하고
떠나는 데 얼마나 걸리나?"
1:38:18,"-Get rid of everything?
-Yeah.","- 완벽하게요?
- 그래"
1:38:21,"-[Nicky] Two to three hours.
-All right, well, get started.","- 두세 시간 걸립니다
- 그럼 시작하게"
1:38:31,"Listen, no breaks.
Two men outside, one in the lobby.","쉴 틈이 없네 밖에 둘, 로비에 하나 대기해
정신 똑바로 차리고 살펴"
1:38:33,And keep your eyes open.,"밖에 둘, 로비에 하나 대기해
정신 똑바로 차리고 살펴"
1:38:38,"-[man] Keep the truck?
-[Conklin] Yeah, keep the truck.","- 트럭은 남깁니까?
- 그래"
1:38:40,"I'm gonna close this unit down.
We'll move the gear in the truck.","곧 이 거점은 폐쇄할 거야
전부 트럭으로 옮겨"
1:39:01,"[Nicky] They were covering
Spain, Malta, Morocco.","그들은 스페인, 말타, 모로코를
맡았어요"
1:39:03,"Yes, all local police radio traffic.","네, 지역 경찰 전원에게
연락하세요"
1:39:06,"No, for Northern Europe
we need an authorized directive. Yeah.","아뇨, 북유럽에서는
우리측 요원이 필요해요, 네"
1:39:10,"Okay, they're on it. We'll have
a satellite download in 30 minutes.","자, 시작됐어요, 30분 후에
인공위성 자료를 다운받을 거예요"
1:40:23,Where's your field box?,두꺼비집 어디 있나?
1:40:30,"-Where's your field box?
-It's right there.","- 두꺼비집 어딨느냐고
- 바로 거기 있잖아요"
1:40:33,The whole system's gone haywire.,전원 시스템이 이상해요
1:40:36,"That's this window, right here.",저건 여기 있는 창문인데
1:40:39,"-Dining room window?
-[gun cocks]",식당 창문이라?
1:40:42,I don't get it.,이상하네
1:40:46,Dead. The phones are dead.,"불통이에요, 전화가 안 돼요"
1:40:50,"It's Bourne, isn't it?","본이군요, 그렇죠?"
1:40:53,Just quiet.,조용히 해
1:41:42,"You move, you die.",움직이면 죽일 거야
1:41:44,"-Bourne...
-Gun down.",본 총 버려
1:41:52,In there.,저리 가
1:41:55,"-Okay, so what do you want--
-Treadstone.","그러지, 대체 원하는 게... 트레드스톤"
1:41:59,"You better take a look around.
There's not much left.","주변을 둘러보는 게 어때
그다지 남은 게 없거든"
1:42:02,"-Are you Treadstone?
-Am I Treadstone? Me?","- 네가 트레드스톤이야?
- 내가 트레드스톤이냐고?"
1:42:04,What the hell are you talking about?,무슨 얼어 죽을 소리야?
1:42:06,He's lost it.,아주 미쳤군
1:42:08,"You better start
filling in the blanks here, 'cause I thought we were on the same side.","당장 설명하도록 해!
우린 한편이었잖아"
1:42:12,Whose side is that?,어떤 동료였지?
1:42:14,"Boy, you don't know
what you're doing, do you, Jason? You don't have a goddamn clue!","네가 한 짓을 모른단 말이야?
기억이 안 난단 말이지!"
1:42:18,Who am I?,난 누구지?
1:42:20,You're U.S. government property!,넌 미국 정부의 소유물이야!
1:42:22,"You're a malfunctioning
$30 million weapon!",고장 난 3천만 달러짜리 무기지!
1:42:25,You're a total goddamn catastrophe!,넌 빌어먹을 대실패작이야!
1:42:27,"And, by God, if it kills me,
you gotta tell me how this happened.","이 지경이 돼버렸다 해도
넌 나에게 경과보고를 해야 해"
1:42:30,"-Why are you trying to kill me?
-What happened in Marseilles?","- 왜 나를 죽이려 하지?
- 마르세유에서 무슨 일이 있었지?"
1:42:32,"Why are you trying--
You sent me to kill Wombosi.","- 왜 나를 죽이려 하지?
- 마르세유에서 무슨 일이 있었지? 당신이 나에게 움보시를
암살하라고 했지"
1:42:36,"Kill Wombosi?
Yeah, we can do that any time we want.","움보시 암살? 그래, 그런 것쯤이야
내키면 언제든 하지"
1:42:39,"I can send Nicky to do that,
for Christ's sake.","그따위 건
난 니키를 보낼 수도 있어"
1:42:42,"Mr. Wombosi was supposed to be dead
three weeks ago.",움보시는 3주 전에 죽었어야 해
1:42:45,"He was supposed to have died in a way
where the only possible explanation was",측근에 의해 살해당하는 것이
1:42:49,"that he'd been murdered
by a member of his own entourage.",가장 그럴듯한 방법이었지
1:42:52,"I don't send you to kill.
I send you to be invisible.","대놓고 죽이라고
널 보낸 게 아니야 쥐도 새도 모르라고
널 보낸 거야"
1:42:56,I send you because you don't exist.,"네가 존재하지 않기 때문에
널 보낸 거야"
1:42:58,"Now, I want to know
what happened in Marseilles.","이제 마르세유에서
있었던 일을 다 말해"
1:43:00,"I don't remember
what happened in Marseilles.",난 마르세유가 기억이 안 나
1:43:04,"Bullshit! This is unacceptable, soldier.","개소리!
그게 용납될 소리야?"
1:43:06,You hear me? You failed!,알겠어? 넌 실패했어!
1:43:08,"-Unacceptable?
-You failed!","- 용서?
- 실패했잖아!"
1:43:10,"-You failed, and you're gonna tell me why!
-I can't tell you!","- 내게 실패한 원인을 설명해!
- 설명이 안 돼! 난 기억이 없어!"
1:43:12,"-I don't remember a goddamn thing!
-You brought John Michael Kane to life.","- 내게 실패한 원인을 설명해!
- 설명이 안 돼! 난 기억이 없어! 케인이란 존재를 만든 건 너야
움보시와의 미팅을 주선한 것도"
1:43:15,"You put together a meeting with Wombosi.
You found the security company.","케인이란 존재를 만든 건 너야
움보시와의 미팅을 주선한 것도 경비 회사를 찾은 것도 너야
사무실에 침입한 것도 너지"
1:43:18,"-I don't--
-You broke into the office!","경비 회사를 찾은 것도 너야
사무실에 침입한 것도 너지"
1:43:19,"For Christ's sake,
you're the one who picked the yacht as a goddamn strike point!","젠장맞을, 암살 장소를
그의 요트로 한 것도 바로 너잖아"
1:43:31,"You picked the boat.
You picked the day. You tracked the crew.","네가 장소를 정하고 암살일을 정했고
선원들과 식량과"
1:43:36,"The food, the fuel.
You told us where. You told us when.",연료 상태를 관찰했어! 네가 장소와 시간을 정했지
1:43:40,You hid out on that boat for five days.,"넌 5일이나 그 배에
숨어 있었어"
1:43:43,"You were in, Jason. You were in!","너 말이야, 제이슨
배에 타고 있었잖아!"
1:43:45,It was over!,그게 전부야!
1:44:48,"No, you do remember.","아니, 넌 기억해"
1:44:53,Don't you?,그렇지?
1:45:00,I don't want to do this anymore.,이런 일은 인제 그만두고 싶어
1:45:04,"I don't think
that's a decision you can make.",네가 내릴 수 있는 결정이 아니야
1:45:11,Jason Bourne is dead. Do you hear me?,"제이슨 본은 죽었어
내 말 알겠어?"
1:45:14,He drowned two weeks ago.,그는 2주 전에 익사했어
1:45:16,"You're gonna go tell them
that Jason Bourne is dead.","사람들에게 본은 죽었다고 발표해
알아듣겠지?"
1:45:18,"-You understand?
-Where are you gonna go?",넌 어디로 갈 건데?
1:45:21,"I swear to God,
if I even feel somebody behind me,","만약 누구든 내 뒤를 미행하면
난 하늘에 맹세코"
1:45:24,"there is no measure to how fast
and how hard I will bring this fight","만약 누구든 내 뒤를 미행하면
난 하늘에 맹세코 너에게 복수할 거야"
1:45:27,to your doorstep.,너에게 복수할 거야
1:45:28,I'm on my own side now.,난 이제 내 편일 뿐이야
1:49:05,It's done.,끝냈습니다
1:49:07,Shut it down.,이만 가지
1:49:47,"[Abbott] The Treadstone Project
has actually already been terminated.","트레드스톤의 작전은
사실상 종결되었습니다"
1:49:50,"It was designed primarily
as a sort of advanced game program.","애초에 그것은 고도의 지능 훈련
프로그램으로 계획되었습니다"
1:49:53,"We'd hoped it might build
into a good training platform.","우리는 그것이 훌륭한 기반으로
자리 잡기를 바랐습니다"
1:49:56,"But, quite honestly,
for a strictly theoretical exercise,","그렇지만 안타깝게도, 너무나
치밀한 계획들로 이루어져"
1:50:00,the cost-benefit ratio was just too high.,"막대한 투자 비용을
감당하기 힘들었습니다"
1:50:02,It's all but decommissioned at this point.,"따라서 모든 관련 작전을
철회합니다"
1:50:04,"All right, what's next?",다른 작전은 준비됐습니까?
1:50:06,"Okay, this is","네, 바로..."
1:50:10,Blackbriar.,블랙브라이어 작전입니다
1:50:11,"Blackbriar is a joint DOD
communications program","국방부와 합작하여
계획된 이 작전은"
1:50:14,"that we really feel
has good traction to it. It's got legs. It'll run and run.","성공적인 장기 훈련 방법이
될 것입니다"
1:50:18,"It combines elements of proactive
and reactive fields of security...","안보국의 행동팀과 조사팀이
합류하여..."
1:51:06,This your store?,주인이세요?
1:51:08,Yeah.,네
1:51:11,"It's nice.
It's a little hard to find, but...","멋진 가게군요
찾아내기는 좀 힘들었지만..."
1:51:19,Think I could rent a scooter?,스쿠터를 하나 빌릴 수 있을까요?
1:51:25,You have ID?,신분증 있어요?
1:51:28,Not really.,없는데요
