﻿Time,Subtitle,Translation
3:15,"It's me, Peter Parker.
Your friendly neighborhood...","내 이름은 피터 파커,
시민들의 다정한"
3:19,...you know.,이웃이다
3:20,"I've come a long way from being
the boy who was bit by a spider.","왕따의 대명사던
고등학교 시절에"
3:23,"Back then, nothing seemed
to go right for me. Now...","변종 거미한테 물렸고
지금은∙∙∙"
3:26,"Wow, look, it's Spider-Man!",스파이더맨이야!
3:28,"-Super cool!
-Spider-man!",짱이다!
3:30,...people really like me.,인기 절정이다
3:32,"Stick around. It's gonna start again
in a couple minutes.","쫌만 기다려봐
또 틀어줄 거야"
3:35,That's okay.,됐거든요?
3:38,The city is safe and sound.,도시가 안전해진 게
3:40,"I guess I've had something
to do with that.","내 덕분인 걸
삼촌이 알면"
3:43,My Uncle Ben would be proud.,대견해하실 거다
3:46,"WHY NY
LOVES SPIDEY","""스파이더맨이
사랑 받는 이유"""
3:50,I still get to school. Top of my class.,학교 성적은 최상위!
3:52,"Now, the Hamiltonian shows us...","즉, 전기장은"
3:54,"...that the energy levels
are perturbed by the electric field.","에너지 수치 변화의
가장 큰 요인입니다"
4:01,"From the form of this matrix,
we can see...?","이 매트릭스 형태가
뜻하는 바는?"
4:06,Miss Stacy?,스테이시?
4:08,"That only the ""m equals zero
quantum states"" are affected.","질량이 제로인 양자의
상태가 영향을 받아요"
4:11,"Correct. Good work, Miss Stacy.","그렇지, 잘했네"
4:19,Parker? You got something to add?,파커? 덧붙일 말 있나?
4:23,"No, sir.",아뇨
4:27,"And I'm in love
with the girl of my dreams.","그리고 나의 이상형과
사랑에 빠져있다"
4:36,"LAYAWAY
AVAILABLE","""할부 가능"""
4:41,"Manhattan
Memories","""맨해튼의 추억"""
4:44,"STARRING
MARY JANE WATSON","""메리제인 왓슨 주연"""
4:46,Hi.,안녕하세요
4:48,"Miss Watson left a ticket for me.
Peter Parker.","메리제인이 표를
맡겨뒀을 거예요, 피터 파커요"
4:53,Excuse me. Sorry.,좀 지나갈게요
4:55,Thank you. Sorry.,"고마워요, 죄송해요"
5:03,I'm so nervous.,너무 떨려요
5:30,That's my girlfriend.,제 여자친구예요
6:46,"-I thought she was good.
-Yeah.",제법 잘하던걸
6:50,Harry?,해리?
6:52,Harry!,해리!
6:53,I need to talk to you.,얘기 좀 하자
6:56,Explain things.,전부 설명할게
7:00,"Tell it to my father.
Raise him from the dead.","아버지한테 말해
무덤에 누워계신!"
7:05,"I'm your friend, Harry.
I cared about your father.","우린 친구잖아
아버지 일은 나도 유감야"
7:18,M.J.!,엠제이
7:19,"-Peter!
-Congrats!","- 피터
- 축하해!"
7:22,"-Was I good?
-Good? You were great.","- 나 잘했어?
- 잘했냐구? 끝내줬어!"
7:24,"-You were--
-You said great.","- 한마디로∙∙∙
- 끝내줬다며"
7:26,"I love my flowers, they're beautiful.
And those are from Harry.","꽃 너무 예쁘지?
해리가 보냈는데"
7:30,"-Was he here tonight?
-Yeah, I ran into him outside.","- 왔어?
- 응, 밖에서 만났어"
7:34,"-What's with you guys anyway?
-It's complicated.","- 둘이 왜 그래?
- 좀 복잡해"
7:38,Tell me again. Was I really good?,나 진짜로 잘한 거야?
7:40,"I was so nervous.
My knees were shaking.","너무 긴장해서
다리도 떨렸어"
7:42,"-Your knees were fine.
-The applause wasn't very loud.","- 괜찮던걸 뭐
- 박수 소리가 작았어"
7:45,"Yes, it was. Well, it's the acoustics.",소리가 퍼져서 그래
7:47,"It's all about diffusion. It keeps
the sound waves from grouping.","음파가 확산되도록
설계된 건물이잖아"
7:50,"When the sound waves,
they propagate, then it's like an--","소리가 한군데로
집중되다 보면∙∙∙"
7:53,You are such a nerd.,참 범생스럽다
8:48,Did you see that one?,봤어?
8:59,You know what?,내 꿈은
9:03,"I'd like to sing on-stage
for the rest of my life...","평생 무대에서
노래하는 거야"
9:06,...with you in the first row.,자기가 봐주고!
9:10,I'll be there.,그럴게
9:14,Tell me you love me.,사랑한다고 해줘
9:18,I love you.,사랑해
9:21,I love you so much.,너무너무 사랑해
9:24,I always have.,그건 변함없어
10:14,"-Ready?
-Yep.","- 잘 탔어?
- 응!"
11:39,"Penny Marko
DELIVERY REFUSED","""페니 마르코, 반송"""
12:11,"You can't hide here, Flint.",여기 숨을 생각마
12:13,"-I'm just here to see my daughter.
-You are an escaped convict.","- 딸을 보러 온 거야
- 탈옥했잖아"
12:18,"The cops are looking for you.
You're not getting near her.","경찰이 찾고 있어
앨 만날 생각마"
12:22,You're nothing but a common thief.,도둑질론 모자라서
12:25,"-You maybe even killed a man?
-It wasn't like that.","- 사람까지 죽였다며?
- 그런 게 아냐"
12:30,It wasn't.,아니라구
12:32,"I had good reason
for what I was doing.",어쩔 수 없는 상황이었어
12:34,And that's the truth.,그게 진실이야
12:35,"You and the truth, sitting in prison,
having three meals a day together.","당신이야 교도소에
들어앉음 그만이지"
12:40,I live in the presence of great truth...,"난 당신이 말하는
그 진실을"
12:42,"...and that is the truth
that you left behind...","매일 뼈저리게
느끼면서 살아"
12:45,...right there in that bedroom.,저 방 안에서!
13:01,Penny.,페니
13:04,I missed you.,보고 싶었어
13:06,"I miss you too, Daddy.","나두, 아빠"
13:20,I promise I'll make you healthy again.,"약속해, 다시 건강하게
만들어줄 거야"
13:24,"Whatever it takes, I'll get the money.","무슨 짓을 해서든
수술비 구해올게"
13:27,You get out of here. Now.,"여기서 나가, 당장!"
13:41,I'm not a bad person.,난 나쁜 사람이 아냐
13:45,Just had bad luck.,운이 나빴을 뿐이지
14:05,"Peter, what is it?",무슨 일이니?
14:08,It's M.J.,엠제이요
14:11,"-I'm gonna ask her to marry me.
-Oh, Peter.",청혼할 거예요
14:16,"The day your Uncle Ben asked me
to marry him, we were so scared.","삼촌 청혼을 받곤
무척 겁이 났었다"
14:21,And excited.,들뜨기도 했고
14:23,And very young.,어렸지만
14:25,And I loved him so fiercely.,"이 세상 누구보다도
사랑했지"
14:28,"-And you said yes, right?
-No.",물론 승낙하셨죠?
14:31,"I wanted to say yes, but I said no.","마음뿐이었지
그럴 수가 없었어"
14:33,I wasn't ready. Neither was he.,둘 다 준비가 안됐었거든
14:36,So we took our time.,"그래서 충분한
시간을 갖고"
14:39,Looked forward to it.,기다리자고 했지
14:41,"Didn't want to run into something
with nothing to count on but love.","세상살이란 게
사랑만 갖곤 안 되니까"
14:46,A man has to be understanding...,결혼을 하면 네 자신보단
14:49,...and put his wife before himself.,아내를 먼저 생각해야 돼
14:53,"Can you do that, Peter?",그럴 수 있겠니?
14:57,"Yeah, I think I can.","네, 자신 있어요"
15:00,Then you have my blessing.,"그렇담 둘 결혼을
축복해주마"
15:06,"I hope you've considered
a proper proposal.","어떻게 청혼 할 건진
생각해뒀니?"
15:09,Your uncle had it all planned.,"삼촌은 정말
로맨틱하게 했다"
15:12,"He took me to the beach
one Sunday.","해변에 갔는데,
삼촌은"
15:14,"Oh, he was a knockout
in his bathing suit.","수영복이 참
잘 어울렸어"
15:17,And I didn't look too bad myself.,나도 나름 괜찮았고!
15:20,We were very good swimmers.,우린 수영을 잘했는데
15:22,"And it was a beautiful day
and he said:",삼촌이 그러더구나
15:25,"""Let's swim to the island.""","""저 섬까지
헤엄쳐갑시다"""
15:27,"And at the island, we found
a perfect spot by an old tree...","섬에 가선
아주 오래된 나무 옆에"
15:33,"...and we lay down
and looked up at the sky.","자릴 잡고 누워선
하늘을 올려다봤지"
15:36,"And then he said,
""Close your eyes, May.""","근데 삼촌이 갑자기
눈을 감으라고 했어"
15:40,"And I did.
And then he said, ""Open them.""","난 감았고, 눈을 뜨래서"
15:43,And I did.,떴더니
15:45,And he was holding this ring.,"이 반지를
들고 계시더구나"
15:49,Dazzling...,눈앞에서
15:51,...in front of me.,반짝반짝 빛나는데
15:55,I thought it was the sun.,눈이 부실 정도였다
15:59,We'd be married 50 years...,"살아계셨다면
8월이"
16:03,...come August if....,결혼 50주년인데∙∙∙
16:13,So...,어쨌거나∙∙∙
16:16,"...I hope you'll make it very special
for Mary Jane.","엠제이가 영원히
잊지 못할"
16:22,Do something she'll never forget.,"아주 특별한
순간을 선사하렴"
16:28,Give her this.,이걸 주렴
16:31,Go on. Take it.,어서 받아
17:51,"-Harry.
-You knew this was coming, Pete.","- 해리
- 각오해, 피터!"
17:57,Listen to me. I didn't kill your father.,"내가 아버질
죽인 게 아냐"
18:02,"He was trying to kill me.
He killed himself.","날 죽이려다가
사고가 난 거야"
18:04,Shut up!,닥쳐!
19:48,"I'm still here, Peter.",도망가진 못해!
20:14,Hate those things.,저건 질색인데!
21:15,Harry?,해리?
21:20,Harry.,해리?
21:23,Harry.,해리!
21:29,"Oh, my God.",맙소사
21:37,Harry!,해리!
21:41,Come on!,숨 쉬어!
21:51,"-Defib.
-Two hundred.","- 심폐소생기!
- 200볼트"
21:52,And clear.,클리어!
21:54,No response.,반응 없어요
21:56,"-Recharge, let's go again.
-Go ahead.","- 다시 해보자구
- 준비됐어요"
21:58,"-Charging.
-And clear.",클리어!
22:00,No response.,반응 없어요
22:01,"Let's recharge and do it
one more time. And clear.","다시 한 번 더,
클리어!"
22:10,Captain Stacy.,국장님
22:13,"-What's this?
-Flint Marko.","- 뭔가?
- 플린트 마르코"
22:14,"The guy we tied
to the Ben Parker homicide.",벤 파커 살인범이요
22:16,"-What about him?
-Broke out of Rikers.","- 그런데?
- 탈옥했어요"
22:18,"-And?
-He's on the run.","- 그리고?
- 찾아냈어요"
22:20,"He's in the marshlands.
I think we got him.",곧 검거될 겁니다
22:26,There he is.,저깄다!
22:45,"DANGER
PARTICLE PHYSICS TEST FACILITY","""위험 - 실험지역"""
22:47,"You two, take the west side.
Tommy, take the east.",도주로 차단해!
22:54,Where did he go?,어디로 갔지?
23:18,"-Capacitors charged.
-Right.","- 준비 끝났어
- 네"
23:19,"Donnie, we got a little fluctuation
on one.","1호기에 이상이
감지됐어요"
23:22,"-There's a change in the silicon mass.
-It's probably a bird. It'll fly away.","- 규소 질량이 변했어
- 새겠지, 가동하면 날아갈 거야"
23:26,Initiating demolecularization.,분자화 가동
24:57,"-How is he?
-He's gonna be okay.","- 좀 어떤가요?
- 안정됐어요"
24:59,"But there's been
some memory impairment.",문제는
25:02,Particularly his short-term memory.,단기 기억상실증인데
25:04,"Right now he can't
remember the accident...",최근에 일어난 일은
25:06,"...or anything that happened
to him recently.",전혀 기억을 못해요
25:08,Is it permanent?,영구적인가요?
25:10,It could be. Only time will tell.,"확답은 못해요
좀 두고 봅시다"
25:13,He's awake if you wanna see him.,들어가봐요
25:16,Maybe I should wait.,그냥 기다릴게요
25:17,"No, it's fine. Just keep it brief.
I want him to rest.","잠깐은 괜찮으니까
들어가서 만나 봐요"
25:40,"Hey, buddy.",왔구나
25:44,Hit my head.,머릴 다쳤어
25:47,Doctor said I was in an accident.,사고를 당했대
25:50,Hit-and-run.,뺑소니라는데
25:51,I don't remember much of anything.,전혀 기억이 안나
25:55,My father...,우리 아버지∙∙∙
25:58,"...he died, right?",돌아가셨지?
26:02,This is all so weird.,기분이 묘해
26:05,Hi. I got here as fast as I could.,"나야, 연락 받고
바로 왔어"
26:09,I know that face.,낯익은 얼굴이네
26:10,How you doing?,좀 어때?
26:12,I don't know.,모르겠어
26:13,"Last thing I remember, I was fine.","멀쩡한 것 같았는데
눈 떠보니까"
26:16,Somewhere.,여긴걸
26:17,You're still fine.,지금도 멀쩡해
26:20,"We love you, Harry.",많이 걱정했어
26:23,It feels like...,뭐랄까∙∙∙
26:26,"...somehow I've been gone
for a really long time.","아주 오랫동안
먼 곳을 헤매다"
26:31,And now I'm back home.,돌아온 기분이야
26:33,It's good to have you back.,잘 돌아왔어
26:36,"I'm sorry, I'm gonna have to ask
you guys to scoot, okay?","죄송하지만, 환자가
쉬게 돌아가 주세요"
26:40,"-Okay.
-All right. Thank you.","- 네
- 고마워요"
26:42,"Well, I'll see you tomorrow.",내일 봐
26:44,Yeah. Great.,"그래, 알았어"
26:47,Get some sleep.,푹 쉬어
26:52,"-I think he's gonna be fine.
-I think so.","- 괜찮아질 거야
- 그럼"
26:55,"-And you guys seem great.
-Yeah.",둘이 좋아 보여
27:00,You have lovely friends.,좋은 친구들을 뒀네요
27:02,My best friends.,베스트 프렌드죠
27:07,I'd give my life for them.,목숨과도 맞바꿀∙∙∙
30:12,"Restaurant Constellation
Monday at 7:30 pm","""프랑스 레스토랑
월요일 7:30"""
30:19,"-Yeah?
-It's me.","- 네?
- 나야"
30:24,"Peter, you know I can't open the door.",문이 안 열려
30:26,It's stuck again?,또 고장이야?
30:28,Just come on and help me.,안에서 열어줘
30:30,I'm coming.,기다려
30:38,"-Hey.
-The review.",비평!
30:41,"-They hated it. They hated me.
-Well, they can't hate you.","- 내가 형편없었대
- 말도 안 돼"
30:44,"""The young Miss Watson
is a pretty girl...","""왓슨 양의 노래는"""
30:47,"...easy on the eyes,
but not on the ears.","""외모에 못 미쳤고"""
30:49,"Her small voice didn't carry
past the first row.""","""모기만한 소리는
앞줄에만 들렸다"""
30:51,"That's ridiculous, I was right there.","그렇지 않아
난 들었는걸"
30:54,You were in the first row.,앞줄에 앉았잖아
30:55,"Yeah, this-- Listen, you were great.",자긴 훌륭했어
30:59,"That's a critic. This is something
you're gonna have to get used to.","시덥잖은 평론가들
악담 따윈 흘려들어"
31:04,"Believe me, I know.
Spider-Man gets attacked all the time.","스파이더맨도 맨날
공격당하는걸"
31:07,"This isn't about you. This is about me.
It's about my career.","자기 얘기가 아니잖아
내 미래가 걸려있다구"
31:11,"I know, and I'm just saying
you can't let it bring you down.","그깟 비평 하나에
실망 말란 소리야"
31:15,"You gotta believe in yourself
and pull yourself together.",그딴 거 신경쓰지 말고
31:18,"You get right back
on the horse and--",오뚝이처럼∙∙∙
31:20,Don't give me the horse thing.,말이야 쉽지!
31:22,Try and understand how I feel.,내 기분 넌 몰라
31:29,It's just...,마치∙∙∙
31:34,...I look at these words...,아빠가 쓴
31:37,...and it's like my father wrote them.,기사를 읽는 그런 기분야
31:40,"All cars. All cars in the vicinity of
54th and Sixth Avenue, please report.","54&6번가
공사장에 사고 발생"
31:45,"Crane out of control,
approach with caution.","대형 크레인이
추락 직전예요"
31:51,"""Go get them, tiger""?",가봐도 되지?
31:55,I'm sorry.,미안해
32:29,"Oh, my God. 7-Adam to Central.",맙소사!
32:32,"That crane job you sent us on?
It's bigger than we thought.","크레인 사고 현장인데
상황이 아주 심각하다"
32:35,"We're gonna need
a major mobilization right away.","가능한 지원 인력
전부 여기로 보내"
32:44,Shut it down at the generator. Now!,"발전기를 차단해!
빨리!"
32:51,"Okay, Gwen, I've got a secret:
It's my copier.","남자를 올라탔다고
생각하고 요염하게"
32:58,"What is that thing
doing in my background?",뒤에 저게 뭐야?
33:26,"They got some kind of short.
Can't shut down the crane.","누전으로 발전기를
차단할 수 없답니다"
33:29,"Get Edison on the phone.
Kill the power to the whole block.","전력 회사 연락해서
전기를 끊으라고 해"
33:36,Are you all right?,괜찮아?
33:37,It's coming back.,다시 온다!
34:06,"-Oh, my God. That's Gwen.
-What?","- 맙소사, 그웬이잖아
- 뭐?"
34:14,What's she doing up there?,쟤가 왜 저깄어?
34:15,"I just saw her last night.
She said she had a modeling gig.","어젯밤에 만났는데
오늘 촬영 있댔어요"
34:18,"-Who are you?
-It's Brock, sir. Edward Brock Jr.","- 누구지?
- 에드워드 브록이요"
34:21,And I work at the Daily Bugle.,"'뷰글 신문사'
사진 기자요"
34:24,And I'm dating your daughter.,따님 애인이구요
35:22,You okay?,괜찮아요?
35:23,"Yeah, I'm fine.","네, 덕분에요"
35:26,Thank you.,고마워요
35:27,"Hey, Spidey, hold on.
Bugle needs a photo.","잠깐만!
한방 찍고 가야죠"
35:29,"-Thank God you're okay.
-Daddy.",무사해서 다행야
35:31,Hey. I'm the new guy.,"'뷰글 신문사'
신참예요"
35:34,New guy?,신참?
35:36,You okay?,괜찮은 거니?
35:38,"From now on, I am gonna be
taking shots of you for the Bugle.","앞으로는 내가
당신 전담예요"
35:41,"So smile. Are you smiling?
Just kidding.","좀 웃어봐요
웃는 건가?"
35:44,"-They got a guy.
-Who, Parker?","- 다른 친구는?
- 파커요?"
35:47,"Yeah, look, just between you and me,
guy's kind of an amateur.","우리끼리 얘기지만
녀석은 형편없어요"
35:51,"Have you noticed his stuff
makes you look a little bloated?","당신을 펑퍼짐하게
찍어놓잖아요"
35:54,"Just-- Yeah, a little chunky.",땅딸보처럼!
35:59,"But you don't have to worry about that
anymore, buddy.","앞으론 걱정 마요
내가 잘 찍어줄게"
36:10,Dazzle me.,시작해
36:19,"Just something the boys in
the Ad Department and I whipped up.","광고부 친구들과
저의 합작품이죠"
36:22,"As you know, circulation at the Bugle's
been pretty good.","판매부수가 많이
늘어나긴 했지만"
36:25,"Though not as good
as The New York Times.",'뉴욕 타임스' 같은
36:27,"Or the Daily News, or the Post,
or several other smaller--","쟁쟁한 신문사들과
비교하면 쨉이∙∙∙"
36:30,"Get on with it, you moron--!",브리핑이나 해!
36:32,"-What?
-Your blood pressure, Mr. Jameson.","- 뭐야?
- 혈압 조심하세요"
36:34,"-Your wife told you to watch the anger.
-You tell my wife--","- 사모님이 화내지 말라셨잖아요
- 마누라한테∙∙∙"
36:41,Thank you.,고마워
36:45,So I propose this campaign.,새 광고 카피예요
36:48,"""Daily Bugle."" That's obvious.",회사 이름은 당연히 넣고
36:50,"""It's hip, it's now.""
I came up with that one.","'신속 정확하다'
제 아이디어였죠"
36:54,"""It's wow."" That's actually Erickson.
He goes crazy.","'살아있는 뉴스'
이건 에릭슨"
36:57,"We gave him a couple lattes,
it's like:","카페인만 들어가면
미쳐버리는 친구죠"
37:00,"""And how."" That's me again.","'지금 선택하세요'
이것도 제가!"
37:03,Time to take your pill.,약 드실 시간예요
37:06,Not that one.,그거 말구요
37:09,Not that one.,그것도 아녜요
37:19,Drink plenty of water.,물 많이 드세요
37:25,Thank you.,고마워
37:29,Continue.,계속해
37:33,"-He's busy.
-I'm just here to talk to you, beautiful.","- 지금 바쁘세요
- 당신 보러 온 걸요"
37:36,What's that smell?,무슨 냄새죠?
37:38,"That's a little something called
Nice and Easy. What's on you?","'쾌남의 체취'란 향수,
그쪽이 뿌린 건?"
37:41,It's called Go Away.,'재수 없어'요
37:43,"That is the dumbest idea
you've ever had...",이런 황당무계한 놈
37:45,"-...and you have had some doozies.
-Blood pressure.","- 기껏 머리 쓴다는 게!
- 혈압이요!"
37:48,"Hey, where are you going?",들어가면 안 돼요!
37:52,"-Who are you?
-You hired him last week. Freelance.","- 누구야?
- 프리랜서 사진기자요"
37:55,"-I did? What's that smell?
-It's Brock, sir. Edward Brock Jr.","- 무슨 냄새지?
- 에디 브록입니다"
37:58,"Can I just say I really like that shirt?
It's the crane accident.","셔츠가 멋지네요
크레인 사고현장"
38:01,"-Check out the light.
-He likes my shirt.","- 사진이에요
- 셔츠가 멋지대"
38:03,"-Hey, Betty.
-Hey, Pete.",베티
38:04,You better get in there. New guy.,빨리 들어가봐
38:06,"He's trying to sell
some Spidey photos.","신참이 스파이더맨
사진을 찍어왔어"
38:11,Thanks.,고마워
38:12,"Parker. You're late, maybe too late.
Bruckner beat you to it.","파커, 헛걸음했군
브로크가 빨랐어"
38:16,"It's Brock, sir. Edward Brock Jr.",브록이에요
38:17,"-But I got you this.
-But he got me this.","- 여기 사진요
- 사진은 있어"
38:20,"I didn't see you there.
How'd you get that high?","공중에서 찍었네?
어떻게 찍은 거야?"
38:22,"-Climbed. Nearly fell off a flagpole.
-A flagpole?","- 깃대 타고 올라갔지
- 깃대?"
38:25,"-Which one do we use?
-I like Bernstein's.","- 어떤걸 할까요?
- 번스틴 꺼"
38:28,"-It's better.
-Cheaper too.","- 더 낫네요
- 값도 싸고"
38:30,"Congratulations, we'll use yours.
I'll pay you 50 bucks.","사진 값은 50불야
싫음 관둬"
38:33,"All right, J.J., I'm your man.",탁월한 선택이세요
38:34,"I know more about a good picture
than any photographer.","저만큼 사진 잘 아는
사람 찾기 힘들죠"
38:37,"See, photography, it's not just about,
no offense, flagpoles or whatever.","깃대에 올라간다고
잘 찍는 건 아녜요"
38:41,"It's about lighting.
Composition. Drama.","빛, 구성, 감동
3박자가 맞아야죠"
38:44,"I want a staff job, sir.",정직원으로 뽑아주세요
38:46,I have a girl that I intend to marry...,"결혼하고 싶은
아가씨가 있고"
38:49,"...and I guess, I don't know,
I have this stupid little dream...","바보같이 들리겠지만
어려서부터"
38:52,"...of working with one of the greatest
newspaper editors of our time.","최고의 편집장님
밑에서 일하는 게"
38:56,J. Jonah Jameson.,제 꿈이었어요
39:01,"Well, we do have an opening.
Johnson quit, remember?","빈자리가 있긴 해
존슨이 그만뒀지?"
39:04,"-You fired him.
-Whatever.","- 해고했죠
- 어쨌든!"
39:05,"I know what makes a good picture
and I've been here a long time.","오랫동안 여기서
일해 왔는데"
39:08,"If there's a staff job,
I think I deserve it.","빈자리가 있음
절 뽑으셔야죠"
39:11,"He's right, Jonah. Peter's been with us
for years. He's done a great job.","맞아요, 그간 피터가
잘해왔잖아요"
39:15,"You want a staff job,
you want a staff job.","둘 다 원하는 걸
얻기만 바라고"
39:17,"-Anybody care about what I want?
-I do.","- 내가 원하는 건?
- 제가∙∙∙"
39:19,Shut up. Get out.,시끄러! 나가!
39:21,"I want the public to see Spider-Man
for the two-bit criminal he really is.","스파이더맨은 삼류
좀도둑에 불과해"
39:24,"He's a fake, he's full of stickum.
Catch him in the act.","가짜 영웅이라구
범죄를 저지르는"
39:29,"Spider-Man with his hand
in a cookie jar.",현장 사진을 찍어
39:31,"Whoever brings me that photo
gets a job.","그걸 찍어오는
사람을 뽑겠어"
39:33,"What're you waiting for,
Chinese New Year?","설날 오길 기다려?
나가봐!"
39:35,"I'm on it, boss.",네!
39:38,You'll never get that shot.,그 사진은 못 찍어
39:40,"Oh, we'll see.",두고 보자구
39:48,"SPIDER-MAN TO RECEIVE
KEY TO THE CITY","""스파이더맨
시민 공로상 수상"""
39:52,"SAVES DAUGHTER
OF POLICE CAPTAIN","""경찰 국장의 딸을 구하다"""
39:56,"You know, I guess one person
can make a difference.","한사람만 노력해도
세상은 달라진다구"
40:02,Enough said.,안 그런가?
40:09,"Welcome home, Harry.","어서 오세요, 도련님"
40:12,"-Thank God you're all right.
-Thanks, Bernard.","- 그만하시길 다행이에요
- 고마워요"
40:16,"-Bernard.
-Sir.","- 안녕하세요
- 네"
40:20,Got you a little homecoming present.,퇴원 선물이야
40:24,"-It's your old ball.
-Yeah.",네 농구공이잖아
40:26,"Thanks, buddy.",고마워
40:28,"We were pretty good
in the backyard, weren't we?",옛날에 많이 했지?
40:30,"We were terrible.
And we tried out for the varsity team.","실력도 없으면서
팀에도 지원했고"
40:34,"-For the cheerleaders.
-Right.","- 치어리더들 때문에!
- 그래"
40:36,"-Hey, do I have any girlfriends?
-I don't know.","- 나한테 애인 있어?
- 몰라"
40:39,You don't?,몰라?
40:40,"Hey, Bernard.
Do I have any girlfriends?","버나드!
저 애인 있어요?"
40:43,"Not that I know of, sir.",제가 알기론 없습니다
40:51,"It's a pretty cool pad, huh?",집이 으리으리해
40:53,It's okay.,괜찮네
40:55,"-Looks like I'm not hurting for money.
-No.","- 나, 부잔가봐
- 그러게"
40:58,"Well, maybe I can turn this
no-girlfriend thing around.","애인 만드는 건
식은 죽 먹기겠어"
41:09,"You know, he always appreciated how
you helped me through high school.","내 공부 도와준다고
널 무척 좋아하셨어"
41:15,"Just wish I could remember
more about him.","아버지 기억이
별로 나질 않아"
41:19,"Well, he loved you.
That's the main thing.","너를 사랑하셨어
그거면 충분하지"
41:24,"Hey, let's watch a game in the kitchen.
Get something to eat.","주방에서 TV 보자
밥도 좀 먹고"
41:28,Okay.,그래
41:31,Heads up.,잡아!
41:36,Did you see that?,봤어?
41:37,"-Still got the moves.
-Yeah.",여전히 빠른걸
42:13,Why are we stopping?,왜 멈춰?
42:18,What is she doing here?,말 안했어?
42:20,"Well, Gary was supposed
to call her agent.",매니저한테 했지
42:24,"Hi, honey. We tried to reach you.",전화하려고 했었어
42:27,I'm sorry.,미안해
42:29,One critic?,악평 하나에?
42:30,"No, all the papers, dear.","신문마다
악평 일색이야"
42:32,"Mary Jane, honey, sit down.
Let us explain it to you.",일단 좀 앉아
42:35,"Listen, if you'd like,
we could say you became ill.","아파서 빠진 거라고
발표해줄게"
42:48,That was so poorly handled.,참 딱하게 됐어
42:53,Let's just rehearse.,연습 계속하자구
43:15,"STARRING
ANDREA RUBIN","""안드레아 루빈"""
43:43,"Excuse me, miss? Could I please
see that gorgeous smile?","아가씨, 살인미소 좀
보여줄래요?"
43:47,"Hi, Eddie.","안녕, 에디"
43:49,"You're so beautiful.
This is front-page stuff.","너무 예쁘다, 1면 감이야"
43:52,I gotta practice. See you later.,"가야 돼, 나중에 봐"
43:54,"-How about tonight?
-Not tonight.","- 오늘밤 어때?
- 안 돼"
43:56,Why not?,왜?
43:57,"What about that amazing,
amazing night that we had?","그 마법과도 같은 밤,
그립지 않아?"
44:02,"We had a coffee, Eddie.",커피 한 잔 마신 거잖아
44:06,"Hey, beautiful.",예쁜 아가씨!
44:08,One more.,한 장 더
44:13,"-Everything okay?
-Yeah, I'm fine.","- 괜찮아?
- 응"
44:15,"-You're not still mad at me, are you?
-No, Peter, I'm proud of you.","- 아직도 화난거야?
- 아냐, 네가 자랑스러워"
44:20,"Hey, I'm gonna be swinging in
from over there.",저쪽에서 등장할 거야
44:22,"-Oh, yeah?
-So you know where to look.","- 그래?
- 놓치지마"
44:26,Give them a good show.,멋진 모습 보여줘
44:28,Don't worry about that review.,악평은 잊어버려
44:29,"We're gonna be laughing about it
tomorrow night, I promise.","내일 밤 공연 끝나면
180도로 바뀔 거야"
44:51,"Isn't that that guy
from that prison break?",그 탈옥수 아냐?
44:54,He fits.,틀림없어
44:56,"Hey, you. Halt.","이봐!
멈춰!"
44:59,Cover the back.,뒤쪽 맡아!
45:04,"Hon, be careful.","- 여보, 조심해
- 빨리 와"
45:55,He's in the truck.,트럭에 탔어!
45:56,Round the front.,앞을 막아!
46:11,Fire.,발사!
46:37,People of the city of New York...,뉴욕 시민 여러분
46:39,"...I am here today
because I fell 62 stories...","62층에서 떨어지는
절 구해준"
46:42,...and someone caught me.,영웅이 있습니다
46:44,"Someone who never asks
for anything in return.","그는 어떠한 대가도
바라지 않으며"
46:47,"Someone who doesn't even want us
to know who he is.","신분이 밝혀지는 걸
원하지도 않습니다"
46:51,"Hey, M.J.",엠제이
46:52,"-Harry.
-Hey.",해리
46:55,Where's Pete?,피터는?
46:57,"-Taking somebody's picture, I guess.
-Right.","- 사진 찍고 있겠지
- 하긴"
46:59,"I'm so happy to see you.
You look so good, Harry.","만나서 반가워
좋아 보이는 걸"
47:02,I've never felt better.,최고야
47:04,"It's a weird feeling
not knowing who you are.",머릴 다친 후로는
47:06,"Bump on the head,
I'm as free as a bird.","걱정, 근심 다 사라졌어"
47:09,Will you bump me on the head?,나도 한대 쳐줄래? 꿍!
47:13,"Hey, Pete said you're in a play.",공연 한다면서?
47:16,You came. You sent me flowers.,"너도 왔었어, 꽃도 보냈고"
47:19,I did? I'll come again tonight.,그래? 밤에 보러 갈게
47:22,You can't. I was let go.,"아니, 쫓겨났어"
47:25,What happened?,왜?
47:28,I wasn't very good.,실력이 형편없대
47:31,"You know, this is embarrassing...",고등학교 때 널 위해
47:34,"...but I once wrote you a play
in high school.",희곡을 쓴 적이 있어
47:36,"-You wrote me a play?
-Yeah.",날 위해서?
47:38,"Harry, that's the sweetest thing.","어쩜, 고마워라"
47:40,"So I ask you: When you're dropping
without a parachute...","공중에서 떨어지면
누가 잡아줄까요?"
47:43,"...or your store's being robbed
or your house is on fire...","가게에 강도가 들거나
집에 불이 나면"
47:47,...who is it that breaks your fall...,누가 강도를 잡고
47:49,"...puts out the flames
and saves your children?","불을 끄고
아이들을 구해줄까요?"
47:53,Spider-Man.,스파이더맨!
47:55,They love me.,날 사랑해
47:56,"Then let's hear it
for your one and only...","그럼 우리들의
다정한 이웃을"
47:59,"...friendly neighborhood
Spider-Man.","큰 목소리로 다같이
불러봐요, 스파이더맨!"
48:16,"Hey. What's up? All right.
How you doing?",안녕하세요! 반가워요!
48:21,Shazam!,짜-짠!
48:25,"Hey, guys.",안녕!
48:26,Spider-Man. Spider-Man.,스파이더맨이야!
48:28,Hey there. Hi.,안녕하세요!
48:32,"-Kiss him.
-Kiss him.",키스해요!
48:33,Kiss him. Kiss him. Kiss him.,키스! 키스! 키스!
48:37,"Go ahead, lay one on me.",해요
48:39,"-Really?
-Yeah, they'll love it.","- 진짜요?
- 팬서비스!"
48:41,"-Kiss her.
-Kiss him.","- 키스해요!
- 키스!"
48:42,"No, Spider-Man, no.",하면 안 돼요!
48:44,All right.,좋아요
48:54,Hope Pete's getting a shot of this.,피터가 찍었겠지?
49:02,"Hey, hey, are you okay?",괜찮아?
49:05,"Yeah, I'm fine.",응
49:52,"Hey, man,
we got something on the roof.",위에 뭔가 있어
50:17,"Jig's up, pal.",포기해
50:19,I don't wanna hurt you. Leave now.,해치기 싫으니까 꺼져
50:22,"I guess you haven't heard.
I'm the sheriff around these parts.","잘 모르는가 본데
난 법의 심판자야"
50:25,Okay.,할 수 없군
51:05,Help!,도와줘요!
51:41,Where do all these guys come from?,어디서 나타난 괴물이야?
52:10,"SPIDEY SCORES - Spidey seals
key ceremony with fan's kiss","""팬과 키스하는
스파이더맨"""
52:37,"I'm sorry, I don't speak--",불어를 못해요
52:38,"But this is a French restaurant, non?","여긴 프랑스
레스토랑이잖아요?"
52:45,"-Name, please?
-Parker, Peter.","- 성함이?
- 피터 파커"
52:51,Here we are.,여기 있네요
52:53,Table for two. Parker.,"두 분이군요, 페커"
52:56,"-Parker.
-That is what I said: Parker.","- 파커예요
- 그렇게 말했잖아요, 페커!"
53:03,I have a request.,부탁이 있어요
53:05,"My girlfriend will be coming
and I have this ring.","여자친구가 오는데
이 반지를∙∙∙"
53:16,"Oh, so you want to
pop the question tonight, huh?","오늘밤에 프로포즈
하려구요?"
53:19,"Yes, and I wanna do something
very special.","네, 아주 특별하게
하고 싶어요"
53:22,I love it. Romance.,"로맨스라, 멋지군요"
53:25,I am French.,전 프랑스인이라∙∙∙
53:29,"When I signal you, if you'd bring some
champagne with the ring--","신호하면 샴페인을
가져오고 반지는∙∙∙"
53:32,"-In the bottom of her glass?
-Perfect.","- 잔 속에?
- 네!"
53:36,"Also, I thought at the same time...",그리고 동시에
53:38,"...if the musicians
would play this song....",이 곡을 연주해주세요
53:43,Their favorite.,여자들이 껌뻑 죽죠
53:45,And take good care of the ring.,반지 잘 부탁해요
53:48,"Oui, with my life, monsieur.",목숨 걸고 지키죠
53:53,I like you.,맘에 드네요
53:58,Thank you.,고마워요
54:11,"Okay, so....",좋아
54:14,"Oh, would you like
some champagne?",샴페인 좀 마실까?
54:20,How'd that get in there?,잔 속에 반지가?
54:23,"Oh, don't cry.",울지마
54:30,Hi.,엠제이
54:33,"Look at you. Wow, beautiful.",너무 아름다워
54:41,This place in your budget?,여기 비싸잖아
54:42,"Oh, well, it's a special occasion.",특별한 날인걸
54:45,You're on Broadway.,브로드웨이 진출했잖아
54:48,"I don't feel like
much of a star tonight.",스타 된 기분 아냐
54:50,"Well, you are a star.
And you've earned it.","이젠 스타잖아
자격도 충분해"
54:54,Peter...,피터
54:57,"...you have no idea
how I feel right now.",자긴 내 기분 몰라
54:59,"Oh, no, I know exactly how you feel.","아냐, 그 기분 잘 알아"
55:03,"Listen, I have been through this.
It happens to me all the time.","나도 겪었던 일인 걸
지금도 항상 느끼고"
55:07,"I see Spider-Man posters
in the window...","창문에 걸린
스파이더맨 포스터"
55:09,"...kids running around
with me on their sweaters--",스파이더맨 그려진
55:12,Big Halloween item.,티셔츠 입은 애들
55:14,"I don't know, I guess I've become
something of an icon.","모두가 날 우상으로
여기는 것 같다구"
55:17,"Like yesterday, they kept screaming,
""Spider-Man, Spider-Man.""","어제 사람들 봤지?
스파이더맨! 스파이더맨!"
55:22,"I don't know, you know, I mean,
I'm thinking to myself:","난 모르겠어
내가 그런 대접을"
55:26,"""I'm just a nerdy kid from Queens.
Do I deserve this?""","받을만한
자격이 있는 건지"
55:32,"Hi, Pete.","안녕, 피터"
55:42,"Hi, my parents and I
were just having dinner here.",부모님하고 같이 왔어
55:45,"-Hello. I'm Gwen Stacy.
-Hi.","안녕하세요
그웬 스테이시예요"
55:48,This is Mary Jane Watson.,메리제인 왓슨이야
55:52,"Oh, it's so nice to finally meet you.
Pete talks about you all the time.","이렇게 만나서 너무 반가워요
피터한테 얘기 많이 들었어요"
55:58,"Gwen is my lab partner
in Dr. Connors' class.","코너스 교수님 수업
실험 파트너야"
56:02,"Pete's something of a genius.
I'd be completely lost without him.","피터는 천재예요
날 많이 도와주고요"
56:06,Which actually reminds me...,"참, 부탁 있어"
56:08,"...Pete, if you've got a picture
of my kiss with Spider-Man...","내가 스파이더맨이랑
키스하는 거 찍었으면"
56:11,...could you bring it to class?,학교로 가져올래?
56:13,I'd really love it. For my portfolio.,"모델 경력에
도움 될 거예요"
56:18,"After all,
who gets kissed by Spider-Man, right?","스파이더맨과 키스한
여자가 또 있겠어요?"
56:21,I can't imagine.,당연히 없겠죠
56:24,"Well, it was lovely to meet you.",만나서 반가웠어요
56:41,"Oh, she's in my science class.",같은 수업 듣는데
56:43,It's not her best subject.,성적은 신통찮아
56:47,What?,왜?
56:49,"How come
you never mentioned her?",얘기한 적 없잖아
56:52,She's your lab partner?,실험 파트너에다
56:55,You saved her life?,목숨을 구해줬고
56:57,She thinks you're a genius...,천재라고
56:59,"...and she had her
polished fingernails all over you?","치켜세우며
몸을 쓰다듬어?"
57:02,Or didn't you notice?,자긴 가만있더라?
57:05,"And she gave Spider-Man
the key to the city.","스파이더맨한테
상을 준 여자고!"
57:10,I'll never forget that.,절대 못 잊을 거야
57:15,She's just a girl in my class.,학교 친구일 뿐야
57:17,Let me ask you something.,하나만 물어볼게
57:19,When you kissed her...,걔랑 키스할 때
57:21,...who was kissing her?,자긴 누구였어?
57:24,Spider-Man or Peter?,스파이더맨? 피터?
57:27,"-What do you mean?
-You know exactly what I mean.","- 무슨 뜻이야?
- 잘 알잖아"
57:30,That was our kiss.,우리 키스였다구!
57:32,Why would you do that?,왜 그랬어?
57:35,"You must have known
how it'd make me feel.","내 기분 어떨지
알았을 거 아냐"
57:38,"-Do you wanna push me away?
-Push you away?","- 날 밀어내고 싶어?
- 밀어내다니?"
57:42,"Why would I wanna push you away?
I love you.",내가 왜? 난 널 사랑해
57:45,"You're my girlfriend.
She's a girl in my class, M.J.","넌 내 여자친구고
걔는 학교 친구야"
57:50,"I don't feel well.
I'm sorry, I have to go.","밥 먹을 기분 아냐, 갈게"
57:55,"-Where are you going?
-Please, don't follow me.","- 어디 가?
- 따라오지마"
58:01,Here we are.,여기요
58:39,"Hi, it's M.J.
Sing your song at the beep.","삐 소리가 나면
노랠 불러주세요"
58:44,Hello.,나야
58:48,"I wish you'd pick up the phone.
I don't know what's going on or....","일부러 안 받는 건지,
통화가 안 되네"
58:52,"I don't know if you
got the messages or what.",메시지는 들었어?
58:55,But...,그냥∙∙∙
58:58,...I just wanna talk to you.,얘길 하고 싶었어
59:02,"Okay, call me. Bye.","전화해줘, 끊을게"
59:15,"-Hello?
-Mr. Parker?","- 여보세요?
- 파커 씨?"
59:18,"This is Detective Neil Garrett
from the 32nd Precinct.","32구역 경찰서
가렛 형사입니다"
59:21,"I'm calling on behalf
of Captain Stacy.",스테이시 국장님이
59:23,"He would like you
to come down to the station.","경찰서로 좀
나와달라시는군요"
59:25,"Originally, we thought that this man,
Dennis Carradine...","이 자가 부군을
살해한 범인이라"
59:29,...was your husband's killer.,생각했었는데
59:31,We were wrong.,아닙니다
59:34,What?,네?
59:35,"Turns out Mr. Carradine
was only an accomplice.",공범이었을 뿐이죠
59:38,The actual killer is still at large.,진짜 범인은 따로 있어요
59:40,What are you talking about?,무슨 소리예요?
59:42,"This is the man
who killed your husband.",이 자가 부군을 살해했어요
59:50,His name is Flint Marko.,플린트 마르코
59:51,"He's a small-time crook
who's been in and out of prison.",감옥을 들락거린 잡범이죠
59:54,You got this wrong.,잘못 안 거예요
59:56,Two days ago he escaped.,이틀 전 탈옥했는데
59:58,"Evidently, he confessed his guilt
to a cellmate...","감방 동료한테
자신의 범행을"
1:00:01,"...and we have a couple of witnesses
who will corroborate the story.","털어놨었다는군요
증인도 확보했고요"
1:00:17,"No, wait, son.
You don't wanna do this.","젊은이, 이럼 안 돼"
1:00:23,No!,안 돼!
1:00:33,"Hey, get in! What are you doing?",빨리 안 타고 뭐해?
1:00:54,"Would you put these photos away,
please?",사진들 치워주세요
1:00:56,"I'm sorry, Mrs. Parker.
I know this isn't easy...",힘드시단 거 압니다
1:00:59,"...but, please, be patient with us.",저흴 믿고 기다려주세요
1:01:01,"We're doing our job.
We will catch him.","검거에 최선을
다하고 있어요"
1:01:03,"No, you're not doing your job.",최선을 다해요?
1:01:05,"I watched my uncle die,
and we chased down the wrong man.","삼촌 죽인 진범이
다른 사람인 걸"
1:01:08,"Now you're telling me you had
suspicions for two years? Witnesses?","파악하고 있으면서
왜 지금까지"
1:01:11,"-Why weren't we told about this?
-Settle down.","- 말 안 해줬죠?
- 진정하게"
1:01:14,I have no intention of settling down.,삼촌 죽인 범인이
1:01:16,"This man killed my uncle,
and he's still out there!",활개치고 다니잖아요!
1:01:27,L-20 Parkway.,L-20구역에서
1:01:29,"All officers in the vicinity,
please report.",신고가 들어왔는데
1:01:32,We have an abandoned vehicle...,할아버지 한 분이
1:01:33,"...and an elderly man
in the middle of the street.",도로 위에 서있답니다
1:01:36,"Sorry, Wabash Avenue.",위치는 와바쉬 대로
1:01:41,"Peter, it's M.J.","피터, 나야"
1:01:44,"I'm not here about
what happened at dinner.",저녁 일 때문이 아냐
1:01:46,Just please open up.,문 좀 열어
1:01:55,"Aunt May called me.
She told me about what happened.","숙모님이 전화로
다 말씀해주셨어"
1:01:57,She's worried about you.,자길 걱정하셔
1:02:00,I'm worried about you.,나도 걱정되고
1:02:01,Don't be. I'm fine.,걱정할 거 없어
1:02:04,"I don't want you
to do something stupid.",바보 짓 할까봐
1:02:06,Like try to find my uncle's killer?,살인범 찾는 거?
1:02:08,And do something you'll regret.,후회할 짓 하지마
1:02:11,Like with that other guy.,그때 죽은 사람처럼∙∙∙
1:02:14,"He had a gun on me. I made a move
and he fell. I told you that.","총을 뺏으려 했는데
밀려서 떨어진 거야"
1:02:18,"-I'm not accusing you of anything.
-10-22, auto at 556--",널 탓하는 게 아냐
1:02:21,"-Will you turn that thing off?
-Crossing 5-6 to 5-7.",저것 좀 끌래?
1:02:30,"Peter, I'm here
because I care about you.",널 아끼기 때문에 온 거야
1:02:34,"And I know that you made a mistake
and that you feel guilty...","실수를 저질렀고
죄책감 느끼잖아"
1:02:38,...but I wanna be here for you.,도움이 되고 싶어
1:02:41,Okay. I get it. Thank you.,"알아, 이해해, 고마워"
1:02:45,But I'm fine. I--,하지만 괜찮아
1:02:47,I don't need your help.,도움은 필요 없어
1:02:57,"Everybody needs help sometimes,
Peter.","누구든 때로는
도움이 필요해"
1:03:00,Even Spider-Man.,스파이더맨도!
1:04:35,"Don't hurt me.
Just give me a chance!","살려줘
한 번만 봐줘!"
1:04:37,"What about my uncle?
Did you give him a chance?","넌 그래서
우리 삼촌 봐줬어?"
1:04:40,Did you?,봐줬냐구!
1:04:54,Where am I?,여기가 어디지?
1:05:12,What is this?,뭐지?
1:05:16,I feel....,기분이∙∙∙
1:05:22,This feels good.,힘이 넘쳐나
1:05:54,This is something else.,"이거, 물건인걸"
1:05:58,What do you think?,뭔 거 같아요?
1:05:59,I've never seen anything like it.,이런 건 처음 봐
1:06:01,"I'm a physicist, not a biologist...",난 생물학자가 아냐
1:06:03,"...but let me look at it in the morning.
Run some tests.",아침에 검사해보지
1:06:06,Can we do that now?,지금 안 돼요?
1:06:12,It seems to like you.,자넬 좋아하는군
1:06:17,"-Don't let any of that get on you.
-Why not?","- 몸에 닿게 하지마
- 왜요?"
1:06:20,"It has the characteristics
of a symbiote...",심비오트 성질을 가졌어
1:06:23,"...which needs to bond
to a host to survive.","숙주에 붙어사는
기생 물질이지"
1:06:26,"And sometimes these things in nature,
when they bind...","일단 숙주의 몸에
달라붙으면"
1:06:30,...they can be hard to unbind.,떼내기가 힘들어
1:06:34,"Bank robbery in progress,
First Eastern Bank at 202 Bismark.","비스마크 202번가
은행 강도사건 발생"
1:06:38,"Another sandstorm
is reported in the vicinity.","근처에선
모래폭풍 신고가"
1:06:40,"-All cars proceed with caution.
-Marko.","- 들어왔어요
- 마르코!"
1:07:38,"Buddy, love the new outfit.",새 옷 죽이네요
1:07:41,"This is exactly what I need
to scoop Parker.","이걸 찍어 가면
파커는 끝장야"
1:07:43,Give me some of that web action.,거미줄 좀 쏴봐요
1:07:47,"See you, chump.",또 보자구
1:07:50,What the hell?,너 뭐야?!
1:08:34,Flint Marko.,플린트 마르코
1:08:38,"-What do you want from me?
-Remember Ben Parker?","- 원하는 게 뭐야?
- 벤 파커 기억해?"
1:08:42,"The old man you shot down
in cold blood?","네가 길거리에서
무참하게 쏴 죽인?"
1:08:47,"What does it matter to you, anyway?",무슨 상관이야?
1:08:50,Everything!,전부다!
1:09:29,"It's time to pay, Marko!",죄값은 치러야지!
1:10:41,Good riddance.,꼴 좋군
1:11:04,"-Rent.
-Not now.","- 집세!
- 나중에요"
1:11:07,"Listen, it's a free country.
It's not rent-free country.","집세 낼 형편 안 되면
방을 빼든가"
1:11:10,"-Leave me alone.
-Give me rent.","- 귀찮게 마요
- 집세 달라구"
1:11:13,"You'll get your rent
when you fix this damn door!","집세 받고 싶음
문부터 고쳐놔요!"
1:11:27,That wasn't cool.,못됐어
1:11:29,He is a good boy.,순하디 순한 녀석인데
1:11:35,He must be in some kind of trouble.,안 좋은 일 있나봐
1:12:25,"Flint Marko,
the man who killed Uncle Ben...","삼촌을 죽인
플린트 마르코가"
1:12:29,...he was killed last night.,어젯밤에 죽었어요
1:12:32,"Oh, my.",저런!
1:12:34,What happened?,어쩌다?
1:12:36,Spider-Man killed him.,스파이더맨이 죽였어요
1:12:39,Spider-Man?,스파이더맨이?
1:12:41,I don't understand.,이해가 안 된다
1:12:43,Spider-Man doesn't kill people.,살인 할 사람이 아니잖니
1:12:47,What happened?,어떻게 된 거냐?
1:12:52,I....,제가∙∙∙
1:12:57,He was....,그 사람이∙∙∙
1:13:02,I thought that you'd feel....,숙모가 기뻐할 줄∙∙∙
1:13:08,"He deserved it, didn't he?",죽어 마땅했잖아요
1:13:11,I don't think it's for us to say...,"사람 목숨은
귀중한 거야"
1:13:12,"...whether a person deserves
to live or die.","그렇게 함부로
말하면 못쓴다"
1:13:17,"But, Aunt May, he killed Uncle Ben.",삼촌을 죽였잖아요
1:13:20,Uncle Ben meant the world to us.,"우리한텐 소중한
분이셨지만"
1:13:23,"But he wouldn't want us living
one second...","우리가 가슴에
복수심을 품고"
1:13:26,...with revenge in our hearts.,"살길 바라진
않으실 거다"
1:13:31,It's like a poison. It can--,복수심은 독약과 같아
1:13:35,It can take you over.,멀쩡하던 사람을
1:13:39,"Before you know it,
turn us into something ugly.","순식간에
괴물로 만들어버리지"
1:13:48,THE JAZZ ROOM,"""재즈 룸"""
1:14:06,"WAITRESS/SINGER
WANTED","""서빙/가수 구함"""
1:14:31,Peter Parker,"""피터 파커"""
1:14:33,Harry Osborn,"""해리 오스본"""
1:14:45,Hello?,여보세요?
1:14:47,"Hey, Harry, it's M.J.","해리, 나야"
1:14:50,I need some company.,말동무가 필요한데
1:14:51,"Are you doing anything?
Can I stop by?",안 바쁘면 가도 돼?
1:14:54,"Yeah, sure, come on over.","그럼, 얼마든지"
1:14:56,Okay. Are you sure it's okay?,정말 괜찮아?
1:14:58,"No, I'm not doing anything.
Please, come over.","그렇대도, 어서 와"
1:15:01,"-Okay, I'll see you soon.
-Great.","- 금방 갈게
- 그래"
1:15:04,Bye.,끊을게
1:15:06,"-Bernard.
-Yes, Mr. Osborn?","- 버나드!
- 네?"
1:15:09,"We're having a guest.
Can you get some food?","손님이 오는데
장 좀 봐올래요?"
1:15:11,"-A guest?
-Yeah, a guest.","- 손님이요?
- 네"
1:15:14,"-A ""guest"" guest?
-Will you just get some food?","- 진짜 손님이요?
- 장 좀 봐오세요"
1:15:17,"Right away, sir.",당장 가죠
1:15:36,"Hey, Mr. Ditkovitch.",주인 아저씨
1:15:39,"-An orange?
-No, thanks.","- 먹을래?
- 아뇨"
1:15:42,"Listen, I'm really sorry
for what happened earlier.","아저씨,
아까는 죄송했어요"
1:15:46,"I shouldn't have yelled about that door.
It was nothing to be angry about.","문 땜에 소리친 거요
화낼 일도 아녔는데"
1:15:50,It's no big deal.,"아냐, 됐어"
1:15:52,"But if you feel that bad about it,
you can buy me pizza sometime.","진짜 사과하고 싶음
나중에 피자나 사줘"
1:15:56,"-Today's good.
-Okay.","- 오늘도 좋고
- 네"
1:15:59,"-Have problem with the phone?
-No, no. I was just--","- 전화 고장 났어?
- 아뇨∙∙∙"
1:16:02,"Well, I was trying
to figure out what to say.","무슨 말을 할까
생각 중이에요"
1:16:05,"If it's a woman you're calling,
then you say:",상대가 여자면 이렇게 말해줘
1:16:08,"""You're a good woman.
I am good man.""","""넌 착한 여자, 난 착한 남자"""
1:16:17,"-Hi, Pete.
-Hi.","- 안녕, 피터
- 안녕"
1:16:19,He's calling a woman.,여자한테 전화한대
1:16:20,"Mary Jane?
I think that would be so good--","엠제이?
정말 잘 생각했어"
1:16:22,"This is none of your business.
Go. Go. Call.","참견 말고 들어가
전화해"
1:16:28,"-You should call.
-Thanks.","- 꼭 전화해
- 알았어"
1:16:33,"-Bye.
-Bye.","- 안녕
- 안녕"
1:16:54,"-You hungry?
-Yeah.",배고파?
1:16:57,Come on.,가자
1:17:03,"-I hope you like peppers.
-I love them.","- 고추 좋아해?
- 응!"
1:17:42,"Oh, the butter.",버터!
1:17:54,Beautiful.,멋져
1:18:00,Check this out.,잘 봐
1:18:09,"Well, we can use that part.",이거라도 먹자
1:18:13,You've been dreaming.,"""넌 꿈을 꾼 거야"""
1:18:16,"Nothing like a little self-deception
to get you through the night.","""진실을 외면하면
밤이 무섭지 않아"""
1:18:19,"-All right.
-When did you write that?",언제 쓴 거야?
1:18:22,"-Twelfth grade.
-It's intense.","- 고등학교 때
- 좋은걸"
1:18:25,"-So you want the part?
-I'd love to be in your play.","- 주인공 맡고 싶어?
- 나야 영광이지"
1:18:29,It's yours.,맡아
1:18:32,"You know, there's not even a scar.",흉터가 안 남았어
1:18:37,Barely.,깨끗해
1:18:56,"-Sorry.
-Me too.","- 미안해
- 나도"
1:18:58,"-I didn't mean to do that.
-No, it's okay. Please, forgive me.","- 내가 미쳤나봐
- 아냐, 내 잘못이야"
1:19:04,Mary Jane.,메리제인?
1:19:06,Mary Jane.,메리제인?
1:19:09,"-Mary Jane, please.
-I'm sorry.","- 제발∙∙∙
- 미안해"
1:19:25,You've taken your eye off the ball.,목적을 잊어버렸구나
1:19:35,Harry.,해리
1:19:50,What have you done?,어쩐 거야?!
1:19:54,Avenge me!,복수해다오!
1:19:58,"-My father, he died, right?
-Yeah.","우리 아버진∙∙∙
돌아가셨지?"
1:20:02,"Just wish I could remember
more about him.","아버지 기억이
별로 나질 않아"
1:20:05,"Well, he loved you.
That's the main thing.","너를 사랑하셨어
그거면 충분하지"
1:20:08,"I swear on my father's grave,
Spider-Man will pay.","스파이더맨한테
반드시 복수하겠어"
1:20:12,Harry.,해리
1:20:15,Remember me?,날 기억하니?
1:20:19,"Yes, Father. I remember.","네, 아버지, 기억해요"
1:20:22,I was right about her. About Peter.,"내가 옳았다
엠제이∙∙∙ 피터∙∙∙"
1:20:26,About everything.,전부다!
1:20:29,"You know what you must do.
Make him suffer.","어떡해야 할 진 잘 알고 있겠지
고통을 안겨줘라"
1:20:33,Make him wish he were dead.,죽음보다 끔찍한 고통을!
1:20:36,"First, we attack his heart.","먼저, 놈의 가슴을
갈갈이 찢어놔"
1:20:50,"Hi, it's me.
Sing your song at the beep.","삐 소리가 나면
노랠 불러주세요"
1:20:53,"Hey, M.J. It's Peter.","엠제이, 피터야"
1:20:58,I wanna talk to you about last night.,어젯밤 일 때문에
1:21:02,I don't know what I was thinking.,내가 심했어
1:21:04,"I know you were just there
to help and I....",내 생각해서 와준 건데∙∙∙
1:21:09,I don't know. I wanna see you.,"모르겠어, 보고 싶어"
1:21:16,"If you want Peter to live,
you're gonna do something for me.","피터를 살리고 싶음
내가 시키는 대로 해"
1:21:24,"-Yeah?
-It's Ursula.",우르슐라야
1:21:26,Come in.,들어와
1:21:38,There's a phone call for you.,전화 받아봐
1:21:42,"It's Mary Jane, she called back.",엠제이 전화야
1:21:44,"-Really?
-Yeah.",정말?
1:21:48,"-I put the phone on top of the thing.
-Thanks. Okay.","- 수화기 올려놨어
- 고마워"
1:21:57,"Oh, I'm so glad you called.
I've been trying to--","전화해줘서 고마워
통화가 안 돼서∙∙∙"
1:22:00,"-Can you meet me?
-You bet.","- 나올 수 있어?
- 그럼"
1:22:03,"-Now?
-Okay. Where?","- 지금
- 그래, 어디서?"
1:22:05,At the bridge in the park.,공원에 있는 다리
1:22:07,"-On my way.
-Okay.",지금 갈게
1:22:09,Okay. Hey. I love you.,엠제이? 사랑해
1:22:31,You look beautiful.,예쁜 아가씨!
1:22:35,Peonies.,모란꽃이야
1:22:39,"-You okay?
-No.","- 괜찮아?
- 아니"
1:22:42,"There's something
I have to tell you, Pete.",할 얘기가 있어
1:22:45,Okay.,응
1:22:47,It's not working.,우린 안 돼
1:22:50,You and me.,헤어지자
1:22:53,What?,뭐?
1:22:55,I don't wanna see you anymore.,이제 그만 만나
1:22:58,What are you talking about?,무슨 소리야?
1:23:00,I don't know.,나도 몰라
1:23:04,I'm lonely.,너무 외로워
1:23:07,You aren't there for me.,넌 곁에 없구
1:23:11,I can't do this.,더는 못 견디겠어
1:23:13,"-It's over.
-No. Please. Please don't say that.","- 끝났어
- 안 돼, 제발∙∙∙ 그렇게 말하지마"
1:23:20,"I know I've been selfish,
but I can do better. I can change.","내가 이기적이었어
앞으로 달라질게"
1:23:23,"-It's not that simple.
-We love each other. I love you.","- 간단하질 않아
- 서로 사랑하잖아, 널 사랑해!"
1:23:26,"We have problems.
When people have problems...",우리가 가진 문제들은
1:23:29,"...they work it out.
They talk to each other.",대화로 풀면 되는 거야
1:23:37,"Look, you see?",이걸 봐
1:23:39,You know what this is?,뭘 뜻하는지 알아?
1:23:43,"-You know what I want for us?
-There's someone else.","- 내가 뭘 원하는지?
- 남자가 생겼어"
1:23:46,"I've fallen in love
with someone else.",딴사람을 사랑해
1:24:11,Bravo.,브라보
1:24:22,"She says that she's lonely,
that I'm not there for her.","내가 곁에 있어주질
않아서 항상 외롭대"
1:24:28,There's another guy.,딴사람이 생겼고
1:24:33,"Well, how you holding up?",좀 어때?
1:24:36,Not good.,끔찍해
1:24:39,"Harry, I was gonna propose to her.",청혼하려고 했었어
1:24:43,Really?,정말?
1:24:47,"Well, she's been going through
a tough time lately. Career.","요즘 힘들어했잖아
미래도 불투명하고"
1:24:51,"I mean, a singing waitress
at a jazz club?","클럽에서 노래하는
종업원 신세라니"
1:24:54,"It's not exactly
what she had in mind for herself.","꿈꾸던 삶하곤
거리가 멀잖아"
1:24:57,"Singing waitress? What are you--?
What are you talking about?","노래하는 종업원?
무슨 소리야?"
1:25:00,"Well, she was fired from the show.
Didn't she tell you?","극단에서 해고됐잖아
못 들었어?"
1:25:05,She was fired?,해고됐어?
1:25:08,"She was fired and she told you?
She didn't tell me?","너한테 그렇게 말해?
나한텐 말 안했는데?"
1:25:15,"Well, that's why
I asked you here, Pete.",그래서 부른 거야
1:25:19,I'm the other guy.,내가 '딴 남자'야
1:25:23,What?,뭐?
1:25:25,"Look, she came to me
one afternoon, troubled.","고민거릴 갖고
날 찾아왔더군"
1:25:28,"She needed someone
and I was there for her.",그래서 위로해줬지
1:25:32,"I've always loved her, Pete.
You know that.","난 옛날부터
엠제이를 사랑했어"
1:25:35,It just...,이제야
1:25:37,...started.,맺어진 거지
1:25:46,"I don't believe this.
I don't-- I don't believe you.","말도 안 돼, 못 믿겠어"
1:25:50,"Look, I'm really sorry.",정말 미안해
1:25:54,I just thought you should know.,하지만 알고는 있어야지
1:26:04,"-Can I warm you up?
-Yes, please.","- 리필?
- 네"
1:26:09,How's the pie?,파이 맛은?
1:26:12,So good.,살살 녹아요
1:27:17,Would you like a drink?,한 잔 줄까?
1:27:21,I'm sorry. What was I thinking?,"참, 내 정신하곤"
1:27:24,"Bad for the public image, right,
Mr. Key-to-the-City?","대중의 영웅이신데
이미지 생각해야지"
1:27:27,What did you do to her?,어떻게 한 거야?
1:27:30,"I did what you failed to do.
I was there for her.","네가 못한 거
곁에 있어줬지"
1:27:34,"Mary Jane and I,
we understand each other.","엠제이하고 난
서로를 이해해"
1:27:36,"-She doesn't know what you are.
-Peter, she knows me very well.","- 네 정체를 몰라
- 피터, 그녀는 날 잘 알아"
1:27:41,"And when she kissed me,
it was just like she used to kiss me.","그녀랑 키스할 때면
오래 사귄 기분이야"
1:27:46,That taste....,아주 달콤해
1:27:49,Strawberries.,딸기처럼
1:28:26,"How'd you like that, Spidey?","어때, 견딜만해?"
1:28:32,That all you got?,고작 그거야?
1:28:40,"-Stings, doesn't it?
-I protected you in high school.","- 꽤 얼얼하지?
- 옛정 따윈 잊어버려"
1:28:43,Now I'm gonna kick your little ass.,널 끝장내버리겠어
1:29:32,"Gonna kill me
like you killed my father?","날 죽일 거야?
아버질 죽였듯이?"
1:29:34,I'm done trying to convince you.,해명도 이젠 지겨워
1:29:37,You took him from me. He loved me.,"너 땜에 아버질 잃었어
날 사랑하셨는데∙∙∙"
1:29:41,No. He despised you.,"아니, 널 경멸하셨어"
1:29:45,You were an embarrassment to him.,수치라고 여겼거든
1:29:51,"Look at little Goblin Junior.
Gonna cry?","불쌍한 고블린 2세!
울려구?"
1:30:31,"THIEF!
Spider-Man shows his true colors","""본색을 드러낸
스파이더맨"""
1:30:32,"Spider-Man used to
make me feel safe.",스파이더맨 때문에
1:30:34,"Now I'm afraid
to walk home from work.",밤길이 무섭다고요
1:30:36,"-My son thought the world of this guy.
-I have a daughter, loves Spider-Man.","- 아들 우상이었죠
- 딸이 좋아했는데"
1:30:40,"-Who's she to look up to?
-This is the guy they gave the key to?","- 실망이 클 거예요
- 우릴 속여 왔어요"
1:30:44,PHOTO BY EDDIE BROCK,"""사진: 에디 브록"""
1:30:45,I'm gonna put some dirt in your eye.,혼 좀 내줘야겠군
1:30:50,"-Cheers to the new staff photographer.
-Hey, I just got lucky.","- 입사 축하해
- 운이 좋았죠"
1:30:53,This is so wonderful for you.,정말 잘됐어요
1:30:55,"Well, you might wanna tell J.J.
to make a little more wall space.","사진 걸 공간을 좀 더
늘려야겠어요"
1:31:04,"Wow, good morning.
It's a beautiful day, huh?",굿모닝! 날씨 끝내주지?
1:31:07,"What was it you said?
I'll never get that picture?","나한테 그 사진
못 찍을 거랬지?"
1:31:10,There's your hero.,"네 영웅, 저깄어"
1:31:14,"-I never thought he'd really do that.
-See? Right there.","- 도둑질할진 몰랐어
- 그것 보라구"
1:31:17,"You made a judgment call.
You gotta see it as it is.","사람은 겉만 보고
판단해선 안 돼"
1:31:20,Funny you should say that...,근데 우연일까?
1:31:22,"...because I was looking through
some old photos and it looks very...","내가 찍었던 사진 중에
비슷한 게"
1:31:26,...similar.,있더라구
1:31:29,"Okay. Well, I gotta get back to work.","그렇군, 난 일이 많아서"
1:31:33,"-You're trash, Brock.
-Excuse me?","- 넌 쓰레기야
- 뭐?"
1:31:36,Your picture's a fake.,전부 가짜야
1:31:40,"Oh, Parker,
you are such a boy scout.",준법 시민 티내지 말고
1:31:44,"When are you gonna
give a guy a break?",조용히 넘어가자구
1:31:48,You want forgiveness? Get religion.,"용서받고 싶어?
그럼 교회 나가"
1:31:50,"-What's going on here?
-Are you guys all right?","- 거기 뭐야?
- 둘이 왜 그래?"
1:31:57,"Yeah. No, we--
We're just horsing around.","사소한 말다툼예요
신경 쓰지 마세요"
1:32:01,"Look, I'm begging you.
If you do this, I will lose everything.","부탁해, 합성한 게
밝혀지면 난 끝장이야"
1:32:05,"There's not a paper in town
that will hire me.",이쪽 바닥엔 발도 못 붙여
1:32:07,"You should've
thought of that earlier.",진작 생각했어야지
1:32:11,"What are you doing, Peter?",왜 그래?
1:32:13,"Show this to your editor.
Tell him to check his source next time.","다음부턴 사진 출처를
잘 확인하고 내보내요"
1:32:23,It's a fake.,"가짜예요 ""사진: 피터 파커"""
1:32:25,"Empire State
Photographic Department confirms it.","합성 전문 기관에서
확인한 거예요"
1:32:33,"Pack your things.
Get out of my building.",짐 싸서 당장 꺼져
1:32:35,"-I was just trying--
-You're fired.","- 전 단지∙∙∙
- 해고야!"
1:32:39,"We're gonna have to
print a retraction now.",정정 기사 내야 돼요
1:32:41,"I haven't printed a retraction
in 20 years.",때려죽여도 안 돼!
1:32:43,"SORRY SPIDEY
Bugle drops charges","""미안해요, 스파이더맨"""
1:32:45,"Photographer fired;
Bugle issues apology","""사진 조작 기자 해고"""
1:32:49,"-Hello.
-Mr. Parker, Dr. Connors here.","- 네?
- 코너스 교수일세"
1:32:52,"Oh, Dr. Connors. How are you?","코너스 교수님!
어쩐 일이세요?"
1:32:57,"Quite a specimen
you left me, Parker.","자네가 가져왔던
샘플을 검사했네"
1:33:00,"Its chemistry is not unlike
the chondritic meteorites of the '70s.","70년대에 많이 떨어진
운석과 성분이 비슷해"
1:33:05,Thanks.,고마워
1:33:06,"-That's good.
-You know what, Parker?","- 맛있는걸
- 혹시 아나?"
1:33:11,"-Parker?
-Get me some milk.","- 파커?
- 우유 좀"
1:33:14,"It amplifies characteristics
of its host.","숙주의 특성을
극대화시키는데"
1:33:18,"-Hey, give me another cookie.
-Especially aggression.","- 하나 더
- 포악하게 만들어"
1:33:23,This could be dangerous.,위험할 수 있네
1:33:25,"Peter, you didn't keep any, did you?",따로 보관하는 건 없겠지?
1:33:29,"-You got any with nuts?
-I have some nuts. I could make some.","- 땅콩 쿠키는?
- 없는데, 만들까?"
1:33:32,"-Go make me some.
-Peter?",만들어와
1:33:34,"No, no, no. Course not.","아뇨, 없어요"
1:33:51,These shots are so good.,사진들이 훌륭해
1:33:53,I'd love to shoot you sometime.,자기도 찍어줄까?
1:33:56,Peter Parker. Peter.,피터 파커
1:34:00,"Parker. Miss Brant, that's not
the position I hired you for.","파커! 베티, 연애질 하라고
채용한 줄 알아?"
1:34:04,Black-suit Spider-Man.,블랙 스파이더맨!
1:34:07,"Peter, these are incredible.",정말 굉장하군
1:34:10,"-We gotta have these, Jonah.
-I'll pay you the usual rate.","- 사야 돼요
- 액수는 평소대로!"
1:34:14,"If you want the shots,
I'll take the staff job...","직원으로 채용하면
사진을 넘겨줄게요"
1:34:17,...double the money.,돈은 2배로!
1:35:44,Penny.,페니
1:35:52,You are really gonna dig this joint.,끝내주는 클럽이야
1:35:56,"Do you think I'm--?
I'm dressed all right?",옷 괜찮아?
1:35:58,Too fancy or too....,너무 화려하지 않나?
1:36:00,"Are you kidding me?
You're looking fine, babe.","장난해?
쌈박하게 예쁜걸"
1:36:04,"-Thank you.
-Love that little giggle.","- 고마워
- 웃음소리도 예쁘고"
1:36:10,"Hey, keep it open there, pops.","문 열어, 할배"
1:36:16,"Oh, this is so cool.",너무 멋지다!
1:36:19,"I have never been
to a jazz club before.",재즈 클럽은 처음이야
1:36:25,"Oh, I hope we can get a table.",앉을 자리가 있을까?
1:36:33,Find us some shade.,어두운 자리로!
1:36:36,"Thanks, hot legs.","고마워, 쭉빵"
1:36:39,"Right this way, sir.",따라오세요
1:36:45,RESERVED,"""예약석"""
1:36:49,"Oh, why, thank you.",고마워
1:36:56,"-I am so loving this.
-Oh, me too.","- 아주 좋아
- 나도!"
1:37:06,"-Isn't that your old girlfriend?
-Yeah.",옛날 애인 아냐?
1:37:09,"-Do you wanna go someplace else?
-Oh, no, no. I'll-- I'll be okay.","- 딴 데로 갈까?
- 아니, 상관없어"
1:37:14,"-Mary Jane, show us what you got.
-I'll take that.","메리제인, 한 곡 뽑아"
1:37:22,"-I'll be right back.
-All right.","- 금방 올게
- 응"
1:37:34,Peter?,피터?
1:37:39,This is for you.,널 위해서야
1:37:46,Double-time.,더 빠르게!
1:37:53,Thanks.,고마워
1:38:22,Now dig on this.,이건 어때?
1:39:07,That was all for her?,날 이용한 거였어?
1:39:17,I'm so sorry.,미안해요
1:39:31,"-You all right, Mary Jane?
-I'm fine.","- 괜찮아?
- 네"
1:39:34,Okay.,그래
1:39:42,What's wrong with you?,뭐가 문제야?
1:39:45,You.,너!
1:39:47,"-Can I help you, sir?
-No.","- 무슨 문제라도?
- 아니"
1:39:50,"Is everything okay here, Paul?","괜찮아요, 폴?"
1:39:52,"Yeah, is everything okay here, Paul?","그래, 괜찮지, 폴?"
1:39:54,"-Take him out of here.
-Let's go, sir.","- 쫓아내
- 나가지"
1:39:57,"-Take your hand off of me.
-Now.","- 나한테 손 대지마
- 나가자니까"
1:40:00,"-Okay.
-Hey, get off. Let go.",그만! 놔줘!
1:40:06,"Peter, stop it!",그만둬!
1:40:19,Who are you?,왜 변한거야?
1:40:23,I don't know.,모르겠어
1:41:57,"It's Brock, sir.",브록이에요
1:41:59,Edward Brock Jr.,에드워드 브록 주니어
1:42:04,I come before you today...,전능하신 하느님께
1:42:08,...humbled...,비참하고
1:42:11,...and humiliated...,참담한 심정으로
1:42:16,...to ask you for one thing.,부탁 하나만 드릴게요
1:42:24,I want you to kill Peter Parker.,"피터 파커를
죽여주세요"
1:43:17,Parker.,파커
1:45:02,"-Hi, Peter.
-Hi.",숙모 왔다
1:45:07,"You don't seem to have changed
the room around very much.","집이 예전이랑
바뀐 게 없구나"
1:45:12,"Of course, there's not much
you could do, is there?","하긴, 바꿔봐야
티도 안 나겠지만"
1:45:22,When we spoke on the phone...,전화 목소리가
1:45:24,"...I sensed that something
was bothering you...",심상치 않길래
1:45:28,...so I thought I'd just come by.,잠깐 들려본거야
1:45:33,How's Mary Jane?,엠제이는 어떠니?
1:45:36,I don't know.,몰라요
1:45:40,I never heard from you.,요즘 통 연락도 않고
1:45:43,Did you ever propose?,청혼은 했니?
1:45:49,You said...,결혼을 하면
1:45:52,"...a husband's gotta put a wife
before himself.","아내가 최우선이
돼야 한 댔죠?"
1:46:01,I'm not ready.,전 준비가 안됐어요
1:46:05,But what happened?,갑자기 왜?
1:46:08,You seemed so sure.,자신 있댔잖니
1:46:12,Yeah.,네
1:46:27,"I hurt her, Aunt May.",엠제이를 때렸어요
1:46:30,I don't know what to do.,어떡하면 좋죠?
1:46:34,"Well, you start
by doing the hardest thing:",가장 어려운 일부터 해야지
1:46:39,You forgive yourself.,네 자신을 용서하렴
1:46:45,"I believe in you, Peter.",숙모는 널 믿는다
1:46:48,You're a good person.,넌 착한 아이야
1:46:52,"And I know you will find a way
to put it right.","잘못된 걸 바로 잡을
방법을 찾아낼 거다"
1:47:04,In time.,더 늦기 전에!
1:47:24,"End of the line, Spider-Man.","끝장을 내주마
스파이더맨"
1:47:31,"I want him dead too, Flint.","나도 그 자식을
죽이고 싶어"
1:47:33,"That's why
I've been looking for you.",그래서 널 찾았지
1:47:36,"Oh, yeah. I know all about you.",너에 대해선 다 알아
1:47:39,"Like the fact that Spider-Man
won't let you help your poor daughter.","딸 수술비 마련하는데
놈이 계속 방해했잖아"
1:47:44,"It's just--
That doesn't seem right to me.","그럼 안 되지, 옳지 않다구"
1:47:47,"Look, I wanna kill the spider,
you wanna kill the spider.","우린 둘 다 그 거미 새끼를
죽이고 싶어 해"
1:47:52,"Together, he doesn't stand a chance.","힘을 합치면
놈을 제거할 수 있어"
1:47:57,Interested?,생각 있나?
1:48:00,Yeah.,물론!
1:49:03,So...,어디로∙∙∙
1:49:06,...where to?,모실까?
1:49:08,All New York is holding its breath...,인질극이 계속되면서
1:49:10,"...as the hostage crisis
continues to unfold.",모두가 숨을 죽입니다
1:49:15,Just 30 minutes ago...,30분전 시작된
1:49:16,"...police came across
this startling sight:",사상 초유의 인질극
1:49:18,"A young woman,
held hostage in a taxi...",젊은 여성이 탄 택시가
1:49:21,"...suspended 80 stories
above the ground...",80층 높이 거미줄에
1:49:23,"...in what appears to be
a giant web.",걸려있습니다
1:49:26,"Every attempt by the police
to rescue the hostage...","경찰의 구조 작전은
샌드맨에 의해"
1:49:29,"...has been thwarted
by the Sandman.",좌절됐습니다
1:49:34,Compounding the danger...,검은색 복장을 착용한
1:49:36,"...is the appearance
of a strange black-suited figure.",정체불명의 생명체는
1:49:39,"Early reports had believed him
to be the black-suited Spider-Man...",처음 알려진 것과 달리
1:49:43,"...but he has now been identified
as something entirely different.","스파이더맨이
아니라고 합니다"
1:49:48,"The hostage has been identified
as Mary Jane Watson...","인질로 잡힌 여성은
메리제인 왓슨으로"
1:49:52,"...an actress recently seen
in a brief stint on Broadway.","브로드웨이에서
공연한 배우입니다"
1:50:21,"We're now going to take you
live to the scene...",그럼 현장에 나가있는
1:50:24,...with Jennifer Dugan. Jennifer?,듀간 기자를 연결하죠
1:50:26,"We're only about
100 feet away now, Hal, and--",30미터 거리인데∙∙∙
1:50:28,"Wait. There seems to be
some kind of activity in the web.","잠깐만요, 위에서
움직임이 포착되는데"
1:50:32,"They seem to be creating
some kind of gigantic lettering.","거미줄을 이용해서
뭔가를 쓰는군요"
1:50:38,"SPIDER-MAN
STOP US IF YOU CAN","""스파이더맨, 우릴 막아봐"""
1:50:39,"Spider-Man's being challenged
to some sort of confrontation.",도전을 받은
1:50:42,And that raises serious questions...,스파이더맨이
1:50:44,"...about what kind of chance he'd
stand against such overwhelming--",저들을 제압할 수 있을지∙∙∙
1:50:58,Harry?,해리?
1:51:02,I need your help.,도와줘
1:51:05,"I can't take them both,
not by myself.",나 혼자선 놈들을 못 막아
1:51:15,You don't deserve my help.,도움 따윈 바라지마
1:51:20,Harry...,해리
1:51:23,...she needs us.,엠제이가 위험해
1:51:29,Get out.,가버려!
1:51:47,"If I may, sir?",한마디 드려도?
1:51:50,"I've seen things in this house
I've never spoken of.","많은 것을 봐왔지만
입 밖에 내지 않았죠"
1:51:56,What are you trying to tell me?,무슨 소리예요?
1:51:59,The night your father died...,"아버님이
돌아가신 날 밤"
1:52:02,...I cleaned his wound.,상처를 치료했어요
1:52:06,The blade that pierced his body...,"아버님의 몸을
관통했던 칼은"
1:52:10,...came from his glider.,글라이더 조각였죠
1:52:13,"I know you're trying to defend
your father's honor...","아버님의 명예를
지키고 싶겠지만"
1:52:18,"...but there's no question
that he died by his own hand.","본인 실수로 돌아가신 건
명백한 사실입니다"
1:52:27,I loved your father...,아버님을 사랑했어요
1:52:30,"...as I have loved you, Harry.","제가 도련님을
사랑하는 만큼"
1:52:34,As your friends love you.,친구들도 도련님을 사랑해요
1:53:24,Look.,봐요!
1:53:46,"Spider-Man! Spider-Man!
Spider-Man!",스파이더맨! 스파이더맨!
1:53:55,"He seems to have
come out of nowhere...",모두가 희망을 버리고
1:53:57,...to answer the prayers of the city...,절망하는 순간
1:53:59,"...just when all hope
seemed to be lost.",스파이더맨이 나타났습니다
1:54:07,Peter. They're gonna kill us both.,"피터! 우릴 둘 다
죽일 거야"
1:54:10,"-I'm gonna get you out of this.
-Watch out.","- 꺼내줄게
- 조심해!"
1:54:23,"Hey, Parker.","안녕, 파커"
1:54:25,My God. Eddie.,"맙소사, 에디!"
1:54:27,My spider-sense is tingling...,"거미의 본능이
꿈틀대는걸"
1:54:30,...if you know what I'm talking about.,무슨 뜻인지 알려나?
1:54:52,We can find a way to settle this.,다른 해결책도 있어
1:54:54,You're so right.,그래
1:54:56,I'm thinking humiliation.,"네가 사람들 앞에서
굴욕을 당하는 거지"
1:55:00,Kind of like how you humiliated me.,내가 당했던 것처럼!
1:55:03,Do you remember?,기억해?
1:55:07,"Do you remember
what you did to me?","나한테 했던 짓
기억하냐구"
1:55:25,"You made me lose my girl.
Now I'm gonna make you lose yours.","난 애인을 잃었어
너도 잃어야 돼"
1:55:30,"How's that sound, tiger?",그래야 공평하잖아?
1:56:32,"Hold on, Mary Jane!","꽉 잡아, 엠제이!"
1:57:04,Mary Jane!,엠제이!
1:58:07,"It's hard to believe
what's happening.",너무나도 참혹한 광경입니다
1:58:11,The brutality of it.,스파이더맨이
1:58:14,"I don't know how
he can take any more.","얼마나 더 견딜지
모르겠군요"
1:58:16,"This could be a tragic day
for the people of New York.","뉴욕 시민들에게는
비극적인 날입니다"
1:58:20,It could be the end of Spider-Man.,"스파이더맨이
위기를 맞았습니다"
1:58:48,"-Awesome.
-Wicked cool.","- 죽인다!
- 진짜 짱이야!"
1:59:15,You came.,와줬구나
1:59:25,Looks like just in the nick of time.,내가 때맞춰왔군
1:59:27,"A couple minutes ago
wouldn't have been so bad either.","좀 일찍 왔으면
더 좋았을 거야"
1:59:30,What are you gonna do?,따질래?
1:59:35,I may need some help over here.,이쪽 좀 도와줘
1:59:37,I'm a little busy right now.,나도 바빠!
1:59:40,Give me your hand.,손 잡아!
1:59:56,"Parker! Parker, where--?",파커! 파커!
2:00:00,I need a photographer.,사진사가 필요해
2:00:01,"Hey, kid, you want a job?","꼬마야, 알바 할래?"
2:00:03,"Why would I want a job?
I'm just a kid.","내가 왜요?
난 꼬마라구요"
2:00:06,"-All right, how much for the camera?
-One hundred bucks.","- 카메라 얼마에 팔래?
- 100불이요"
2:00:09,A hundred bucks?,100불?!
2:00:13,"All right, you little crook. Here.","이 쬐깐한 사기꾼!
여깄다"
2:00:18,What the--?,뭐야?
2:00:21,Film's extra.,필름 값은 별도예요
2:00:29,Gotcha.,잡았어
2:00:39,"Pete, up top.",위를 봐!
2:01:04,"-This thing got any more?
-Hang on.","- 더 빨리 못가?
- 꽉 잡아!"
2:01:06,To what?,뭘?!
2:01:12,"-Go, buddy.
-Got her.","- 가!
- 알았어!"
2:01:25,You okay?,괜찮아?
2:01:28,Yeah.,응!
2:01:32,"-Good.
-Hey, Pete.","- 다행이야
- 피터!"
2:01:37,Am I interrupting?,회포는 나중에!
2:02:55,Never wound...,죽일 게 아니면
2:02:58,...what you can't kill.,상처를 주는 게 아냐
2:03:04,"Eddie, the suit,
you gotta take it off.","에디, 그 옷!
빨리 벗어버려"
2:03:07,"Oh, you'd like that, wouldn't you?",누구 좋으라구?
2:03:12,I know what it feels like.,"그 기분, 알아"
2:03:14,It feels good.,최고지
2:03:16,The power. Everything.,강력한 힘을 얻는 대신
2:03:19,But you'll lose yourself.,자신을 잃게 돼
2:03:22,Let it go.,벗어버려
2:03:24,I like being bad.,난 악당 체질야
2:03:27,It makes me happy.,"고통 주는 게
즐겁거든"
2:04:18,Harry!,해리!
2:05:32,Peter. What are you doing?,무슨 짓이야?
2:05:39,Eddie!,에디!
2:06:00,"-Harry.
-Mary Jane.","- 해리
- 메리제인"
2:06:02,"-I'm gonna get help.
-No.",도움을 청할게
2:06:05,Stay.,그냥 있어
2:06:15,I didn't want this.,이러긴 싫었어
2:06:21,But I had no choice.,도리가 없었지
2:06:27,We always have a choice.,선택의 문제야
2:06:29,"You had a choice
when you killed my uncle.","당신이 삼촌을
죽인 것처럼!"
2:06:34,My daughter was dying.,딸은 죽어가고
2:06:38,I needed money.,돈이 필요했어
2:06:45,I was scared.,무서웠지
2:06:55,"I told your uncle
all I wanted was the car.","삼촌한테 차를
내놓으라고 했어"
2:06:58,"-What is it?
-I need your car.","- 뭐요?
- 내려요"
2:07:00,He said to me:,내게 그러더군
2:07:03,"""Why don't you just put down the gun
and go home?""","""총 내려놓고
집으로 돌아가게"""
2:07:10,"I realize now
he was just trying to help me.","나한테 기회를
주려했던 거지"
2:07:19,"Then I saw my partner
running over with the cash.","그때 동료가
돈을 갖고 뛰어왔고"
2:07:23,And the gun was in my hand.,총이 발사됐어
2:07:35,Get in.,타!
2:07:39,Did a terrible thing to you...,끔찍한 짓을 했어
2:07:42,"...and I spent a lot of nights
wishing I could take it back.","할 수만 있다면
되돌리고 싶어"
2:07:51,I'm not asking you to forgive me.,용서를 구하는 게 아냐
2:07:55,I just want you to understand.,이해해달란 거지
2:08:07,I've done terrible things too.,나도 끔찍한 짓을 했어요
2:08:26,I didn't choose to be this.,괴물이 되고 싶진 않았어
2:08:37,The only thing left of me now...,이제 나한테 남은 거라곤
2:08:42,...is my daughter.,내 딸뿐이야
2:08:56,I forgive you.,용서해줄게요
2:09:41,"Hey, pal. How you doing?","해리, 좀 어때?"
2:09:44,Been better.,별로 안 좋아
2:09:48,We'll get you through this.,아무 일 없을 거야
2:09:53,No.,아니
2:10:02,I should never have hurt you...,네게 상처를 줬어
2:10:07,...said those things.,못할 말들을 했고
2:10:10,"None of that matters, Peter.","다 잊어버려, 피터"
2:10:15,You're my friend.,우린 친구잖아
2:10:22,Best friend.,베스트 프렌드!
2:11:30,Whatever comes our way...,자신과의 싸움에서
2:11:33,"...whatever battle we have raging
inside us, we always have a choice.",우린 선택의 기로에 놓인다
2:11:40,My friend Harry taught me that.,마지막 순간
2:11:42,He chose to be the best of himself.,해리는 최선의 선택을 했다
2:11:46,"It's the choices
that make us who we are...","선택은 우리들의
본질을 규정하고"
2:11:49,"...and we can always choose
to do what's right.","옳은 선택을 하는 건
우리의 몫이다"
