﻿Time,Subtitle,Translation
3:01,She looks at me every day.,그녀가 보고 있다
3:03,Mary Jane Watson.,메리 제인 왓슨
3:05,"Oh, boy. If she only knew
how I felt about her.","가끔은 내 사랑을 알아주길
바랄 때도 있지만"
3:09,But she can never know.,절대 말할 수 없다
3:11,"I made a choice once to live
a life of responsibility.","난 이미
그녀와 함께 할 수 없는"
3:15,A life she can never be a part of.,무거운 삶을 택했기에
3:17,Who am I?,내가 누구냐고?
3:19,"I'm Spider-Man, given a job to do.",난 정의의 스파이더맨이자
3:22,"And I'm Peter Parker,
and I, too, have a job.",먹고살기 바쁜 피터 파커다
3:25,Parker. Parker!,파커!
3:27,"No, no, no, stop! Stop!",멈춰!
3:30,"Parker, you're late, man. Always late.","또 늦었군, 맨날 늦어"
3:33,"I'm sorry, Mr. Aziz.
There was a disturbance.","죄송해요
소동이 좀 있어서"
3:36,"Another disturbance.
Always a disturbance with you.",또야? 맨날 그 소리지
3:39,"Come on, 21 minutes ago,
in comes order.","서둘러, 주문 온지
21분이나 지났어"
3:41,"Harmattan, Burton & Smith.
Eight extra-large deep-dish pizzas.","버튼 앤 스미스사
엑스트라 라지 8개"
3:45,"In eight minutes, I am defaulting on
Joe's 29-minute guarantee.","우린 ""29분내 배달""이 생명이야"
3:48,"Then, not only am I receiving
no money for these pizzas...",8분만 지나면 피자값은 물론
3:51,"...but I will lose the customer forever
to Pizza Yurt.",고객까지 잃게 된다구
3:54,"Look, you are my only hope, all right?
You have to make it in time.","모든게 너한테 달렸으니까
알아서 해"
3:58,"Peter, you're a nice guy.
But you're just not dependable.","넌 다른건 다 좋은데
믿음이 안가"
4:02,This is your last chance.,마지막 기회야
4:04,"You have to go 42 blocks
in 7 1/2 minutes or your ass is fired.","7분 30초 안에 배달 못맞추면
바로 해고될 줄 알아"
4:10,Go!,가!
4:35,"Hey, what, are you stupid?",너 뭐야?
4:58,Whoa! He stole that guy's pizzas!,스파이더맨이 피자를 훔쳤다!
5:10,I'm gonna get it!,내가 잡을거야!
5:27,"Hey, you guys.
No playing in the streets.",차도에서 놀면 안돼
5:30,"Yes, Mr. Spider-Man.","네, 스파이더맨"
5:31,See you.,또 보자
5:34,"Way to go, Spidey!","안녕, 스파이더맨!"
6:28,Pizza time.,피자요
6:35,You're late.,늦었네요
6:37,I'm not paying for those.,돈 못 드려요
6:57,"Joe's 29-minute guarantee
is a promise, man.","""29분내 배달"" 정책은
약속이야"
7:01,"I know to you, Parker, a promise
means nothing. But to me, it's serious.","너한텐 아무 의미 없겠지만
나한텐 중요하다구"
7:06,"It's serious to me too, Mr. Aziz.",저한테도 중요해요
7:08,"-You're fired. Go.
-Please, I need this job.","- 넌 해고야, 나가
- 제발요"
7:10,"-You're fired.
-Look, give me another chance.","- 나가
- 한번만요"
7:22,You're fired.,해고야
7:24,"-Parker, hello. You're fired.
-Why?","- 자넨 해고됐어
- 왜요?"
7:26,"Dogs catching Frisbees? Pigeons in the park?
A couple geezers playing chess?","강아지? 공원 비둘기?
체스 두는 노친네?"
7:30,"-Boss.
-Not now.","- 편집장님
- 나중에 와"
7:32,"The Bugle could show another side
of New York for a change.","뉴욕의 다른 면을
보여주는 건데요"
7:34,"We got six minutes to deadline, Jonah.
We need page one.","마감 6분 전예요
1면 사진 정해주세요"
7:38,"I don't pay you to be a sensitive artiste.
I pay you-- Still not now!","내가 자넬 고용한건
스파이더맨이...나중에!"
7:41,"I pay you because that psycho
Spider-Man will pose for you.","자네한테만 포즈를
취해주기 때문이야"
7:44,"He won't let me take
any more pictures. You turned the whole city
against him.","이젠 힘들어요, 국장님이
악당으로 만들어놔서"
7:48,A fact I'm very proud of.,그래야 잘 팔리지
7:49,"Get your pretty little portfolio off my
desk before I go into a diabetic coma.","그러니까 예술하고 싶으면
딴데가서 해"
7:53,"-It's your wife, she lost her checkbook.
-Thanks for the good news.","- 사모님 수표책이 없어졌대요
- 애썼다 그래"
7:57,"Please, isn't there any of these shots
you can use? I need the money.","전혀 건질만한게 없나요?
전 돈이 필요해요"
8:01,Miss Brant. Get me a violin.,"여기!
바이올린 좀 쥐어줘"
8:03,"Five minutes to deadline, Jonah.",5분 남았어요
8:05,"Run a picture of a rancid chicken.
Here's the headline:","부패한 닭 사진을 실어
제목은..."
8:08,"""Food Poisoning Scare Sweeps City.""","""독극물 주입 공포"""
8:10,"-Some food got poisoned?
-I'm a little nauseous.","- 발견됐나요?
- 내가 넣을거다"
8:13,"All right, Mr. Jameson.",좋아요
8:16,"It stinks.
Robbie, there's your page one.","끔찍하군, 이걸로 해"
8:19,"""Masked Menace Terrorizes Town.""","""가면 쓴 악당, 도시 테러"""
8:20,"I told you, he's not a menace.",악당 아녜요
8:22,"-I told you--
-I'll take care of it.","- 내가...
- 알아서 할께요"
8:24,"-I'll give you 150.
-Three hundred.","- 150달러
- 300달러"
8:26,That's outrageous.,헛소리 마
8:27,Done. Give this to the girl.,"얘기 끝, 갖다줘"
8:30,Thank you. Bye-bye.,잘 가게
8:31,Hi.,안녕
8:33,"Hey, Pete.","안녕, 피터"
8:37,"I don't think this covers the advance
I gave you a couple weeks ago.","2주전에 가불했던
돈에도 못 미치는걸"
8:42,"-Right.
-Sorry.","- 맞다
- 미안"
8:46,"Chin up, okay?",힘 내
9:01,"Watch it, jerk!",보고 다녀!
9:13,Dr. Connors. Sorry.,"코너스 교수님, 죄송해요"
9:15,"Where were you headed, Parker?",어디 가는 길인가?
9:17,To your class.,교수님 수업이요
9:19,My class is over.,내 수업은 끝났는데
9:21,See me standing here?,여기서 또 하라고?
9:23,"I'm sorry. I'm trying.
I wanna be here.","죄송합니다, 저도
들어가려고 애쓰는데"
9:27,Then be here.,그럼 들어와
9:30,"Look at you, Peter.","정신차리게, 피터"
9:32,"Your grades have been steadily
declining. You're late for class.","수업엔 늦고 성적은
점점 떨어지는데다"
9:36,You always appear exhausted.,늘 지쳐 보여
9:40,Your paper on fusion is still overdue.,핵융합 숙제도 안냈더군
9:43,"I know. I'm planning to write it
on Dr. Otto Octavius.","옥타비우스 박사에 관해
쓰려구요"
9:46,"Planning is not a major
at this university.",계획만 세우면 학점이 나오나?
9:52,Octavius is a friend of mine.,옥타비우스는 내 친구야
9:55,"Better do your research, Parker.",만만히 보지 말게
9:57,"Get it done, or I'm failing you.","잘 좀 해봐
낙제하기 싫으면"
10:22,Surprise!,깜짝 파티!
10:24,"Well, say something.",소감을 말해야지
10:26,What's the occasion?,무슨 날이에요?
10:28,"Really, Peter. It's your birthday!","너 정말, 네 생일이잖니!"
10:31,"Whether you want
to remember it or not.",기억하기 싫든 좋든간에
10:34,"He lives in another reality.
Don't you, Pete?","맨날 딴 생각만 해서 그래요
그렇지?"
10:37,"-Hi, M.J.
-Hi.","- 안녕, 엠제이
- 안녕"
10:40,"-Hey, buddy.
-Hey.","- 안녕, 해리
- 그래"
10:41,"Long time, no see.",오랜만이야
10:43,"So how's the play?
I read a great review.",공연은 어때? 평은 좋던데
10:47,It's going fine. It's going good.,잘 되고 있어
10:49,She's brilliant in it.,명배우야
10:50,Harry sent me roses.,해리가 꽃 보내줬어
10:52,"So where you been, pal?
You don't return my calls.",넌 뭐야? 전화도 안받고
10:56,I've been busy.,계속 바빴어
10:58,"Taking pictures of Spider-Man?
How's the bug these days?","스파이더맨 찍느라?
그 벌렌 요즘 어때?"
11:02,"The less you see of that man,
the better.",안 나타나야 좋은거지
11:04,"Now, let's all go into the other room
and have something to eat.","자, 다들 저쪽으로 가서
뭐 좀 먹자"
11:07,I'll get the hors d'oeuvres.,제가 준비할께요
11:09,So how are things going at Oscorp?,회사는 어때?
11:11,"They're great.
I'm head of Special Projects.","잘 돌아가, 내가 맡은 핵융합 프로젝트도
성공 직전이고"
11:14,"We're about to make
a breakthrough on fusion.","핵융합 프로젝트도
성공 직전이고"
11:17,"How lovely, Harry. Your father
would be so proud, rest his soul.","대단하구나, 아버님이
정말 자랑스러워 하실거야"
11:21,Thank you.,감사합니다
11:23,"We're actually funding
one of your idols, Pete. Otto Octavius.","네 우상한테 투자했어
오토 옥타비우스"
11:26,"-I'm writing a paper on him.
-You want to meet him?","- 지금 조사중인데
- 만나볼래?"
11:29,You'd introduce me?,만날 수 있어?
11:31,"You bet. Octavius is
gonna put Oscorp on the map... ...in a way my father
never even dreamed of.","그럼, 우리 아버지도 못한
일을 이뤄낼 분이야"
11:36,"M.J., could you give me a hand?","엠제이, 좀 도와다오"
11:40,"She's waiting for you, pal.",메리한테 잘해
11:43,What do you mean?,무슨 소리야?
11:44,"The way she looks at you
or doesn't look at you. However you want to look at it.","너에 대한 한결같은
마음 좀 알아주라구"
11:49,I don't have time for girls right now.,난 연애할 시간 없어
11:51,"Why, are you dead?",왜? 죽었니?
11:53,I've been kind of busy.,바빠서
11:54,Taking pictures of your friend?,벌레 사진 찍느라?
11:58,Could we get off that subject?,그 얘기 좀 그만할래?
12:00,"I want us to be friends, Harry.
I want us to trust each other.","난 우리가 친구로서
서로 믿길 바래"
12:03,Then be honest with me.,그럼 말해봐
12:05,"If you knew who he was,
would you tell me?",그놈이 누군지?
12:31,May.,숙모
12:33,"Oh, what, Ben?","왜요, 여보?"
12:35,Wait.,잠깐...
12:38,"-Aunt May.
-Oh, my.","- 숙모
- 이런"
12:39,"Oh, Peter. Oh, for a second there,
I thought I was years ago.","피터구나, 잠깐
옛날로 돌아간 줄 알았다"
12:47,"Everybody's gone, aren't they?",다들 갔니?
12:49,Did they have a good time?,잘 놀았어?
12:51,I'm sure they did.,그럼요
12:55,"-You okay?
-Of course. But you go home.","- 괜찮으세요?
- 그럼, 너도 가야지"
12:59,"And be careful. I don't like that
scooter thing you drive around.","조심해라, 난 그 스쿠턴지
뭔지가 영 불안해"
13:04,I'm worried about you.,전 숙모가 걱정이에요
13:07,"You're so alone.
And I saw the letter from the bank.","혼자 계시는데다
은행 문제도 그렇고"
13:12,"Oh, my. You did?",이런... 봤니?
13:15,"Oh, well. So?",그게 뭐?
13:18,I'm a little behind.,좀 밀렸을 뿐이야
13:21,Everybody is.,다들 그렇게 산다
13:23,"Anyway, I don't want
to talk about it anymore.",그런 얘긴 그만 하고
13:26,"I'm tired,
and you better start back home.","나도 피곤하니까
어서 가는게 좋겠다"
13:32,"Here, kiddo. Happy birthday.","자 이거, 생일 축하한다"
13:35,You need it more than I do.,네가 더 필요할거야
13:36,"-No, I can't take that from you.
-Yes, you can!","- 전 됐어요
- 받아!"
13:39,You can take this money from me.,넌 받아도 돼
13:41,"For God's sake, it's not much.
Now, take it! And don't you dare leave it here.","많지도 않아, 가져가!
두고 갈 생각 말고"
13:47,"Oh, I'm sorry.",미안하다
13:50,"It's just that I miss
your uncle Ben so much.",그냥 네 삼촌이 그리워서 그래
13:56,"Can you believe that it's two years
next month since he was taken?","돌아가신지 벌써 2년이나
됐다는게 믿겨지니?"
14:03,I think to myself at times...,가끔 생각한단다
14:06,"...were I to face the one responsible
for what happened, I'd....","네 삼촌을 죽게 한 사람과
마주친다면"
14:12,"Oh, I don't know what I'd do.",어떡해야 할지
14:20,Now...,여기
14:24,"...you better take
the rest of your cake home.",케잌 남은 것도 가져가라
14:41,Hey. Hey. You're still here.,"- 피터
- 아직 있었네"
14:46,I saw your billboard on Bleecker.,네 광고판 봤어
14:48,"Isn't it funny?
I'm really kind of embarrassed.","웃기지 않든?
난 진짜 민망하더라"
14:51,"Don't be. It's nice.
I get to see you every day now.","좋던데 뭘
덕분에 매일 보게 됐잖아"
14:58,"I liked seeing you tonight, Peter.",오늘 만나서 좋았어
15:03,"Oh, boy, yeah.",나도
15:05,"""Oh, boy, yeah"" what?","""나도"" 뭐?"
15:13,Nothing.,아냐
15:19,Do you want to say something?,나한테 할 말 있지?
15:27,I...,그냥...
15:34,...was...,네가...
15:36,"...wondering if you're still
in the Village.","아직도 빌리지에 사는지
궁금해서..."
15:49,You're such a mystery.,넌 정말 이상해
16:01,Peter.,피터
16:04,What?,왜?
16:11,Happy birthday.,생일 축하해
16:21,I'm seeing somebody now.,나 요즘 데이트해
16:24,"You mean, like a boyfriend?",남잘 만난다구?
16:27,"Well, like I like him.","그래, 내가 좋아하는 사람이야"
16:32,What?,왜?
16:35,Nothing.,아냐
16:37,"That's good, you know?
Companionship....","잘됐네
친구도 사귀고..."
16:42,May be more than that.,친구 이상일거야
16:45,More?,이상?
16:47,I don't know.,몰라
16:50,"I'm coming to see your play
tomorrow night.",내일 공연 보러 갈께
16:55,"-You're coming?
-I'll be there.","- 정말?
- 그래"
16:59,Don't disappoint me.,실망시키지 마
17:02,I won't.,안그래
17:18,Rent.,집세
17:23,"-Hi.
-Hi. What's ""hi""?","- 안녕하세요
- ""안녕하세요""?"
17:26,Can I spend it?,그게 집센가?
17:28,"I have a paycheck due this week
and--",이번주 내로 꼭...
17:31,"-You're a month late again. Again.
-I promise as soon as--","- 한달이나 늦었는데, 또야?
- 이번엔 약속..."
17:34,"If promises were crackers,
my daughter would be fat.","약속이 과자였다면
내 딸은 살쪘을거다"
17:38,"I'm really sorry, Mr. Ditkovitch. All
I got is this 20 for the rest of the week.","죄송해요, 가진거라곤
당장 쓸 20달러뿐이라"
17:43,"""Sorry"" doesn't pay the rent.",맨날 죄송하대지
17:45,"And don't try to sneak past me. I have
ears like a cat and eyes like a rodent.","죄송한 줄 알면
쥐새끼처럼 도망다니지나 마"
17:52,"-Thanks, Mr. Ditkovitch.
-Hi, Pete.","- 네
- 안녕, 피터"
18:50,Rent?,집세는?
18:57,Doctor? Mr. Osborn's here.,오스본 씨 오셨는데요
19:00,"Nobel Prize, Otto. Nobel Prize.
And we'll all be rich.","노벨상은 박사님 거예요
우린 부자가 되구요"
19:04,"It's not about the prizes, Harry.",상은 안 중요해
19:06,"But you need money.
You need Oscorp.",돈은 필요하시잖아요
19:08,Who do we have here?,누군가?
19:09,"This is my good friend
I called you about.",전에 말한 친구예요
19:11,"He got me through
high-school science.",과학 시간에 신세졌다는
19:13,"Peter Parker, sir.
I'm writing a paper on you for--","피터 파컵니다
박사님을 주제로..."
19:16,I know what you're doing here...,왜 왔는지 알겠네
19:18,"...but I don't have time
to talk to students now.","학생들과 노닥거릴 시간은
없지만"
19:21,"But Oscorp pays the bills, so....",투자받는 처지니...
19:23,"That's why I have to take off.
Board meeting.",그래서 전 가봐야 돼요
19:25,"But my job is done here.
Got you two geniuses together.","두 천재분을 위해서라도
열심히 벌어야죠"
19:29,"Good luck tomorrow, Otto.
Nobel Prize. We'll see you in Sweden!","박사님은 노벨상 받을 준비나
하세요, 스웨덴에 가자구요!"
19:36,"Interesting fellow, your friend.",재밌는 친구야
19:38,I won't take much of your time.,금방 끝낼께요
19:40,"Now I remember you. You're Connors'
student. He tells me you're brilliant.","누군지 알겠네, 코너스가 말한
똑똑하다는 학생"
19:45,He also tells me you're lazy.,게으르다고도 했지
19:48,I'm trying to do better.,애쓰는 중이에요
19:50,"Being brilliant's not enough,
young man. You have to work hard.","똑똑한 것만으론 안돼
노력해야지"
19:54,"Intelligence is not a privilege,
it's a gift.","지성은 특권이 아니라
선물이야"
19:57,"And you use it
for the good of mankind.",인류의 발전을 위한
20:02,So is that it?,저걸 만드신 건가요?
20:03,"Yes. My design to initiate
and sustain fusion.","그래, 핵융합을 일으키는
기계지"
20:08,"I understand you use harmonics
of atomic frequencies.","고조파를 쓰시는걸로
아는데요"
20:11,Sympathetic frequencies.,공명 주파수야
20:13,Harmonic reinforcement?,고조파 강화인가요?
20:15,Go on.,계속해봐
20:17,"An exponential increase
in energy output.","에너지 방출 지수를
증가시키는 거죠"
20:21,A huge amount of energy.,엄청난 양이지
20:23,"Like a perpetual sun providing
renewable power for the whole world.","전 세계에 재생력을
제공하는 태양처럼"
20:27,"Are you sure you could stabilize
the fusion reaction?",과부하의 염려는 없나요?
20:31,"Peter, what have we been talking
about for the last hour and a half?","피터, 우리가 여태
무슨 얘길 한건가?"
20:35,This is my life's work.,이건 내 일생의 작업이야
20:37,"I certainly know the consequences
of the slightest miscalculation.",어떤 착오도 있을 수 없어
20:40,"I'm sorry.
I didn't mean to question you.",의심하려던건 아녜요
20:43,"Rosie, our new friend thinks
I'm gonna blow up the city.","내가 온 도시를 날려
버릴까 걱정되나봐"
20:46,You can sleep soundly tonight.,오늘 만큼은 안심해
20:48,Otto's done his homework.,다 끝냈어요
20:50,"Come to the demonstration tomorrow,
and you'll see for yourself.","내일 시연회에 오면
볼 수 있을거예요"
20:54,"And you need
to sleep soundly tonight, Otto.",당신도 푹 자둬요
20:56,"Did Edison sleep
before he turned on the light?","에디슨은 전구를 켜기 전날
잠을 잤을까?"
20:59,"Did Marconi sleep
before he turned on the radio?","라디오를 켜기 전날의
마르코니는?"
21:01,"Did Beethoven sleep
before he wrote the 5th?","베토벤도 잠을 잤을까?
운명 교향곡을 쓰기 전날?"
21:04,"Did Bernoulli sleep before he found
the curves of quickest descent?","베르누이가 원리를
발견하기 전날 잤을까요?"
21:07,"Rosie, I love this boy.",이 친구 맘에 드는걸
21:10,"Peter, tell us about yourself.
Do you have a girlfriend?","본인 얘기 좀 해봐요
애인 있어요?"
21:14,Well....,잘...
21:17,I don't really know.,모르겠어요
21:19,"Well, shouldn't you know?
I mean, who would know?",자네가 모르면 누가 아는데?
21:22,"Leave him alone.
Maybe it's a secret love.","놔둬요, 비밀스런
사랑인가 보죠"
21:25,Love should never be a secret.,비밀이 되선 안돼
21:27,"If you keep something as complicated
as love stored up inside...","사랑처럼 복잡한 뭔가를
숨겨만 놓는다면"
21:31,...gonna make you sick.,병이 날거야
21:34,I finally got lucky in love.,난 사랑에선 행운아지
21:36,We both did.,우리 둘 다
21:37,"But it's hardly perfect.
You have to work at it.","완벽하진 않지만요
노력해야 돼요"
21:41,"I met him on the college steps,
and I knew it wasn't going to be easy.","우리도 처음부터
쉬웠던건 아니니까"
21:45,"He was studying science,
and I was studying English literature.","오토는 과학
난 영문학 전공이었죠"
21:48,"That's right. I was trying to explain
the theory of relativity.","상대성 이론을 설명하려
애썼었지"
21:52,"And Rosie was trying
to explain T.S. Eliot.","로지는 T.S. 엘리엇을
얘기하고"
21:55,"I still don't understand
what he was talking about.",난 아직도 그놈 이해 못해
21:57,"-Yes, you do.
-I'm serious.","- 거짓말
- 진짜야"
21:59,"T.S. Eliot is more complicated
than advanced science.","엘리엇은 첨단과학보다
더 복잡하다구"
22:03,"But if you want to get a woman to fall
in love with you, feed her poetry.","하지만 사랑을 얻는데는
시가 최고지"
22:07,Poetry.,시요
22:10,Never fails.,절대 실패 안해
22:16,"A tall and slender maiden
All alone upon a prairie","대초원에 홀로 선
가냘픈 소녀여"
22:19,Brightest green were all her garments,눈부신 초록 옷에
22:21,And her hair was like the sunshine,머리카락은 햇빛 같았다
22:24,Day by day he gazed upon her,날마다 그녀를 바라본다
23:24,Rent!,집세!
23:28,Where is my money?!,내 돈 내놔!
23:55,You seem jittery tonight.,좀 긴장한 것 같다
23:57,You never know who's coming.,누가 오거든
24:15,"Ladies, five minutes. Five minutes.",5분 남았습니다
24:35,How'd you do that?,어떻게 한거예요?
24:39,"Work out, plenty of rest.",열심히 운동하면 돼
24:42,"You know, eat your green vegetables.",야채 많이 먹고
24:44,"That's what my mom is always saying.
I just never actually believed her.","우리 엄마도 그랬어요
뻥인줄 알았는데"
24:51,Come on. Go.,밟아
24:55,Keep it steady.,똑바로 몰아
25:19,It's a web.,거미줄
25:22,"Go, Spidey, go!","잘한다, 스파이더맨!"
25:31,We got trouble!,큰일났어!
25:51,Get me down!,내려줘!
25:54,"I am more than content
with what Mr. Moncrieff said.","몬크리프 씨 말엔
확신이 있어"
25:57,"His voice alone inspires one
with absolute credulity.","목소리부터가
사람을 고무시키잖아"
26:00,"Then you think we should
forgive them?",그래서 용서하라구?
26:05,Yes.,그래
26:07,"I mean, no.",아냐
26:13,"Hey. Hey. Hey, chief.
You park there, I'm towing it.","이봐, 여기 대면
견인해갈거야"
26:18,Whatever.,맘대로 하세요
26:22,Shoelace.,신발끈요
26:28,You might want to....,넥타이도...
26:35,"-Can I help you?
-Yeah, I've come to see the show.","- 무슨 일이시죠?
- 아, 공연 보러 왔는데요"
26:40,"Oh, I'm sorry, sir. No one will be
seated after the doors are closed.","죄송하지만 시작 후엔
들어가실 수 없습니다"
26:45,It helps maintain the illusion.,원활한 진행을 위해
26:48,"Miss Watson, she's a friend of mine.
She asked me to come.","왓슨 양이 제 친군데
보러 오라고 했어요"
26:52,But not to come late.,늦게 오라곤 안했겠죠
26:56,"I have to see this show.
Just let me in, I'll stand in the--","전 봐야 돼요
서서라도 볼테니..."
27:12,"A Spider-Man
A Spider-Man","스파이더맨, 스파이더맨"
27:15,A-does whatever a spider can,거미가 하는건 뭐든 한다네
27:18,"A-spins a web, any size",어떤 거미줄도 칠 수 있다네
27:22,Catches thieves a-just like flies,파리 잡듯 도둑 잡고
27:24,"Look out
Here comes the Spider-Man","조심해, 스파이더맨이 온다"
27:43,"You sure you don't wanna
come tonight?",정말 안 갈거야?
27:46,"Yeah, I'm sure.",그래
27:48,"-Okay. Call me.
-I will.","- 전화해
- 그래"
27:50,"-You were great tonight.
-Thanks.","- 수고했어
- 고마워"
27:54,"May I have an autograph,
please, miss?",싸인 한 장 해주실래요?
27:58,What are you doing here?,여기서 뭐하는거야?
28:14,You hungry?,배고파?
28:16,Starved.,쓰러지겠어
29:07,What was that?,왜 이러지?
29:55,Cool Spidey outfit.,의상이 멋지네요
29:59,Thanks.,감사합니다
30:02,Where'd you get it?,어디서 났어요?
30:04,I made it.,제가 만든거예요
30:10,Looks uncomfortable.,불편해 보이는데
30:13,"Yeah, it gets kind of itchy.","네, 좀 가려워요"
30:18,"And it rides up in the crotch
a little bit too.",가랑이도 약간 끼구요
31:12,"Hi. It's me.
Sing your song at the beep.","저예요, 메시지 남겨주세요"
31:16,"Hi, M.J.",안녕 엠제이
31:17,This is Peter.,나 피터야
31:19,I was on my way to your show and....,공연 보러 가던 길에...
31:24,"Well, I was on my bike....","내가 오토바이를
타고 있었는데"
31:30,Are you there?,듣고 있니?
31:34,I really was planning on it all day.,정말 갈 생각이었어
31:38,And...,넌...
31:41,"...I know you predicted
I'd disappoint you.",내가 안올걸 예상했겠지만
31:44,Bingo.,아네!
31:47,"It's amazing, isn't it?",이상하지 않아?
31:49,How complicated a simple thing...,"8시에 어딜 가는
간단한 일이"
31:53,"...like being someplace at 8:00
can become.",어쩜 이렇게 복잡해질 수 있는지
32:01,"Actually, there was
this obnoxious usher.","참, 그 극장 안내원은
너무 건방지더라"
32:06,"Somebody has to talk
to that usher, M.J.",누가 주의 좀 줘야겠어
32:09,Your time has expired.,통화시간이 끝났습니다
32:11,"Please deposit 50 cents
for the next five minutes.","계속 통화하시려면
동전을 넣어주세요"
32:25,I wanna tell you the truth.,진실을 말해주고 싶어
32:29,Here it is.,내가...
32:32,I'm Spider-Man.,스파이더맨이야
32:34,"Weird, huh?",이제 알겠지?
32:38,"Now you know
why I can't be with you.",우리가 왜 함께 할 수 없는지
32:41,If my enemies found out about you...,"나 때문에 네가
다치기라도 하면"
32:49,"...if you got hurt,
I could never forgive myself.","난 절대
나 자신을 용서 못할거야"
32:58,"I wish I could tell you
how I feel about you.","내 마음을 말해줄 수
있었으면 좋겠다"
33:12,Ladies and gentlemen...,여러분
33:14,"...my wife Rosie and I would like to
welcome you this afternoon.","여기까지 와주셔서
대단히 감사합니다"
33:18,"But first, before we start...",시작하기 전에
33:19,"...has anybody lost a large roll
of 20-dollar bills in a rubber band?","혹시 고무줄로 묶은 돈뭉치
잃어버린 분 계신가요?"
33:24,Because we found the rubber band.,고무줄 돌려드리려구요
33:30,It's a terrible joke.,썰렁했네요
33:32,But thank you for coming.,어쨌든 감사합니다
33:34,Today...,오늘은
33:35,"...you will witness the birth
of a new fusion-based energy source.","핵융합에 의한 새로운
에너지원이 탄생하는 날입니다"
33:40,"Safe, renewable energy
and cheap electricity for everyone.","안전하고 저렴하며 재생 가능한
온 인류의 에너지죠"
33:47,"And now let me introduce
my assistants.","우선 제 조수를
소개하겠습니다"
33:58,"These four actuators were
developed and programmed...","이 기계는
오직 핵융합을 위한"
34:01,"...for the sole purpose of creating
successful fusion.","목적으로만 개발되고
프로그래밍 됐습니다"
34:05,"They are impervious to heat
and magnetism.",열과 자성에 강하죠
34:52,"These smart arms are controlled
by my brain through a neural link.","이 영리한 팔들은 신경계를 통해
제 뇌의 통제를 받습니다"
34:57,"Nanowires feed directly
into my cerebellum...","인간의 팔로는
절대 불가능한"
35:00,"...allowing me to use these arms
to control fusion reaction...","핵융합 제어를 위해
극미세 전선들을 사용"
35:04,"...in an environment
no human hand could enter.",제 소뇌와 직접 연결시켰죠
35:07,"Doctor, if the artificial intelligence
in the arms...","그 정도 인공지능을 가진
팔이라면"
35:10,"...is as advanced as you suggest... ...couldn't that make you
vulnerable to them?","거꾸로 박사님이 통제될 수도
있는거 아닌가요?"
35:14,How right you are.,물론 그렇죠
35:16,"Which is why I developed
this inhibitor chip...",그래서 개발된게
35:18,"...to protect
my higher brain function.",이 제어칩입니다
35:20,"It means I maintain control of these
arms, instead of them controlling me.","제 뇌를 보호함으로
통제력을 유지시키죠"
35:26,And now on to the main event.,이제 보여드리겠습니다
35:28,"Give me the blue light, Rosie.","시작해, 로지"
35:49,"Precious tritium is the fuel
that makes this project go.","이 연구를 가능케 한 연료는
고가의 트리튬입니다"
35:53,"There's only 25 pounds of it
on the whole planet.","지구상에 오직
25파운드만 존재하죠"
35:57,"I'd like to thank Harry Osborn
and Oscorp Industries for providing it.","이걸 제공해준 해리와 회사에
감사드리는 바입니다"
36:01,"Happy to pay the bills, Otto.",저도 영광이에요
36:17,Ladies and gentlemen...,여러분...
36:21,...fasten your seat belts.,준비하십시오
36:42,"Doctor, we have
a successful fusion reaction.",핵융합 반응은 성공적입니다
36:49,"This is a breakthrough
beyond your father's dreams.","이건 자네 부친도 생각 못한
대역사야"
36:53,Thank you.,감사합니다
36:54,"We're producing
a thousand-megawatt surplus.",천 메가와트 넘어섰습니다
37:04,The power of the sun...,태양의 힘이
37:06,...in the palm of my hand.,내 손 안에 있어
37:30,Keep calm! It's only a spike!,"괜찮아요!
일시적 상승입니다!"
37:33,It'll soon stabilize!,곧 안정될거예요!
37:40,"Ladies and gentlemen,
please clear the room.","여러분
어서 여길 피하세요"
37:49,We have a containment breach!,억제장치 고장이에요!
37:53,"Otto, please get back!","오토, 물러나요!"
37:56,"Shut it off, Otto! Shut it off!",빨리 꺼요! 어서!
37:59,It will stabilize! It's under control!,안정될거야! 기다려봐!
38:02,I'm in charge here!,책임잔 나예요!
38:04,It's my money! I'm in con--,내가 투자한 거라구요!
38:10,This doesn't change anything.,쓸데없는 짓 하지마
38:16,"-What are you doing?
-Pulling the plug.","- 무슨 짓이야?
- 코드를 빼요"
38:19,No!,안돼!
38:39,Rosie!,로지!
39:11,Watch it.,조심해요
39:12,That was too close.,큰일날뻔 했어
39:14,"If he had more than a drop of tritium,
he could have destroyed the city.","트리튬을 더 썼더라면
도시가 날라갔을거야"
39:23,I'm ruined.,망했어
39:26,"I have nothing left, except Spider-Man.",남은건 스파이더맨 뿐이야
39:29,"He saved your life, sir.",사장님을 구했잖아요
39:31,He humiliated me by touching me.,날 모욕한거예요
39:34,"The press will be here soon.
I suggest we move on.",기자들 오기 전에 피하세요
39:36,What was he doing here anyway?,그놈이 왜 온거죠?
39:55,"Molten metal penetrated
the spinal cavity...","용해된 금속이
척수막과 척수지붕 등"
39:57,"...and fused the vertebrae
at multiple points... ...including the lamina
and the roof of the spinal column.","여러 지점에서 척수강으로
침투 척추와 융합됐어"
40:02,"We won't know the extent of
the damage until we get in there.",일단 열어봐야 하니까
40:05,"I suggest we cut off these mechanical
arms, slice up the harness...","기계팔을 절단
몸과 연결된 부분을"
40:08,"...and, if need be,
consider a laminectomy...",얇게 긁어낸 다음
40:10,"...with posterior spinal fusion
from C7-T1 to T12.","척추궁 절제술을
고려해보자구"
40:14,"We're ready, doctor.",준비됐습니다
40:18,Anybody here take shop class?,디자인과 부를까?
41:03,Help me! Help me!,살려줘요!
42:16,No!,안돼!
43:11,"It's all over town, Robbie.
Gossip. Rumors.","소문이 쫙 퍼졌어 신문만 잘 팔리면...
온 도시가 공포에 빠질거야"
43:14,"Panic in the streets, if we're lucky.","신문만 잘 팔리면...
온 도시가 공포에 빠질거야"
43:17,"Crazy scientist turns himself
into some kind of a monster.","""미친 과학자
스스로 괴물 되다"""
43:20,"Four mechanical arms welded
right onto his body.","""기계팔 네개를
자기 몸에 붙이고"""
43:23,"Guy named Otto Octavius winds up
with eight limbs. What are the odds?","""팔 다리가 여덟개인 오토 옥타비우스,
세상에 이런 일이?"""
43:28,Hoffman!,호프만!
43:31,What are we gonna call this guy?,닉네임 좀 붙여봐
43:33,"-""Dr. Octopus.""
-That's crap.","- ""문어 박사""
- 유치해"
43:35,"-""Science Squid""?
-Crap!","- ""오징어 과학자?""
- 개뿔!"
43:38,"-""Dr. Strange.""
-That's pretty good.","- ""닥터 스트레인지""
- 좀 낫군"
43:40,"But it's taken.
Wait, wait! I got it. ""Dr. Octopus.""","누가 썼어
생각났다, ""닥터 옥토퍼스"""
43:45,"-I like it.
-Of course you do.","- 좋네요
- 당연하지"
43:47,"Dr. Octopus. New villain in town.
""Doc Ock.""","닥터 옥토퍼스
도시의 새로운 악당 ""닥터 옥"""
43:51,"-Genius.
-What, are you looking for a raise?","- 천재세요
- 월급 올려달라구?"
43:53,Get out.,가 봐
43:55,"Chief, I found Parker.",파커 찾았어요
43:57,"Where you been?
Why don't you pay your phone bill.",왜 코빼기도 안비춰?
43:59,"Mad scientist goes berserk,
we don't have pictures!",미친 과학자가 날뛴다잖아!
44:02,I heard Spider-Man was there.,스파이더맨도 있었대
44:04,"Where were you?
Photographing squirrels? You're fired.","하나도 안찍었지?
해고야!"
44:07,"Chief, the planetarium party.",아드님 파티요
44:08,"You're un-fired.
I need you, come here.","해고 아냐, 이리 와봐"
44:10,"What do you know
about high society?",상류 사회에 대해 좀 아나?
44:12,"-Oh. Well, I--
-Don't answer that.","- 글쎄요...
- 대답하지마"
44:14,"My society photographer got hit in the
head by a polo ball. You're all I got.","담당이 폴로 공에
머릴 맞았어, 자네가 가"
44:18,"Big party for an American hero.
My son, the astronaut.","미국의 영웅 우주 비행사인
내 아들 파티야"
44:21,Could you pay me in advance?,가불 좀 해주실래요?
44:32,"You serious? Pay you for what?
Standing there?",진담이야? 뭘 해달라구?
44:35,"The planetarium, tomorrow night, 8:00.
There's the door.","내일 저녁 8시 천문관이야
나가봐"
44:52,My Rosie's dead.,로지가 죽었어
44:56,My dream is dead.,내 꿈도
45:02,And these...,이제...
45:05,"...monstrous things should be
at the bottom of the river...",이 괴물들도 나랑 같이
45:11,...along with me.,사라져야 돼
45:22,Something...,머리 속에
45:25,...in my head.,뭔가 있어
45:30,Something talking.,말소리가 들려
45:35,The inhibitor chip!,제어 칩!
45:40,Gone.,없어졌어
45:47,Rebuild.,다시 해?
45:51,No.,안돼
45:54,Peter was right.,피터가 맞았어
45:58,I miscalculated.,계산 착오야
46:06,I couldn't have miscalculated.,착오였을리 없어
46:09,"It was working, wasn't it?",기곈 작동됐잖아
46:16,Yes.,그래
46:19,"We could rebuild.
Enlarge the containment field.","다시 만들어
용기를 확장하는거야"
46:22,"Make it bigger
and stronger than ever.",더 크고 강하게
46:25,But we need money.,돈이 필요한데
46:29,Steal it?,훔칠까?
46:30,"No, no, no, I'm not a criminal.",범죄는 안돼
46:35,That's right.,맞아
46:38,"The real crime would be not to finish
what we started.","진짜 범죄는
시작한 걸 끝내지 않는거야"
46:45,We'll do it here.,여기서 하면 돼
46:47,"The power of the sun
in the palm of my hand.","내 손 안에 있던
태양의 힘"
46:51,Nothing will stand in our way.,아무도 막지 못해
46:53,Nothing!,아무도!
47:00,"-That's the social security.
-Yes, I see.","- 사회보장...
- 네, 알아요"
47:03,My uncle Ben's life insurance.,삼촌 생명 보험도 있어요
47:05,"Yes, but I'm afraid...","네, 그래도"
47:07,"...it's just not sufficient
to refinance your home.","재융자를 받으시기엔
무리인것 같군요"
47:11,"Oh, but I'm giving
piano lessons again.","전 피아노 레슨도
다시 시작했어요"
47:14,You are?,레슨요?
47:21,"We appreciate
that you've just opened up...",새 통장을 개설해 주신건
47:24,"...a new supersaver account
with us today.",감사드립니다만
47:27,But the fact is...,부인께선
47:28,"...you do not have the assets
to justify this loan. I'm sorry.","이정도 대출을 받을만한
자산이 없으시네요"
47:33,Well....,그럼...
47:37,At least we get the toaster.,토스터기나 주세요
47:39,"Actually, that's only
with a deposit of 300 or more.","그것도 3백불 이상
예금하시는 분께만 드립니다"
47:46,"Oh, yes, I see.",그러네요
47:48,Okay.,그럼...
47:53,"Don't worry, we'll figure it out.",방법이 있을거예요
48:12,Peter?,피터?
48:16,Don't leave me.,가면 안돼
48:18,"Oh, that boy of yours is a real hero.",영웅심이 강한 분이군요
48:21,Hold it!,꼼짝마!
48:23,Put your arms up! All of them!,손 들어! 전부 다!
48:49,Here's your change!,잔돈은 너나 가져!
49:01,"Oh, no. Come on!","안돼, 나와!"
49:15,"-You're getting on my nerves.
-I have a knack for that.","- 성가신 놈이군
- 내가 좀 그래"
49:18,Not anymore.,안되지
49:49,"-Freeze! Don't move!
-Freeze!","- 꼼짝 마!
- 꼼짝 마!"
49:55,"-Hold your fire!
-Don't follow me.","- 쏘면 안돼!
- 쫓아오지 마"
50:01,Wait a second.,잠깐만
50:20,"-Hand her over.
-Of course.","- 이리 넘겨
- 그러지"
50:23,"Easy, now.",조심해
50:26,Butterfingers.,놓쳤네
50:40,Look out!,비켜요!
50:44,Help me!,도와줘요!
50:48,"-Help me!
-I'm coming!","- 도와줘요!
- 기다리세요!"
50:55,Hang on!,잡고 계세요!
51:15,Help!,도와줘요!
51:36,Thank you.,감사합니다
51:41,Aunt May.,숙모
51:43,"You've stuck your webs
in my business for the last time.","지난번에도
내 사업을 방해했지?"
51:46,"Now you'll have this woman's death
on your conscience.","이 할망구는
네놈 때문에 죽는거야"
51:55,Come on.,와라
52:00,Shame on you.,치사한 놈
52:35,There you go.,됐어요
52:37,"Thank you.
Oh, have I been wrong about you.","고마워요
그동안 내가 오해했수"
52:41,We sure showed him.,같이 해낸거죠
52:42,"What do you mean, ""we""?","""같이""라니?"
52:48,"-Take me with you, Spider-Man.
-Take me.","- 나도 데려가 줘요
- 나도"
53:18,"-May I?
-Sure. Go ahead.","- 사진 좀...
- 좋아요"
53:22,Penny! Over here!,"페니, 이리 와!"
53:29,Leave it.,이리 줘
53:34,"Hey. Might wanna take it easy, buddy.",좀 천천히 마셔
53:37,Why? It's a party.,왜? 파틴데
53:39,"Wouldn't you be drinking if you lost
a bundle on some crackpot...","대박인줄 알았던
미친 놈 때문에"
53:42,"...who you thought was gonna take
you with him to fame and fortune?","깡통차게 생겼는데
너라면 안마시겠어?"
53:45,Not to mention your friend the bug.,그 벌레놈도 열 받고
53:48,"Not tonight, Harry.",그만해
53:49,"Every night!
Until I find him, it's 24/7.","매일 할거야!
찾을 때까지, 24시간 내내"
53:53,Parker!,파커!
53:55,Parker!,파커!
53:57,"Parker! What, are you deaf?
I called you twice.","파커, 귀먹었어?
두번이나 불렀잖아"
54:00,"Think I'm paying you
to sip champagne?","샴페인 마시면
돈 나온대?"
54:02,Get a shot of my wife with the minister.,장관님이랑 우리 마누라
54:05,Beautiful tie.,넥타이가 멋지세요
54:06,Get a shot of us with the DA.,다음은 검사님이랑
54:09,Beautiful dress.,드레스가 예뻐요
54:11,"Here, get a shot of the mayor
and his girlfriend.",시장님과 애인 사진도
54:15,Wife.,"아니, 사모님"
54:18,"Ladies and gentlemen, good evening.",신사 숙녀 여러분
54:21,"The committee for
the Science Library of New York...",뉴욕 과학 도서관 위원회의
54:24,"...is pleased to present
our guest of honor.","영예로운 손님을
소개하겠습니다"
54:27,"He's the first man to play football
on the moon.","달에서 축구를 한
첫번째 남자이자"
54:31,"The handsome, the heroic,
the delicious...","잘 생기고, 영웅답고,
유쾌한"
54:35,...Captain John Jameson.,존 제임슨 대위입니다
55:21,Hi.,엠제이
55:25,"-You.
-Listen, I'm sorry.","- 너구나
- 그날 못가서 미안해"
55:29,But there was a disturbance.,갑자기 일이 생겨서...
55:31,I don't know you.,널 모르겠어
55:34,"And I can't keep thinking about you.
It's too painful.","더이상 네 생각 안할거야
너무 힘들어"
55:39,I've been reading poetry lately.,시를 읽었는데...
55:41,Whatever that means.,그런건 상관없어
55:43,Day by day he gazed upon her,날마다 그녀를 바라본다
55:47,"Day by day he sighed with passion
Day by day--",날마다 정열의 한숨을 쉬고...
55:50,Don't start.,그만
55:53,Can I get you a drink?,마실거 갖다줄까?
55:55,I'm with John. He'll get me my drink.,존이 갖다줄거야
55:57,John.,존...
55:59,"By the way, John has seen
my show five times.","참고로, 존은 내 공연을
다섯번이나 봤어"
56:03,"Harry has seen it twice.
Aunt May has seen it.","해리는 두 번, 숙모님도 보셨고"
56:06,My sick mother got out of bed to see it.,아픈 우리 엄마도 오셨어
56:09,Even my father.,심지어 아빠까지
56:12,He came backstage to borrow cash.,"무대 뒤로
돈 빌리러 오신거지만"
56:16,"But my best friend,
who cares so much about me...","근데 날 걱정해주는
가장 친한 친구는"
56:21,...can't make an 8:00 curtain.,공연 시간 하나 못맞춰
56:24,After all these years...,함께 한 세월이
56:27,...he's nothing to me but an empty seat.,아무 의미가 없어
56:55,"It pisses me off, your loyalty to
Spider-Man and not to your best friend.","벌레한텐 충실하면서
가장 친한 친구는 뒷전이지"
56:59,"I find him with my father's body,
and you defend him.","우리 아버질 죽인 놈한테
빌붙어 살다니"
57:02,"-Take it easy.
-Don't push me.","- 진정해
- 밀지마"
57:04,Don't act like you're my friend.,넌 친구도 아냐
57:07,You stole M.J. from me.,엠제일 훔쳐가고
57:09,You stole my father's love.,아버지 사랑도 훔쳐갔어
57:12,"Then you let him die because you
didn't turn in the freak. Isn't that right?","그래놓고 그 벌레놈 숨기느라
아버질 죽게 했지, 안그래?"
57:18,Huh? Isn't that right?,그렇지?
57:21,"Huh, brother?",형제?
57:33,"Ladies and gentlemen,
I just want you all to know...","여러분께 알려드릴게
있습니다"
57:37,"...that the beautiful Miss Mary Jane
Watson has just agreed to marry me.","왓슨 양이 드디어
제 아내가 되겠다는군요"
57:54,"Parker, wake up! Wake up!
Shoot the picture!","파커, 정신 차려!
사진 찍어야지!"
58:24,"Oh, no. No!",또야?
58:37,Why is this happening to me?,도대체 왜 이러지?
1:00:06,You seem very okay to me.,아주 건강해
1:00:09,My diagnosis?,문제는...
1:00:11,It's up here.,여기야
1:00:15,"You say you can't sleep.
Heartbreak? Bad dreams?","실연을 당했다던가
악몽 같은걸 꾸나?"
1:00:20,There is one dream where...,계속 한가지 꿈만 꿔요
1:00:23,...in my dream...,제가...
1:00:26,...I'm Spider-Man.,스파이더맨인데
1:00:28,"But I'm losing my powers.
I'm climbing a wall, but I keep falling.","힘을 잃고 있죠
벽을 타다 계속 떨어져요"
1:00:36,So you're Spider-Man.,자네가 스파이더맨이라
1:00:38,In my dream.,꿈에서요
1:00:39,"Actually, it's not even my dream.
It's a friend of mine's dream.","사실, 제 꿈도 아녜요
친구 꿈이죠"
1:00:46,Somebody else's dream.,친구 꿈
1:00:53,What about this friend?,어떤 친군데?
1:00:55,"Why does he climb these walls?
What does he think of himself?","그 친구는 자신을
어떻게 생각하지?"
1:00:59,"That's the problem.
He doesn't know what to think.","어떻게 생각해야 하는지
그걸 몰라요"
1:01:04,"Gotta make you mad not to know
who you are. Your soul disappears.","그 불확실함이
자넬 미치게 하는거야"
1:01:08,Nothing as bad as uncertainty.,영혼이 흔들리지
1:01:10,Listen...,아마...
1:01:13,"...maybe you're not supposed to be
Spider-Man climbing those walls.","스파이더맨이 될 운명이
아닌걸지도 몰라"
1:01:17,That's why you keep falling.,그래서 떨어지는거고
1:01:22,"You always have a choice, Peter.",자네 선택에 달렸어
1:01:26,I have a choice.,제 선택요
1:01:37,"All the things you've
been thinking about, Peter...","피터, 그런 생각을 하다니"
1:01:41,...make me sad.,안타깝다
1:01:44,Can't you understand?,이해 못 하세요?
1:01:46,I'm in love with Mary Jane.,전 메리를 사랑해요
1:01:49,"Peter, all the times
we've talked of honesty...",우린 늘 정직함과 공정함
1:01:53,"...fairness, justice....",정의에 대해 얘기했지
1:01:56,"Out of those times,
I counted on you to have the courage...","그런 시간 속에서
난 네가 그 꿈들을"
1:02:01,"...to take those dreams
out into the world.",세상에 펼치리라 믿었었다
1:02:06,I can't live your dreams anymore.,저도 절 위해 살고 싶어요
1:02:10,I want a life of my own.,그냥 평범하게...
1:02:12,"You've been given a gift, Peter.",너한텐 능력이 주어졌어
1:02:15,"With great power
comes great responsibility.","위대한 힘엔 커다란
책임이 따르는 법이다"
1:02:23,"Take my hand, son.",내 손을 잡아라
1:02:38,"No, Uncle Ben.","싫어요, 삼촌"
1:02:42,I'm just Peter Parker.,전 그냥 피터 파커예요
1:02:46,I'm Spider-Man...,이젠 스파이더맨이...
1:02:49,...no more.,아니라구요
1:02:51,No more.,더이상은...
1:03:01,No more.,더이상은...
1:04:31,"-You punk!
-Sorry.","- 뭐야!
- 죄송해요"
1:04:34,"-Thanks.
-You're welcome.","- 고마워요
- 네"
1:04:44,Hurry up!,서둘러!
1:04:55,"And when the borderline is tau
equals zero, the eigenvalues are...?","경계선 타우입자가 0일 때,
고유값은?"
1:04:58,"Someone, please?",아는 사람?
1:05:02,.23 electron volts.,0.23 전자볼트요
1:05:10,"Excellent work today, Parker.
Keep it up.","잘했어
오늘처럼만 하라구"
1:05:23,"I'm not really wicked at all.
You mustn't think that I'm wicked.","내가 사악하다니
그럴리 없잖아"
1:05:27,"If you are not, then you have
certainly been deceiving us all...","그럼 당신은
변명의 여지없이"
1:05:30,...in a very inexcusable manner.,우릴 속여온 거예요
1:05:32,"I hope you have not been
leading a double life...","그것도 아니면, 그냥"
1:05:34,"...pretending to be wicked
and being really good all the time.",사악한척 했던 것 뿐이든가
1:05:37,That would be hypocrisy.,그건 위선이에요
1:05:40,"Of course, I have been
rather reckless.",물론 내가 좀 무모하긴 했어
1:05:48,"""I am glad.""","""기뻐요"""
1:05:51,"""I am glad.""","""기뻐요"""
1:05:53,"""I am glad.""","""기뻐요"""
1:05:57,Are you glad to hear it?,얘길 들으니 기뻐?
1:06:01,I am glad...,기뻐요
1:06:04,...to hear it.,말해줘서
1:06:05,"In fact, now you mention
the subject...","사실 난 좀
다른 의미에서"
1:06:07,"...I have been very bad
in my own small way.",나쁜 놈이었어
1:06:13,"You were so wonderful.
That was such a great play.","정말 잘하더라, 재밌었어"
1:06:16,"You could've told me
you were coming.",올거면 미리 말해주지
1:06:18,"I was afraid you'd say,
""Don't come.""",오지 말라고 할까봐
1:06:24,You look different.,달라보인다
1:06:26,"I shined my shoes, pressed my pants,
did my homework.","구두도 닦고, 바지도 다리고
숙제도 했거든"
1:06:31,I do my homework now.,요즘은 숙제 잘해
1:06:35,You wanna get some chow mein?,국수 먹으러 갈래?
1:06:37,Peter...,피터
1:06:39,...I'm getting married.,나 결혼해
1:06:46,"I always imagined you
getting married on a hilltop.","넌 언덕 위에서 하는게
어울려"
1:06:49,And who's the groom?,신랑은?
1:06:51,You hadn't decided yet.,아직 안정했잖아
1:06:55,"You think just because
you saw my play...",오늘 온 걸로 내 결혼이
1:06:57,"...you can talk me out
of getting married?",취소될거라 생각해?
1:07:00,"You once told me you loved me.
I let things get in the way before.","그동안 너한테 충실하지
못했던거 미안해"
1:07:04,"There was something I thought
I had to do. I don't have to.","더 중요한게 있다고
생각했었는데, 이젠 아냐"
1:07:07,You're too late.,너무 늦었어
1:07:10,Will you think about it?,한번 생각해볼래?
1:07:12,Think about what?,뭘?
1:07:13,Picking up where we left off.,다시 돌아가는거
1:07:15,Where was that?,어디로?
1:07:17,"We never got on.
You can't get off if you don't get on.",우린 시작한 적도 없었어
1:07:20,I don't think it's that simple.,쉽게 말하지마
1:07:21,"Of course you don't,
because you complicate things.","그래, 넌 늘 복잡하지"
1:07:24,You don't understand.,이젠 아냐
1:07:26,I'm not an empty seat anymore.,너랑 함께 하고 싶어
1:07:29,I'm different.,난 달라졌어
1:07:31,"Punch me, I bleed.",나도 감정이 있다구
1:07:40,I have to go.,갈께
1:07:49,I'm getting married in a church.,난 교회에서 결혼할거야
1:07:58,You are different.,넌 정말 달라졌어
1:08:15,"Dear, we agreed to put on a wedding,
not go into bankruptcy.","여보, 난 결혼식 한번하고
깡통 차긴 싫어"
1:08:19,"Caviar?
What, are we inviting the tsar?","캐비어?
러시아 황제라도 온대?"
1:08:21,"Get some cheese and crackers,
some of those little cocktail weenies.","치즈랑 크래커
소시지나 준비해"
1:08:25,"I got a garbage man here says he's
got something you might want to see.","이분이 좋은 물건을
갖고 있다는데요"
1:08:28,"If you have an extraterrestrial's head in
there, you're the third guy this week.","외계인 머리라면
이번주에만 댁이 벌써 세번째요"
1:08:34,Where the hell did you get that?,어디서 났어요?
1:08:36,In the garbage.,쓰레기통요
1:08:38,In the garbage?,쓰레기통?
1:08:41,He must've given up.,포기한게 확실해
1:08:44,"Thrown in the towel.
Abandoned his sad little masquerade.","수건을 던진거야
드디어 불쌍한 가면을 벗었어"
1:08:49,"I finally got to him.
The power of the press triumphs.","내가 이긴거야
언론의 승리라구"
1:08:53,"Yeah, yeah, yeah. Now, look, I think
I deserve a little something for this.","예, 예, 알았으니까
계산이나 빨리 끝냅시다"
1:08:58,"-Give you 50 bucks.
-I could get more than that on eBay.","- 50
- 경매로 파는게 낫겠소"
1:09:01,"All right, 100. Give this man his
money and throw in a bar of soap.","100달러 드려
소독약 좀 뿌리고"
1:09:05,Your wife is still on that line.,전화 안끊겼어요
1:09:08,Flowers? How much?,꽃? 얼만데?
1:09:10,"You spend any more on this thing,
you can pick the daisies off my grave.",나 죽으면 갖다 바쳐
1:09:14,Get plastic.,조화로 해
1:09:16,"Gotta go, big story.","바쁘니까, 끊어"
1:09:29,"Spider-Man
Spider-Man","스파이더맨, 스파이더맨"
1:09:32,"Where have you gone to
Spider-Man?",어디로 가버렸나요?
1:09:35,"Where have you gone to
Spider-Man?",어디로 가버렸나요?
1:09:46,"Come on, man. Get the money.",빨리 뺏어
1:09:50,"Come on, come on.",가만있어
1:09:54,Help!,도와줘요!
1:10:00,Come on!,빨리!
1:10:08,It wasn't fair to have gone like that.,그렇게 가버리다니
1:10:10,He was a peaceful man.,착한 사람이었는데
1:10:14,And it was all my doing.,다 나 때문이야
1:10:49,"Aunt May.
You don't have to punish yourself.","숙모, 자책하실 필요 없어요"
1:10:53,"Oh, I know I shouldn't.",그건 알지만
1:10:55,"It's just that you wanted
to take the subway...",그냥 지하철 타겠다는 널
1:10:59,...and he wanted to drive you.,삼촌이 데려다 준댔을때
1:11:01,If only I had stopped him.,말리기만 했어도
1:11:04,"We'd all three of us
be having tea together.","셋이 함께
차를 마시고 있을텐데"
1:11:23,I'm responsible.,저 때문이에요
1:11:29,For what?,뭐가?
1:11:31,For what happened to Uncle Ben.,삼촌한테 일어난 일이요
1:11:33,But you were at the library. You were doing your homework.,"넌 도서관에서
숙제하고 있었잖니"
1:11:38,"He drove me to the library,
but I never went in.","삼촌이 태워다 주셨지만
안들어갔어요"
1:11:42,What do you mean?,무슨 소리야?
1:11:44,I went someplace else.,다른데 갔어요
1:11:46,"Someplace where I thought
I could win some money...",차 살 돈을 벌려고
1:11:50,"...to buy a car, because I wanted...",어떻게든 엠제이한테
1:11:54,...to impress Mary Jane.,잘 보이고 싶었거든요
1:11:58,It happened so fast.,그래서 돈을 벌었는데
1:12:01,"I won the money, and the guy
wouldn't pay me. Then he got robbed.","안주는 거예요
그리곤 강도가 들어왔고"
1:12:07,The thief...,저랑...
1:12:09,...was running towards me.,마주쳤죠
1:12:13,"I could've stopped him, but I wanted...","막을 수도 있었지만
모른 척 했어요"
1:12:16,...revenge.,복수하려고...
1:12:20,I let him go.,그래서 그냥...
1:12:23,I let him get away.,도망치게 내버려 뒀죠
1:12:32,He wanted a car.,근데 그 놈이
1:12:34,He tried to take Uncle Ben's.,삼촌 차를 훔치려다
1:12:38,Uncle Ben said no...,삼촌이 안된다고 하니까
1:12:42,...and then he shot him.,총을 쏜거예요
1:12:48,Uncle Ben was killed that night...,"그날, 옳은 일을 한
유일한 분이"
1:12:53,"...for being the only one
who did the right thing.",그 일 때문에 돌아가신 거죠
1:13:00,And I....,제가...
1:13:04,I held his hand...,손을 잡자
1:13:07,...when he died.,돌아가셨어요
1:13:16,I've tried to tell you so many times.,몇번이나 말씀드리려고 했어요
1:14:16,Just one more little chore.,한가지만 남았군
1:14:25,Where are you?,어딨는거야?
1:14:29,"-I'm leaving for the night, sir.
-Fine.","- 이만 가보겠습니다
- 알았어요"
1:14:33,"Your father only obsessed
over his work.","아버님은
일밖에 모르셨어요"
1:14:36,"Good night, Bernard.",잘 가요
1:15:31,"Hello, Harry.","안녕, 해리"
1:15:32,Otto. What do you want?,"오토, 원하는게 뭐야?"
1:15:35,That precious tritium.,트리튬
1:15:38,But I need more of it this time.,이번엔 더 많이
1:15:41,"More tritium, are you crazy?
You'll destroy the city! You're a hack!","많이라니, 미쳤어?
뉴욕 전체가 날라갈거야!"
1:15:49,Hey! Hey!,그만!
1:15:51,Stop! Stop! All right!,알았어!
1:15:55,"All right, all right, all right.
Put me down. We'll make a deal.","알았으니까 내려놔
나랑 거래하자구"
1:16:08,"Kill Spider-Man,
I'll give you all the tritium you need.","스파이더맨을 죽여
트리튬을 몽땅 줄테니"
1:16:12,"On second thought,
bring him to me alive.","아니 잠깐
산 채로 데려오는게 낫겠어"
1:16:16,How do I find him?,어딨는데?
1:16:19,"-Peter Parker.
-Parker?","- 피터 파커
- 파커?"
1:16:21,"He takes pictures of Spider-Man
for the Bugle.","뷰글 신문
스파이더맨 사진 담당이야"
1:16:23,Make him tell you where he is.,어디 있는지 알아내
1:16:31,Have it ready.,준비해 놔
1:16:36,Don't hurt Peter!,피터는 해치지마!
1:16:50,"Somebody, help!",도와줘요!
1:16:54,Fire!,불이야!
1:17:04,"Alisa, the Chens can't find
their daughter. Have you seen her?","첸씨네 딸이 안보인다는데,
못봤어?"
1:17:08,"Somebody call the fire department!
Help!",소방차 좀 불러줘요!
1:17:11,"-Help!
-Is anybody in that building?","- 도와줘요!
- 누가 못나왔어요?"
1:17:14,"We think there's a kid
stuck on the second floor.",2층에 애가 있는것 같아요
1:17:17,"Hey, where you going?!",어디 가요?!
1:17:40,I'm coming!,구해줄께!
1:18:05,"It's okay. It's okay. Come here.
I'm gonna get you out of here.","괜찮으니까 이리 와
내가 구해줄께"
1:18:09,Come on. Come on.,이리와라
1:19:11,Mama.,엄마
1:19:25,"You got some guts, kid.",용감한걸
1:19:27,"Some poor soul got trapped
on the fourth floor. Never made it out.","4층에도 한사람이 있었는데
결국 못나왔어"
1:19:36,"All right, Billy, let's knock it down
and roll them up. Get on out of here.","장비 챙기고
호스 거두자구"
1:19:40,"Let's pick it up! Let's get all this
equipment, let's go! Let's move it!","서둘러!
빨리 정리하고 가야지!"
1:19:49,"Am I not supposed to have
what I want?","난 원하는걸
갖지 못할 운명인가?"
1:19:53,What I need?,필요한 것도?
1:19:57,What am I supposed to do?,난 뭘 해야 하지?
1:20:06,I shouldn't have without...,노크도 안하고...
1:20:08,...knocking.,들어왔네
1:20:14,Come in.,들어와
1:20:19,"-Hi.
-Hi.","- 안녕
- 안녕"
1:20:25,"Would you like a piece
of chocolate cake?",초코 케잌 좀 먹을래?
1:20:30,Okay.,그래
1:20:33,And a glass of milk?,우유는?
1:20:37,That would be nice.,주면 고맙고
1:20:41,Okay.,알았어
1:21:03,Thank you.,고마워
1:21:10,You got a message.,전화 왔었어
1:21:13,It's your aunt.,숙모님한테서
1:21:14,Thanks.,고마워
1:21:32,What's going on?,무슨 일이에요?
1:21:34,"Oh, they gave me another few weeks,
but I decided the hell with it.","은행에서 좀 더 기다려
준다는데, 관두기로 했다"
1:21:38,"I'm moving on.
I found a small apartment.","그냥 이사가려구
작은 아파트를 찾았어"
1:21:41,Why didn't you tell me?,혼자서요?
1:21:43,"I'm quite able
to take care of things myself.",혼자서도 충분히 할 수 있어
1:21:47,"And Henry Jackson across
the street is giving me a hand...","길 건너 헨리도
와서 도와주고 있고"
1:21:50,...and I'm giving him $5.,5달러 주기로 했다
1:21:52,That's Henry Jackson?,쟤요?
1:21:54,"Yes. It's funny what happens
in two years.",2년새 많이 달라졌어
1:21:56,"Nine years old, has great ambitions.","아홉살이 되면
포부도 커지나 봐"
1:22:02,"Listen, about my last visit....",지난번에 말씀드린...
1:22:05,"Pish-posh, we needn't talk about it.",그 얘긴 할 필요 없다
1:22:08,"It's water over the dam or under
the bridge or wherever you like it.","댐 위에 있든, 다리 아래 있든
물은 똑같은 물이야"
1:22:16,"But you made a brave move
in telling me the truth.","넌 진실을 말하는
용기를 보여줬어"
1:22:20,And I'm proud of you.,네가 자랑스럽다
1:22:23,"And I thank you, and I....",그리고 고맙고...
1:22:26,"I love you, Peter.","사랑한다, 피터"
1:22:30,"So very, very much.",아주 많이
1:22:52,Hey. Where are all my comic books?,제 만화책들은 다 어딨죠?
1:22:55,"Those dreadful things?
I gave those away.","짐만 돼서
내가 치워버렸다"
1:23:01,"-I put the pans in the box, Mrs. Parker.
-Thank you, Henry.","- 냄빈 상자에 넣었어요
- 고맙다, 헨리"
1:23:04,"-Hi, Peter.
-Hey, Henry.","- 안녕, 피터 형
- 그래"
1:23:06,You're getting tall.,많이 컸네
1:23:08,"Henry, why don't you put those
cookbooks in with the mixer.","헨리, 요리책들은
믹서기랑 같이 넣어줄래?"
1:23:12,"Okay. You take
Spider-Man's pictures, right?","네, 형이 스파이더맨
사진 찍는거 맞죠?"
1:23:16,I used to.,그랬었지
1:23:17,Where is he?,지금 어딨어요?
1:23:19,"Henry and I agree. We don't see
his picture in the paper anymore.","나도 궁금하다
신문에도 통 안나오던데"
1:23:25,He...,그 사람...
1:23:29,"-...quit.
-Why?","- 관뒀어
- 왜요?"
1:23:32,Wanted to try other things.,다른거 하려고
1:23:34,"He'll be back, right?",돌아오겠죠?
1:23:37,I don't know.,나도 몰라
1:23:40,"You'll never guess
who he wants to be.",헨리 꿈이 뭔지 아니?
1:23:43,Spider-Man.,스파이더맨이야
1:23:45,"-Why?
-He knows a hero when he sees one.","- 왜요?
- 어린 눈에도, 영웅을 알아본게지"
1:23:49,"Too few characters out there,
flying around like that...","세상에 누가
나같은 늙은일 구하려고"
1:23:53,...saving old girls like me.,그렇게 날아다니겠니
1:23:55,"And Lord knows,
kids like Henry need a hero.","그리고 애들한텐
영웅이 필요한 법이야"
1:23:59,"Courageous, self-sacrificing people...",우리 모두의 본보기가 되는
1:24:02,...setting examples for all of us.,용기있고 희생적인 사람들
1:24:05,Everybody loves a hero.,모두들 영웅을 사랑하지
1:24:08,"People line up for them.
Cheer them. Scream their names.","영웅을 위해 모이고
영웅의 이름을 불러"
1:24:11,"And years later, they'll tell how
they stood in the rain for hours...","그리고 세월이 흐르면
잠깐이라도"
1:24:15,...just to get a glimpse of the one...,그 영웅을 보기위해
1:24:17,"...who taught them to hold on
a second longer.","몇시간씩 빗속에 서있던 걸
추억하게 될거야"
1:24:22,I believe there's a hero in all of us...,"하지만 영웅은
우리 안에도 있단다"
1:24:26,...that keeps us honest...,우릴 정직하게 하고
1:24:29,...gives us strength...,힘을 주고
1:24:31,...makes us noble...,고귀하게 만들며...
1:24:34,"...and finally allows us to die
with pride.","죽는 순간
부끄럽지 않게 해주지"
1:24:38,"Even though sometimes
we have to be steady...","그래서 가끔은
가장 원하는걸"
1:24:43,"...and give up the thing
we want the most.",포기해야 할 때도 있지만
1:24:47,Even our dreams.,꿈까지도
1:24:51,Spider-Man did that for Henry...,"헨리에겐 스파이더맨이
그런 사람이야"
1:24:54,...and he wonders where he's gone.,그래서 궁금한거고
1:24:58,He needs him.,걔한텐 영웅이 필요해
1:25:04,"Do you think you could lift that desk
and put it into the garage for me?","그 책상 좀 들어서
차고로 옮겨줄래?"
1:25:09,But don't strain yourself.,무리하진 말구
1:25:11,Okay.,네
1:25:32,Strong focus on what I want.,내가 원하는걸 생각해
1:26:04,I'm back! I'm back!,됐다! 됐어!
1:26:25,My back.,내 등
1:26:27,My back.,아이고
1:26:53,"Honey, you sure you don't want to
invite your friend, the photographer?","그 사진한다는 친구
정말 안부를거야?"
1:26:57,Peter Parker?,피터든가?
1:27:01,Positive.,그래
1:27:02,Thought he was your pal.,친구잖아
1:27:04,"-Peter Parker?
-Yeah.","- 피터가?
- 그래"
1:27:07,He's just a great big jerk.,걘 바보 멍청이야
1:27:10,The world's full of great big jerks.,사람들 다 그래
1:27:13,You're adorable.,자긴 안그래
1:27:16,It's just the uniform.,제복 탓이겠지
1:27:20,Lean your head back for me.,머리 좀 뒤로 젖혀봐
1:27:23,"-Put my head back?
-Yeah, just do it.","- 머리?
- 해봐"
1:27:27,Just put my head back?,젖히기만 하면 돼?
1:27:30,Okay.,그래
1:27:53,I'm back on the moon.,달에 온 것 같은데
1:27:59,You up there with me?,자기도 그래?
1:28:21,"-Hiya.
-Surprised?","- 안녕
- 놀랐니?"
1:28:24,Very.,많이
1:28:25,Thanks for coming.,와줘서 고마워
1:28:27,Everything okay?,별 일 없지?
1:28:30,You might say so.,그럴걸
1:28:33,"This is funny.
I'm not sure how to begin.","어떻게 시작해야 할지
모르겠다"
1:28:40,"You know how our minds
play tricks on us.","마음이 사람을
갖고 놀때가 있어"
1:28:43,"-Tell me about it.
-Well, mine did a real number on me.","- 그래
- 그날 네가 했던 말"
1:28:48,"Some part of me heard what you
had to say after the show that night...","내 안의 어떤 부분은
분명 그 말을 들었어"
1:28:52,"...that you were different.
But I didn't want to listen.","하지만 또다른 난
애써 무시하려 했지"
1:28:56,I was afraid to trust you.,널 믿는게 두려웠거든
1:29:00,But I've been thinking about it--,"그런데
계속 생각해보니까..."
1:29:03,"Listen, there's more for me to say.","잠깐, 할 말이 더 있어"
1:29:11,"I maybe rushed into things.
I thought--","아무래도
내가 성급했나봐, 그땐..."
1:29:15,"Wait a minute.
What are you saying?","잠깐, 무슨 말이야?"
1:29:18,I'm saying....,"그러니까, 그땐..."
1:29:26,"I thought I could be there for you,
Mary Jane...","널 위해 살 수도 있다고
생각했는데"
1:29:30,...but I can't.,아니었어
1:29:35,My mind was playing tricks too.,내 마음도 날 속인거야
1:29:43,"Do you love me, or not?","날 사랑해, 안해?"
1:29:52,I...,사랑...
1:29:57,...don't.,안해
1:30:03,You don't.,그래?
1:30:15,Kiss me.,키스 해 줘
1:30:18,Kiss you?,키스?
1:30:20,I need to know something.,알아볼게 있어
1:30:24,Just one kiss.,한번만
1:31:13,What's happening?,뭐지?
1:31:25,Peter Parker...,피터 파커와...
1:31:28,...and the girlfriend.,여자친구군
1:31:30,What do you want?,왜 이래요?
1:31:35,"I want you to find your friend
Spider-Man.",스파이더맨한테 전해
1:31:37,"Tell him to meet me
at the Westside Tower at 3:00.","3시, 웨스트사이드 타워"
1:31:40,I don't know where he is.,어딨는지 몰라요
1:31:44,Find him.,찾아내
1:31:47,Or I'll peel the flesh off her bones.,"안그럼, 네 여잘
누더기로 만들테니"
1:31:50,If you lay one finger on her....,메리한테 손댔다간...
1:31:53,You'll do what?,어쩔건데?
1:33:08,"Still no word on the whereabouts
of your son's fiancée.","아드님 약혼녀에 관한
소식은 없어요"
1:33:12,"Sorry, Jonah.",죄송해요
1:33:14,It's all my fault.,내 잘못이야
1:33:18,I drove Spider-Man away.,"내가 스파이더맨을
쫓아버렸어"
1:33:20,"He was the only one who could've
stopped Octavius.","옥타비우스를 막을
유일한 사람이었죠"
1:33:25,Yes.,맞아
1:33:28,Spider-Man was a hero.,스파이더맨은 영웅이었어
1:33:32,I just couldn't see it.,나만 몰랐던거야
1:33:36,He was a--,그는...
1:33:37,A thief! A criminal!,도둑놈! 범죄자!
1:33:42,"He stole my suit!
He's a menace to the entire city!","내 옷을 훔쳐갔어
이놈은 적이야!"
1:33:44,"I want that wall-crawling
arachnid prosecuted!","거미줄에 묶어
사형시켜야 돼!"
1:33:47,I want him strung up by his web!,손모가질 비틀어 버릴거야!
1:33:51,I want Spider-Man!,당장 잡아와!
1:34:22,Where is she?,매리는 어딨어?
1:34:23,"Oh, she'll be just fine. Let's talk.","잘 있으니까
얘기나 좀 하자구"
1:35:17,What the hell?,뭐야?
1:37:24,You have a train to catch.,고생 좀 하시겠어
1:37:28,Help!,도와줘요!
1:37:30,"Help! Help! I can't stop it!
The brakes are gone!","도와줘요!
브레이크가 고장났어요!"
1:37:53,"-It's Spider-Man.
-Oh, my God, this is it!","- 스파이더맨이야
- 다 틀렸어!"
1:37:56,Tell everyone to hang on!,꽉 잡으라고 하세요!
1:37:58,Brace yourselves!,꽉 잡아요!
1:38:21,Any more bright ideas?,다른 방법은 없소?
1:38:23,"I got a few, yeah!","당연히, 있죠!"
1:38:47,"Whoa, watch out!",조심해요!
1:39:19,We're slowing down.,느려지고 있어요
1:40:25,"Nice and easy, we'll go down.",조심해서 내려놔요
1:40:28,Slower. Gently.,천천히
1:40:35,Is he alive?,살았나요?
1:40:40,He's...,그냥 보통...
1:40:41,...just a kid.,청년이에요
1:40:44,No older than my son.,내 아들보다 어린데
1:41:05,It's all right.,괜찮아요
1:41:11,We found something.,우리가 찾아왔어요
1:41:23,We won't tell nobody.,아무한테도 말 안할께요
1:41:38,"It's good to have you back, Spider-Man.","돌아와서 기뻐요,
스파이더맨"
1:42:01,He's mine!,그놈은 내꺼야!
1:42:04,"You want to get to him,
you got to go through me.",나랑 먼저 붙어야 할걸
1:42:07,And me.,나도
1:42:09,Me too.,나도
1:42:15,Very well.,좋아
1:42:45,Where do you want him?,어디 놓을까?
1:42:55,And the tritium?,트리튬은?
1:43:43,"If only I could cause you the pain
that you've caused me.","네놈이 준 고통을
돌려주겠어"
1:43:49,First we'll see who's behind the mask.,우선 면상부터 봐주지
1:43:51,I can look into your eyes as you die.,숨 넘어 갈때까지
1:43:56,Pete.,피터
1:43:58,No.,아냐
1:44:01,It can't be.,말도 안돼
1:44:09,Harry.,해리
1:44:11,"Where is she?
Where is he keeping her?","메리 어딨어?
어디로 데려간거야?"
1:44:16,"-He's got M.J.
-No. All he wanted was the tritium.","- 그놈이 데려갔어
- 그자가 원한건 트리튬뿐이야"
1:44:21,Tritium?,트리튬?
1:44:24,He's making the machine again.,기계를 다시 만드는군
1:44:27,"When that happens, she'll die,
along with half of New York.","그렇게 되면, 메리는 물론
뉴욕도 끝이야"
1:44:31,"-Now, where is he?
-Peter...","- 지금 어딨어?
- 네가..."
1:44:35,...you killed my father.,아버질 죽이다니
1:44:42,"There are bigger things
happening here than me and you.","지금은 우리 문제보다
이 일이 더 급해"
1:44:47,"Harry, please, I've got to stop him.","해리, 제발
어서 막아야 돼"
1:45:01,Hey!,이봐!
1:45:03,Hey!,야!
1:45:06,I'm talking to you!,당신!
1:45:09,"You got what you needed for your little
science project, now let me go.","원하는걸 얻었으면
난 풀어줘야지!"
1:45:12,"I can't let you go,
you'd bring the police.",경찰이라도 부르면 어쩌라구
1:45:14,"Not that anybody could stop me
now that Spider-Man's dead.",스파이더맨도 죽은 마당에
1:45:18,He's not dead.,거짓말
1:45:20,"-I don't believe you.
-Believe it.","- 안믿어
- 믿으라구"
1:45:40,Surprise.,놀랐지?
1:45:46,As soon as you get free--,내가 풀어...
1:45:50,"I should have known Osborn
wouldn't have the spine to finish you!","해리놈한테 맡기지
말았어야 했는데!"
1:45:54,"Shut it down, Ock. You're going
to hurt a lot more people this time.","기계를 꺼, 도시가
통째로 날아갈거야"
1:45:57,"Well, that's a risk we're willing to take.",그정도 위험은 감수해야지
1:46:00,"Well, I'm not.",난 싫어
1:46:35,"Hang on, Mary Jane!",꽉 잡아!
1:46:52,Run!,도망쳐!
1:47:18,Let's see you scurry out of this.,어떻게 빠져나갈지 볼까
1:47:44,Now what?,어쩌지?
1:48:16,Dr. Octavius.,박사님
1:48:22,We have to shut it down.,기계를 꺼야 돼요
1:48:24,Please tell me how.,방법을 알려주세요
1:48:25,Peter Parker?,피터 파커?
1:48:30,"""Brilliant but lazy.""","""똑똑하지만 게으른 학생"""
1:48:33,Look at what's happening.,정신차리세요
1:48:35,We must destroy it.,기계를 파괴해야 돼요
1:48:43,I can't destroy it.,난 못해
1:48:50,I won't.,안해
1:48:56,"You once spoke to me
about intelligence.",지성에 관해 말씀하셨었죠?
1:49:01,"That it was a gift to be used
for the good of mankind.","인류의 발전을 위한
선물이라구요"
1:49:06,A privilege.,특권이야
1:49:08,"These things have turned you
into something you're not.","이것들이 박사님을
변하게 했어요"
1:49:12,Don't listen to them.,흔들리지 마세요
1:49:20,It was my dream.,내 꿈이었어
1:49:22,"Sometimes, to do what's right,
we have to be steady...","옳은 일을 하려면
가끔은 가장 원하는 걸"
1:49:26,"...and give up the thing
we want the most.",포기해야만 할 때도 있어요
1:49:30,Even our dreams.,꿈까지도...
1:49:37,You're right.,맞아
1:49:46,He's right.,맞는 말이야
1:49:50,Listen.,그만...
1:49:54,Listen to me now.,이젠 내 말을 들어
1:49:59,Listen to me now.,내 말 들으라구
1:50:05,"Now, tell me how to stop it.",어떻게 멈추는지 알려주세요
1:50:09,It can't be stopped.,멈출 수 없어
1:50:12,It's self-sustaining now.,스스로 움직이는거야
1:50:14,"-Think!
-Unless....","- 생각해봐요!
- 잠깐..."
1:50:18,The river.,강
1:50:21,Drown it.,수장시켜
1:50:25,I'll do it.,내가 할께
1:51:11,No!,안돼!
1:51:26,Hi.,안녕
1:51:28,Hi.,안녕
1:51:31,This is really heavy.,이거 정말 무겁다
1:51:57,M.J.,엠제이
1:52:00,In case we die....,죽을까봐 말하는건데...
1:52:02,You do love me.,넌 날 사랑해
1:52:04,I do.,그래
1:52:06,Even though you said you didn't.,말은 아니라고 했었지만
1:52:11,I will not die a monster.,괴물로 죽진 않을거야
1:53:19,I think I always knew...,난 예전부터...
1:53:22,...all this time...,네가 누군지...
1:53:25,...who you really were.,알고 있었던 것 같아
1:53:27,"Then you know
why we can't be together.","그럼 내가 왜
피했는지도 알겠네"
1:53:31,Spider-Man will always have enemies.,"스파이더맨에겐
늘 적이 있을거야"
1:53:36,I can't let you take that risk.,너까지 위험하게 할 순 없어
1:53:43,I will...,난 항상...
1:53:46,...always be Spider-Man.,스파이더맨일 테니까
1:53:51,You and I can never be.,너랑 함께 못해
1:54:42,Mary Jane!,메리 제인!
1:55:47,Hello?,누구세요?
1:56:05,Who's that?,누구야?
1:56:06,Son.,해리
1:56:09,I'm here.,나다
1:56:12,Dad?,아버지?
1:56:14,"-I thought you were--
-No.","- 돌아가신거...
- 아니"
1:56:17,"I'm alive in you, Harry.",네 안에 살아있어
1:56:19,Now it's your turn.,이제 네 차례다
1:56:22,You swore to make Spider-Man pay.,"스파이더맨한테
복수한댔잖아"
1:56:25,Now make him pay.,때가 됐어
1:56:27,But Pete's my best friend.,피터는 제 친구예요
1:56:29,And I'm your father.,난 네 아버지다
1:56:32,You're weak.,넌 나약해
1:56:34,"You were always weak. You'll always
be weak until you take control.","네가 모든걸 지배하지 않는 한
늘 그럴거다"
1:56:40,Now you know the truth about Peter.,이제 피터에 관해 알았잖니
1:56:43,"Be strong, Harry.","강해져라, 해리"
1:56:46,Avenge me.,복수 해 줘
1:56:50,"-Avenge me!
-No!","- 복수하라구!
- 안돼!"
1:59:17,Call Deborah.,데보라한테 전화해
1:59:18,The caterer?,요리사요?
1:59:21,Tell her not to open the caviar.,캐비어 따지 말라고
2:00:05,Had to do what I had to do.,할 일을 한 것뿐이야
2:00:09,Mary Jane.,메리 제인
2:00:11,Peter.,피터
2:00:14,I can't survive without you.,난 너없인 안돼
2:00:26,You shouldn't be here.,오지 말았어야 했어
2:00:29,I know you think we can't be together.,"넌 우리가 함께 할 수
없다고 했지만"
2:00:33,"But can't you respect me enough
to let me make my own decision?","내 결정도 존중해줘야
하는거 아니니?"
2:00:38,I know there'll be risks.,위험할거란거 알아
2:00:41,But I want to face them with you.,하지만 함께 맞서고 싶어
2:00:45,"It's wrong that
we should only be half-alive...","우리한테
사랑할 여지가 없다는건"
2:00:48,...half of ourselves.,잘못된 생각이야
2:00:52,I love you.,널 사랑해
2:00:56,"So here I am,
standing in your doorway.","그래서 지금
네 문 앞에 서있고"
2:01:01,"I've always been
standing in your doorway.","난 언제나
네 문 앞에 서있었어"
2:01:11,"Isn't it about time somebody
saved your life?","널 구해 줄 사람도
있어야하지 않겠니?"
2:01:20,"Well, say something.",말 좀 해봐
2:01:25,"Thank you, Mary Jane Watson.","고마워, 메리 제인 왓슨"
2:01:44,"Go get them, tiger.",영웅을 부르네
