﻿Time,Subtitle,Translation
3:06,"Who am I?
You sure you wanna know?","나?
내가 누구냐구?"
3:10,"The story of my life
is not for the faint of heart.","내가 생각해도
좀 유별나다"
3:13,"If somebody said
it was a happy little tale...","행복과는
거리가 먼데다"
3:16,"...if somebody told you I was just your
average guy, not a care in the world...","흔히 볼 수 있는
평범한 남자는"
3:21,...somebody lied.,아니니까
3:23,"But let me assure you, this,
like any story worth telling...",이건 한 여자의
3:27,...is all about a girl.,얘기이기도 하다
3:29,"That girl. The girl next door.
Mary Jane Watson.","이 여자는
옆집 사는 엠제이"
3:34,"The woman I've loved
since before I even liked girls.",내가 처음 사랑한 여자
3:37,"I'd like to tell you that's me
next to her.",저 옆에 앉고 싶다
3:40,"Aw, heck, I'd even take him.",아님 여기라도
3:43,Hey! Stop the bus!,멈춰!
3:47,That's me.,저게 나다
3:48,Tell him to stop! Please!,세워달라고 해!
3:50,Stop!,세워요!
3:52,Hey! Stop the bus!,세워줘요!
3:54,"Stop! He's been chasing us
since Woodhaven Boulevard.","세워요! 계속
뛰어오고 있잖아요"
3:58,"Catch a cab, Parker!","택시 타, 피터!"
4:03,Thank you. I'm sorry I'm late.,늦어서 죄송해요
4:11,What a geek!,얼간이!
4:13,"-Don't even think about it.
-You're so lame, Parker.","- 꿈도 꾸지마
- 안됐다, 피터"
4:18,Would you date him?,네가 친구 해 줄래?
4:37,Midtown High seniors.,미드타운 졸업반 일동
4:40,"No wandering. Proceed direct--
Knock it off.","어슬렁대지 말고 곧장...
그만 해"
4:44,"Remember, it is a privilege
to be here.",콜럼비아 대학 과학부는
4:47,"We're guests of Columbia University's
Science Department.","아무나 올 수
있는데가 아냐"
4:51,So behave accordingly.,얌전이들 행동해
4:53,"Let's not have a repeat
of our trip to the planetarium.","놓치지 말고
잘 살펴보도록"
4:57,"Come on, people, stay together.","자, 이리 모여"
4:58,"Proceed up the steps
and into the building.","다들 안으로
들어가도록"
5:03,"-Where were you?
-Checking out the library.","- 어딨었어?
- 책 빌리느라고"
5:06,"-Looking at the books.
-Yeah, right.","- 책 보고 있었구나?
- 맞다"
5:10,"Charles, can we drive
around the corner, please? Why?","- 모퉁이에 세워 주실래요?
- 왜?"
5:14,The entrance is right there.,입구는 저기잖아
5:16,"Dad, these are public-school kids.
I'm not showing up in the Rolls.","공립학교 애들은
롤스로이스 안타요"
5:20,"What, you want me
to trade in my car for a Jetta...",네가 모든 사립에서
5:22,"...because you flunked out
of every private school I sent you to?","퇴학 당했다고
차를 바꿔야겠니?"
5:26,"-It wasn't for me.
-Of course it was.","- 사립은 안 맞아요
- 잘 맞았어"
5:29,"Don't ever be ashamed
of who you are. I'm not ashamed of who I am.","- 부자란게 싫어?
- 그런거 아녜요"
5:34,It's just....,그냥...
5:35,"Just what, Harry?",그냥 뭐?
5:37,Forget it.,아녜요
5:41,Pete!,피터
5:43,"-Hi, Harry.
-Hey, man. What's up?","- 해리
- 어때?"
5:47,"-Won't you be needing this?
-Thanks, Dad.","- 이거 안 가져가?
- 주세요"
5:50,"Peter, may I introduce my father,
Norman Osborn. I've heard so much about you.","- 피터, 우리 아버지야
- 얘기 많이 들었다"
5:54,"-Great honor to meet you, sir.
-Harry says you're a science whiz.","- 영광입니다
- 과학에 소질이 있다던데"
5:58,"You know,
I'm something of a scientist myself.",나도 일종의 과학자거든
6:01,"I read all your research
on nanotechnology. Really brilliant.","아저씨 논문은
대단하던데요"
6:04,"-And you understood it?
-Yes, I wrote a paper on it.","- 그걸 이해했니?
- 리포트도 썼어요"
6:07,"Impressive.
Your parents must be very proud.","부모님이
자랑스러워 하시겠다"
6:11,"I live with my aunt and uncle.
They are. Hey, you two! Let's move!","- 전 삼촌과 살아요
- 너희 둘! 빨리 와!"
6:15,"-Nice to meet you.
-Hope to see you again.","- 그만 가 볼께요
- 또 보자"
6:21,"-He doesn't seem so bad.
-Not if you're a genius.","- 좋은 분 같은데
- 천재한텐 친절해"
6:25,I think he wants to adopt you.,널 입양할지도 몰라
6:27,"There are over 32,000 known species
of spider in the world.","보고된 거미종만
3만개가 넘습니다"
6:32,"They're in the order Araneae,
divided into three suborders.","목으로 분류,
3개 과로 나뉘죠"
6:36,That's amazing!,엄청나다
6:37,"This is the most advanced electron
microscope on the Eastern Seaboard.","동부 최고의
전자 현미경이야"
6:42,It's unreal.,대단해
6:44,"Arachnids from all three
groups possess...",절지동물은
6:47,"...varying strengths to help them
search for food.","다양한 방법으로
먹이를 잡아요"
6:50,"For example, the Delena spider,
family Sparassidae...","델레나 거미는
먹이를 향해"
6:55,"...has the ability to jump
to catch its prey.",점프를 하기도 하죠
6:59,For the school paper?,찍어도 돼요?
7:06,"Next, we have the net web spider,
family Filistatidae...","다음은
쿠쿨카니아 속인"
7:11,...genus Kukulcania.,넷웹 거밉니다
7:13,"Spins a funnel-shaped web whose
strands have a tensile strength...","장력이 있는 실로
복잡하지만"
7:17,"...proportionately equal to the
high-tension wires used in bridges.",균형 잡힌 집을 짓습니다
7:23,"-Leave him alone.
-Or what?","- 건드리지마
- 싫다면?"
7:25,Or his father will fire your father.,"아빠가 달려와서
도와주겠지"
7:28,What's Daddy gonna do? Sue me?,"부자들은
겁나는 게 없지?"
7:31,What is going on?,뭣들 하는거야?
7:34,"The next person who talks
will fail this course. I kid you not.","또 한번 떠들면
전부 낙제야"
7:37,"-This spider...
-Let's go.","- 이 그래스 거미의...
- 빨리 가"
7:39,"...hunts using reflexes with
nerve-conduction velocity so fast...","엄청난 반사 신경은
거의"
7:43,"...that some researchers believe
it borders on precognition.","투시력에
가깝다고 합니다"
7:47,"-An early awareness of danger.
-Jerks.","- 예지력 같은 거죠
- 멍청이들"
7:49,A spider-sense.,감각이죠
7:52,"Hey, look at that spider.",이것 좀 봐
7:54,"Some spiders change colors
to blend into their environment.","환경에 맞춰
색깔을 바꾼거야"
7:58,It's a defense mechanism.,방어 기제지
8:00,"Peter, what makes you think
I would want to know that?","누가 그런 거
알고 싶대?"
8:04,Who wouldn't?,아냐?
8:05,"Over five painstaking years,
Columbia's genetic research facility....","본 연구소에선
이 DNA로..."
8:09,"-You gonna talk to her now?
-Oh, no. Come on. You talk to her.","- 말 걸어 볼래?
- 아니, 네가 해"
8:14,"Armed with these DNA blueprints... ...we have now begun
what was once thought impossible.","획기적인 실험을
시작했습니다"
8:19,"-Disgusting.
-Yeah, hateful little things.","- 징그러
- 해로운 곤충이야"
8:23,I love them!,난 좋은데!
8:25,"Yeah, me too.",나도
8:27,"You know, spiders can change
their color...",거미들은 환경에 맞춰
8:31,"-...to blend into their environment.
-Really?","- 색깔을 바꿀 수 있어
- 그래?"
8:35,"-Yeah, it's a defense mechanism.
-Cool.","- 그래, 방어 기제지
- 와"
8:40,"--transfer RNA
to encode an entirely new genome...","우린 합성 전이
RNA를 이용해"
8:43,"...combining the genetic
information from all three spiders...","모든 거미의
유전 정보를 결합"
8:46,"...into these 15 genetically
designed super-spiders.","15마리의
슈퍼 거미를 만들었죠"
8:51,There's 14.,14마린데요
8:53,I beg your pardon?,뭐라구?
8:55,"-One's missing.
-Yeah.","- 한 마리가 없어요
- 맞아"
9:00,"I guess the researchers
are working on that one.",실험실에 있겠지
9:03,"Do you know that this is the largest
electron microscope... ...on the Eastern Seaboard?","이건 동부 최고의
전자 현미경이야"
9:08,"You were talking throughout
that woman's entire presentation.","설명 안 듣고
계속 떠들지?"
9:13,Let's go talk about how we listen.,나 좀 보자
9:18,"Now, I don't know what it's like
at those fancy private schools...",글쎄 사립 학교에선
9:23,...but at Midtown High....,어땠는지 몰라도...
9:33,"Could I take your picture?
I need one with a student in it.",학보 사진 좀 찍어도 될까?
9:37,"-Sure.
-Great.","- 그럼
- 좋아"
9:39,"Where do you want me?
Over here?","어디설까?
여기서?"
9:41,"Yeah, that's great.","그래, 거기 좋다"
9:43,Don't make me look ugly.,예쁘게 찍어 줘
9:45,That's impossible.,원래 예쁘잖아
9:54,Perfect.,좋아
10:03,"-Is that good?
-Great.","- 이렇게?
- 좋아"
10:10,That's great.,멋져
10:17,"M.J., let's go!","엠제이, 가자!"
10:21,Wait. Thanks!,"잠깐,
고마워!"
10:37,"Parker, let's do it.","피터, 하자"
10:56,"We solved the horizon glide
and the multi-G balance issues.","활주와 균형 문제는
해결됐어요"
11:00,I've already seen the glider.,그건 나도 봤소
11:03,That's not what I'm here for.,그게 문제가 아니요
11:05,"General Slocum,
good to see you again.","장군님, 또 뵙는군요"
11:09,"Mr. Balkan, Mr. Fargas.","발칸씨, 파르가스씨"
11:11,"-Norman.
-Mr. Osborn.","- 노만
- 오스본씨"
11:13,"Always a pleasure to have
our board of directors visit.","다시 뵙게 돼서
반갑습니다"
11:17,"I want to see the progress report
on human performance enhancers.","문제는 잠재 능력
개발의 진전도요"
11:20,"We tried vapor inhalation with rats.
Their strength increased by 800%.","설치류 실험은
성공입니다"
11:25,"-Excellent.
-Any side effects?","- 잘됐군요
- 부작용은?"
11:27,"In one trial, yes.",딱 한번
11:28,"An aberration. All the tests since
have been successful.","후속 실험들은
성공적이었습니다"
11:31,"In the trial that went wrong,
what were the side effects?","그 딱 한번의
부작용은 뭐였소?"
11:35,"Violence, aggression...","폭력, 공격성과"
11:38,...and insanity.,발광입니다
11:39,"-What do you recommend?
-That was only one test.","- 그건 어쩔거요?
- 딱 한번입니다"
11:42,"Except for Dr. Stromm,
our entire staff certifies the product...","스트롬 박사 외의
연구진들은"
11:46,"-...ready for human testing.
-Dr. Stromm?","- 인체 실험을 승인했어요
- 스트롬 박사?"
11:51,"We need to take the whole line
back to formula.","전 처음부터
다시 했으면 합니다"
11:56,"-Back to formula?
-Dr. Osborn.","- 처음부터?
- 오스본 박사"
11:59,I'll be frank with you.,솔직히 말하지요
12:01,"I never supported your program. We
have my predecessor to thank for that.","난 이걸 지지하지 않소
내 선임자가 승인했지"
12:06,"The general has approved
Quest Aerospace...",장군은 퀘스트 사의
12:09,"...to build a prototype
of their exoskeleton design.",비행체 설계를 승인했소
12:12,"-They test in two weeks.
-And if your performance enhancers...","- 2주 후 시작이요
- 그때까지"
12:16,"...have not had a successful
human trial by that date...","인체 실험에서
성공 못하면"
12:21,"...I'm gonna pull your funding.
I'm going to give it to them.","재정 지원은
퀘스트 사가 받게 될 거요"
12:27,Gentlemen. Ladies.,"자, 여러분"
12:34,"And the Lord said, ""Let there be light.""
And voilà! There is light.","주께서 말하길
'빛이 있으라' 빛이 있군"
12:40,"Forty soft, glowing watts of it.",부드러운 40와트의 빛
12:42,"Good boy. God will be thrilled.
Just don't fall on your ass.","주님도 기뻐할 테니
넘어지지나 말아요"
12:47,"I'm already on my ass, May.",이미 넘어졌어
12:50,"When the plant's senior electrician
is laid off after 35 years...","기술자가 35년 만에
휴직 당한걸"
12:54,"...what else would you call it?
I am on my ass.",뭐라 표현하겠어?
12:57,Hand me that dish. The green one.,저 접시나 줘요
13:00,"The corporation is downsizing
the people...","직원을 줄여서
수익을"
13:03,...and upsizing their profits.,늘리고 있어
13:05,"Oh, Ben, you'll get another job
somewhere.",다른 일을 찾으면 돼요
13:09,"Well.... Well, let's look
in the paper and see.","글쎄,
신문에서 찾아볼까?"
13:13,"There are the want ads.
What do we got here?",어떤 직종이 있나?
13:16,Computer....,컴퓨터...
13:18,"Computer salesman, computer
engineer, computer analyst.","세일즈맨, 기술자,
컴퓨터 분석가"
13:22,"My Lord, even the computers
need analysts these days.","요즘은 컴퓨터도
정신 분석을 하네"
13:26,"I'm 68. I'm too old for computers, and
besides, I have a family to provide for.","난 너무 늙은데다
부양가족까지 있어"
13:31,I love you. And Peter loves you.,우린 당신을 사랑해요
13:34,"You're the most responsible man
I've ever known.","당신은 책임감 강한
사람이에요"
13:38,"We've been down-and-out before.
But somehow, we survive.","지금까지도
잘 살아왔잖아요"
13:43,"Hi, sweetie. You're just--
Just in time for dinner.","왔니? 저녁 시간
잘 맞췄구나"
13:48,"Hey. How you doing, buddy?
How was the field trip?",견학은 어땠니?
13:51,"I don't feel well.
I'm gonna go to sleep.",좀 자야겠어요
13:54,"-You won't have a bite?
-No, thanks. Had a bite.","- 저녁은?
- 대충 먹었어요"
13:56,"Did you get some pictures, Peter?",사진은 좀 찍었어?
14:00,I gotta crash. Everything's fine.,"찍었어요
저 좀 잘게요"
14:04,What's that all about?,왜 저러지?
14:27,In this recombination lab...,본 연구소에선
14:29,"...we use synthesized transfer RNA
to encode an entirely new genome...","합성 전이
RNA를 이용해"
14:34,"...combining the genetic
information from all three spiders...","모든 거미의
유전정보를 합쳐"
14:37,"...into these 15 genetically
designed super-spiders.","15마리의
슈퍼 거미를 만들었죠"
14:56,"Dr. Osborn, please. The
performance enhancers aren't ready.","오스본, 제발
이미 그 자료로는"
15:01,"The data just doesn't justify
this test.",부족하단게 입증됐잖아
15:04,"Now, I'm asking you for the last time.
We can't do this.",제발 부탁이야
15:08,Don't be a coward.,겁먹지마
15:11,Risks are part of laboratory science.,"위험도 실험의
한 부분이야"
15:13,"Let me reschedule, with a proper
medical staff and a volunteer.",내가 지원자를 찾아볼께
15:17,"-Just give me two weeks.
-Two weeks? In two weeks...","- 2주만 주면 돼
- 2주? 2주면
이 회사는 끝이야"
15:21,"...we'll have lost the contract
to Quest and OSCORP will be dead.","2주면
이 회사는 끝이야"
15:25,"Sometimes you gotta
do things yourself.",내가 지원한 걸로 해
15:28,"-Get me the Promachloraperazine.
-For what?","- 구토 억제 제
- 왜?"
15:30,"It begins catalyzation when the vapor
hits the bloodstream.","증기가 들어가면
촉매가 시작돼"
15:37,Forty thousand years of evolution...,인간의
15:39,"...and we've barely tapped
the vastness of human potential.","잠재 능력을
보여 줄 때야"
15:57,"Oh, that's cold.",차가운걸
16:57,Norman?,노만?
17:02,Norman!,노만!
17:14,"Oh, my God.",세상에
17:17,"Oh, my God! Norman?",세상에!
17:21,"Oh, my God! Norman!",세상에! 노만!
17:39,Back to formula?,처음부터 하자구?
18:15,Weird.,왜 이러지?
18:28,"-Peter?
-Yeah?","- 피터?
- 네?"
18:29,Are you all right?,좀 괜찮니?
18:33,I'm fine.,그럼요
18:35,"Any better this morning?
Any change? Change?","- 무슨 변화라도 있었어?
- 변화요?"
18:40,Yep. Big change.,큰 변화예요
18:42,"-Well, hurry up. You'll be late.
-Right.","- 늦기 전에 서둘러
- 네"
19:04,Okay.,좋은데
19:10,"-Goodness me!
-Jeez. I thought you were sick.","- 깜짝이야!
- 아픈 줄 알았다"
19:15,"-I got better.
-You see?","- 괜찮아요
- 봤죠?"
19:16,"-Bye, guys.
-Have you got your lunch money?","- 갈게요
- 점심 먹을 돈은 있니?"
19:20,"Hey, Michelangelo, don't forget,
we're painting the kitchen after school.","부엌 칠하기로 한 거
잊지 않았겠지?"
19:23,"Sure thing, Uncle Ben.
Don't start without me.","물론이죠, 삼촌
혼자하지 마세요"
19:26,And don't start up with me.,절대 혼자 안 해
19:30,"Teenagers. Raging hormones.
They never change.","10대들,
언제나 힘이 넘쳐 나지"
19:35,"You're trash!
You're always gonna be trash!","넌 쓰레기야!
하는 짓이 언제나 그래!"
19:39,"-I have to go to school.
-Who's stopping you?","- 학교 가야 돼요
- 누가 말려?"
20:00,"Hi, M.J.","안녕, 엠제이"
20:02,"Hey, M.J.",엠제이
20:04,"I don't know if you realize this, but
we've been neighbors since I was 6.","우리가 6살 때부터
이웃에 살았다는 걸"
20:09,"And I was wondering
if we could get together sometime?","아는지 모르겠다
언제 한번 같이..."
20:12,I got the car. Hop in.,여기 타!
20:14,"Do something fun?
Or, I don't know.","뭐 신나는 일이나
아님, 글쎄..."
20:17,"I thought it'd be time
to get to know each other.",이젠 서로를 알 때가
20:21,Or not.,됐어
20:27,"Sorry, Parker, the bus is full!","미안,
버스가 만원이야!"
20:32,"-Stop the bus!
-Catch a cab!","- 세워요!
- 택시 타!"
20:35,Tell him to stop.,세우라 그래
20:37,"-Check him out!
-Dork!","- 열심히 뛰어!
- 바보!"
21:01,Dad!,아빠!
21:03,"Dad, are you all right?",괜찮으세요?
21:06,Harry.,해리...
21:11,What are you doing on the floor?,여기서 뭐하세요?
21:13,I don't know.,나도 몰라
21:15,Have you been there all night?,밤새 계셨어요?
21:19,Last night I was--,어젯밤에 내가...
21:23,What?,왜요?
21:25,"-I don't remember.
-Mr. Osborn?","- 기억이 안나
- 오스본씨?"
21:27,"Sir, I asked her to wait in the foyer.",들어가시면 안돼요
21:30,"-My father's not feeling well.
-Mr. Osborn, Dr. Stromm is dead.","- 죄송하지만 지금은-
- 스트롬 박사가 죽었어요"
21:34,What?,뭐?
21:35,"They found his body in the lab.
He's been murdered, sir.","실험실에서 발견 됐어요
살해당했어요"
21:39,"-What are you talking about?
-And the flight suit and the glider....","- 무슨 소리야?
- 게다가 실험체들도..."
21:43,"-What about it?
-It's been stolen, sir.","- 그게 뭐?
- 없어졌어요"
22:10,Wow! Great reflexes!,대단한데!
22:13,"-Thanks.
-No problem.","- 고마워
- 천만에"
22:17,"Hey, you have blue eyes.
I didn't notice without your glasses.","파란 눈이네
안경 때문에 몰랐어"
22:21,You just get contacts?,렌즈 꼈니?
22:30,"Well, see you.",또 보자
23:14,"-What happened?
-He's freaking weird.","- 뭐야?
- 이상한 놈이네"
23:18,Did you see that?,저것 봤니?
23:21,Parker?,피터?
23:54,"-It's a fight!
-Think you're pretty funny, freak?","- 싸움이다!
- 재밌어 죽겠지?"
23:57,"-Flash, it was an accident.
-So is my breaking your teeth.","- 사고였잖아
- 나도 사고 한번 쳐보자"
24:00,"-Come on, Flash, stop.
-I don't wanna fight you, Flash.","- 제발, 플래쉬
- 너랑 안 싸울래"
24:03,"-I wouldn't wanna fight me neither.
-Kick his ass.","- 나도 나랑 안 싸워
- 날려 버려"
24:25,"Help him, Harry.","도와 줘, 해리"
24:31,How'd he do that?,어떻게 한 거야?
24:34,Which one?,누굴?
24:35,"He's all yours, man.",맘대로 해
24:52,"Flash, get up!","플래쉬, 일어나!"
24:56,"Jesus, Parker, you are a freak.",인간이 아냐
24:59,"Peter, that was-- That was amazing.","피터, 대단한데"
25:03,I'm out of here. Come on.,"나, 간다!"
26:50,"Go, web!",발사!
26:53,Fly.,날아
26:56,"Up, up and away, web.",슉 슉
27:00,Shazam!,나와!
27:02,Go! Go!,가!
27:03,"Go, web, go!",나오라니까!
27:38,Tallyho.,날자
28:24,"-Is she back with the beer yet?
-What?","- 술 안 사왔어?
- 뭐?"
28:27,Bring me some beer.,술 가져와
28:28,"-Get up off your ass.
-I paid for beer--","- 일어나
- 내가 지불했잖아"
28:31,"-Stop yelling.
-Stop it!","- 소리 지르지 마요
- 그만해!"
28:33,"You're as stupid as your mother.
Get away from me!",둘이 똑같애
28:37,"Where's she going?
Where you going?","어디 가는 거야?
어디가?"
28:40,"These dishes are not done.
Somebody's gotta do the dishes.","설거지 안 돼 있어
안 할거야?"
28:44,"-Why don't you do them?
-Get in here and do the dishes.","- 직접 하지 그래?
- 당신이 하란 말이야"
28:47,"-You do them. They're yours, anyway.
-I'm going out!","- 당신이 해
- 난 나갈 거야!"
28:52,"-Were you listening to that?
-No.","- 다 들었니?
- 아니"
28:55,"Well, I heard, but I was
just taking out the trash.","그냥 쓰레기
비우러 나왔다가..."
28:58,I guess you can always hear us.,늘 들리겠지
29:01,Everybody shouts.,소린 누구나 질러
29:04,Your aunt and uncle don't.,너희 집은 안 그래
29:06,"Oh, they can scream
pretty good sometimes.",우리 집도 가끔 그래
29:10,"Listen, M.J., about today
at school with Flash--","엠제이,
아까 학교에선..."
29:15,You really freaked us out.,무섭던데
29:16,I'm sorry. Is he okay?,"미안, 플래쉬는?"
29:19,"He's just happy you didn't give him
a black eye for graduation.",멍 안 들었다고 좋아해
29:26,"So where are you going
after you graduate?",졸업하면 뭐 할거야?
29:34,I wanna move into the city.,도시로 가야겠지
29:37,"And hopefully get a job
as a photographer.",사진 찍는 일 하면서
29:42,Work my way through college.,공부할 생각이야
29:46,What about you?,넌?
29:47,Headed for the city too.,나도 도시로 갈 거야
29:50,Can't wait to get out of here.,"더 이상
여기 못 있겠어"
29:54,I wanna....,난...
29:56,What?,뭐?
30:01,"No, come on. Try me.",말해 봐
30:04,I wanna...,난...
30:07,...act...,연기를...
30:09,...on-stage.,하고 싶어
30:11,Really?,정말?
30:13,"Oh, that's perfect.",근사한데
30:16,"You were awesome
in all the school plays.",학교에서도 잘 했잖아
30:19,"-Really?
-Yeah.","- 정말?
- 그래"
30:21,"I cried like a baby
when you played Cinderella.",난 신데렐라보고 울었어
30:25,"Peter, that was first grade.",그건 어릴 때였어
30:27,Well...,글쎄
30:29,...even so.,어쨌든
30:32,Sometimes...,다른 삶을
30:35,...you know people.,살 수 있잖아
30:37,You can just see what's coming.,미래도 볼 수 있고
30:44,What do you see coming for you?,네 미래는 어때?
30:49,I don't know.,모르겠어
30:53,"Whatever it is, it's something
I never felt before.","지금과는
다른 모습이겠지"
31:02,And what for me?,그럼 난?
31:05,For you?,너?
31:07,You're gonna light up Broadway.,브로드웨이의 별
31:12,You know...,키가...
31:17,...you're taller than you look.,보기보다 크네
31:20,I hunch.,등은 굽었어
31:24,Don't.,놀리지마
31:29,"Hey, M.J.! Come take a ride
in my new birthday present.","엠제이!
나 선물 받았어"
31:34,Come on.,가자
31:36,I gotta go.,가 볼게
31:38,Bye.,잘 가
31:40,"-Oh, my God, it's gorgeous!
-Yeah, right?","- 세상에, 멋지다!
- 그래"
31:43,"-Look at it!
-Hop in.","- 이것 좀 봐
- 타"
31:45,"Oh, my God! What a cool car!",너무 멋지다!
31:48,"Pretty tight, huh?",잘 빠졌지?
31:50,"Wait till you hear the sound system.
Hey, don't scratch the leather.","사운드 시스템도 최고야
흠집 내지마"
31:55,Cool car.,멋지다
33:30,What's going on in there?,뭐하는거냐?
33:32,"I'm exercising.
I'm not dressed, Aunt May.",그냥 운동중이에요
33:35,"Well, you're acting
so strangely, Peter.",너 좀 이상한 거 아니?
33:39,Okay. Thanks.,알았어요
34:12,"Something's bothering him. Maybe
he's too embarrassed to tell me.","저 녀석 뭔가
괴로운 게 있는데"
34:15,"Maybe I'm too embarrassed
to ask him.",말을 못하는 거야
34:19,I just don't know anymore.,나도 못 물어 보겠어
34:21,"I'm going to the library.
I'll see you later.",도서관 갔다 올께요
34:24,"-Wait, Pete. I'll drive you there, buddy.
-I'll take the train.","- 태워다주마
- 기차 탈께요"
34:27,"No, I need the exercise.
Go on. Go, go.","나도 운동해야 돼
어서 가"
34:42,"-Thanks for the ride, Uncle Ben.
-Wait a minute, we need to talk.","- 고마워요, 삼촌
- 얘기 좀 하자"
34:45,"-We can talk later.
-Well, we can talk now. If you let me.","- 나중에요
- 지금, 잠깐이면 돼"
34:50,"What do we have to talk about?
Why now?",무슨 얘긴데요?
34:53,"Because we haven't talked
for so long... ...May and I
don't know who you are anymore.","오랫동안 대화를 못했어
네가 많이 변했더구나"
34:57,"You shirk your chores. You have all
those weird experiments in your room.","네가 해야 될 일은 피하고
이상한 실험이나 하고"
35:02,"-You start fights at school--
-I didn't start that fight, I told you that.","- 싸움이나 하고
- 제 잘못 아녜요"
35:07,"-You sure as hell finished it.
-Was I supposed to run away?","- 어쨌든 싸웠잖아
- 그럼 도망가요?"
35:10,"No, you're not supposed
to run away, but....",도망은 아니더라도...
35:13,"Pete, you're changing. I went through
exactly the same thing at your age.","네가 변했다는 거야
나도 네 나이 때 그랬다만-"
35:18,No. Not exactly.,똑같진 않아요
35:21,"...these are the years
when a man changes...",지금은 네 미래를
35:24,"...into the man he's gonna become
the rest of his life.","좌우할 수 있는
중요한 시기야"
35:28,"Just be careful
who you change into.",항상 조심해야 돼
35:33,"This guy, Flash Thompson,
he probably deserved what happened.","그날 싸움이
플래쉬 탓이었어도"
35:38,"But just because you can
beat him up...",네가 그 앨 때릴
35:41,...doesn't give you the right to.,권리는 없어
35:44,"Remember, with great power
comes great responsibility.","큰 힘엔 큰 책임이
따르는 법이다"
35:50,"Are you afraid I'll become a criminal?
Quit worrying about me, okay?","제가 범죄자라도
될까 봐 그러세요?"
35:55,"Something's different.
I'll figure it out. Stop lecturing me.","알아서 할 테니
제발 설교 좀 그만하세요"
35:59,"I don't mean to lecture or preach.
And I know I'm not your father--","그러고 싶지는 않다,
네 애비도 아닌데-"
36:03,Then stop pretending to be!,그럼 아버지인척 마세요!
36:10,Right.,그래
36:14,I'll pick you up here at 10.,10시에 데리러 오마
36:47,Bone Saw! Bone Saw! Bone Saw!,본 쏘우! 본 쏘우!
36:58,"-One, two, three. That's it!
-Who's the man?","- 하나, 둘, 셋, 끝!
- 승리자는?"
37:06,Ladies and gentlemen...,신사 숙녀 여러분
37:08,...give it up for Bone Saw McGraw.,본 쏘우의 승립니다
37:16,For $3000...,3천 달러를 위해
37:20,"...is there no one here man enough
to stay in the ring...","3분간
이 거인과 함께 할"
37:24,"...for three minutes
with this titan of testosterone?",남자 분 없습니까?
37:31,Who?,누구요?
37:33,I know who.,저도 압니다
37:35,The Flying Dutchman!,플라잉 더치맨!
37:40,Next.,다음
37:43,"There's no featherweight
division here, small fry. Next.","여긴 경량급은 없어요,
다음"
37:46,"No, no. Sign me up.",나도 알아요
37:48,"Okay. You understand the NYWL
is not responsible...","좋아요,
어떻게 망가지든"
37:52,"...for any injury you may and probably
will sustain in said event?",협회 측은 책임 없어요
37:56,"And you're participating
under your own free will?",본인 선택이죠?
38:00,"Down the hall to the ramp.
May God be with you. Next.","복도를 따라가요,
잘해봐요"
38:06,Told you! Told you!,말해 줬잖아!
38:09,Winner!,승자!
38:11,Next victim!,다음 선수!
38:14,Are you ready for more?,준비됐습니까?
38:18,Bone Saw is ready!,본 쏘우는 준비됐다!
38:24,"Will the next victim please
enter the arena at this time?","다음 선수
올라와 주시겠습니까?"
38:29,"If he can withstand just three minutes
in the cage with Bone Saw McGraw...","본 쏘우와 링 위에서
3분만 버티면"
38:34,...the sum of $3000 will be paid to--,3천 달러를 받게 될...
38:39,"-What's your name, kid?
-The Human Spider.","- 이름이 뭐지?
- 인간 거미"
38:43,That's it? That's the best you got?,"인간 거미?
겨우 그거야?"
38:45,"-Yeah.
-Oh, that sucks.","- 네
- 끔찍하군"
38:47,The sum of $3000 will be paid to...,3천 달러를 받게 될
38:52,"...the terrifying, the deadly...","사납고, 포악하며"
38:56,...the amazing Spider-Man!,"잔인 무도한
스파이더 맨!"
39:01,"-It's ""The Human Spider.""
-I don't care, get out there.","- 인간 거미예요
- 상관없어"
39:04,"-No, he got my name wrong.
-Get out there, you moron.","- 이름이 틀렸어요
- 빨리 올라가"
39:10,"Bone Saw will eat you up
and spit you out.","본 쏘우가
널 씹어버릴거야"
39:12,I hope you brought your mommy.,엄마라도 불러
39:15,"-We'll break you!
-You'll need someone to cry to.","- 넌 작살났어!
- 같이 울어 줄 테니"
39:19,"I'm gonna rip all eight of your
feeble legs off one by one.","네 거미 다리가
몽땅 잘려질거야"
39:25,"Oh, my God!",젠장!
39:27,"Oh, my legs!",내 다리!
39:29,"Oh, God. I can't feel my legs.",다리에 감각이 없어
39:32,Kill! Kill! Kill!,죽여! 죽여!
39:42,Kill! Kill! Kill!,철창! 철창!
39:44,Cage!,철창!
39:54,Hello? Guys?,이봐요
39:57,"Will the guards please lock
the cage doors at this time?","이번엔 철창문을
잠그겠습니다"
40:03,"This is some kind of mistake.
I didn't sign up for a cage match!",철창 얘긴 없었잖아요!
40:08,"Unlock the thing!
Take the chain off!",열어요! 빨리 열어!
40:11,"Hey, freak show!","야, 변태!"
40:13,You're going nowhere.,꼼짝 말아라
40:16,I got you for three minutes.,넌 3분 동안은 내꺼야
40:18,Three minutes of playtime.,재밌게 놀아보자구
40:27,"-What are you doing up there?
-Staying away from you.","- 뭐하는거야?
- 떨어져 있으려구"
40:31,"That's a cute outfit.
Did your husband give it to you?","옷이 귀엽네
남편이 사줬어?"
40:40,Finish him off!,죽여버려!
40:49,Smash him!,박살 내!
40:58,"-Hit him!
-Harder!","- 박살 내!
- 세게!"
41:02,Kick his spider ass!,확실하게 끝내!
41:06,Hit him!,때려!
41:21,"One, two, three!","하나, 둘, 셋!"
41:23,"That's it! That's it!
Winner!","됐어, 끝났어!
승리!"
41:25,"Ladies and gentlemen, give it up
for the new champion, Spider-Man!","새로운 챔피언입니다
스파이더 맨!"
41:48,Now get out of here.,가봐
41:51,"A hundred bucks?
The ad said 3000.","100달러요?
3천이랬잖아요"
41:54,"Well, check it again, webhead.","잘 들어,
이 거미 대가리야"
41:57,"It said three grand for three minutes.
You pinned him in two.","3분에 3천이랬어
넌 2분만에 쓰러뜨렸잖아"
42:01,"For that, I give you 100.
You're lucky to get that.","백 달러도
다행이라고 생각해"
42:04,I need that money.,난 돈이 필요해요
42:06,"I missed the part
where that's my problem.",그게 나랑 무슨 상관이지?
42:18,"-Hey, what the hell--?
-Put the money in the bag.","- 뭐 하는거야?
- 돈 담아"
42:23,Hurry up!,빨리!
42:30,Hey! He stole the gate!,도와 줘! 강도야!
42:33,Stop that guy!,저 놈 잡아!
42:35,Stop him! He's got my money!,돈을 훔쳐갔어!
42:38,Thanks.,고마워!
42:40,"What's the hell's the matter with you?
You let him go!","뭐한거야?
놓쳤잖아!"
42:43,"Cut him off in the lobby
and call the cops!","강도!
경찰 불러!"
42:45,"You could've taken that guy apart.
Now he'll get away with my money.","잡을 수 있었잖아
난 이제 망했다구"
42:49,"I missed the part
where that's my problem.",나랑 상관없잖아요
43:11,"-Sir, you gotta get back.
-I can't see. What happened?","- 물러서요
- 무슨 일이죠?"
43:15,"Old dude, man.",노인네 야
43:17,"Come on, folks. Keep moving, please.
Keep moving. Let's go!","자, 여러분
가세요, 가요!"
43:21,"-What happened?
-Someone got hurt.","- 뭐예요?
- 누가 다쳤어"
43:26,"-Excuse me. Excuse me. Excuse me.
-Stay back.","- 잠시만요
- 물러서요"
43:30,"-Stay back!
-That's my uncle!","- 물러서!
- 삼촌!"
43:34,"-What happened?
-Carjacker. He's been shot.","- 무슨 일이죠?
- 차량 절도범 총에 맞으셨어"
43:37,"We just called the paramedics.
They're on their way.","곧 구급차가
도착 할거예요"
43:41,Uncle Ben?,벤 삼촌
43:43,Uncle Ben.,벤 삼촌
43:48,Uncle Ben?,벤 삼촌
43:53,Peter.,피터
43:56,"I'm here, Uncle Ben.",저 여깄어요
44:03,Peter.,피터
44:26,"They got the shooter.
He's headed south on Fifth Avenue.","범인이
5번가로 도주 중이래"
44:29,"We got three cars in pursuit.
All right, folks. Come on, move back.","지금 추적중이야
자, 다들 뒤로 좀 가세요!"
47:11,Get a unit to the rear!,뒤쪽으로 가!
47:16,I got the back!,막았어!
47:31,Who's there?,누구야?
47:58,"Don't hurt me. Give me a chance.
Give me a chance!","살려 줘!
한번만 봐줘!"
48:02,"What about my uncle?
Did you give him a chance? Did you?","넌 그래서
우리 삼촌 봐줬어?"
48:06,Answer me!,대답해!
48:11,Stop that guy!,저 놈 잡아!
48:18,Thanks.,고마워
48:30,See you.,잘 가라
48:52,"Freeze! We've got the place
completely surrounded.","꼼짝 마!
넌 완전히 포위됐다"
49:55,"-Good evening.
-General. Good to see you.","- 안녕하시오
- 잘 오셨습니다, 장군님"
49:59,"Our exoskeleton's got
real firepower, general.","저희 비행체의
화력은 막강합니다"
50:02,"Well, if it does what you say it can,
I'll sign that contract tomorrow.","정말 막강하다면
내일 계약하겠소"
50:08,"-He's clear, let's go!
-You're confident about this test?","- 준비 완료!
- 실험엔 자신있소?"
50:12,"Absolutely.
Captain Curtis is our top pilot.","물론이죠
만족하실겁니다"
50:15,"Now, what about your commitment
to OSCORP?","오스코프는
어떻게 됐습니까?"
50:18,"Nothing would please me more than to
put Norman Osborn out of business.","오스본을 밀어낸 게
가장 큰 수확이요"
50:24,Preflight complete. Mark.,비행 준비 완료
50:31,"We are picking up
an unidentified object, closing fast.",미확인 비행물체다
50:34,What the hell is that?,저게 뭐야?
50:35,Can you see anything?,보이나?
50:37,"Oh, my God!",세상에!
50:49,"-Say ""chess.""
-Chess!","- ""김치""
- 김치!"
50:52,Peter!,피터!
50:54,"Darling, I'm so proud of you.
You looked so handsome up there.","잘했다,
아주 멋진걸"
50:58,"Pete? Good news. Dad got the place
in New York, so we're all set this fall.","아빠가 뉴욕에
집을 얻어 주셨어"
51:02,"-That's great.
-You made it.","- 잘됐다
- 해냈구나"
51:07,"It's not the first time
I've been proven wrong.","내가 틀린게
처음은 아니니까"
51:11,"-Congratulations.
-Thanks, Dad.","- 축하한다
- 고마워요"
51:14,"Peter, the science award.
That's terrific.","피터, 과학상
받더구나, 대단하다"
51:17,Yeah.,네
51:21,"I know this has been
a difficult time for you...","힘든 때라는 것
안다만"
51:25,"...but I want you to try
to enjoy this day.",오늘만은 즐겨라
51:28,Commencement:,졸업식이야
51:30,"The end of one thing,
the start of something new.",마무리이자 새로운 시작
51:36,"I don't want to be with you anymore.
Here's your ring.","너랑은 안되겠어
반지 가져 가"
51:40,You know what? Whatever.,그래? 맘대로 해
51:43,Your loss.,후회 할거다
51:45,"You're like a brother to Harry.
That makes you family.","넌 우리 가족이나
마찬가지야"
51:49,"And if you ever need anything,
just give me a call.",일 있으면 전화해라
52:06,Can I fix you something?,뭣 좀 먹을래?
52:09,"No, thanks.","아뇨, 됐어요"
52:55,I missed him a lot today.,삼촌이 보고 싶어요
53:00,I know.,그래
53:03,I miss him too.,나도 보고 싶어
53:07,But he was there.,삼촌도 그럴거야
53:12,"I can't help thinking about
the last thing I said to him.","삼촌과 마지막으로 했던
말들이 생각나요"
53:18,"He tried to tell me something
important, and I threw it in his face.","중요한 얘기들을
제가 무시했어요"
53:24,You loved him...,넌 삼촌을 사랑했고
53:28,...and he loved you.,삼촌도 널 사랑했어
53:31,"He never doubted
the man you'd grow into.","잘 자라 줄 거라고
믿으셨지"
53:35,"How you were meant
for great things.","넌 훌륭한 일을
할 사람이야"
53:39,You won't disappoint him.,삼촌도 기뻐하실 걸
54:15,"With great power
comes great responsibility.","큰 힘엔
큰 책임이 따른다"
54:19,"Remember that, Pete.
Remember that.","명심해라, 피터
명심해"
54:33,Hurry up!,빨리 해!
54:46,"He's not a man. My brother saw him
building a nest in Lincoln Center.","사람이 아녜요
둥지도 짓는대요"
54:50,"I think he's human, a man.
Could be a woman.","남잔지 여잔지
모르겠어요"
54:57,Bobby. Get a load of this!,저것 좀 봐!
55:04,"He throws up his hands,
ropes come out... ...and he climbs up them
like a spider web.","거미줄도 나오고
벽도 타고 다녀요"
55:08,"I see the web, his signature,
and I know Spider-Man was here.","거미줄을 봤어요
스파이더 맨이에요"
55:12,"The guy protects us,
protects the people.",사람들을 살렸어요
55:15,"Some kind of freaky-loo
or something. Wackadoo.",다 꾸며 낸 얘기예요
55:18,He stinks and I don't like him.,정말 역겨운 놈이야
55:21,"Don't move, lady!",움직이지마
55:30,Guy with eight hands. Sounds hot.,"손이 여덟 개,
섹시하겠네"
55:33,"He has those tights
and that tight little--","스타킹에,
그 꽉 끼는-"
55:36,"Dresses like a spider
He looks like a bug","거미 같은 옷
벌레처럼 보이네"
55:39,"But we should all just give him
One big hug",하지만 우린 그를 환영해
55:43,"Look out
Here comes the Spider-Man","저길 봐!
스파이더 맨이야"
55:51,"""Who is Spider-Man?""
He's a criminal, that's who he is.","'스파이더 맨이 누군가?'
깡패지"
55:55,"A vigilante, a public menace.
Why's he on my front page?","공공의 적이야
이놈이 왜 1면이야?"
55:59,"Mr. Jameson, your wife needs--","제임스씨, 부인께서..."
56:01,"There's a page-six problem. We have a page-one problem.
Shut up.","- 6면에 문제있다 그래
- 1면이 문제야"
56:05,"-Well?
-He's news.","- 뭐?
- 뉴스 감이에요"
56:07,"-The clients can't wait.
-They're about to.","- 고객께서 가신데요
- 간다 그래"
56:09,"-He pulled six people off a subway.
-From a wreck he probably caused.","- 지하철 참사도 막았어요
- 혼자 쌩 쇼를"
56:14,"Something goes wrong
and he's there. Look! He's fleeing the scene.
What's that tell you?","하는 건지도 몰라
저기 봐, 도망친다"
56:18,"He's not fleeing, he's probably
going to save somebody else. He's a hero!","바쁘니까,
그는 영웅이에요!"
56:22,"Then why does he wear a mask?
What's he got to hide?","가면은 왜 써?
뭘 숨기려구?"
56:25,"She needs to know if you want
chintz or chenille in the dining room.","부인께서 식당을
뭘로 꾸미냐는데요"
56:28,"-Whichever is cheaper.
-Mr. Jameson, it's like this:","- 제일 싼 걸로
- 저기요"
56:31,"We double-booked page six. So Macy's and Conway's both have
three quarters--","6면이 이중으로
예약돼 버렸어요"
56:35,"-We sold out four printings.
-Sold out?","- 완전 매진이에요
- 매진?"
56:38,Every copy.,다 팔렸다구요
56:40,"Tomorrow, Spider-Man, page one,
with a decent picture. -Conway to page 7.
-That's a problem.","내일 1면은
스파이더 맨이야"
56:45,"Page eight, give him 10 percent off.
Five percent.","- 어려운데요
- 다른 건 옮겨"
56:47,"-That can't be done.
-Get out of here!","- 그렇겐 안돼요
- 나가!"
56:49,"We don't have a decent picture. Eddie's been on it for weeks,
but we can barely see him.","우린 사진도 없고
본적도 없어요"
56:54,"Aw, what is he, shy?",그놈이 부끄럽대?
56:56,"If we can get a picture of Julia Roberts
in a thong, we can get this weirdo.",불가능은 없어
57:01,"Put an ad on the front page:
""Cash for a picture of Spider-Man.""","사진 제공자한테
돈을 준다고 광고해"
57:04,"He doesn't wanna be famous?
I'll make him infamous!","영웅이 싫다면
악한을 만들어 주지"
57:20,Buzz off.,저리 가요
57:22,"-M.J., it's me, Peter.
-Hi!","- 엠제이, 나야
- 어머!"
57:27,"-What are you doing around here?
-Begging for a job. How about you?","- 여긴 웬일이야?
- 일 찾고 있어, 넌?"
57:32,"-I'm headed to an audition.
-An audition? So you're acting?","- 오디션 가려구
- 오디션? 연기하니?"
57:36,Yeah.,그래
57:37,"I work steady.
In fact, I just got off a job.","계속했었어
방금 하나 끝냈고"
57:41,That's great.,잘됐다
57:43,"-You're doing it. Living your dream.
-Glamour girl!","- 드디어 해냈구나
- 야, 글래머!"
57:47,Your drawer was short $6!,6달러 모자라
57:48,"Next time that happens,
I'll take it out of your check.",월급에서 깔거야!
57:52,"Excuse me, Miss Watson?
I'm talking to you! Hey!","안 들려?
너한테 말하고 있잖아!"
57:56,"Yes, Enrique! Okay? I get you.",알았어! 알았다구요
57:59,"It better not happen no more.
Don't roll your eyes at me.","대들지 말고,
앞으로 조심해"
58:10,"Some dream, huh?",꿈?
58:12,"It's nothing to be
embarrassed about.",창피해 할 일 아냐
58:15,"-Don't tell Harry.
-Don't tell Harry?","- 해린 모르게 해
- 해리?"
58:18,"Don't you guys live together?
We're going out. Didn't he tell you?","너희 같이 살잖아
사귄다는 것 못 들었어?"
58:23,"Oh, yeah. Right.","아, 들었어"
58:25,"I think he'd hate the idea
of my waiting tables.","이런 일 하는 거
싫어 할거야"
58:28,"-He'd think it was low or something.
-It's not low. You have a job.","- 천하다고 생각할걸
- 이것도 직업이야"
58:33,"You know, Harry doesn't live on
a little place I like to call Earth.","해린 자기 힘으로
하는게 없어"
58:39,"No, I guess not.",아닌 것 같던데
58:46,"Thanks, Pete.",고마워
58:49,We should catch up sometime.,다음에 또 봐
58:55,Let's get some lunch some evening.,점심이나 한번 먹자
58:59,"I'll come by and have some of your
Moondance coffee someday.","너희 가게에서
차를 마시던가"
59:03,"-And I won't tell Harry.
-No, don't tell Harry.","- 네 얘긴 안 할게
- 그래, 하지마"
59:06,I won't.,안 해
59:10,I won't tell Harry.,해리한테
59:23,Timing's perfect. Hey.,잘 돼가고 있어
59:25,Five new contracts. It'll be great.,새 계약만 다섯 건이야
59:31,"Storming Norman's
making his weekly inspection.","사령관께서
주중 점검 중이셔"
59:34,Spent half of it on the phone.,전화가 쉴 틈이 없어
59:37,"Look, man, I'm glad you're here.
I need your help. I'm really lost here.","너라도 있어 다행이야
좀 도와 줘"
59:43,Are you all right?,괜찮아?
59:45,"You look like you just got
second place in the science fair.",꼭 낙제생 표정인데
59:51,"I was late for work
and Dr. Connors fired me.","늦었다고
해고당했어"
59:54,You were late again?,또 늦었어?
59:57,"I don't get it.
Where do you go all the time?","도대체 매일
어딜 들르는거야?"
1:00:01,Around.,그냥...
1:00:02,Peter Parker.,피터
1:00:04,"-Maybe you'll tell me who she is.
-Who's that?","- 네가 말해봐라
- 뭘요?"
1:00:07,"-This mystery girl Harry's been dating.
-Dad.","- 베일에 싸인 해리의 여자
- 아빠"
1:00:10,"-When do I get to meet her?
-Dad.",언제 보여줄래?
1:00:12,"Well, sorry.
Harry hasn't mentioned her.",전 처음 듣는 얘긴데요
1:00:18,"Pete, you're probably looking
for a job now, right?","피터,
너 일자리 필요하지?"
1:00:22,"Dad, maybe you can help him out.",아빠가 도와주세요
1:00:25,"-No, I appreciate it, but I'll be fine.
-It's no problem. I'll make a few calls.","- 고맙지만 괜찮아요
- 내게 맡겨라"
1:00:29,"No, I couldn't accept it, sir.
I like to earn what I get. I'll find work.","그러실 필요 없어요
제 힘으로 하고 싶어요"
1:00:34,I respect that.,대단한걸
1:00:36,"You want to make it
on your own steam.",혼자 힘으로 하겠다니
1:00:39,That's great.,훌륭해
1:00:41,"What other skills do you have,
Parker?",무슨 기술이라도 있니?
1:00:44,I was thinking about photography.,"사진과 관련된 걸
생각 중이에요"
1:00:49,Hello.,안녕
1:00:52,Let's go! Move it!,서둘러!
1:00:55,Watch the street!,길 살펴
1:01:13,Cheese!,웃어요!
1:01:23,They're crap.,엉망이야
1:01:24,"Crap, crap. Megacrap.",엉망진창
1:01:27,"-I'll give you $200 for all of them.
-That seems a little low.","- 전부 200달러
- 너무 적어요"
1:01:31,"Take them somewhere else, then.",그럼 다른데 팔아
1:01:33,"Your wife says the tile for the foyer
is out of stock. Tell her we'll put a rug there.","- 부인께서 타일이 품절이래요
- 카펫 깔라고 해"
1:01:37,Sit down. Give me that.,"앉아, 나한테 줘"
1:01:41,"Give you 300.
That's the standard freelance fee.","300달러,
표준 가격이야"
1:01:44,"-Tear up page one. Run that photo.
-Headline?","- 1면에 실어
- 제목은요?"
1:01:46,"""Spider-Man, Hero or Menace?
Exclusive Daily Bugle Photos.""","""영웅인가,
사회악인가? 특종!"""
1:01:50,"Menace? He was protecting
that armored-- Tell you what, Atticus.","- 사회악이라뇨? 그는-
- 너는 사진 찍고"
1:01:53,"You take the pictures,
I'll make up the headlines. Okay?","난 기사 만들게,
알았어?"
1:01:56,"-Yes, sir.
-Goody.","- 네
- 좋아"
1:01:58,"Give this to the girl up front.
She'll see you get paid.","이걸 밖에 내면
돈을 줄거야"
1:02:02,"-I'd like a job, sir.
-No jobs. Freelance.","- 일자린 없나요?
- 일자리? 없어"
1:02:05,Best thing for a kid your age.,프리랜서나 해
1:02:07,"You bring me more shots
of that clown, maybe I'll buy them.","사진이라면
얼마든지 사 줄께"
1:02:12,"But I never said you have a job.
Meat.",일자리 준다는 거 아냐
1:02:15,"I'll send you a box of Christmas
meat. Bring me more photos.","크리스마스 선물은
보내 줄 수 있어"
1:02:21,"-Hi.
-Hi.","- 저기...
- 네"
1:02:22,"Mr. Jameson told me
to give that to you.",제임스 씨가 주래요
1:02:27,"-Welcome to the Daily Bugle.
-Thank you.","- 환영합니다
- 감사합니다"
1:02:30,I'm Peter Parker.,피터 파커예요
1:02:34,I'm a photographer.,사진사죠
1:02:37,Yes. I can see that.,그래 보이네요
1:02:47,As of today...,오스코프는
1:02:49,"...OSCORP Industries has surpassed
Quest Aerospace...",군에 대한 공급책으로써
1:02:54,"...as the principal supplier
to the United States military.",퀘스트 사를 압도했습니다
1:02:58,"In short, ladies and gentlemen
of the board...",비용은 절감됐고
1:03:01,"...costs are down,
revenues are up...",이익은 높아졌으며
1:03:05,"...and our stock
has never been higher.","주식은
사상 최고가 입니다"
1:03:08,"Wonderful news, Norman.
That's why we're selling the company.","훌륭하오, 노만
그래서 팔려는거요"
1:03:13,What?,네?
1:03:14,"Quest is recapitalizing in the wake
of the bombing. Expanding.","퀘스트사는
사업을 확장하고 있소"
1:03:20,"They made a tender offer
we can't ignore.",우리한테 제안을 하더군
1:03:23,Why wasn't I told?,제안이라뇨?
1:03:24,"They don't want a power struggle
with entrenched management.","기존 경영진들과의
마찰을 원하지 않았소"
1:03:28,The deal is off if you come with it.,당신이 반대해도 소용없소
1:03:31,"The board expects your resignation
in 30 days.",30일 내로 사임될 테니까
1:03:35,You can't do this to me.,이럴 순 없어
1:03:40,I started this company.,내가 만든 회사예요
1:03:43,You know how much I sacrificed?!,당신들이 뭘 알아?
1:03:49,"-Oh, Max. Please.
-Norman, the board is unanimous.","- 맥스, 제발
- 노만, 만장일치로 합의됐네"
1:03:55,"We're announcing the sale
after the World Unity Festival.","세계 통합 축제 후
매각을 발표할거야"
1:03:59,I'm sorry.,미안하네
1:04:02,"You're out, Norman.",자넨 끝났어
1:04:14,Am I?,내가?
1:04:20,"Welcome to OSCORP Industries
Unity Day Festival.",축제가 시작됐습니다
1:04:23,Let's hear it for Macy Gray.,매시 그레이입니다
1:05:03,"M.J., why didn't you wear
the black dress?","엠제이,
왜 검은색 안 입었어?"
1:05:07,"Just, I wanted to impress my father.
He loves black.","아버진 검은색을
좋아하시는데"
1:05:11,"Well, maybe he'll be impressed
no matter what. You think I'm pretty.","뭘 입어도
맘에 들어하실거야"
1:05:16,I think you're beautiful.,"그래, 예뻐"
1:05:31,"M.J., would you do me a favor?
I forgot my drink inside.",마실 거 가지러 갈래?
1:05:45,"-Oh, hi, Mr. Fargas.
-Oh, Harry.","- 안녕하세요
- 해리"
1:05:48,"-Have you seen my father around?
-Well, I'm not sure if he's coming.","- 저희 아버진요?
- 오셨는지 모르겠다"
1:06:05,"-What is that?
-Must be new this year.","- 저건 뭐지?
- 못 보던 건데요"
1:06:13,What is that?,뭐야?
1:06:14,That's our glider!,우리 글라이더야!
1:06:26,What the hell was that?,저게 뭐지?
1:06:56,Code three!,비상!
1:07:14,"-Oh, my God! Harry!
-M.J.!","- 해리!
- 엠제이!"
1:07:22,Harry! Help me! Harry!,"해리!
도와 줘, 해리!"
1:07:31,"Out, am I?",내가 끝이라구?
1:07:37,"-Mary Jane!
-Harry!","- 엠제이!
- 해리!"
1:07:43,"Hello, my dear.","안녕, 아가씨"
1:07:46,It's Spider-Man!,스파이더 맨이다
1:07:59,"-Come on, move, kid.
-Billy!","- 비켜, 꼬마야
- 빌리!"
1:08:04,Somebody help him!,도와줘요!
1:08:07,No!,안 돼!
1:08:10,Mommy!,엄마!
1:08:13,"-Hold it!
-I surrender.","- 꼼짝마!
- 항복"
1:08:16,"-Oh, boy.
-Hold it right there!","- 저런
- 움직이지마!"
1:08:24,Impressive.,센데
1:08:50,"-Mary Jane!
-Help! Someone please help me!","- 엠제이!
- 도와줘요!"
1:09:19,Hold on!,기다려!
1:09:21,Watch out!,조심해요!
1:09:31,"We'll meet again, Spider-Man!","또 보자구,
스파이더 맨!"
1:10:21,"Well, beats taking the subway.","지하철
타는 것보다는 낫죠"
1:10:24,"Don't mind us.
She just needs to use the elevator.","신경 쓰지 말고
하던 거 하세요"
1:10:27,Wait.,잠깐!
1:10:28,Who are you?,누구죠?
1:10:30,"-You know who I am.
-I do?","- 알잖아요
- 내가요?"
1:10:32,"Your friendly neighborhood
Spider-Man.","다정한 이웃,
스파이더 맨이요"
1:10:47,"Incredible?
What do you mean he's incredible?",믿을 수 없을 정도라니?
1:10:52,"No. All right, wait.
Stay there. I'm gonna come over.","기다려, 내가 갈께"
1:10:56,"No, I'm gonna come--","아냐, 내가 간..."
1:10:58,"All right. Fine.
Will you call me in the morning?","그래, 그럼
아침에 전화할래?"
1:11:02,"And we'll go and have breakfast
and...",같이 아침 먹고
1:11:05,...I wanna buy you something.,쇼핑이나 가자
1:11:07,"Because I want to.
It'll make you feel better.",기분이 좀 나아질거야
1:11:12,"Okay. And what do you mean,
incredible?","근데 스파이더 맨이
어쨌단거야?"
1:11:18,All right. I'm sorry. Sleep tight.,"알았어, 미안해
잘 자"
1:11:21,Don't let the bedbugs--,벌래 물리지...
1:11:28,"She's all right.
She's just a little rattled.",그냥 좀 기운이 없나 봐
1:11:33,"Look, Pete, I should have
told you about us.",그 동안 숨겨서 미안해
1:11:38,"But you should know
I'm crazy about her.",엠제일 사랑해
1:11:41,"It's just, you know,
you never made a move.",네가 안 나서길래
1:11:45,You're right.,맞아
1:11:47,I didn't.,그랬어
1:11:53,I'm gonna get some rest.,좀 쉬어야겠어
1:11:57,I'm gonna stay up for a while.,난 더 있을께
1:12:00,What was that thing?,그게 뭘까?
1:12:02,I don't know.,모르겠어
1:12:05,"Whatever it is,
somebody has to stop it.","그게 뭐든
누군가 막아야 돼"
1:12:24,Somebody there?,누가 있소?
1:12:26,Somebody.,누가 있냐구?
1:12:30,Who said that?,누구야?
1:12:32,Don't play the innocent with me.,순진한 척 하지마
1:12:38,You've known all along.,다 알고 있었잖아
1:12:44,Where are you?,어디야?
1:12:46,"Follow the cold shiver
running down your spine.",네 느낌을 따라가 봐
1:12:57,I'm right here.,여기야
1:13:00,I don't understand.,이해가 안돼
1:13:03,Did you think it was coincidence?,우연인줄 알았나?
1:13:07,"So many good things,
all happening for you.","너한테 일어난
그 좋은 일들이?"
1:13:10,All for you. Norman.,"그런가, 노만?"
1:13:17,What do you want?,원하는게 뭐야?
1:13:19,To say what you won't.,못할 말을 하고
1:13:21,To do what you can't.,못할 일을 하고
1:13:24,To remove those in your way.,"네 앞에 있는 놈들을
없애는 거"
1:13:32,The board members.,위원회 이사들
1:13:35,You killed them.,네가 죽였어
1:13:37,We killed them.,우리가 죽였지
1:13:39,We?,우리?
1:13:40,Remember?,기억나?
1:13:42,"Your little accident
in the laboratory.",실험실에서의 사고
1:13:47,The performance enhancers.,성능 강화 장치
1:13:48,"Bingo. Me!
Your greatest creation.","난 너의
위대한 창조물이야"
1:13:54,"Bringing you
what you've always wanted:",네가 늘 원하던걸 줬어
1:13:58,Power beyond your wildest dreams.,네가 꿈꾸던 권력
1:14:01,And it's only the beginning.,이제 시작이야
1:14:05,There's only one who can stop us.,"우리 상대는
단 하나 뿐이야"
1:14:10,Or imagine if he joined us.,"그놈을
우리편으로 만들어"
1:14:18,Spider-Man. And the Green Goblin.,"스파이더 맨,
그린 고블린"
1:14:22,"The Green Goblin. You like that?
Made it up myself.","그린 고블린
내가 만든 이름 어때?"
1:14:25,"These weirdos
all gotta have a name. Mr. Jameson, Spider--","- 괴물도 이름은 있어야지
- 제임스 씨-"
1:14:28,"-Hoffman!
-Yeah?","- 호프만!
- 네?"
1:14:31,"Copyright the name ""Green Goblin.""
I want a quarter every time it's said.","그린 고블린을
저작권 등록해"
1:14:35,"How about ""Green Meanie""?",그린 미니는 어때요?
1:14:38,"Spider-Man wasn't attacking the city.
That's slander.","그건 스파이더 맨에 관한
중상 모략예요"
1:14:41,It is not. I resent that.,틀렸어
1:14:43,"Slander is spoken.
In print, it's libel.",명예 훼손이라고 하는거야
1:14:46,You don't trust anybody.,안 믿는군요
1:14:48,I trust my barber.,내 이발사는 믿어
1:14:51,"What are you, his lawyer? Get out.",네가 그 놈 변호사야?
1:14:53,"Let him sue me,
get rich like a normal person. That's what made this country--","기분 나쁘면
고소하라고 해"
1:15:05,"Jameson, you slime.",교활한 놈
1:15:08,"Who's the photographer
who takes the pictures of Spider-Man?","스파이더 맨 사진
누가 찍었어?"
1:15:12,"I don't know.
His stuff comes by mail.","- 몰라, 우편으로 왔어
- 거짓말!"
1:15:14,"-You're lying!
-I swear.","- 몰라, 우편으로 왔어
- 거짓말! 맹세해"
1:15:16,"He's the one
who can bring me to him.","그놈이 있어야
스파이더 맨을 만나"
1:15:18,"-I don't know who he is.
-You are useless.","- 난 몰라
- 쓸모 없는 놈이군"
1:15:21,"Set him down, tough guy.",그만하시지
1:15:24,"-Speak of the devil.
-I knew you two were in this together!","- 양반은 못되는군
- 둘이 한패일줄 알았어!"
1:15:28,"Hey, kiddo, let Mom and Dad
talk for a minute, will you?","아가, 어른 들
얘기 좀 하자"
1:15:31,Sleep....,잠이나 자
1:15:48,"Wake up, little spider. Wake up.","일어나, 거미 새끼"
1:15:52,"No, you're not dead yet.",넌 아직 안 죽었어
1:15:57,Just paralyzed...,잠시동안
1:15:59,...temporarily.,마비된거야
1:16:02,"You're an amazing creature,
Spider-Man.",넌 놀라운 생물체야
1:16:05,You and I are not so different.,나랑 비슷해
1:16:09,I'm not like you. You're a murderer.,"난 너랑 달라
넌 살인자야"
1:16:12,"Well, to each his own.",그건 취향의 차이야
1:16:15,"I chose my path,
you chose the way of the hero.","이게 내 길이고
넌 영웅의 길이고"
1:16:19,"And they found you amusing
for a while, the people of this city.","너 때문에 사람들이
즐겁긴 했겠지만"
1:16:24,"But the one thing they love
more than a hero...",그들은 영웅의 실패
1:16:27,"...is to see a hero fail,
fall, die trying.","추락,
죽음에 더 열광해"
1:16:31,"In spite of everything you've done for
them, eventually, they will hate you.","그런 인간들을
무었때문에"
1:16:36,Why bother?,도와주려는거야?
1:16:37,"-Because it's right.
-Here's the real truth.","- 그게 옳으니까
- 진실은 이거야"
1:16:42,"There are eight million people
in this city.","이 도시
인구가 8백만이야"
1:16:45,"And those teeming masses exist
for the sole purpose...",그들의 유일한 존재 목적은
1:16:50,"...of lifting the few exceptional
people onto their shoulders.","비범한 소수를
떠받드는거야"
1:16:54,"You, me...",너나
1:16:56,...we're exceptional.,나 같은 사람
1:16:58,"I could squash you like a bug
right now.","당장 널
죽일수도 있지만"
1:17:03,"But I'm offering you a choice.
Join me.","선택할
기회를 주겠어"
1:17:07,"Imagine what we could
accomplish together.",나랑 함께 세계를
1:17:11,What we could create.,다시 창조하는거야
1:17:14,Or we could destroy.,아님 파괴하던가
1:17:16,"Cause the deaths of countless
innocents in selfish battle...","우리가 싸워봤자
무고한 사람들만"
1:17:20,"...again and again and again until
we're both dead. Is that what you want?","죽게될텐데, 그걸 원해?"
1:17:27,"Think about it, hero.","생각해봐, 영웅"
1:17:42,"In spite of everything you've done for
them, eventually, they will hate you.","그런 인간들을
왜 도와주려는거야?"
1:17:58,"-It's me again.
-Hey!",또 보네
1:18:00,How was your audition?,오디션 어땠어?
1:18:01,"-How'd you know?
-The hot line. Your mom...","- 어떻게 알았어?
- 숙모가"
1:18:05,"...told my aunt, told me.",너희 엄마한테 들으셨대
1:18:07,So you just came by?,그래서 온 거야?
1:18:08,"I was in the neighborhood.
Needed to see a friendly face.",근처 지나다가 그냥...
1:18:12,"I took two buses and a cab
to get in the neighborhood, but....","버스 두 번에
택시까지 타고..."
1:18:17,So how'd it go?,오디션은?
1:18:21,They said I needed acting lessons.,더 공부하고 오래
1:18:24,"A soap opera told me
I needed acting lessons.",거지같은 연속극 주제에
1:18:27,"Let me buy you a cheeseburger.
The sky's the limit, up to $7.84.","치즈버거 사줄께
7.84달러 내에서 실컷 먹어"
1:18:34,I'd like a cheeseburger.,치즈버거 먹고 싶어
1:18:37,"Oh, but I'm going out to dinner
with Harry.","참, 해리랑
저녁 먹기로 했어"
1:18:41,Come with us.,같이 가자
1:18:42,"No, thanks. How's it going with...?","됐어,
해리랑은 잘...?"
1:18:47,"Never mind.
That's none of my business.","아냐, 관두자"
1:18:50,It's not?,아니라구?
1:18:53,Why so interested?,왜 신경 쓰는데?
1:18:55,I'm not.,신경 안 써
1:18:57,You're not?,안 써?
1:19:00,"-Well, why would I be?
-I don't know.","- 왜 그러겠어?
- 모르겠어"
1:19:03,Why would you be?,왜 신경쓸까?
1:19:07,"I, that's a--",그게...
1:19:09,I don't know.,모르겠어
1:19:13,Sorry you won't come with us.,아쉬운 거절인데
1:19:18,"I better run, tiger.",그만 가볼께
1:19:29,"Hey, check it out, man.","야, 죽이는데"
1:19:31,"Come on, man.",따라와
1:19:36,"Hey, where you going, baby?
Come on!","같이 가, 아가씨!"
1:19:57,Get off me!,저리 가!
1:20:32,Wait!,잠깐만요!
1:20:38,"You have a knack
for getting in trouble.","당신한텐
문제가 따라다녀"
1:20:41,"You have a knack for saving my life.
I think I have a superhero stalker.","당신도 따라다니구
영웅 스토커네요"
1:20:46,I was in the neighborhood.,근처 지나다가...
1:20:49,You are amazing.,당신은 대단해요
1:20:53,Some people don't think so.,남들은 아니라던데
1:20:57,"-But you are.
-Nice to have a fan.","- 대단해요
- 팬이 생겼군"
1:21:00,Do I get to say thank you this time?,이제 인사해도 돼요?
1:21:05,Wait.,잠깐
1:22:15,Let me in! My baby's in there!,우리 아기가 안에 있어요!
1:22:17,"-Let me go!
-The roof's collapsing!","- 보내줘요!
- 무너져요!"
1:22:20,"-Somebody save my baby!
-The roof's about to collapse!","- 구해줘요!
- 무너진다구요!"
1:22:23,Look! Up there!,저기 봐요!
1:22:31,"Save my baby, please!",아기 좀 구해주세요!
1:22:57,No!,안 돼!
1:23:06,"-It's okay. Your baby's fine.
-Oh, my baby!","- 아긴 무사해요
- 우리 아기!"
1:23:11,"God bless you, Spider-Man.
Bless you.","고마워요, 스파이더 맨"
1:23:14,Don't let him get away!,그 자를 잡아 둬!
1:23:16,"Hold it! You're under arrest.
I'm taking you in.",꼼짝마! 넌 체포됐어
1:23:19,"Oh, my God, there's somebody
still up there!",또 누가 있나봐요!
1:23:24,I'm going.,가야 돼요
1:23:27,"-I'll be here when you get back.
-Not coming back, chief.","- 갔다오면 체포하지
- 다시 안 올텐데"
1:23:31,Go! Go!,가! 가!
1:23:41,Where are you?,어디예요?
1:23:44,Where are you?,어딨어요?
1:23:51,I'm gonna get you out of here!,내가 구해 줄게요
1:23:56,It's okay.,괜찮아요
1:24:05,You're pathetically predictable.,정말 단순한 놈이야
1:24:08,Like a moth to the flame.,벌레처럼
1:24:10,What about my generous proposal?,"내 제안은
생각해 본거야?"
1:24:14,"Are you in, or are you out?","동참할래, 사라질래?"
1:24:17,"It's you who's out, Gobby.
Out of your mind. Wrong answer.","- 정신 나갔군
- 틀렸어"
1:24:23,"Oh, great.",이런
1:25:03,No one says no to me!,넌 날 못 이겨!
1:25:13,"-M.J., will you stop goofing around?
-Harry, relax.","- 그만 좀 할래?
- 진정해"
1:25:19,He's here.,오셨다
1:25:21,"-Are you ready?
-Yeah.",준비됐니?
1:25:25,Aunt May. I'm sorry I'm late.,"숙모님,
늦어서 죄송해요"
1:25:28,"Work was murder.
I picked up a fruitcake.","일이 많아서
케잌 사왔어요"
1:25:31,"Thank you, Mr. Osborn.
We're so glad you could come.","고마워요
잘 오셨어요"
1:25:35,Who is this lovely young lady?,저 숙녀분은 누구니?
1:25:37,"I'd like you to meet my father.
Dad, this is Mary Jane Watson.","우리 아버지
여긴, 엠제이예요"
1:25:42,"I've been looking forward
to meeting you.",반가워
1:25:45,"-Happy Thanksgiving, sir.
-Now, where is Peter?","- 뵙게 돼서 기뻐요
- 피터는 어디갔니?"
1:25:49,"He'd better have remembered
that cranberry sauce.",소스 사 오랬는데
1:25:57,"Oh, that's weird.
I didn't know he was here.","집에 없는 줄
알았는데"
1:26:03,Peter?,피터?
1:26:13,Is that you?,안에 있니?
1:26:20,How strange. There's nobody here.,"이상하다
아무도 없어"
1:26:31,"-Bit of a slob, isn't he?
-All brilliant men are.","- 다루기 힘들죠?
- 똑똑하니까요"
1:27:08,"-Hey, everyone.
-Oh, Peter!","- 안녕하세요
- 오, 피터!"
1:27:11,"Sorry I'm late,
it's a jungle out there.",전쟁이 따로 없어요
1:27:13,"I had to beat an old lady with a stick
to get these cranberries.","이것 땜에
웬 할머니랑 싸우고"
1:27:17,"Thank you.
Now then, everybody sit down...","수고했어
자, 모두들 앉아서"
1:27:20,...and we can say grace.,식사합시다
1:27:25,Here we go.,갑니다
1:27:34,"-There we are.
-It looks delicious.","- 여기요
- 맛있겠는데요"
1:27:40,Will you do the honors?,좀 잘라 주시겠어요?
1:27:54,"Why, Peter, you're bleeding.","피터, 피나잖니"
1:27:59,"Oh, yeah.... I stepped off a curb and got clipped
by one of those bike messengers.",자전거에 부딪혔어요
1:28:05,"Well, let me see.",어디 보자
1:28:07,"Oh, my goodness.",세상에
1:28:09,"-Oh, that looks awful.
-No, it's nothing.","- 심하구나
- 괜찮아요"
1:28:12,"I'll get the first-aid kit.
Then we'll say grace.","약 가져오마
그리고 기도하자"
1:28:15,"This is the boys' first Thanksgiving
here, and we'll do things properly.","오늘은 이 집에서 보내는
첫 번째 추수 감사절이잖니"
1:28:21,How did you say that happened?,어쩌다 다쳤다구?
1:28:25,Bike messenger.,자전거요
1:28:27,Knocked me down.,넘어졌어요
1:28:34,"-If you'll excuse me, I've got to go.
-Why?","- 미안하지만 가 봐야겠다
- 왜요?"
1:28:38,"Something
has come to my attention.",갑자기 할 일이 생각났어
1:28:42,Are you all right?,괜찮으세요?
1:28:44,"I'm fine, just fine.
Thank you, Mrs. Parker. Everyone.","괜찮아
감사합니다, 부인"
1:28:48,"-Enjoy the fruitcake.
-Dad!","- 맛있게 드세요
- 아빠!"
1:28:52,"I planned this so you'd meet M.J.,
and now you have to leave?","이게 뭐예요?
엠제인 어떡해요?"
1:28:56,I've got to go.,난 가야 돼
1:28:58,"-This girl is important to me.
-Harry, please. Look at her.","- 여기도 중요해요
- 잘 생각해라"
1:29:03,"Think she's sniffing around
because she likes your personality?","걔가 널 진심으로
좋아할 것 같아?"
1:29:07,"-What are you saying?
-Your mother was beautiful too.","- 뭐라구요?
- 여자들이란"
1:29:10,"They're all beautiful. Until they're snarling after your trust
fund like a pack of ravening wolves.","재산을 노리기 전 까진
누구나 아름다운 법이야"
1:29:16,"You're wrong about her, Dad.",엠제인 아녜요
1:29:17,"A word to the not-so-wise
about your little girlfriend:","정신 나간 네 놈한테
충고 하나 해주마"
1:29:21,"Do what you need to with her,
then broom her fast.","즐길거 즐기고
빨리 차 버려"
1:29:35,"Thanks for sticking up for me,
Harry.",변명 해줘서 고맙다
1:29:38,"-You heard?
-Everyone heard that creep.","- 들었어?
- 개소린 다 들려"
1:29:41,"That creep is my father.
With luck, I'll be half of what he is.","내가 존경하는
우리 아빠야"
1:29:45,"Shut up about stuff
you don't understand!","알지도 못하면서
함부로 말하지마!"
1:29:48,Harry Osborn!,해리!
1:29:50,"I'm sorry, Aunt May.","죄송해요, 숙모님"
1:29:55,Spider-Man is all but invincible.,스파이더 맨은 어렵겠어
1:29:59,"But Parker, we can destroy him.",하지만 피터라면 다르지
1:30:02,I can't.,난 못해
1:30:04,"Betrayal
must not be countenanced.",배신은 절대 용서 못해
1:30:07,Parker must be educated.,피터는 공부 좀 해야 돼
1:30:12,What do I do?,어쩌라구?
1:30:13,"Instruct him in the matters
of loss and pain.","상실과 고통이 뭔지
가르쳐 줘"
1:30:17,"Make him suffer.
Make him wish he were dead.","죽고 싶어 할 만큼
고통스럽게 만들어"
1:30:20,Yes?,알았어
1:30:22,And then grant his wish.,그리고 죽여버려
1:30:25,But how?,어떻게?
1:30:26,"The cunning warrior attacks
neither body nor mind.","한방이 승패를
좌우하는거야"
1:30:31,Tell me how!,방법을 말해!
1:30:32,"The heart, Osborn.",심장!
1:30:34,"First, we attack his heart.",그놈 심장을 공격해
1:30:39,"Give us this day our daily bread,
and forgive us our trespasses...","우리에게 일용할
양식을 주옵시고"
1:30:43,"...as we forgive those
who trespass against us.","시험에 들게 하지
마옵시고"
1:30:46,"Lead us not into temptation,
but deliver us--","다만 악에서
구하옵소서"
1:30:58,Deliver us!,우리를 구하옵소서!
1:31:01,Finish it!,그만!
1:31:02,"-Finish it!
-From evil!","- 그만해!
- 악에서 구하소서!"
1:31:16,Get the BP.,혈압 체크
1:31:18,"Aunt May. Is she gonna be okay?
What happened?","괜찮으신 거예요?
무슨 일이에요? 나가 있어요"
1:31:21,You have to leave.,나가 있어요
1:31:23,"-What happened?
-Those eyes!","- 무슨 일예요?
- 그 눈!"
1:31:25,Those horrible yellow eyes!,그 끔찍한 노란 눈!
1:31:34,He knows who I am.,날 알아냈어
1:32:20,I'm sorry.,죄송해요
1:32:26,"-Will she be okay?
-She's gonna be fine.","- 괜찮으실까?
- 그러실거야"
1:32:28,She's been sleeping all day.,계속 주무셔
1:32:32,"-Thanks for coming.
-Of course.","- 와 줘서 고마워
- 별소릴"
1:32:39,"How are you?
You okay about the other night?","넌 어때?
그날 괜찮았어?"
1:32:42,"Yeah, I'm fine. I just felt bad
about leaving Aunt May.","괜찮아, 숙모님께
죄송했을 뿐이야"
1:32:46,"-Have you talked to Harry?
-He called me.","- 해리랑은?
- 전화 왔는데"
1:32:49,I haven't called him back.,안 받았어
1:32:53,The fact is...,실은...
1:32:56,"-...I'm in love with somebody else.
-You are?","- 다른 사람을 사랑해
- 정말?"
1:32:59,At least I think I am.,그런 것 같애
1:33:03,"-It's not the right time to talk about it.
-No. Go on.","- 나중에 얘기할께
- 아냐, 해봐"
1:33:06,"Would I know his name, this guy?",그 사람 이름이 뭐야?
1:33:10,"You'll think I'm a stupid little girl
with a crush.","날 정신 나간
여자라고 생각할걸"
1:33:13,Trust me.,아냐
1:33:15,It's funny.,좀 특별해
1:33:18,"He's saved my life twice,
and I've never even seen his face.","생명의 은인인데
얼굴도 못 봤어"
1:33:22,"-Oh. Him.
-You're laughing at me.","- 아, 그 사람
- 비웃네"
1:33:26,"No, I understand.
He is extremely cool.","아냐, 이해해
멋있는 사람이야"
1:33:29,"But do you think it's true, all the
terrible things they say about him?","스파이더 맨에 관한
안 좋은 말들이 사실일까?"
1:33:32,"No, no. Not Spider-Man,
not a chance in the world.",절대 사실이 아냐
1:33:36,I know him a little bit.,내가 알아
1:33:38,"I'm sort of his unofficial
photographer.",그의 비공식 사진사거든
1:33:41,"-Has he mentioned me?
-Yeah.","- 내 얘기하든?
- 그럼"
1:33:45,What'd he say?,뭐래?
1:33:47,I said....,내가...
1:33:49,"He asked me
what I thought about you.","아니, 그는
너에 대해 궁금해 했어"
1:33:54,And what did you say?,그래서?
1:33:57,"I said, ""Spider-Man.""","내가 말해줬지,
스파이더 맨"
1:34:02,"I said, ""The great thing about M.J...","엠제이와의
가장 근사한 일은"
1:34:07,...is...,둘이
1:34:09,...when you look in her eyes...,함께 서로의 눈을
1:34:15,...and she's looking back in yours...,들여다 보는거야
1:34:19,...everything feels...,모든게
1:34:23,...not quite normal.,달라 보일걸
1:34:26,Because you feel...,더 강해지는
1:34:29,...stronger...,동시에
1:34:32,...and weaker at the same time.,더 약해진걸 느낄거야
1:34:37,You feel excited...,넌
1:34:40,...and at the same time...,흥분되면서도
1:34:42,...terrified.,두려울거야
1:34:46,"The truth is, you don't know
what you feel...","넌 너의
꿈과 이상은 알면서"
1:34:52,"...except you know what kind of man
you want to be.",너의 사랑은 모르고 있어
1:34:58,It's as if you've...,네가 진짜
1:35:01,...reached the unreachable...,원하는걸 잡았으면서도
1:35:06,"...and you weren't ready for it.""",모르고 있다구
1:35:12,You said that?,그렇게 말했어?
1:35:14,"Well, something like that.","뭐, 비슷하게"
1:36:01,Dad?,아빠?
1:36:08,"Dad, is that you?",아빠예요?
1:36:16,What is it?,왜?
1:36:20,"Well, you were right about M.J.
You're right about everything.","아빠 말이 맞았어요
전부 다요"
1:36:26,She's in love with Peter.,"엠제인
피터를 사랑해요"
1:36:29,"-Parker?
-Yeah.","- 피터?
- 네"
1:36:31,And how does he feel about her?,피터는 어떤데?
1:36:36,He's loved her since the 4th grade.,아닌 척 하지만
1:36:39,"He pretends like he doesn't, but
there's no one Peter cares for more.","오래 전부터
좋아하고 있었어요"
1:36:47,I'm so sorry.,미안하다
1:36:52,"I haven't always been there for you,
have I?","아빠로서 늘
힘이 못 돼줬어"
1:36:57,"You're busy. You're an important man.
I understand.","바쁘시잖아
이해해요"
1:37:00,That's no excuse.,그건 변명이 안돼
1:37:03,I'm proud of you.,언제부턴가
1:37:05,"I've lost sight of that somewhere.
But I'll make it up to you.","네가 자랑스럽단
사실을 잊고 있었어"
1:37:10,"I'm going to rectify
certain inequities.",이제부터라도 달라지마
1:37:28,"Wake up, little spider.","일어나,
꼬마 스파이더"
1:37:30,Wake up.,일어나
1:37:33,"Go home, dear.",집에 가거라
1:37:34,You look awful.,안좋아 보여
1:37:36,"-And you look beautiful.
-Well, thank you.","- 숙모는 예쁘구요
- 고맙다"
1:37:38,"-I don't like to leave you here.
-But I'm safe here.","- 혼자는 못 가요
- 난 괜찮아"
1:37:42,"-Can I do anything for you?
-You do too much.","- 제가 할 일은요?
- 넌 많은걸 했어"
1:37:45,"College, a job, all this time with me.
You're not Superman, you know.","학교, 일에 나한테 까지,
넌 슈퍼맨이 아냐"
1:37:51,A smile. Finally.,이제야 웃는구나
1:37:53,"Haven't seen one of those on
your face since Mary Jane was here.","엠제이가 다녀간 뒤론
통 안 웃더니"
1:37:56,"Hey.
You were supposed to be asleep.",주무신 것 아니었어요?
1:38:01,"You know, you were about 6 years old
when M.J.'s family moved in next door.","네가 6살 때쯤
엠제이가 이사왔다"
1:38:06,"And when she got out of the car,
and you saw her for the first time...","넌 차에서 내리는
그 앨 보고는"
1:38:10,"...you grabbed me and said,
""Aunt May, is that an angel?""","나한테 물었다
숙모, 저게 천산가요?"
1:38:16,"-Gee, did I say that?
-You sure did.","- 제가 그랬어요?
- 분명히 그랬어"
1:38:22,"Well, Harry's in love with her.",해리는 여전히
1:38:25,"-She's still his girl.
-Well, isn't that up to her?","- 엠제이를 사랑해요
- 엠제이의 마음은?"
1:38:29,"-She doesn't really know who I am.
-Because you won't let her.","- 걘 날 몰라요
- 네게 문제가 있어"
1:38:34,You're so mysterious all the time.,넌 너무 비밀이 많아
1:38:38,"Tell me, would it be so dangerous...",엠제이가 네 감정을
1:38:41,"...to let Mary Jane know
how much you care?","알면 안 되는
이유라도 있니?"
1:38:45,Everybody else knows.,다들 아는 사실인데
1:38:50,I'll be right back.,금방 올께요
1:38:52,But....,얘야...
1:39:01,"Come on, pick up.","제발, 받아"
1:39:03,"-Hey, M.J.--
-Hi, it's me. Sing your song at the beep.","- 엠제이, 난데-
- 용건 남겨 주세요"
1:39:08,"M.J., it's Peter. You there?","엠제이, 집에 없니?"
1:39:10,Hello? You there?,여보세요? 없어?
1:39:13,"I'm just calling to check up on you.
Will you call me when you get in?","궁금해서 했어
오면 전화해줄래?"
1:39:18,"All right, well....",그리고...
1:39:19,Don't....,골목길로는...
1:39:22,Don't go up any dark alleys.,다니지마
1:39:24,Hello?,여보세요?
1:39:28,Can Spider-Man come out to play?,심심한데 놀러올래?
1:39:32,Where is she?,엠제이 어딨어?
1:40:20,"-What is that?
-That's cool!","- 뭐야?
- 멋있다!"
1:40:22,"The itsy-bitsy spider
Went up the water spout","거미가
홈통을 올라가네"
1:40:26,"Down came the goblin
And took the spider out","고블린이
거미를 잡아먹었네"
1:40:47,"Goblin, what have you done?","고블린, 무슨 짓이야?"
1:41:32,"Spider-Man!
This is why only fools are heroes.","스파이더 맨!
영웅은 바보라더니"
1:41:36,Because you never know...,이런 선택이
1:41:38,"...when some lunatic will come along
with a sadistic choice:","주어질 줄은
꿈에도 몰랐겠지?"
1:41:44,Let die the woman you love...,사랑하는 여자야?
1:41:50,...or suffer the little children.,"아니면
죄 없는 애들이야?"
1:41:58,"-Spider-Man!
-Save us!","- 스파이더 맨!
- 구해 주세요!"
1:42:01,Save us!,구해 주세요!
1:42:03,"Make your choice, Spider-Man...","선택해, 스파이더 맨"
1:42:06,...and see how a hero is rewarded.,"영웅 노릇이
쉬운게 아니라구"
1:42:10,"Don't do it, Goblin!","그만해, 고블린!"
1:42:12,We are who we choose to be.,우린 가는 길이 달라
1:42:15,"-Now, choose!
-No!","- 선택해!
- 안 돼!"
1:42:47,Everybody stay still!,움직이지 말아요!
1:42:58,Ahoy up there!,이봐요!
1:42:59,"We're gonna bring the barge
right under you.",배를 아래로 대줄께요
1:43:10,"-He's coming back!
-Listen. I need you to climb down.","- 다시 와요!
- 내려가요"
1:43:14,"-I can't.
-Yes, you can!","- 못해요
- 할 수 있어요!"
1:43:20,"M.J., you can do it. You have to.","할 수 있어요!
해야 돼"
1:43:24,Trust me.,날 믿어요
1:43:27,Hold on tight and go quickly.,"꽉 잡고
빨리 내려가요"
1:43:35,"-Hurry!
-I can't. I can't do it.","- 빨리!
- 못하겠어요"
1:43:37,"Hang on, Mary Jane!",꽉 잡아요
1:44:07,"-He's not gonna make it.
-He's gonna make it!","- 틀린 것 같은데
- 해낼거야"
1:44:20,It's time to die.,네 놈은 이제 끝이야
1:44:30,"Come on up here, tough guy,
I got something for you! We ought to kick your ass!","- 너 이리와!
- 묵사발 내주마!"
1:44:34,"Leave Spider-Man alone! You're
gonna pick on a guy saving kids?","왜 애들을 구하려는
사람을 괴롭혀?"
1:44:38,"I got something for your ass! Mess with Spidey,
you mess with New York!",덤빌테면 덤벼 봐!
1:44:42,"You mess with one of us,
you mess with all of us!","너만 빼고
다 같은 편이야"
1:44:58,"Spider-Man, watch out!","스파이더 맨, 조심해요!"
1:45:32,"Misery, misery, misery.
That's what you've chosen.","불행, 불행
네가 선택한거야"
1:45:37,I offered you friendship...,난 우정을 제의했건만
1:45:40,...and you spat in my face.,내 얼굴에 침을 뱉다니
1:46:32,"You've spun your last web,
Spider-Man.","이제 소용없어,
스파이더 맨"
1:46:36,"Had you not been so selfish,
your little girlfriend's death...","네가 잘난 척만
안 했어도, 엠제이는"
1:46:40,"...would have been quick
and painless.",편하게 죽었겠지만
1:46:42,"But now that you've really
pissed me off...",네가 날 화나게 했으니
1:46:45,"...I'm gonna finish her
nice and slow.","천천히 친절하게
죽여주마"
1:46:55,M.J. and I...,엠제이와 나
1:46:58,...we're gonna have a hell of a time.,"아주 황홀한
시간이 될 거야"
1:47:55,"Peter, stop!","피터, 그만!"
1:47:57,Stop! It's me.,그만해! 나야
1:48:08,Mr. Osborn.,아저씨
1:48:10,"Peter, thank God for you.",너라서 다행이다
1:48:11,"You killed those people
on that balcony.","아저씬
사람들을 죽였어요"
1:48:14,"The Goblin killed!
I had nothing to do with it!","고블린 짓이야!
내가 아냐!"
1:48:17,Don't let him take me again.,그놈 좀 떼내줘
1:48:19,I beg you. Protect me.,날 보호해 달라구
1:48:21,"You tried to kill Aunt May.
You tried to kill Mary Jane.","숙모랑 엠제이까지
죽이려고 했어요"
1:48:25,But not you.,그래도 난
1:48:27,"I tried to stop it.
But I couldn't stop it.",널 죽이는건 반대했어
1:48:31,I would never hurt you.,널 다치게 하진 않겠어
1:48:34,I knew from the beginning...,무슨 일이 생기면
1:48:36,...if anything ever happened to me...,내가 믿을 수 있는 건
1:48:39,...it was you I could count on.,너밖에 없어
1:48:41,"You, Peter Parker, would save me,
and so you have.","날 구해 줄 사람은
너 뿐이야"
1:48:45,Thank God for you.,다행이다
1:48:48,Give me your hand.,우리 악수하자
1:48:50,"Believe in me,
as I believed in you.","제발, 날 믿어다오"
1:48:55,I've been like a father to you.,아버지같은 사람이잖아
1:49:00,Be a son to me now.,넌 내 아들이야
1:49:03,I have a father.,내 아버진
1:49:06,His name was Ben Parker.,벤 파커예요
1:49:10,"Godspeed, Spider-Man.",어디 잘해봐라
1:49:31,Peter.,피터
1:49:34,Don't tell Harry.,해리한텐 말하지 마라
1:50:08,What have you done?,뭐야?
1:50:10,What have you done?!,무슨 짓이야?
1:50:40,"I'm so sorry, Harry.",정말 유감이야
1:50:43,"I know what it's like
to lose a father.","아버질 잃는게
어떤건지 알아"
1:50:48,"I didn't lose him.
He was stolen from me.","잃은게 아니라
뺏긴거야"
1:50:53,One day Spider-Man will pay.,가만두지 않겠어
1:50:57,"I swear on my father's grave,
Spider-Man will pay.","스파이더 맨한테
꼭 복수할거야"
1:51:05,"Thank God for you, Peter.",네가 있어 다행이다
1:51:08,You're the only family I have.,넌 유일한 가족이야
1:51:35,No matter what I do...,내가 뭘 하든
1:51:37,...no matter how hard I try...,나 때문에
1:51:41,"...the ones I love will always
be the ones who pay.","사랑하는 사람들이
희생됐다"
1:51:55,You must miss him so much.,삼촌이 보고 싶구나?
1:51:59,It's been so hard without him.,안 계시니까 힘들어
1:52:05,"There's something
I've been wanting to tell you.",너한테 말하려던게 있어
1:52:09,When I was up there...,다리 위에서
1:52:12,...and I thought I was gonna die...,죽을 뻔했을 때
1:52:16,"...there was only one person
who I was thinking of.",딱 한 사람이 생각나더라
1:52:21,And it wasn't who I thought it'd be.,전혀 예상치 못한 사람
1:52:26,"It was you, Pete.",바로 너였어
1:52:29,I kept thinking:,계속 이런 생각이 들더라
1:52:32,"""I hope I make it through this...",피터 얼굴을
1:52:36,"...so I can see Peter Parker's face
one more time.""","한번만 더 봤으면
좋겠다고 생각했어"
1:52:42,Really?,정말?
1:52:43,"There's only one man
who's always been there for me...","늘 내 편이 돼 줬던
유일한 사람"
1:52:50,...who makes me feel...,진정한
1:52:53,"...like I'm more than I ever
thought I could be.","내 가치를
깨닫게 해준 사람"
1:52:59,That I'm just...,난 그냥
1:53:01,...me.,난데
1:53:04,And that's okay.,그래도 좋았어
1:53:08,The truth is...,널...
1:53:11,...I love you.,사랑해
1:53:15,"I love you so much, Peter.",아주 많이 사랑해
1:53:38,"All I wanted was to tell her
how much I loved her.","난 오직 사랑한단 말을
하고 싶었다"
1:53:43,I can't.,안돼
1:53:47,You can't what?,뭐가 안돼?
1:53:50,Tell you...,너한테
1:53:53,"...everything.
I mean, there's so much to tell.",말 못한 게 너무 많아
1:53:58,Yeah. There's so much to tell.,"그래, 아주 많아"
1:54:03,I want you to know...,난
1:54:05,"...that I will always be there
for you.",널 위해서라면
1:54:08,"I will always be there
to take care of you.","항상 네 곁에
있을 수 있어"
1:54:13,I promise you that.,약속할게
1:54:19,I will always be your friend.,난 늘 네 친구야
1:54:24,Only a friend...,그냥 친구
1:54:27,...Peter Parker?,피터?
1:54:30,That's all I have to give.,난 그것밖에 못해
1:54:59,"Whatever life holds in store
for me...",내 삶이 어떻게 흘러가든
1:55:02,...I will never forget these words:,"이 말은
잊지 못할 것이다"
1:55:05,"""With great power
comes great responsibility.""","""큰 힘엔
큰 책임이 따른다"""
1:55:11,This is my gift.,내겐 축복이자
1:55:13,My curse.,저주다
1:55:16,Who am I?,내가 누구냐구?
1:55:18,I'm Spider-Man.,스파이더 맨
