﻿Time,Subtitle,Translation
1:39,"Have you ever confused
a dream with life?","꿈과 현실이
구분되지 않은 적 있나요?"
1:46,"Or stolen something
when you have the cash?","돈이 있는데
물건을 훔친 적은 없어요?"
1:54,Have you ever been blue?,우울한 적 없나요?
1:58,"Or thought your train moving
while sitting still?","가만히 앉아 있는데
움직인다고 느낀 적은요?"
2:04,Maybe I was just crazy.,"내가 정말
미쳤던 걸 수도 있어요"
2:09,Maybe it was the '60s.,60년대였기 때문일 수도 있죠
2:12,Or maybe I was just a girl...,"아니면 난 그저
장애가 많던..."
2:16,...interrupted.,소녀였던 거예요
2:18,"-Put her in restraints. Withdraw blood.
-Hold on.","- 혈액 채취해요
- 가만히 있어요"
2:21,"Give her five milligrams of Valium, IV.","신경 안정제
500밀리그램 놓고요"
2:25,Turn her head so she doesn't aspirate.,"기도 막히지 않게
고개 돌려요"
2:27,There you go.,잘했어요
2:29,"Aspirin fragments and vodka, I think.",아스피린과 보드카 같습니다
2:32,"Don't tell me what you think.
Take it to the lab.","견해를 내놓지 말고
연구실로 보내요"
2:35,"You should check my hand.
There's no bones in it.",제 손 좀 봐 주세요 뼈가 없어요
2:39,A wrist banger.,멍 자국이에요
2:41,"-Is that why you did this?
-And other things.","- 죽으려고 했어요?
- 꼭 그런 건 아니에요"
2:46,Her parents are on the way.,부모가 오고 있대요
2:49,Sometimes it's hard...,가끔은
2:51,...for me to stay in one...,한 곳에 머무르는 게
2:54,...place.,참 어려워요
2:56,Susanna...,수잔나
2:58,"...if you had no bones
in your hand...",손에 뼈가 없었다면
3:02,...how did you pick up the aspirin?,아스피린은 어떻게 집었지?
3:14,What is my mother doing?,엄마가 뭐 하는 거예요?
3:17,"Would you answer my question, please?",대답해 주겠니?
3:20,"How did you pick up the aspirin
if you had no bones in your hand?","손에 뼈가 없었다면
어떻게 아스피린을 집었지?"
3:26,"By then, they'd come back.",그때 다시 뼈가 생겼어요
3:32,I see.,그렇구나
3:34,"No, you don't.",당신은 몰라요
3:37,Well...,그러면
3:40,"...indulge me, then.",내가 이해할 수 있게
3:43,Explain it to me.,설명해 주렴
3:47,Explain what?,뭘 설명해요?
3:49,"Explain to a doctor that the laws
of physics can be suspended?","의사에게 물리 법칙이
항상 옳지 않다는 걸요?"
3:55,"That what goes up
may not come down?","위로 올라간 것이
안 내려올 수 있다는 것?"
4:03,Explain...,그리고
4:04,...that time...,시간은...
4:07,...can move backwards and forwards...,앞뒤로 움직이고
4:11,...and now to then and back again...,다시 반대로 움직일 수 있으며
4:14,...and you can't control it?,통제 불가능하다는 거요?
4:17,Why can't you control it?,왜 통제를 못 하지?
4:22,What?,네?
4:23,Why can't you control time?,"왜 시간을
통제 못 하는 거지?"
4:45,"Where were you?
Everyone is here. Come on.","다들 왔는데 어디 있었니?
이리 와"
4:53,"-Mary, you remember Susanna.
-Yes, I do.","- 메리, 수잔나 알지?
- 그럼"
5:00,You're wearing this?,그렇게 입고 왔어?
5:01,"I didn't know it was so early.
I would've changed.","시간을 착각했어요
아니면 갈아입었죠"
5:05,"Everybody, look who's here.","여러분, 누가 왔게요?"
5:08,"-Happy birthday, Dad.
-Thanks, sweetie.","- 생일 축하해요, 아빠
- 고맙다"
5:12,"I'm sorry, I want to say hi to her.",잠깐 인사하고 올게요
5:14,"Sweetie, would you hold this for me?
I just want to say hi to Susanna.","여보, 내 잔 좀 부탁해요
수잔나한테 인사하고 올게요"
5:19,Excuse me. Susanna!,"실례할게요, 수잔나!"
5:22,"-Susanna!
-Professor Gilcrest's wife.","- 수잔나!
- 길크레스트 교수 부인이야"
5:25,"Barbara Gilcrest.
You remember me?","바버라 아줌마야, 기억하니?"
5:27,Bonnie's mom. I'm Bonnie's mom.,보니 엄마잖아
5:30,Your skin is so beautiful.,피부가 정말 예쁘구나
5:32,Wasn't Bonnie in your lit. class?,"보니랑 같이
문학 수업 들었지?"
5:35,Yeah. How is she doing?,"맞아요, 보니는 잘 지내요?"
5:37,She just got accepted to Radcliffe.,"래드클리프 칼리지에
합격했단다"
5:40,What a conundrum.,이해 못 하겠어
5:42,"I'm a Wellesley girl, myself.",내가 웰즐리를 나왔잖니
5:43,"But I think young women should
make up their own mind, don't you?","그래도 애들이 알아서 하도록
내버려 둬야겠지?"
5:51,Are you stoned?,마약 했니?
5:57,Do you smoke pot?,마리화나 피워?
6:01,Take LSD?,환각제?
6:06,No drugs?,마약은 안 해?
6:14,How do you feel right now?,지금 기분은 어때?
6:19,I...,잘...
6:22,...don't know.,모르겠어요
6:25,I don't know what I'm feeling.,제 기분을 모르겠어요
6:30,You need a rest.,휴식이 필요한 거야
6:33,"Well, I'll go home, take a nap.",집에 가서 낮잠을 자야겠어요
6:36,"No. You need to go somewhere
where you can get a genuine rest.","아니, 진짜 쉴 수 있는 곳에
가야 해"
6:41,And you're very lucky.,넌 운이 좋은 거야
6:43,"The best place
for someone like you...","너 같은 사람을 위한
최적의 장소가"
6:45,"...is less than
a half an hour from here.",30분 이내의 거리에 있거든
6:48,You don't mean Claymoore?,클레이무어 말씀이세요?
6:53,Four days ago...,나흘 전에
6:55,"...you chased a bottle of aspirin
with a bottle of vodka.","넌 보드카 한 병과
아스피린 한 통을 비웠어"
7:00,I had a headache.,두통 때문이었어요
7:08,Your father is a friend of mine.,네 아버지가 내 친구란다
7:11,"He's a colleague.
He asked me to see you...","동료지
내게 널 봐 달라고 부탁했어"
7:14,...even though I don't do this anymore.,요즘 상담을 안 하는데도
7:18,You're hurting everyone around you.,"너 때문에 주변 사람들이
아주 힘들어"
7:23,"Now, Claymoore is a topnotch place.",클레이무어는 최고의 시설이야
7:28,A lot of people go there.,많은 사람이 찾지
7:31,Even writers.,작가들도 가고
7:32,Like you.,너도 작가잖니
7:37,Great.,잘됐네요
7:53,"Yes, I'd like a cab
at 1240 Milford, please.","밀퍼드 1240번지로
택시 보내주세요"
7:58,My mother's here.,엄마가 와 계시잖아요
8:00,"It'll be less emotional
if we do it this way.",혼자 가는 게 덜 힘들 거야
8:03,Your parents and I talked about it.,이미 부모님과 상의했단다
8:44,"Now make sure, no stops.",곧장 가도록 하세요
9:43,"Susanna, you there?","수잔나, 안에 있어?"
9:51,I want to see you again.,다시 만나고 싶었어
9:53,"It was a one-time thing, okay?",그때 한 번으로 끝이에요
9:56,Just come to my office tonight.,오늘 밤에 내 사무실로 와
9:58,We're opening the presents!,선물 개봉할 거예요
9:59,Tell them you're going to a friend's.,친구 집에 간다고 말해
10:02,Who should I tell first?,누구에게 먼저 말할까요?
10:04,"My parents, the department chairman,
or your wife?","우리 부모님, 학과장
아니면 당신 부인?"
10:06,No.,싫어요
10:14,What did you do?,무슨 짓 했어요?
10:17,What did you do?,무슨 짓을 했어요?
10:21,Excuse me?,뭐라고요?
10:25,"Well, you look normal.",정상으로 보이거든요
10:29,I'm sad.,슬퍼요
10:32,"Well, everyone's sad.",다들 슬프죠
10:36,I see things.,뭐가 보여요
10:38,"You mean, like tripping?",마약 해요?
10:43,Kind of.,비슷해요
10:45,"Then they should put
John Lennon away, huh?","그럼 존 레넌을
집어넣어야겠네요"
10:50,I'm not John Lennon.,난 존 레넌이 아니잖아요
11:38,Don't get too comfortable.,너무 정 붙이지 말아요
11:51,Shouldn't my parents--?,부모님이 해야...
11:52,"You have to sign them, Miss Kaysen.",당신이 해야 해요
11:54,"You're over 18.
This is your decision.","18세가 넘었으니
당신 결정이죠"
12:09,I didn't try to kill myself.,난 자살 시도 안 했어요
12:14,"That's the kind of thing you talk
about in therapy, honey. Not here.",그건 진료받을 때 이야기하세요
12:23,Miss Kaysen?,케이슨 양?
12:26,"You have the distinction
of being the only senior...",졸업반 중에
12:29,...not going on to college.,너만 대학 진학을 안 하는구나
12:36,May I ask what you plan to do?,앞으로 계획이 뭐지?
12:39,I plan to write.,글 쓸 거예요
12:43,"Well, what do you plan to do?",그래서 뭘 할 건데?
12:47,"Look, I'm not gonna burn my bra or
drop acid or go march on Washington...","여권 운동이나 마약
워싱턴 행진은 안 할 거예요"
12:52,"...I just don't want to end up
like my mother.",엄마처럼 되기 싫어요
12:55,"Women today have
more choices than that.",요즘 여성은 선택의 폭이 넓어
12:59,"No, they don't.",그렇지 않아요
13:01,And here.,여기도요
13:04,"You forgot one, dear. Here.","한 군데를 빠뜨렸네요, 여기요"
13:10,"Speaking for Dr. Wick and myself,
welcome to Claymoore, Susanna.",클레이무어에 온 걸 환영해요
13:19,"This is the women's ward,
also known as South Bell.","여긴 여자 병동이야
사우스 벨이라고 하지"
13:22,"This is where you'll be staying,
and this is where I work.","네가 머물 장소이자
내가 일하는 곳이야"
13:27,"All right, this is the second floor.",여기는 2층이야
13:30,"I need you to stay close to me
because it's easy to get lost here.","내 옆에 잘 붙어 있어
길 잃기 쉽거든"
13:39,This is our ward.,여기가 우리 병동이야
13:44,"All right, let's start with this room.",이 방부터 시작해 보자
13:49,This is the art room.,여긴 예술실이야
13:53,Polly.,폴리
13:55,What are you doing here?,여기서 뭐 해?
13:57,I feel very musical today.,오늘은 음악이 끌려요
14:00,"-Can I just, for just a second?
-Not today, honey.","- 잠시만 하면 안 돼요?
- 오늘은 안 돼"
14:12,That's Polly. Come on.,"폴리라는 애야, 가자"
14:21,"Margie, Polly was in
the art room by herself.","마지, 폴리가 혼자서
예술실에 있었어"
14:25,"I'm sorry, Val.","죄송해요, 밸러리"
14:30,The living room.,응접실이야
14:33,Everyone hates it.,다들 싫어하지
14:45,And these are the phones.,여기 전화기가 있으니까
14:47,"To make a call, pick up
the handle, tell the nurse...","전화하고 싶으면 손잡이를 들고
간호사에게 말해"
14:50,...she'll connect you.,그럼 연결해 줄 거야
14:52,"This is the nurses' station,
which is self-explanatory...","간호사실이야
굳이 설명 필요 없지?"
14:56,"...and this is the TV room,
where everyone hangs out.","TV 방이야
다들 이곳에서 같이 놀아"
14:59,I want my fucking clothes!,내 옷 내놔요!
15:02,"Then you'll have to
eat something, won't you?",밥을 먹어야 받을 수 있겠지?
15:07,The check-in board.,이건 출입 기록판이야
15:08,"You check in here to take
a walk on the grounds.","밖에 나가고 싶으면
여기 표시해야 해"
15:20,She thinks that bothers me.,"저러면 내가
짜증 나는 줄 알아"
15:22,"You're an ""R,"" which means
""restricted to the ward.""","넌 지금 병동 생활만
가능하지만"
15:25,"But soon you'll
move up to two-to-ones...","곧 두 명당 한 명으로
바뀔 거야"
15:28,"...which is two nurses
to every patient.","환자 한 명당
간호사 두 명이 붙는 걸 말해"
15:30,"I won't be here that long.
I'm just here for a rest.","여기 오래 머물지 않을 거예요
그냥 쉬러 왔거든요"
15:34,"It's all right. Everybody gets
the same tour free of charge.","처음엔 다들 공짜로
똑같은 설명을 들어"
15:44,"Georgina, this is Susanna,
your new roommate.","조지나
새 룸메이트 수잔나야"
15:47,"Oh, great. Hi.",반가워
15:49,"You're lucky.
Georgina's an excellent roommate.","운이 좋네, 조지나는
정말 좋은 룸메이트거든"
15:53,"Why, thank you, Valerie.","고마워요, 밸러리"
15:54,You're welcome.,천만에
15:57,"The cops are bringing Lisa.
She was at the park.","경찰이 리사를 데려오고 있어요
공원에 있었대요"
16:03,"Will you excuse me?
I have business I have to attend to.","실례할게
해야 할 일이 있거든"
16:07,"Georgina, will you take Susanna
to the dining room in a half-hour?","30분 뒤에 수잔나를
식당으로 안내해 줄래?"
16:12,"Yes means yes, Georgina.",좋다고 한 거야
16:14,I know.,알아요
16:32,Groovy box.,상자가 멋지다
16:35,That.,그 상자
16:37,"Yeah, they're French.",프랑스제야
16:39,"The French Resistance
smoked them, I think.",프랑스 저항군이 피웠나 봐
16:50,You ever read this?,읽어 봤어?
16:53,"No. I saw the movie
a bunch of times, though.","아니, 대신 영화는 많이 봤어"
16:56,The movie's based on the first book.,영화는 1권을 바탕으로 했어
16:59,"I read that one too, but there were
no ruby slippers in it originally.","그 책도 읽었는데
원래 루비 구두는 안 나와"
17:03,"They added that.
This takes place afterwards.","영화에 추가된 거지
이건 그 뒤의 이야기야"
17:06,"Dorothy doesn't really have
such a big part in this one.","여기엔 도로시 이야기가
많이 없어"
17:13,Fucking pig.,재수 없어
17:18,Get off me!,건들지 마!
17:32,"Thanks, Gretta.","고마워, 그레타"
17:34,"Hey, Dais, let anyone
in your room yet?","안녕, 데이지
네 방 들어간 사람 있어?"
17:40,"Hey, girls! Hey, sexy.","얘들아!
안녕, 예쁜이?"
17:47,It's good to be home.,집에 오니 좋군
17:52,"-Hey, Torch.
-Hey, Lisa.","- 안녕, 토치
- 안녕, 리사"
17:54,"-You miss me?
-Not much.","- 나 보고 싶었어?
- 별로"
17:58,"Get her to her room.
Gretta will do the strip search.","방으로 데려가
그레타가 몸수색할 거야"
18:02,Who's that with Georgie-girl?,조지나 옆에 누구야?
18:04,"-Where's Jamie?
-I can't deal with this.","- 제이미 어디 갔어?
- 더는 못 보겠어"
18:06,Don't give me a hard time.,순순히 갑시다
18:09,Where is she? Where's Jamie?,"어디 있어?
제이미 어디 있냐고?"
18:15,Who are you?,넌 누구야?
18:17,"Her name is Susanna, Lisa.
She smokes French cigarettes.","수잔나라고 해
프랑스제 담배를 피워"
18:21,"-Why is all your shit on her bed?
-Open the damn door!","- 왜 네 물건이 여기 있어?
- 문 당장 열어!"
18:24,Why? Where's Jamie?,왜? 제이미 어디 있어?
18:26,"I don't know what
you're talking about!",난 아무것도 몰라!
18:31,"What the hell are you doing, Lisa?","무슨 짓이야, 리사?"
18:35,Back off her.,떨어져
18:36,"Back off!
You've been gone for two weeks.","떨어져!
넌 2주 동안 사라졌잖아"
18:39,"A lot of shit has gone down.
Back off!","그동안 많은 일이 있었어
떨어져!"
18:42,How'd she do it?,제이미가 어떻게 했어?
18:44,How'd she do it?,제이미가 어떻게 했냐고?
18:46,"How did she do it, Valerie?","어떻게 했어, 밸러리?"
18:48,Get the fuck off me!,나한테서 손 떼!
18:50,"You weak people. You're all weak
fucking people! You're victims!","약해 빠진 것들, 다 환자야!"
18:54,You people are fucking sick!,다들 병들었어!
18:55,"What? No, no.
Val, please. Please!","싫어, 밸러리
제발!"
19:02,Get her legs.,다리 붙잡아
19:05,Get her feet!,발 잡아!
19:07,"-I got her.
-Get off!","- 잡았어
- 떨어져!"
19:11,Help!,도와줘!
19:18,We have got to cut those nails again.,손톱을 다시 깎아야겠어
19:26,My God! What the hell was that?,"세상에, 도대체 무슨 일이야?"
19:30,That was Lisa.,쟤는 리사야
19:34,And Jamie was your roommate?,제이미는 네 룸메이트였어?
19:36,Jamie was Lisa's best friend.,제이미는 리사랑 가장 친했는데
19:39,She was sad because Lisa ran away...,리사가 도망치자 슬퍼서
19:41,"...so she hung herself with
a volleyball net.",배구 네트에 목매달았어
19:53,Meds!,약 시간!
19:57,Cynthia Crowley.,신시아 크롤리
20:01,Susanna Kaysen.,수잔나 케이슨
20:05,Susanna Kaysen.,수잔나 케이슨
20:09,"I am Mrs. McWilley,
and these are for you.","난 맥윌리라고 해
여기 네 약이야"
20:12,"-What are they?
-They'll help you sleep.","- 뭔데요?
- 잠자는 거 도와줄 거야"
20:15,"-It's 10:30. I'm not gonna--
-For chrissake.","- 아직 10시 반인...
- 빌어먹을"
20:18,"You can discuss it in the morning
with your doctor.",아침에 의사 선생님과 상의하렴
20:21,"In the meantime,
we'll agree to disagree.",그때까지는 그냥 받아들이자
20:27,Take them here. Have some water.,물이랑 같이 여기서 먹어
20:32,Polly Clark.,폴리 클라크
20:35,You can go now.,이제 가도 돼
20:42,Teresa McCullian.,테리사 맥컬리안
20:49,Daisy Randone.,데이지 랜돈
20:54,Angela Coury.,앤절라 코리
21:00,Jacqueline Lights.,재클린 라이츠
21:05,Donna Smith.,도나 스미스
21:46,Ryan Reed...,라이언 리드
21:49,"...yearbook editor and member
of the honor society.","졸업 앨범 편집장이자
우수 졸업생이며"
21:52,Heading off to Tulane University.,툴레인 대학에 입학했습니다
21:55,"Congratulations, son.",축하한다
21:57,"Andrea Jacobs, president of
the French club and honor society...","앤드리아 제이컵스
프랑스어 클럽 회장이자"
22:02,...and on her way to Sarah Lawrence.,"우수한 성적으로
세라 로렌스에 진학하죠"
22:08,Susanna Kaysen.,수잔나 케이슨
22:11,"-What is she doing?
-Some kind of a stunt.","- 뭐 하는 거죠?
- 이목을 끌고 싶은 건가?"
22:24,"Wake up, freak.","일어나, 멍청이야"
22:28,Checks.,점검
22:49,Why do they do that?,왜 저래?
22:53,They're just doing checks.,그냥 점검하는 거야
22:55,"They'll space them out
after you've been here awhile.",곧 있으면 뜸해질 거야
23:03,"That girl, Polly.",그 폴리라는 사람은
23:07,How did she get all...?,어쩌다가 그렇게 됐어?
23:11,When she was 10...,열 살 때
23:13,"...her mother told her
she had to give away her puppy...","기르던 강아지를
엄마가 더는 못 기르게 했대"
23:16,...because he was giving her a rash.,강아지 때문에 발진이 생겨서
23:20,And so Polly went...,그래서 폴리는
23:23,...and found her father's gas can...,아빠 휘발유 통을 찾아서
23:27,"...and she poured it all over
where she was getting the rash.",발진 돋은 데 붓고는
23:31,And then...,그리고
23:35,...she lit a match.,불을 붙였어
23:39,"Oh, my God.",세상에
23:46,"Well, what about you?
Why are you here?",너는 어떻게 왔어?
23:50,Pseudologia fantastica.,공상허언 때문에
23:54,What's that?,그게 뭔데?
23:58,I'm a pathological liar.,난 병적 거짓말쟁이야
24:55,"-What are your plans this fall?
-What?","- 올가을에 뭐해?
- 뭐?"
24:58,What are your plans this fall?,올가을에 뭐 하냐고?
25:00,I don't have any.,계획 없어
25:02,I'm gonna be an ethnobotanist.,난 민속 식물학자가 될 거야
25:04,Full scholarship to M.I.T.,MIT에서 전액 장학금 받아
25:07,I'm going to join the Krishnas.,난 크리슈나교도가 되려고
25:10,"Hare Krishna?
That's interesting, actually.","하레 크리슈나?
흥미로운 이야기네"
25:14,I was kidding.,농담이거든
25:31,"You're Susanna, right?",수잔나지?
25:35,"I'm Toby.
Andrea Jacobs' brother.","토비야, 앤드리아 오빠"
25:39,I was at graduation.,졸업식에도 있었는데
25:47,You're pretty when you sleep.,자는 모습 예쁘더라
25:51,Checks. It's 7:00.,"점검, 일곱 시야"
26:08,"I mean, everybody thinks
about it at some point.",다들 한 번쯤은 생각하지
26:14,How would you do it?,오빠는 어떻게 할 거야?
26:18,I don't know.,몰라
26:20,"I guess I haven't really
thought about it.",깊게 생각해 본 적 없어
26:28,"See, once it's
in your head, though...","한번 그 생각이
머릿속에 박히면"
26:33,...you become this...,어느 순간
26:35,"...strange, new breed.",이상하고 새로운 존재가 돼
26:38,"A life form that loves
to fantasize about its own demise.","자기 죽음을 상상하는
존재 말이야"
26:43,"Make a stupid remark, kill yourself.",이상한 소리 했다고 자살하고
26:46,"You like the movie, you live.
You miss the train, kill yourself.","영화를 좋아하면 살고
기차 놓치면 죽는 거지"
26:52,What?,응?
26:54,"Let's not talk about
this anymore, okay?","그 이야기 그만하자, 응?"
26:57,Why?,왜?
27:03,Because it's...,왜냐하면...
27:06,...stupid.,바보 같으니까
27:15,What?,뭐?
27:21,What are you doing?,뭐 하는 거야?
27:23,"What? Because I don't want to kill
myself? That's not cool to you?","자살하기 싫다고
너한테 부족하다는 거야?"
27:28,"I don't wanna die.
I was just talking.","죽고 싶은 게 아니고
그냥 이야기한 거잖아"
27:31,"Look, Susanna, the world
is fucked up, okay?","수잔나, 세상은 엉망진창이야"
27:34,It's so fucked up that if some...,세상이 너무 엉망진창이라서
27:36,"...draft zombie pulls my
birthday out of a barrel...","내 생일이 뽑혀서
징집이라도 되면"
27:40,...I'm gonna die.,난 죽을 거라고
27:43,When's your birthday?,생일 언제야?
27:46,December 30th.,12월 30일
27:51,I'll pray for you.,기도할게
27:55,Checks.,점검
28:24,You asked for this?,이거 찾았어?
28:37,Are you gonna watch?,지켜볼 거예요?
28:39,"Afraid so. That's why there's
so many fuzzy-legged women here.","응, 다리털 많다는 여자가
여기 정말 많거든"
28:48,Has anybody ever watched you shave?,"누가 당신 다리털 깎는 거
지켜본 적 있어요?"
28:51,"I got two kids and one bathroom.
What do you think?","애 2명에 화장실 하나 있어
어떻겠니?"
28:56,I think you should lock the door.,문을 잠가야겠죠
29:01,September 14th.,9월 14일
29:07,"-Zero-zero-two.
-Bingo.","- 002
- 빙고"
29:12,"-Bingo. Bingo.
-December 30th.","- 빙고
- 12월 30일"
29:15,"Oh, my God.",세상에
29:18,"-Bingo.
-Zero-zero-three.","- 빙고
- 003"
29:22,A guy I know was just drafted.,아는 사람이 징집됐어
29:25,What's his name?,이름이 뭐야?
29:29,Toby.,토비
29:32,He's dead now.,이제 죽은 목숨이네
29:41,"Get out, Lisa!","나가, 리사!"
29:42,"I'm not in your room.
I'm right here.",네 방에 안 들어갔잖아 난 여기 있어
29:44,"-I was gonna offer you nail polish.
-Get out!","- 매니큐어 칠해 주려고 왔지
- 꺼져!"
29:49,"-You're looking better, Lisa.
-Why, thanks, Margie.","- 좋아 보인다, 리사
- 고마워, 마지"
29:53,"-How's the engagement?
-You know.","- 약혼 생활은 어때?
- 알잖아"
29:55,"No, I don't.
I've been away.","몰라, 한동안 여기 없었잖아"
29:57,"Joe wants me to--
Before the wedding.",조는 결혼식 전에...
30:01,"Fuck his brains out.
Use a rubber.",피임해서 빨리 해치워 버려
30:05,"Gosh, hell, no.","세상에, 절대 안 돼"
30:27,Can I bum one?,한 대 태워도 돼?
30:30,Go ahead.,마음대로 해
30:54,"So have you had your
first Melvin yet?",멜빈 만나 봤어?
30:57,Who's that?,그게 누군데?
30:59,"Bald guy with a little pecker
and a fat wife.","뚱뚱한 부인 둔
대머리에 거시기 작은 놈"
31:02,"Your therapist, sweet pea.",네 치료사야
31:06,Unless...,아니면
31:07,...unless they're giving you shocks.,전기 충격을 주거나
31:09,"Or, God forbid, letting you out.",내보내려나 봐
31:12,"Then you'll see the great,
wonderful Dr. Dyke.","그럼 훌륭하신
레즈비언 선생을 만날 거야"
31:15,She means Dr. Wick.,윅 박사님을 말해
31:19,"I've seen his office
but haven't met him.","사무실은 봤는데
아직 못 만났어"
31:21,"He's a she.
Dr. Wick's a girl.",윅은 여자 의사야
31:24,"That's right, M-G.
Wick's a chick.","맞아, 윅은 여자지"
31:27,Hence the nickname.,그래서 그 별명이 붙었지
31:30,"Hey, Lil.
When the fuck is my checkup?","릴리, 내 진료는 언제야?"
31:34,"It's now, Lisa.
You said you'd be in your room.","지금, 네 방에
있겠다고 했잖아"
31:37,"Can't sit too long
without popping the hood.","여자애들이 보고 싶은 걸
어떻게 해"
31:56,Asshole!,나쁜 것!
31:57,"You have Melvin in half an hour.
I'll take you there.","수잔나, 30분 뒤에
멜빈 선생님 상담이야"
32:02,I'm sorry.,죄송해요
32:04,Why are you using the past tense?,왜 과거형을 쓰지?
32:07,What do you mean?,무슨 말씀이세요?
32:09,"Well, he was...",그 남자는...
32:11,"...only drafted today,
so chances are, he's not dead yet.","오늘 뽑혔으니
아직 안 죽었을 텐데"
32:16,He probably has several months...,몇 달 뒤에나
32:20,...before he even reports.,입대할 거야
32:23,"He was just a nice guy, that's all.
And it made me feel bad.","그냥 좋은 사람이었어요
그래서 마음이 아파요"
32:28,You've been feeling bad in general.,넌 보통 마음이 아프지
32:31,"Right?
You've been feeling depressed.",안 그래? 늘 우울하고
32:36,"I haven't exactly been
a ball of joy, Melvin.","기분이 좋지는 않았죠, 선생님"
32:39,"I understand you tried
to kill yourself last week.",지난주에 자살을 시도했다지?
32:43,"Anything you want to
tell me about that?",그와 관련해서 할 말 없니?
32:46,I had a headache.,두통 때문이었어요
32:49,"So I assume you took the recommended
aspirin dosage for a headache.",복용량을 지켰겠네?
32:55,I didn't try to kill myself.,자살 시도 안 했어요
32:56,What were you trying to do?,그럼 뭘 하려고 한 거야?
32:58,I was trying to make the shit stop.,그냥 멈추고 싶었던 거예요
33:02,"The time-jumps, the depression...","시간 이동, 우울증"
33:05,"...the headaches, the thing
with your hand?","두통, 손 문제?"
33:09,All of the above.,전부 다요
33:13,I see.,그렇군
33:16,Paul is dead!,폴은 죽었다!
33:27,"What is it?
Are you puzzled about something?","왜 그래?
당혹스러운 일 있니?"
33:31,"Yeah, I guess I am, Melvin.","그런 것 같아요, 선생님"
33:34,"I'm puzzled as to why
I have to be in a mental institution.","내가 왜 정신병원에
있는지 당혹스럽네요"
33:38,You put yourself here.,스스로 들어왔잖니
33:40,My parents put me here.,부모님이 보내신 거예요
33:45,"No, they didn't.",아니야
33:46,Everyone here's fucking crazy!,"여기 있는 사람들
다 미쳤어요!"
33:49,You wanna go home.,집에 가고 싶구나?
33:54,Same problem.,거기도 똑같아요
33:57,"M-G, look at me.","MG, 나 좀 봐"
34:00,Play with me.,나랑 놀자
34:02,Don't be sad. Don't be sad.,슬퍼하지 마
34:15,Thank you.,고마워
34:51,"-What are these?
-Colace. It's just a laxative.","- 이게 뭐죠?
- 콜레이스, 변비약이야"
34:53,I don't need them.,필요 없어요
34:56,Are we going to have a problem?,문제 일으킬 거니?
34:59,Are we going to have a problem?,문제 일으킬 거니?
35:02,Are we going to have a problem?,문제 일으킬 거니?
35:05,May I see?,보여줄래?
35:06,Thank you.,잘했다
35:07,Surrender.,굴복자
35:10,Are we going to have a problem?,문제 일으킬 거니?
35:14,No problem.,문제없어요
35:16,"Phone call, booth one.","전화 왔어, 1번 부스야"
35:21,"-Hello?
-Hold on.","- 여보세요?
- 잠시만요"
35:26,"-Susanna?
-Hi, Mom.","- 수잔나?
- 안녕, 엄마"
35:28,"Hi, honey.
Your father's on too.",잘 있니? 아빠도 같이 있어
35:30,"He's just back from reserves.
He got stuck at Dulles.","방금 돌아오셨단다
덜레스에서 꼼짝 못 하셨거든"
35:33,"How are you, honey?",잘 지내니?
35:35,"-I'm fine, Dad.
-You know, sweetheart--","- 잘 지내요, 아빠
- 있잖니..."
35:41,"If you can't give me Ex-Lax,
can I please have some Colace?","밸러리, 액스렉스가 안 되면
콜레이스라도 안 돼요?"
35:44,No. No more laxatives.,더는 안 돼
35:48,I can get her some prune juice.,자두 주스 가져다줄게요
35:51,Prune juice!,자두 주스라니!
35:53,This is outrageous!,말도 안 돼!
35:55,"She was wondering if you'd
made new friends, and I said:","네가 친구라도
사귀었냐고 물으시길래"
36:00,"""No, Mom, this isn't Camp Winnetka.""","'아니요, 놀러 간 게
아니잖아요'라고 했단다"
36:06,"-Daisy?
-Fuck off.","- 데이지?
- 꺼져"
36:09,I have something you want.,네가 원하는 거 가져왔어
36:18,Come in.,들어와
36:51,You're all packed up.,짐을 다 싸놨네?
36:53,"Yeah, I'm leaving in a month.","응, 한 달 있으면 나가거든"
36:55,My dad got me an apartment.,아빠가 아파트 마련해 줬어
36:57,"-Really? Where?
-It's near the airport.","- 정말? 어디?
- 공항 근처야"
37:01,"One bedroom, two baths, eat-in chicken.
He fixed it up real nice for me.","침실 한 개, 화장실 두 개
치킨까지 아빠가 준비해 줬어"
37:06,You mean eat-in kitchen.,부엌 말하는 거지?
37:08,"That's what I said, asshole.","그게 그 뜻이잖아, 바보야"
37:10,So what do you have that I want?,내가 원하는 게 있다고?
37:18,Put it on the bed.,침대 위에 올려놔
37:19,Put yours on the bed.,네 거나 올려놔
37:21,"Oh, Jesus. Get out!","미치겠네, 나가!"
37:23,Get out!,나가!
37:24,"Don't take advantage
just because she's new.",처음 온 애라고 이용하지 마
37:27,Pony up some Valium.,대신 발륨 내놔야지
37:28,"Get the fuck out,
or I'm calling Valerie! Valerie!","안 꺼지면 밸러리 부를 거야
밸러리!"
37:31,Why don't you call Valerie?,한 번 밸러리 불러 보자
37:34,"Call Valerie and ask her for some
Colace, like Susie Q's got in her hand.","불러서 얘 손에 있는 거와
같은 콜레이스 달라고 해"
37:38,Why does it stink in here?,이 악취는 뭐야?
37:41,I don't take Valium.,난 발륨을 안 먹어
37:42,I know. That's the point.,"알아, 그래서 문제야"
37:44,"They give them to you,
and you don't take them.",의사들이 주는데 넌 안 먹지
37:47,Are you gonna eat that?,그거 먹기는 할 거야?
37:49,Checks.,점검
37:51,"You've got visitors, Daisy.","손님이 있네, 데이지"
37:52,I want some fucking Colace.,콜레이스 내놔요
37:55,Talk to Melvin tomorrow.,내일 멜빈 선생님과 상의하렴
38:08,"You know what I think?
I think you want to poop, Daisy.","내가 맞춰 볼까?
너 똥 싸고 싶은 거지?"
38:12,I think it's been days.,못 싼 지 며칠 됐을 거야
38:15,"Look, it's okay. I don't care.","괜찮아, 난 상관없어"
38:17,I do! I do care.,내가 상관있어
38:23,"So Daddy buys you a private,
and no one gets in, huh?","아빠가 1인실을 내줘서
아무도 못 들어오게 하나?"
38:28,"You never leave except when Valerie
makes you go to the cafeteria...","밸러리가 식당 가게 할
때만 나오고"
38:32,"...where you never eat.
You're a laxative junkie.","가도 절대 안 먹잖아
변비약 중독쟁이 같으니"
38:36,"I always thought you were like Janet,
but here you are with this chicken.","재닛이랑 비슷한 줄 알았는데
여기서 닭을 먹고 있네"
38:43,"So what's with that, huh?",왜 그러는 거야?
38:45,"My dad owns a deli, asshole,
with a rotisserie.","우리 아빠 가게에서 만든
닭 구이야, 멍청이야"
38:49,"I like my dad's chicken. When
I eat something else, I puke.",다른 걸 먹으면 토한단 말이야
38:53,"But why do you eat it here? Why don't
you like to go to the cafeteria?","왜 여기서 먹어?
구내식당에서 안 먹고?"
38:58,Which do you like better?,뭐가 나을 것 같아?
39:00,"Taking a dump alone
or with Valerie watching?","혼자 싸는 거와
밸러리가 보는 데서 싸는 거?"
39:03,Alone.,혼자서
39:05,"Everyone likes to be alone
when it comes out.",다들 쌀 때 혼자 있고 싶잖아
39:08,I like to be alone when it goes in.,난 먹을 때 혼자 있고 싶어
39:10,"To me, the cafeteria's
like being with...",나한테 구내식당은
39:14,...20 girls all at once taking a dump.,"20명이 같이 똥 싸는 거랑
똑같아"
39:17,"That is fucked up, Daisy!","문제가 많구나, 데이지!"
39:21,Come on.,나가자
39:26,"All right, assholes.
Fine, here.","알았어, 멍청이야, 줄게"
39:36,Here.,여기 있어
39:47,"Lisa, don't!","리사, 하지 마!"
39:49,"No, please--",제발 안 돼
39:50,Dios-fucking-mio!,세상에나
39:57,"That's how Daddy
knows she's eating.","네가 밥 먹는 건
아빠가 확실히 알겠네"
39:59,"When I get five, Valerie
makes me throw them away.","5개를 받으면
밸러리가 다 버리게 해"
40:17,"Scribble, scribble, scribble.",끄적끄적
40:19,Written anything about me yet?,내 이야기도 썼어?
40:21,Don't do that.,그러지 마
40:34,Is Daisy really getting out?,정말로 데이지 퇴원해?
40:41,She coughed up a big one.,큰 거 불었어
40:43,"How can--?
I mean, she's insane.",어떻게? 미친 애잖아
40:47,"That's what ""ther-rape-me""
is all about.",그게 망할 치료라는 거야
40:50,"That's why fucking Freud's
picture's on every shrink's wall.","프로이트 사진이
의사 방마다 걸려 있잖아"
40:54,"He created an industry. You lie down,
confess your secrets, and you're saved.","하나의 산업이 된 거야
비밀을 말하면 구원받는 거지"
41:00,"The more you confess, the more they
think about setting you free.","고백을 많이 할수록
나갈 확률이 높아져"
41:04,But what if you don't have a secret?,비밀이 없으면?
41:09,"Then you're a lifer, like me.",그럼 나처럼 종신형이지
41:12,I was changing her diaper...,기저귀를 갈아 주다가
41:15,...and I turned to get the powder...,파우더 가지러
41:18,"...and while my back was turned,
she rolled off the bed.","잠깐 자리를 비웠는데
침대에서 떨어졌어요"
41:23,"She rolled off the bed
and broke her leg.",그래서 다리가 부러졌죠
41:28,"The doctor put her in a body cast,
but also strapped her down.","깁스를 하고는
못 움직이게 했어요"
41:31,"-This has nothing--
-You never told me this.","- 그 일은 아무...
- 처음 듣는 이야기예요"
41:34,"Carl planned this trip
to Santa Monica.","남편이 산타 모니카 여행을
계획했어요"
41:36,"He had a commitment at RAND.
So we took her with us.","남편 약속이 있었거든요
그래서 수잔나를 데려갔죠"
41:42,"On the back seat, strapped to this
board, 4000 miles.","뒷좌석에 꽁꽁 묶인 채
6,400킬로미터를 갔어요"
41:45,"If you like, Mrs. Kaysen,
we can discuss this...",괜찮으시다면 나머지는
41:48,...further on the way out.,나가면서 이야기하시죠
41:51,"Just how long is my daughter
going to be here?","언제까지 우리 딸이
여기 있어야 합니까?"
41:54,"With all due respect, Mr. Kaysen...","외람된 말씀이지만, 케이슨 씨"
41:56,"...psychiatry and economics
are different.",정신의학과 경제학은 다릅니다
42:01,"The length of Susanna's stay
isn't fixed.",정해진 기간이 없어요
42:04,"It depends on her response
to treatment.","수잔나가 치료에
어떻게 반응하느냐에 달렸죠"
42:07,For what? Depression?,무슨 치료요? 우울증 말이오?
42:11,"It's almost Christmas. What do we say
to the people who care about her?","곧 크리스마스인데
사람들에게 뭐라고 합니까?"
42:16,"See, what's going on here is...",저 말뜻이 뭐냐 하면
42:18,"...my parents are having a little
holiday cocktail Christmas party crisis.","작은 크리스마스 파티 위기가
생겼다는 거예요"
42:23,What?,왜요?
42:26,"What's the ""borderline"" business
you mentioned?",말씀하신 경계성 문제가 뭐죠?
42:32,I don't think that's useful to Susanna.,"수잔나 앞에서
말씀드리기 어렵군요"
42:35,"-I mean, not--
-What ""borderline business""?","- 제 말은...
- 경계성 문제라뇨?"
42:38,"-The mind--
-Borderline what?","- 정신이...
- 경계성 뭐요?"
42:40,Borderline between what and what?,무슨 경계를 말하는 거예요?
42:43,"It's a condition, Susanna.","질병이란다, 수잔나"
42:45,"And it's called
Borderline Personality Disorder.",경계성 인격장애라고 하지
42:48,"Oh, God.",세상에
42:51,It's not uncommon.,흔한 겁니다
42:53,Especially among young women.,특히 젊은 여성들에게는요
42:56,What causes it?,원인이 뭐죠?
42:58,We're really not sure.,정확히 밝혀지지 않았습니다
43:00,"-Is it genetic?
-Oh, Christ!","- 유전인가요?
- 세상에나"
43:04,It is five times more common...,확률이 5배 정도 높죠
43:07,...among those with a borderline...,경계성 인격장애를 가진
43:10,...parent.,부모가 있으면요
43:14,"I can't do this. I'm sorry, I can't.
I can't do this.","더는 못하겠어요, 미안해요"
43:33,"""Razors pain you; rivers are damp;
acid stains you; drugs cause cramp.","'면도날은 아프고 강은 습하며
산은 얼룩을 약은 경련을'"
43:37,"Guns aren't lawful;
nooses give...","'총기 사용은 불법이고
올가미는 풀려요'"
43:40,"...gas smells awful;
you might as well live.""","'가스 냄새는 지독하고
차라리 사는 게 나아요'"
43:43,Gin.,진
43:56,"-Asshole.
-Fatso.","- 나쁜 것
- 뚱보"
44:06,Call me a cab.,택시라고 불러 봐
44:08,"Okay, you're a cab.","좋아요, 당신은 택시예요"
44:15,Lisa said you got into Daisy's room.,"리사 말로는
데이지 방에 들어갔다고?"
44:19,And it was full of chickens.,닭이 사방에 널려 있었다며
44:21,"Susanna, you have a phone call.","수잔나, 전화 왔어"
44:27,"So what's your ""diag-nonsense""?",네 진단명이 뭐래?
44:30,"-Who is this?
-What'd he say to Mom and Pop?","- 누구세요?
- 멜빈이 뭐라고 했어?"
44:42,I have a borderline personality.,경계성 인격장애가 있대
44:45,"Well, that's nothing.
What else?","그건 아무것도 아니야
다른 건?"
44:47,"He didn't say. He thought
it would affect my recovery.","말 안 했어
내 회복에 영향을 준다면서"
44:52,Tongue your meds tonight.,오늘 밤에 약 먹지 마
44:53,"After 1:00 checks,
Gretta always goes for a smoke.","그레타는 1시 점검 끝내고
담배 피우러 가거든"
44:56,"Check the mirrors. If they're
clear, go to Hector's closet.","거울 살펴서 아무도 없으면
헥터 벽장으로 가"
45:00,"It's near the art room,
and it will be open.","예술실 근처인데
열려 있을 거야"
45:20,Torch!,토치!
45:22,Come on.,어서 와
45:43,"This is how Lisa gets out
when she escapes!",리사가 이 길로 탈출했어!
45:49,"We're under administration, so....
No good here.",감시 때문에 여기는 안 돼
45:54,"Good thing this place has
a sliding scale.","이곳 요금이
차등제라서 다행이야"
45:56,"We get to mingle with
the lock-picking trash.",금고털이랑 같이 놀 수 있잖아
46:25,Good job!,멋지다!
46:28,"Susanna, you're up!","수잔나, 네 차례야!"
46:30,"No, no, no. I've only done
this once in my life.","안 돼, 한 번밖에
안 해 봤어"
46:34,"-Come on.
-Please.","- 어서
- 제발"
46:35,"-We came all the way here.
-Come on!","- 여기까지 왔는데
- 빨리!"
46:55,All right!,좋았어!
47:30,"They put the tunnels in so the loons
didn't have to go out in the cold.","미치광이들이 추위에 나가지
말라고 이 터널을 만들었대"
47:34,I must've missed that in the brochure.,홍보 책자에서 못 읽었나 보다
47:41,"Hey, open the door.",문 열어
47:56,What the fuck are you doing?,뭐 하는 짓이야?
48:11,Dr. Wick's office.,윅 박사 사무실이야
48:27,All right. Georgina Tuskin.,"좋아, 조지나 터스킨"
48:42,Susanna Kaysen.,수잔나 케이슨
48:47,Polly Clark.,폴리 클라크
48:52,Cynthia Crowley.,신시아 크롤리
48:54,"-Congratulations.
-Thank you.","- 축하해
- 고마워"
48:57,Janet Webber.,재닛 웨버
49:02,Lisa Rowe.,리사 로
49:38,"Fuck you, Melvin.","엿 먹어라, 멜빈"
49:45,Wanna see mine?,내 거 볼래?
49:47,Let me see yours.,네 거 보여줘
49:58,"""Lisa Rowe.",'리사 로'
50:01,Highs and lows increasingly severe.,'조울이 굉장히 심하며'
50:04,Controlling relationships with patients.,"'환자들과의 관계를
통제하려 함'"
50:07,No appreciable response to meds.,"'약에 대해
주목할 만한 반응이 없음'"
50:10,"No remission observed.""
That was before you ran away.","'차도 없음'
도망가기 전 이야기야"
50:15,"We're very rare, and mostly men.",남성스러운 여자는 드물지
50:17,"Lisa thinks she's hot shit
because she's a sociopath.","리사는 자기가 소시오패스여서
멋있는 줄 알아"
50:20,"-I'm a sociopath.
-No, you're a dyke.","- 나도 소시오패스야
- 아니, 넌 레즈비언이야"
50:23,"""Borderline Personality Disorder.",'경계성 인격장애는'
50:26,"An instability of self-image,
relationships and mood.","'자아상과 인간관계
정서가 불안하고'"
50:30,Uncertainty about goals.,'목표가 불확실하다'
50:32,"Impulsive in activities
that are self-damaging...","'행동이 충동적이며
자해를 하기에'"
50:35,"...such as casual sex.""",'가볍게 성관계를 한다'
50:38,I like that.,맘에 드네
50:40,"""Social contrariness and a generally...",'모순된 사교성이 보이며'
50:42,"...pessimistic attitude
are often observed.""","'보통 비관적인 태도가
관찰된다'"
50:47,"Well, that's me.",이게 나야
50:49,That's everybody.,다들 그래
50:50,"I mean, what kind of sex isn't casual?","안 가벼운 성관계가
어디 있어?"
50:53,They mean promiscuous.,문란하다는 거잖아
50:56,I'm not promiscuous.,난 문란하지 않아
51:03,I'm not.,아니야
51:22,Jesus.,세상에
51:24,Look at Janet.,재닛 좀 봐
51:26,No. It's all right.,"아니, 괜찮아"
51:29,"You know, taking us
for ice creams in a blizzard...","눈보라 치는 날에
아이스크림 사 주겠다고"
51:34,"...makes you wonder who
the real whack jobs are.","데려가는 사람이
진짜 미친 사람 아니야?"
51:37,"You know, I think it's
kind of nice.",난 좋은 것 같아
51:39,"I mean, I think it's nice to do
something nice on Daisy's last day.","데이지가 떠나기 전에
추억 만들고 좋잖아"
52:12,"Oh, fuck!",젠장
52:13,I'll have peppermint stick.,페퍼민트 막대 주세요
52:15,"Me too.
Can I have peppermint stick?","저도요, 페퍼민트 막대 주세요"
52:17,Sure.,네
52:18,It's just called peppermint.,그냥 페퍼민트라고 부르는 거야
52:21,Peppermint dick!,페퍼민트 고추!
52:24,Peppermint clit!,페퍼민트 클리토리스!
52:29,"Okay. We're just gonna
have four cones.",그냥 콘 4개 주세요
52:32,Four cones.,콘 4개요
52:34,"Susanna, do you want anything?","수잔나, 뭐 먹을래?"
52:36,I'm fine.,괜찮아요
52:43,Ronny.,로니
52:45,Got any hot fudge?,초콜릿 소스 있어요?
52:47,Yes.,있죠
52:48,"Can I have a vanilla sundae
with hot fudge...","바닐라 아이스크림에
초콜릿 소스 뿌려 줘요"
52:52,"...and sprinkles.
Rainbow, not chocolate.","초콜릿 말고
무지개 스프링클 뿌려 주고요"
52:57,And...,그리고...
53:03,"...whipped cream, cherries...","크림, 체리"
53:06,...and....,또...
53:09,Nuts?,땅콩요?
53:19,"Let's have a seat, ladies.","앉자, 아가씨들"
53:23,"Melvin thought that I should
live in a halfway house.","멜빈은 내가 30분 거리
이내에 살아야 한대"
53:29,"But my father knew
that I deserved my own apartment.","아빠는 내가 집을 가질
자격 있다고"
53:33,So he got me the prettiest apartment.,"최고로 예쁜 집을
구해 주셨어"
53:35,It has an eat-in chicken...,식당 겸용 치킨도 있고
53:37,"...and all this beautiful
wicker furniture, which is fantastic.",나비 장식이 박힌
53:42,Wicker butterflies.,멋진 고급 가구로 꽉 찼어
53:45,My very favorite part...,가장 마음에 드는 건
53:47,...is like in the phone book.,전화번호부에 적혀 있어
53:49,"There's a sign
right outside that says:",그 표지에 적힌 문구 말이야
53:52,"""If you lived here...",'이곳에서 살았다면'
53:54,"...you'd be home now.""",'지금쯤 집에 도착했겠죠'
53:55,"Hello, Susanna.","안녕, 수잔나"
53:57,Do you remember me?,나 기억하지?
53:59,"-You must remember me.
-Yes. Mrs. Gilcrest.","- 당연히 기억하겠지
- 네, 아줌마"
54:03,"Susanna, you okay?","수잔나, 괜찮아?"
54:05,I'm fine.,괜찮아요
54:08,"-Hey, Bonnie. How's Radcliffe?
-Wellesley.","- 안녕, 래드클리프는 어때?
- 웰즐리 갔어"
54:11,"I'm enjoying it.
It's strong in art.","재미있어
예술 쪽으로 유명하거든"
54:14,Going to the Sorbonne.,올여름에 소르본 대학에 가
54:15,"-That's great.
-You know, I know all about you...","- 잘 됐다
- 너에 대해 다 알고 있단다"
54:19,...and I hope they put you away forever.,"영원히 거기서
썩었으면 좋겠구나"
54:23,Is this the professor's wife?,그 교수 부인이야?
54:25,What professor?,무슨 교수?
54:26,So you told everybody.,다 말했구나?
54:29,"Lady, back off.","떨어져요, 아줌마"
54:31,"-Was I talking to you?
-Let's go.","- 내가 댁한테 말해요?
- 가요, 엄마"
54:33,"No, you're spitting on me,
so mellow-fucking-out.","나한테 침 튀기잖아요
그러니까 꺼져요"
54:36,Don't tell me what to do.,이래라저래라 하지 마
54:37,"Look, she gave your husband
a rim job. Big fucking deal!","당신 남편 좀 만진 게
무슨 큰 대수라고 그래요!"
54:41,"He was begging for it,
and I heard it was like a pencil.","당신 남편이 시작했어요
거기가 연필 정도라던데"
54:44,How dare you!,감히!
54:45,"Some advice: Don't point your
fucking finger at crazy people!","충고하는데 미친 사람한테
손가락질하지 마세요"
54:52,Let go of me!,이것 놔!
54:55,"-Mother?
-Get that out of my face, asshole!","- 엄마?
- 내 얼굴 앞에서 치워!"
55:01,Let go!,이거 놔!
55:02,Now.,당장
55:05,Stop it!,그만!
55:07,"""Rank"" you!
Come again, Mrs. Professor!","또 오세요, 사모님!"
55:11,You shared a man with that woman?,저 여자랑 남자를 공유했어?
55:20,"-Did you enjoy the fresh air?
-Yeah, thanks.","- 신선한 공기 즐겼어?
- 응, 고마워"
55:23,"Good. Because it's the last time
you're leaving the ward.","좋아, 앞으로는
병동 밖으로 못 나갈 줄 알아"
55:28,Is that a dare or a double dare?,그거 내기해 볼래?
55:33,"Okay, raise your arms. Very good.
We're going to be trees.","팔을 올려요, 잘했어요
나무가 되어 봐요"
55:38,"Feel the strength in your arms
as the branches.","나뭇가지가 된
팔의 힘을 느껴 보세요"
55:42,And reach those branches up to the sky.,"나뭇가지가
하늘에 닿도록 뻗어요"
55:45,"Come on, Susanna, reach.
Very good!","어서, 수잔나
잘하고 있어요"
55:48,"Lisa, all right.","리사, 좋아요"
55:50,"Reach your arms, girls.
Reach. Really lift.","팔을 뻗어 보세요, 여러분
쭉 뻗어요"
55:54,Feel the stretch through the hip.,"엉덩이가 늘어나는 걸
느껴 봐요"
55:56,"Very good.
Let your arms be branches.","좋아요, 팔이
나뭇가지가 되는 거예요"
55:58,There's strength in those branches.,나뭇가지에는 힘이 있죠
56:01,"Reach, reach all the way up
into the sky. Very good.","하늘로 쭉 뻗어요
잘하고 있어요"
56:06,"Let the wind blow the leaves
and let your fingers be the leaves.","이파리에 바람이 불어요
손가락은 잎이 됩니다"
56:10,"Good, M-G, very good.
Feel the wind.","잘하고 있어요, MG
바람을 느끼세요"
56:13,"Good. Good, Lisa.","좋아요, 리사"
56:16,Very good.,잘했어요
56:18,"Just lift up. Lift up.
Very good, girls.","높이 들어요, 잘하고 있어요"
56:21,"Now feel your feet.
Feel your feet be rooted.","발은 뿌리예요
느껴 보세요"
56:24,"Go down into a plié.
Very good.","플리에 동작이에요, 잘했어요"
56:27,"Good, girls. Polly, very good.","좋아요, 폴리"
56:30,"Now stretch it. The wind's blowing
really hard this way.","쭉 펴 봅니다
바람이 강하게 불고 있어요"
56:34,"That is not fair.
That is not fair!",이건 불공평해!
56:37,That is not fair!,불공평해!
56:40,Seventy-four is the perfect weight!,33킬로그램은 정상 체중이야!
56:45,"Good luck, crazy bitch.","행운을 빈다, 미친 것아"
56:47,"What kind of tree can you be
down there on the floor?",바닥에 붙은 나무는 뭐죠?
56:51,"I'm a fucking shrub, all right?",빌어먹을 관목이에요
58:16,"Martin Luther King Jr. was killed
tonight in Memphis, Tennessee.","마틴 루서 킹이 오늘 밤
멤피스에서 살해됐습니다"
58:19,"He was shot as he stood
on the balcony of his hotel room.","호텔 발코니에 서 있다가
저격당했습니다"
58:24,"Last night, he said this:",어젯밤 연설은 이랬습니다
58:26,I don't know what will happen now.,무슨 일이 일어날지 모릅니다
58:29,We've got some difficult days ahead.,앞으로 힘든 날이 있겠죠
58:33,"But it really doesn't matter
with me now...",하지만 이제 난 상관없습니다
58:36,"...because I've been
to the mountaintop.",난 산 정상에 올라 봤으니까요
58:50,"Susanna, you have a visitor.","수잔나, 손님이 왔어"
58:57,What are you doing here?,어쩐 일이야?
59:03,I ship out next week.,다음 주에 떠나
59:07,Here.,여기
59:26,Checks.,점검
59:28,Sorry.,실례
59:30,"No. It's okay. We have
10 minutes till they come back.","괜찮아, 10분 뒤에
돌아올 거야"
59:45,"Hey, Torch.",토치
59:47,What you doing?,뭐해?
59:50,Nothing.,아무것도 아니야
59:52,"Well, why don't you go to
your room and do nothing?",네 방에서나 그러지?
1:00:06,Checks.,점검
1:00:10,Checks.,점검
1:00:14,Checks.,점검
1:00:19,"Hey, Margie.","안녕, 마지"
1:00:20,"-Hey, Lisa.
-What you doing?","- 안녕, 리사
- 뭐해?"
1:00:23,"-Checks.
-How's Joe?","- 점검하지
- 조는 어때?"
1:00:25,He's fine.,잘 지내
1:00:27,I have to do my checks.,점검해야 해
1:00:29,"Taking five minutes for me
would be a dereliction of duty?","나랑 5분 같이 있으면
직무 유기라도 돼?"
1:00:34,What if I had a punctured artery?,내 동맥이 터지기라도 했으면?
1:00:36,"You'd go on your rounds,
ignoring my wounds?",무시하고 계속 회진할 거야?
1:00:38,"-Stop it.
-Stop what? Look at this.","- 그만해!
- 뭘 그만해? 한 번 봐"
1:00:42,Go ahead. Go ahead.,계속 가 봐
1:00:43,That's enough!,그만해!
1:00:44,"Take one step
and I'll jam this in my aorta!","한 발짝이라도 떼면
대동맥에 쑤셔 넣을 거야"
1:00:47,Stop it.,그만해!
1:00:49,Your aorta is in your chest.,대동맥은 가슴에 있어
1:00:52,Good to know.,좋은 정보군
1:00:55,"-I'll make a note of that.
-Good.","- 꼭 기억할게
- 좋아"
1:01:06,"You have grounds privileges.
Why don't you take a walk?","밖으로 나갈 수 있잖아
산책하고 와"
1:01:10,Go get a cup of coffee.,커피 한 잔이라도 하고
1:01:16,We should get out of here.,여기서 나가자
1:01:34,The cafeteria's this way.,구내식당은 이쪽이야
1:01:36,My wheels are here.,내 차가 여기 있어
1:01:38,Wait. What are we doing?,"잠깐, 뭐 하려고?"
1:01:42,We're going to Canada.,캐나다로 가자
1:01:50,You're not crazy.,넌 미치지 않았어
1:01:52,Okay? You don't need to be here.,여기 있을 필요 없다고
1:01:56,"I tried to kill myself, Toby.",난 자살하려고 했어
1:01:59,"-You took some aspirin.
-I took a bottle of aspirin.","- 아스피린 좀 먹은 거지
- 한 통을 비웠어"
1:02:05,"That buys you a year in this place?
That's bullshit, okay?","그래서 1년을 여기서
보낸다고? 말도 안 돼"
1:02:10,They're breaking you.,널 망가뜨릴 거야
1:02:11,"Come on. All right?
Everything's changing, man.","가자, 응?
세상이 온통 변했어"
1:02:14,"What do they know
about being normal?","정상에 대해 알고
떠드는 거래?"
1:02:19,I have friends in here.,친구들도 있어
1:02:22,Who? Them?,누구? 저 사람들?
1:02:26,"Those girls--
Susanna...",저 여자들은
1:02:29,"...they're eating grapes
off of the wallpaper.",벽지 속 포도 먹는 사람들이야
1:02:33,They're insane.,미쳤다고
1:02:35,"If they are, I am.",그럼 나도 마찬가지야
1:02:42,"No, baby.
Listen, come with me.","아니야, 같이 가자"
1:02:49,Look...,있잖아...
1:02:51,...my dad gave me five grand.,아빠가 5천 달러 주셨어
1:02:54,"Okay? We can go up there.
We can build a cabin in the woods.","캐나다에 가서
숲에서 집 짓고 살자"
1:03:00,"Look, I know that this sounds crazy...",이상하게 들릴 수 있지만
1:03:05,...but I think I love you.,널 사랑해
1:03:08,So come with me. Okay?,"그러니까 같이 가자, 응?"
1:03:12,Come with me.,같이 가자
1:03:22,"You wanna leave, don't you?",떠나고 싶지?
1:03:26,Yes.,응
1:03:27,I wanna leave.,떠나고 싶어
1:03:33,But not with you.,하지만 너랑은 아니야
1:03:38,Not with you.,너랑은 아니야
1:03:42,I'm sorry.,미안해
1:03:45,"Susanna, wait a second.","수잔나, 잠깐만"
1:04:33,Why did you do that?,왜 그랬어요?
1:04:38,Fix the light bulb at night?,왜 밤에 전구 갈았어요?
1:04:43,I'm not here in the morning...,난 아침에 여기 없거든요
1:04:46,"...and that's when you like to draw
your pictures and stuff.","당신이 아침에
그림 그리는 거 좋아하잖아"
1:04:50,So....,그래서...
1:05:02,John?,존?
1:05:10,Why do you like me?,왜 날 좋아해요?
1:05:15,I just like you.,그냥 좋아요
1:05:18,That's all.,이유는 없어요
1:05:21,"I wish you were getting
better, though.",당신이 회복됐으면 좋겠어요
1:05:25,I would....,난...
1:05:28,"I'd take you out to go see
a movie or something.","당신과 같이 나가서
영화 보고 싶거든요"
1:05:34,That'd be nice.,그럼 좋겠네요
1:05:38,My face!,내 얼굴!
1:05:42,My face!,내 얼굴!
1:05:44,I'm okay. I'm okay.,괜찮아요
1:05:46,"-Let her be. She's fine.
-My face!","- 그냥 둬요, 괜찮아요
- 내 얼굴!"
1:05:48,My face!,내 얼굴!
1:05:49,"Seclusion.
Take her to Seclusion. Come on.",격리실로 데려가
1:05:52,I got you.,괜찮아
1:05:57,"-My face! Why?
-Open it.","- 내 얼굴! 왜?
- 문 열어"
1:05:59,My face!,내 얼굴!
1:06:01,My face!,내 얼굴!
1:06:03,"Quieten down. Quieten down.
You're all right.","목소리 낮춰, 괜찮아"
1:06:09,I'm ugly! My face!,난 못생겼어! 내 얼굴!
1:06:12,I'm ugly! Why?,난 못생겼어! 왜?
1:06:40,What happened to Polly?,폴리한테 무슨 일 있어?
1:06:44,"What needs to happen?
No one's ever gonna kiss her.","쟤한테 뽀뽀할 사람은
아무도 없으니까"
1:06:49,"They're building a new
Disneyland in Florida.","플로리다 주에
새로 디즈니랜드 세운대"
1:06:53,"If I could have any job,
I'd be a professional Cinderella.","직업을 가진다면
난 전문 신데렐라가 될 거야"
1:06:57,You could be Snow White.,넌 백설 공주 해
1:06:59,Polly could be Minnie Mouse and then...,폴리는 미니 마우스 해서
1:07:01,"...she'd be hugged, kissed
and loved...","포옹과 뽀뽀 받으면서
사랑받겠지"
1:07:03,"...and no one would know
what's inside that giant head.","그 큰 머리에 누가 있는지
아무도 모르잖아"
1:07:08,Give me your keys.,열쇠 줘
1:07:36,"Hey, Polly.",폴리
1:07:40,It's Susanna.,수잔나야
1:07:41,Just play something.,그냥 연주해
1:07:43,"If talking did shit,
we'd be out of here by now.","말이 통했으면
우린 벌써 여기에서 나갔겠지"
1:09:07,"Back to your room, please.","- 그리고 도심지로 가세요
- 방으로 돌아가요"
1:09:13,McWilley is gonna wake up.,맥윌리 씨 깨겠어요
1:09:15,Give me the guitar.,기타 주세요
1:09:19,You're gonna get me fired.,나 잘릴 수도 있어요
1:09:24,Give me the guitar.,기타 주세요
1:09:28,No. No.,안 돼요
1:09:30,It's okay. It's okay. Come here.,"괜찮아요, 가까이 와요"
1:09:32,"You'll get me fired.
You know that?","나 잘릴지도 몰라요, 알아요?"
1:10:24,I'm writing you up.,보고서 작성할 거야
1:10:25,I am sick of this bullshit.,더는 못 참아
1:10:33,Is she here?,왔어요?
1:10:35,You can go in now.,들어가요
1:10:44,"-What did she do?
-They drugged Nurse McWilley.","- 무슨 짓 했어요?
- 맥윌리 씨에게 약 먹였대요"
1:10:53,"-Good morning, Susanna.
-Good morning.","- 안녕, 수잔나
- 안녕하세요"
1:10:56,How are you?,잘 지내고 있니?
1:10:59,"I'm fine, I guess.",그런 것 같아요
1:11:03,Sit down.,앉아라
1:11:14,You look tired.,피곤해 보이네
1:11:18,"Polly freaked out last night and we
stayed up singing to her, Lisa and I.","어젯밤에 폴리 진정시키느라
리사랑 밤새 노래 불러 줬어요"
1:11:24,Have you become friends with Lisa?,리사랑 가까워졌니?
1:11:29,Why? Is that bad?,"왜요, 문제가 되나요?"
1:11:31,"-Does it feel bad?
-No.","- 그 말이 기분이 나빠?
- 아니요"
1:11:34,"Before you came here,
did you have many girlfriends?","이곳에 오기 전에
여자친구를 많이 사귀었니?"
1:11:38,Not really.,아니요
1:11:42,"Would you say that before you came here,
your friends consisted mainly...",이곳에 들어오기 전에는 보통
1:11:46,"...of boys, of men?",남자친구를 사귀었니?
1:11:49,"Does it say in there
that I'm promiscuous?","거기에 내가
문란하다고 적혀있어요?"
1:11:52,Why do you choose that word?,왜 그 단어를 선택했지?
1:11:54,"How many guys would I have to sleep
with to be considered promiscuous?","몇 명과 자야지
문란한 거예요?"
1:11:58,Textbook promiscuous?,교과서적인 기준이 뭔데요?
1:12:01,What do you think?,네 생각은 어떻니?
1:12:03,Ten. Eight. Five.,"10명, 8명, 5명"
1:12:07,"How many girls would a guy have to sleep
with to be considered promiscuous?",그럼 남자의 기준은요?
1:12:11,Ten? 20? 109?,10명? 20명? 109명?
1:12:13,"Someone who's compulsively
promiscuous...",강박적으로 문란한 사람은
1:12:15,"...might engage in a sex act
with a guest in their room...","자기들 방에 손님을 불러
성관계를 맺고"
1:12:19,"...and then engage in another sex act
during the same day with an orderly.","같은 날 병원 직원과
차례로 성관계를 맺지"
1:12:28,"Am I in trouble for kissing an orderly
or giving my boyfriend a blowjob?","직원과 키스하고 남자친구를
애무해서 문제 되나요?"
1:12:35,Melvin says...,멜빈 선생님 말씀이
1:12:37,"...you have some very interesting
theories about your illness.","네 병에 관해
흥미로운 이론이 있다던데"
1:12:42,"You believe there is
a mystical undertow in life.","삶에는 신비한 저류가
있다고 생각한다지?"
1:12:46,"""Quicksands of shadows.""",'빠져나올 수 없는 어둠'
1:12:49,"Another one of my theories is that you
people don't know what you're doing.","또 다른 이론은 당신네가
아무것도 모른다는 거예요"
1:12:54,"You acknowledge a problem
coping with this quicksand.",네가 가진 문제를 인정하는구나
1:12:57,"I have a problem coping
with this hospital. I wanna leave.","이 병원이 문제예요
나가고 싶어요"
1:13:03,I can't do that.,아직 안 돼
1:13:04,"I signed myself in,
I can sign myself out.","내가 서명해서 들어왔으니
나가는 것도 그렇게 할게요"
1:13:07,"You signed yourself into our care.
We decide when you leave.","우리 보호 받겠다고 동의했잖니
나가는 건 우리가 결정해"
1:13:11,"You're not ready for it, Susanna.",넌 아직 준비가 덜 됐어
1:13:13,Your progress has plateaued.,병에 차도가 없어
1:13:18,Does that disappoint you?,그래서 실망했니?
1:13:20,I'm ambivalent.,양가적 감정이 드네요
1:13:23,"In fact, that's my new favorite word.",요즘 가장 좋아하는 단어예요
1:13:25,"Do you know what that means,
ambivalence?",그 뜻을 아니?
1:13:28,I don't care.,신경 안 써요
1:13:30,"If it's your favorite word,
I would've--",가장 좋아하는 단어라면...
1:13:32,"It means ""I don't care.""
That's what it means.",뜻은 '신경 안 쓰다'예요
1:13:35,"On the contrary, Susanna.","그 반대야, 수잔나"
1:13:38,"Ambivalence suggests strong
feelings in opposition.","양가감정이란
반대 감정이 강력하다는 거야"
1:13:43,"The prefix, as in ambidextrous...","양손잡이처럼, 이 접두사 뜻은"
1:13:46,"...means ""both.""",'동시에'지
1:13:49,"The rest of it, in Latin, means ""vigor.""",나머지는 '힘'이라는 뜻이고
1:13:53,The word suggests that you are torn...,"즉, 네가 상반되는"
1:13:56,"...between two opposing courses
of action.","두 행동 방침 사이에서
괴롭다는 거야"
1:14:02,Will I stay or will I go?,"그래서 계속 있어요?
아니면 나가나요?"
1:14:05,Am I sane or am I crazy?,"네가 미쳤을까?
혹은 온전할까?"
1:14:09,Those aren't courses of action.,그건 행동 방침이 아니잖아요
1:14:11,"They can be, dear, for some.",누군가에게는 해당된단다
1:14:15,"Well, then, it's the wrong word.",그럼 틀린 단어네요
1:14:17,No.,아니
1:14:19,I think it's perfect.,완벽한 단어야
1:14:35,"""What world is this?",'무슨 세상이지?'
1:14:38,What kingdom?,'어떤 왕국일까?'
1:14:41,"What shores of what worlds?""","'어떤 세상의 어느
해변이지?'"
1:14:44,"It's a very big question
you're faced with, Susanna.",네가 직면한 중요한 질문이야
1:14:50,The choice of your life.,"네가 살면서
택해야 할 선택이지"
1:14:54,"How much will you indulge
in your flaws?","언제까지 네 문제 속에서
방황할 거니?"
1:14:59,"What are your flaws?
Are they flaws?","네 문제가 뭐지?
문제가 맞긴 해?"
1:15:02,"If you embrace them, will you commit
yourself to hospital for life?","그 문제를 끌어안고
평생 이곳에 있을 거야?"
1:15:09,"Big questions, big decisions.","중요한 질문이고
중요한 결정이야"
1:15:14,"Not surprising you profess
carelessness about them.","무관심하다고 해서
놀랍지는 않구나"
1:15:25,Is that it?,끝났어요?
1:15:28,For now.,우선은
1:15:39,"This way, Susanna.","이쪽이야, 수잔나"
1:15:56,John was moved to the men's ward.,존은 남자 병동으로 옮겼고
1:16:00,"And Lisa never came back
from Dr. Wick's office.","리사는 그 뒤로
다시 돌아오지 않았다"
1:16:31,We live in a time of doubt.,"우리는 의심의 시대를
살고 있습니다"
1:16:35,"The institutions we once trusted
no longer seem reliable.","우리가 믿었던 기관을
더는 신뢰할 수 없습니다"
1:16:43,"Daisy sent us a postcard
all about her new apartment.","데이지가 새집 소식을
카드에 적어서 보냈어"
1:16:47,She got a pussycat.,고양이 키운대
1:16:50,Where's Lisa?,리사는 어디 있어?
1:16:53,You know where she is.,너도 알잖아
1:16:56,They just put her in another ward.,다른 병동으로 옮겼어
1:17:10,I think you need to get up.,일어나
1:17:13,"I'm just gonna rest for a while,
just a little while.","잠시만 쉴게요, 잠시만요"
1:17:25,What are you doing?,뭐 하는 거예요?
1:17:29,Fuck!,빌어먹을!
1:17:33,"Sorry, too cold?","미안, 너무 차갑니?"
1:17:35,"What the fuck are you doing?
Get me the fuck out of this tub!","뭐 하는 짓이에요?
당장 꺼내 줘요!"
1:17:39,Get yourself out.,스스로 나와
1:17:41,Where's Lisa?,리사는 어디 있어요?
1:17:44,Where the fuck is Lisa?,리사 어디 있냐고요!
1:17:46,Can't hack it without her?,"왜? 리사 없이는
아무것도 못 해?"
1:17:49,"You banish her for singing to Polly.
We were trying to help her!","그런 일로 쫓아냈잖아요
도우려던 것뿐인데"
1:17:53,"We were trying to help her! This place
is a fucking fascist torture chamber!","도운 것뿐이라고요!
여긴 그저 고문하는 곳이에요!"
1:17:58,No.,틀렸어
1:18:00,"I worked in state hospitals.
This place is a five-star hotel.","주립 병원에 비하면
여긴 5성급 호텔이야"
1:18:09,"You know, I can take a lot of crazy
shit from a lot of crazy people...","미친 사람들의 이상한 짓을
많이 봤지만"
1:18:14,...but you?,넌?
1:18:15,You are not crazy.,넌 미치지 않았어
1:18:17,Then what's wrong with me?,"그럼 나한테
무슨 문제가 있는데요?"
1:18:19,"What the fuck's going on
inside my head?","내 머릿속에 도대체
무슨 문제가 있냐고요!"
1:18:22,"Tell me Dr. Val,
what's your diag-nonsense?","말해 보세요, 의사 선생님
진단해 보라고요"
1:18:25,"You are a lazy,
self-indulgent little girl...","넌 그냥 게으르고
제멋대로인 것뿐이야"
1:18:29,...who is driving herself crazy.,스스로 미치도록 몰아갈 뿐
1:18:35,Is that your medical opinion?,"그게 당신의
의학적 소견인가요?"
1:18:39,"Is that what you've learned
in your studies at night school...","야간 학교에서
그걸 배우셨어요?"
1:18:43,...for Negro welfare mothers?,흑인 엄마들의 야간 학교?
1:18:46,"I mean, Melvin doesn't have a clue.
Wick is a psycho. And you...","멜빈은 아무것도 모르고
윅은 정신병자에"
1:18:50,...pretend you're a doctor.,당신은 의사 행세나 하지
1:18:52,"You sign charts and dole out meds,
but you's ain't no doctor, Miss Valerie.","차트에 서명하고 약을 나눠줘도
당신은 의사가 아니야"
1:18:57,"You's ain't nothing
but a black nursemaid.","당신은 그저
흑인 간호사일 뿐이라고"
1:19:03,And you're just throwing it away.,넌 그냥 인생을 허비하고 있지
1:19:31,You still wanna go to Florida?,여전히 플로리다에 가고 싶어?
1:19:36,"Lisa, we need money, don't we?","리사, 돈 필요하지 않을까?"
1:19:39,"-You've tongued your meds?
-Yeah, but I only have--","- 약 모아 놨지?
- 응, 그런데..."
1:19:42,They gave me shocks again.,또 전기 충격 요법을 받았어
1:19:45,"Jamie, I have to get out of here.","제이미, 난 여기에서
나가야 해"
1:19:49,I'm Susanna.,난 수잔나야
1:19:52,I'm Susanna.,수잔나라고
1:20:13,What are we doing?,어떻게 하려고?
1:20:18,What is it?,이게 뭐야?
1:20:21,"""Dear sir, please give
Daisy Randone assistance...","'데이지 랜돈이
전화 설치하는 데'"
1:20:25,"...installing a telephone
at 23 Vicar Street.""","'도움이 필요합니다
비커가 23번지'"
1:20:29,I thought we were going to Florida!,플로리다로 간다며?
1:20:31,"We just need a place to crash
till we get plane tickets.","비행기 표 구할 때까지
머물 곳이 필요해"
1:20:36,Come on.,어서 가자
1:20:49,Nice coat.,코트 멋지네
1:21:55,What?,왜?
1:21:57,"You don't want me, Tony.",넌 날 원하지 않아
1:22:00,"Yes, I do, baby.","원해, 자기"
1:22:02,"No, you don't. I'm a crazy girl.","아니야, 나 미친 애야"
1:22:05,"You're crazy,
so we can't have one night?",미쳤으니까 하룻밤 못 잔다고?
1:22:08,I am a crazy girl. Seriously.,진짜 미쳤다는 말이야
1:22:12,"-You've been in a hospital?
-Yes.","- 병원에 있었어?
- 맞아"
1:22:21,Do you see purple people?,보라색 사람이 보여?
1:22:25,"My friend, he saw purple people.",내 친구는 보라색 사람을 봐
1:22:28,"And so the state came
and took him away.",정부에서 걔를 데려갔어
1:22:32,He didn't like that.,친구는 힘들어했지
1:22:34,Some time went by...,시간이 지나고
1:22:36,"...and he told them he didn't see
purple people no more.",더는 안 보인다고 말했어
1:22:39,He got better.,나아졌구나
1:22:42,No. He still sees them.,"아니, 계속 보여"
1:22:47,We gotta split.,나가야 해
1:22:49,Somebody stop her!,저 여자 잡아!
1:22:50,She took my fucking wallet!,내 지갑 훔쳤어!
1:23:03,Identify yourself.,누구세요?
1:23:06,It's Susanna and--,수잔나야
1:23:09,It's Susanna. Daisy?,"수잔나야, 데이지?"
1:23:18,You got Valium?,발륨 있어?
1:23:36,Cool pad.,집 멋지네
1:23:39,"Peace, man, peace.","항복할게, 항복"
1:23:41,"I'm sorry for being a bitch.
I was a drag.","못되게 굴어서 미안해
내가 나빴어"
1:23:43,That's for you.,네 선물이야
1:23:54,That's Ruby.,루비라고 해
1:23:57,My dad bought her for me.,아빠가 사 주셨어
1:24:01,This is a Castro Convertible.,이거 침대 소파야
1:24:04,"-It pulls out.
-Cool.","- 꺼내면 돼
- 멋지네"
1:24:06,"-Where's your bathroom?
-Right there.","- 화장실은 어디야?
- 그 방이야"
1:24:12,You don't have a tub.,욕조 없어?
1:24:14,"No, I don't.","응, 없어"
1:24:17,"-What about upstairs?
-Nope.","- 위층은?
- 없어"
1:24:21,"So, what, did you two
escape or what?",두 사람 도망치기라도 했어?
1:24:24,"Actually, we're going to Florida.",플로리다로 갈 거야
1:24:27,"All you have is mustard
and your chickens.",냉장고에 겨자 소스랑 닭뿐이네
1:24:31,"So what are you girls going
to do in Florida?",플로리다에 가서 뭘 할 거야?
1:24:35,"I'm gonna be Cinderella at
Walt Disney's new theme park.","난 디즈니랜드에서
신데렐라가 될 거야"
1:24:39,Susanna's gonna be Snow White.,수잔나는 백설 공주
1:24:42,You can come if you want.,너도 같이 가고 싶으면 가자
1:24:45,"You can be the cocker spaniel
that eats spaghetti.",스파게티 먹는 개 하면 되겠네
1:24:49,I wanna make pancakes.,팬케이크 만들고 싶은데
1:24:51,"I'm tired.
I wanna go to bed.","피곤해, 그냥 자자"
1:24:53,"I want to make pancakes
in the morning.",아침에 팬케이크 만들게
1:24:56,There's a market on the corner.,모퉁이에 시장 있어
1:24:58,Pans are under the sink.,싱크대 아래에 프라이팬 있고
1:25:00,Silver's in that drawer.,"나이프, 포크는
저 서랍에 있어"
1:25:05,Do you have any money?,돈은 있니?
1:25:08,"Do you have some sort
of a safety net down there?",거기 대비책이라도 있어?
1:25:13,People you know down there in Florida?,플로리다에 아는 사람은?
1:25:16,Relatives?,친척?
1:25:19,Friends? Anything?,"친구, 누구라도?"
1:25:33,This is for your pancakes.,"이 돈은 팬케이크
만드는 데 써"
1:25:36,"Don't make a lot of noise
in the morning.",아침에 시끄럽게 하지 말고
1:25:40,I like to sleep late.,내가 아침잠이 많거든
1:25:43,I'll come down when I'm ready.,난 준비 다 되면 내려올게
1:26:14,Give me the Valium.,발륨 줘
1:26:17,We don't need your daddy's money.,네 아빠 돈은 필요 없어
1:26:20,Then leave it there.,그럼 놔두고
1:26:22,Just give me the fucking Valium.,발륨이나 내놔
1:26:31,What's this?,이건 뭐야?
1:26:32,"-What's this?
-Let go.","- 이건 뭐야?
- 이거 놔"
1:26:33,"-Trying out your new silver?
-Get the fuck off me.","- 나이프 테스트라도 했어?
- 꺼져"
1:26:37,Less appealing for Daddy.,아빠가 실망하겠는데?
1:26:40,"Look at your own arm, asshole.","네 팔이나 봐, 멍청이야"
1:26:42,"I'm sick, Daisy. We know that.","내가 아픈 건
다 아는 사실이잖아"
1:26:44,"But here you are in so-called
recovery, cut up like a ham.",회복했다는 사람이 자해하다니
1:26:48,"Just stop it, okay?","그만해, 응?"
1:26:52,Help me understand.,설명해 봐
1:26:55,"I thought you didn't do Valium.
Tell me how this works.","발륨은 안 하는 줄 알았는데
한 번 설명해 봐"
1:27:00,"Tell me that you don't drag that blade
across your skin...","네 피부를 가로질러
칼날을 긋도록"
1:27:03,"...and pray for the courage
to press down.",용기를 달라고 기도라도 했어?
1:27:09,"Tell me how your daddy
helps you cope with that.","아빠가 어떻게 도와줬는지
말해 봐"
1:27:13,Illuminate me.,아주 상세하게
1:27:18,My father loves me.,아빠는 날 사랑해
1:27:22,I bet.,그렇겠지
1:27:24,With every inch of his manhood.,아빠 온몸을 걸고 말이야
1:27:27,"Oh, God.",빌어먹을
1:27:33,I'm going to sleep now.,이제 자러 갈 거야
1:27:45,Please be gone in the morning.,아침에 사라져 줄래?
1:27:50,"You're just jealous, Lisa...",넌 그냥 부러운 거야
1:27:53,...because I got better.,내가 나아졌으니까
1:27:56,Because I was released.,난 퇴원했고
1:27:59,Because I have a chance.,난 기회가 있고
1:28:03,And a life.,일상생활이 가능하니까
1:28:06,"They didn't release you
because you're better.",네가 나아서 퇴원한 게 아니야
1:28:09,They just gave up.,그냥 포기한 거지
1:28:12,You call this a life?,이게 삶이라 할 수 있니?
1:28:14,"Taking Daddy's money? Buying your
dollies and your knickknacks?","아빠 돈 받아서 인형이랑
장식품 사는 게?"
1:28:19,"Eating his fucking chicken?
Fattening up like a prize heifer?","아빠 닭이나 먹으면서
소처럼 살찌는 게?"
1:28:24,"You changed the scenery,
but not the situation...","주변만 바꿨지
네 처지는 그대로야"
1:28:26,...and the warden makes house calls.,소장이 전화하는 거 알아
1:28:29,And everybody knows.,다들 알고 있어
1:28:32,Everybody knows that he fucks you.,"다들 그 남자가
어떻게 했는지 알아"
1:28:36,What they don't know...,사람들이 모르는 건
1:28:39,...is that you like it.,네가 즐긴다는 거지
1:28:42,"-You like it.
-Shut the fuck up!","- 넌 즐기고 있어
- 입 닥쳐!"
1:28:45,"Man, it's cool. It's okay.","좋아, 괜찮아"
1:28:48,It's fucking fine!,아주 괜찮아!
1:28:49,"A man is a dick is a man
is a dick is a chicken...","남자는 필요 없고, 닭은..."
1:28:53,...is a dad...,아빠지
1:28:55,"...a Valium, a speculum, whatever.",발륨이든 검경이든 상관없어
1:28:59,Whatever.,맘대로 해
1:29:02,You like being Mrs. Randone.,랜돈 부인이 되니 좋지?
1:29:05,Probably all you've ever known.,아마 쭉 그랬을 거야
1:29:11,Have fun in Florida.,플로리다에서 좋은 시간 보내
1:31:05,Has she come down yet?,데이지 아직 안 내려왔어?
1:31:07,No.,응
1:31:10,"But she's been playing
that shit all morning!","대신 아침 내내
저딴 노래를 틀어 놨지!"
1:32:32,Daisy?,데이지?
1:32:53,"Oh, my God!",세상에
1:33:07,What an idiot.,바보 같은 것
1:33:17,"-Yes, I need an ambulance.
-Make it a hearse.","- 네, 응급차 보내 주세요
- 영구차로 불러"
1:33:23,Daisy Randone. She killed herself.,"데이지 랜돈요, 자살했어요"
1:33:29,"23 Vicar Street.
Yes. Please hurry!","비커가 23번지예요, 빨리요!"
1:33:45,"You pressed her buttons.
Now you're taking her money.","네 잘못인데 지금
데이지 돈을 훔쳐?"
1:33:50,"I didn't press shit.
She was waiting for an excuse.","내가 안 그랬어
쟤는 핑계가 필요했던 거야"
1:33:53,Pack up. We have to go.,"짐 챙겨, 가야 해"
1:33:55,"All right?
We have to go!",괜찮아? 가야 해!
1:33:57,Now we have money.,이제 돈도 있어
1:34:03,Don't be stupid.,바보같이 굴지 마
1:34:08,"All right, fine. Be stupid.","알았어, 바보가 되든지"
1:36:24,"We should send someone
for a litter box.","고양이 변기 사러
사람을 보내야겠어요"
1:36:57,Can I pet the kitty?,쓰다듬어도 돼?
1:37:02,Be careful.,조심해
1:37:07,"-Hello, puddy-cat.
-Kitty!","- 안녕, 고양아
- 야옹아!"
1:37:11,You are so cute.,너무 귀엽다
1:37:25,Checks.,확인
1:37:29,Where's Georgina?,조지나는요?
1:37:32,She's staying with Polly tonight.,오늘 폴리랑 같이 있을 거야
1:37:35,They're playing with your cat.,고양이와 놀고 있어
1:37:41,Did they find Lisa?,리사는 찾았대요?
1:37:44,No.,아니
1:38:04,I couldn't stand up to her.,리사한테 맞서지 못했어요
1:38:11,"A decent person would
have done something.","괜찮은 사람은
뭐라도 했을 거예요"
1:38:17,Shut her up.,입 다물게 하고
1:38:23,Gone upstairs.,2층에 올라가서
1:38:26,Talked to Daisy.,데이지랑 이야기를 나눴겠죠
1:38:30,Melvin said you went upstairs.,"멜빈 말로는
네가 2층에 올라갔다면서"
1:38:35,Too late.,이미 늦었어요
1:38:39,What would you have said to her?,"데이지에게 무슨 말을
하고 싶었어?"
1:38:43,I don't know.,몰라요
1:38:47,That I was sorry.,미안하고
1:38:54,"That I'll never know what
it was like to be her.",데이지 처지를 잘 몰랐지만
1:39:02,"But I know what it's like
to wanna die.",죽고 싶은 심정은 잘 안다고요
1:39:10,How it hurts to smile.,웃는 게 얼마나 고통스러운지
1:39:14,"How you try to fit in,
but you can't.",어울리고 싶어도 그러지 못하고
1:39:19,"How you hurt yourself
on the outside...",겉으로 자신을 다치게 해서
1:39:23,"...to try to kill the thing
on the inside.","그 속을 죽이고 싶은
마음을 안다고요"
1:39:28,"Susanna, it's all well and good
to tell me all this.",나에게 다 털어놔도 좋지만
1:39:34,"But you've got to tell
some of this to your doctors.",의사에게 가서 말해야 해
1:39:44,How am I supposed to recover...,내가 내 병을 이해 못 하는데
1:39:46,"...when I don't even
understand my disease?",어떻게 회복할 수 있겠어요?
1:39:50,But you do understand it.,넌 다 이해하고 있어
1:39:53,"You spoke very clearly
about it a second ago.",방금 아주 명료하게 말했잖아
1:39:57,"But I think what you've got
to do is put it down.","네가 해야 할 일은
그걸 글로 쓰는 거야"
1:40:00,"Put it away.
Put it in your notebook.",노트에 다 쏟아내
1:40:03,But get it out of yourself.,속에 있는 걸 다 끄집어내렴
1:40:06,"Away, so you can't
curl up with it anymore.",다시는 괴롭지 않게 말이야
1:40:17,Lisa thinks it's a gift.,리사가 축복이래요
1:40:22,That it lets you see the truth.,"당신이 진실을
볼 수 있는 거요"
1:40:28,Lisa's been here for eight years.,리사는 8년 동안 여기 있었어
1:40:39,I'm so sorry.,너무 죄송해요
1:40:42,"-I was a pig.
-It's all right. Listen.","- 너무 나빴어요
- 괜찮아, 잘 들어"
1:40:47,Do not drop anchor here.,여기에서 정착하면 안 돼
1:40:51,Understand?,알았지?
1:41:05,When you don't want to feel...,감정을 느끼기 싫으면
1:41:09,...death can seem like a dream.,죽음이 꿈처럼 보인다
1:41:13,But seeing death...,하지만 죽음을 보면
1:41:16,...really seeing it...,정말 죽음과 마주하면
1:41:18,"...makes dreaming about it
fucking ridiculous.","죽음을 꿈꾸는 건
헛소리가 된다"
1:41:23,"Maybe there's a moment,
growing up...",아마 성장해서
1:41:27,...when something peels back.,"한 꺼풀 벗겨지는
순간이 있나 보다"
1:41:30,"Maybe we look for secrets because
we can't believe our minds.","자기 마음을 못 믿어서
비밀을 찾나 보다"
1:41:35,"Though I missed Lisa,
life was easier without her.","리사가 보고 싶지만
걔가 없어서 삶은 편하다"
1:41:39,"A thought is a hard thing
to control.",생각을 통제하는 건 어렵다
1:41:43,"All I know is that
I began to feel again.",다시 감정을 느끼기 시작했다
1:41:45,Crazy? Sane?,미치다? 제정신이다?
1:41:47,"Whatever I was, I knew there was
only one way back to the world...","어쨌든 세상으로 돌아갈
방법은 한가지뿐이다"
1:41:52,...and that was to use the place...,그건 그 장소에서
1:41:55,...to talk.,이야기하는 것이다
1:41:57,"So I saw the great and wonderful
Dr. Wick three times a week...","일주일에 3번
훌륭한 윅 박사를 만나"
1:42:01,"...and I let her hear
every thought in my head.","내 속의 모든 이야기를
털어놓았다"
1:42:08,"Do you think maybe I have ESP
or something, that I'm gifted?","저에게 초능력 같은 게
있을까요?"
1:42:13,Perhaps.,그럴지도
1:42:26,"You think I can be home
by Thanksgiving?","추수감사절쯤에는
집에 갈 수 있을까요?"
1:42:33,"Nothing's happened
in weeks, you know.",한동안 아무 일 없었잖아요
1:42:37,The point is control.,잘 통제할 수 있으면
1:42:39,"Yeah, and here I am,
in control, off meds...",약도 끊고 통제하고 있잖아요
1:42:44,"...no headaches, sleeping sound.",두통 없고 잠도 푹 자요
1:42:56,"Oh, will you help me?
Can you help me?",도와주세요
1:42:58,"You don't need to be helped
any longer.",더는 도움이 필요 없단다
1:43:00,"You've always had the power
to go back to Kansas.","너에겐 이미
캔자스로 돌아갈 힘이 있었어"
1:43:03,I have?,제게요?
1:43:04,Then why didn't you tell her before?,"왜 이전에
말해 주지 않았나요?"
1:43:06,"Because she wouldn't have
believed me.",날 믿지 않았을 테니까요
1:43:09,She had to learn it for herself.,스스로 깨우쳐야 했죠
1:43:10,"What have you learned, Dorothy?","뭘 깨우쳤니, 도로시?"
1:43:17,I think that it...,제 생각에는...
1:43:19,"...that it wasn't enough just to want
to see Uncle Henry and Auntie Em...","이모와 삼촌이 보고 싶은
마음으로는 부족했어요"
1:43:25,"...and if I ever go looking
for my heart's desire again...",다시 꿈을 찾으러 떠난다면
1:43:28,"...I won't look any further
than my own back yard.",뒤뜰을 벗어나지 않을 거예요
1:43:32,Because if it isn't there...,그곳에 없다면
1:43:34,"...I never really lost it
to begin with.","처음부터 잃어버린 게
아니니까요"
1:43:39,"-Is that right?
-That's all it is.","- 맞나요?
- 맞아"
1:44:02,"Thanks, Joe.","고마워요, 조"
1:45:06,Go away. Go away!,꺼져!
1:45:16,It's me.,나야
1:45:33,It's been a while...,오랜만이다
1:45:36,...and I just wanted to say hey.,그냥 인사하러 왔어
1:45:43,You okay?,괜찮아?
1:45:46,Fabulous.,환상적이지
1:45:51,"You're gonna be late.
Gretta's waiting for you.","늦겠어, 그레타가 기다려"
1:45:58,I gotta go. Dr. Wick.,윅 박사 만나러 가야 해
1:46:04,They still fucking with you?,아직도 너한테 뭐라고 하니?
1:46:10,They're....,사실은...
1:46:13,"Actually, they're letting me out.",퇴원하게 됐어
1:46:20,"Oh, that's great.",잘됐네
1:46:25,You better go.,가는 게 좋겠다
1:46:44,"Well, my dad got me a job,
a part-time job...","아빠가 취직시켜 주셨어요
파트타임이지만"
1:46:48,...at a bookstore in Harvard Square.,하버드 광장에 있는 서점이에요
1:46:51,"And I got an apartment
with a phone so I can--",전화되는 집 얻었으니까...
1:46:54,Stay in touch.,계속 연락하자꾸나
1:46:57,"And I'll be seeing Sonia
twice a week.","윅 박사님과
일주일에 2번 보기로 했어요"
1:47:01,"Is that your long-term plan?
To work in retail?","소매점에서 일하는 게
장기 계획이니?"
1:47:09,My plan? No.,제 계획요? 아니요
1:47:12,Then what do you plan to do?,그럼 어떤 계획이 있지?
1:47:17,I plan to write.,글을 쓸 거예요
1:47:26,Polly Clark.,폴리 클라크
1:47:29,Cynthia Crowley.,신시아 크롤리
1:47:34,Susanna Kaysen.,수잔나 케이슨
1:47:39,"-I don't think I need--
-Sleeping pills, darling.","- 안 필요할 것 같아요
- 수면제야"
1:47:42,"You want to be rested for tomorrow.
Last night's a long one.","내일을 위해 쉬어야지
마지막 밤은 길어"
1:47:45,Good girl. Katie Cooper.,"잘했어, 케이티 쿠퍼"
1:47:50,Rosemary Jones.,로즈메리 존스
1:47:54,Teresa McCullian.,테리사 맥컬리안
1:49:21,Ruby?,루비?
1:50:04,"""If I spread my fingers out,
my hand looked more human.","'손가락을 펼치면
사람 손 같았다'"
1:50:07,So I did that.,'그래서 손을 펼쳤다'
1:50:09,"But it wasn't tiring holding my
fingers apart, so I let them relax...","'손가락 사이를 떼는 건
어렵지 않아 힘을 풀었다'"
1:50:14,"...and then, I turned my hand over.",'그리고 손을 뒤집었다'
1:50:16,The back wasn't much better.,'손등은 예쁘지 않았다'
1:50:18,"My veins bulged.""",'핏줄이 툭 튀어나왔다'
1:50:24,"Shut up, I'm reading.
Shut up!","조용해, 읽고 있잖아"
1:50:29,"""I can honestly say that my memory
has been transformed....",'솔직히 내 기억은 변했다'
1:50:34,"By Freud's definition,
I've achieved mental health.","'프로이트 정의에 따르면
정신이 건강해졌다'"
1:50:38,"And my discharge sheet
reads, 'recovered.'","'내 퇴원 확인서에도
회복됨이라 적혀 있다'"
1:50:41,"Recovered.""",'회복됨'
1:50:45,Don't do this!,그만해!
1:50:48,"""Whatever it was....""",'어쨌든...'
1:50:55,"""Had I stopped arguing
with my personality?","'내 인격과 그만
싸우는 걸까?'"
1:51:00,"Recovered.""",'회복됨'
1:51:03,"We were reading your book.
We're having a little read-aloud...",네 책을 낭독하고 있어
1:51:07,"...celebrate the wisdom you're
taking into the world.","네가 세상으로 가져가는
지혜를 축하하고"
1:51:10,"Try to learn something,
grow as people.","배우고 싶거든
우리도 사람이 되어야지"
1:51:14,"When you were a baby,
they strapped you to a board.","어릴 때 꼼짝없이
묶여 있었다며?"
1:51:17,"You think Georgina doesn't
wanna leave...","네 생각에는
조지나는 떠나기 싫어하고"
1:51:20,...and I'm criminally insane.,난 미친 범죄자야?
1:51:22,What are you guys doing here?,여기서 뭐 하는 거야?
1:51:24,"""Lisa's eyes, once so magnetic,
now just look empty.""","'리사 눈이 매력적이었는데
지금은 공허하다'"
1:51:30,That is mine.,내 물건이야
1:51:33,That is mine.,내 물건이라고
1:51:37,"""Georgina lies only to people
who keep her here.","'조지나는 자신을 가두는
사람에게만 거짓말을 한다'"
1:51:40,"Sometimes I think she wants
to live in Oz forever.""","'가끔은 오즈에서 영원히
살고 싶은 것 같다'"
1:51:42,"-How perceptive.
-You better erase that thing.","- 대단한 통찰력인걸
- 당장 지우는 게 좋을 거야"
1:51:46,"My father is the head of the CIA,
and he could have you dead in minutes!","우리 아빠가 CIA 국장이야
널 당장 죽일 수 있으셔"
1:51:51,"""In this world, looks are everything.","'이 세상에서는
외모가 가장 중요하다'"
1:51:53,"Sometimes I think Polly's sweetness
and purity aren't genuine at all...","'폴리의 상냥함과 순수함이
진심 같지 않을 때가 있다'"
1:51:57,"...but a desperate attempt to make it
easier for us to look at her.""","'사람들이 자기를 바라보게
하려는 몸부림 같다'"
1:52:01,"So nice of you to pass judgment on us
now that you're cured.","네가 다 나았다고
우리를 함부로 평가하는 거야?"
1:52:04,"What the fuck are you doing, Lisa?","뭐 하는 짓이야, 리사?"
1:52:07,"I'm playing the villain,
like you want.","네가 원하는 대로
악당 역할을 하잖아"
1:52:10,"-I give you everything you want.
-No, you don't.","- 네가 원하는 거 다 줬잖아
- 아니야"
1:52:14,"You wanted your file?
I got it!","네 파일을 보고 싶대서
구해 줬고"
1:52:15,"You wanted out, I got you out!
You needed money, I found you some!","나가고 싶대서 나갔고
돈 필요하대서 돈 구했잖아"
1:52:19,"I told you the truth!
I didn't write it in a book!","사실을 말했지
책에 쓰지 않았어!"
1:52:22,I told you to your face!,직접 말했잖아!
1:52:25,"I told Daisy what everybody knew and
wouldn't say, and she killed herself.","아무도 하지 않는 말을
데이지한테 해서 자살해 버렸지"
1:52:29,I played the fucking villain.,내가 망할 악당 역할을 했잖아
1:52:31,Just like you wanted.,네가 원하는 대로
1:52:32,Why would I want that?,내가 왜 그걸 원하는데?
1:52:35,"Because it makes you
the good guy, sweet pea.","그래야 네가
좋은 사람이 되니까"
1:52:38,"You come back here, all sweetness
and light and sad and contrite...","돌아와서는 착한 척
슬픈 척, 뉘우치는 척해서"
1:52:42,"...and everybody wrings their hands,
congratulating you on your bravery.","모두 네 용기에
손뼉 쳐 줬겠지"
1:52:48,"Meanwhile, I'm blowing guys at the
bus station for money!","난 돈 때문에 몸이나 파는
동안에 말이야"
1:52:53,"Stop it, Lisa. She's too--","그만해, 리사"
1:52:54,"Shut up, Polly!","입 닥쳐, 폴리!"
1:52:58,Where are you going?,어디 가는 거야?
1:53:00,I'm talking to you!,내가 말하고 있잖아!
1:53:06,"Where are you going?
I'm talking to you!",어디 가? 내가 말하고 있잖아
1:53:14,You don't like me anymore?,이제는 내가 싫어?
1:53:15,"No, I don't!","그래, 싫어!"
1:53:19,Because you're free?,이제 해방이라서?
1:53:21,You think you're free?,자유로워진 것 같아?
1:53:23,I'm free!,내가 자유로워!
1:53:25,You don't know what freedom is!,넌 자유를 몰라
1:53:29,I'm free!,내가 자유야!
1:53:30,I can breathe! And you...,난 숨 쉴 수 있지만
1:53:33,"...you'll go choke on your
average fucking mediocre life!","넌 가서 그저 그런 삶 속에서
숨 막힐 거야"
1:53:49,"There are too many buttons
in the world.",세상에는 아픈 진실이 참 많아
1:53:51,"Too many buttons,
and they're just....",사방에 널려 있다니까
1:53:55,"There's way too many,
begging to be pressed.",너무 많아서 뿌리치지 못해
1:53:58,They're just begging to be pressed!,난 그걸 뿌리치지 못해!
1:54:00,"You know, they're just
begging to be pressed.",나도 어쩔 수 없었어
1:54:03,And it makes me wonder.,그래서 이런 생각이 들어
1:54:06,"It makes me fucking wonder.
Why doesn't anybody ever press mine?","왜 남들은 내게
진실을 말해 주지 않지?"
1:54:10,Why am I so neglected?,왜 나는 방치될까?
1:54:11,"Why doesn't anybody reach in
and rip out the truth...","왜 아무도 나에게 와서
진실을 말해주지 않지?"
1:54:15,"...and tell me
that I'm a fucking whore...",내가 창녀라는 것과
1:54:17,"...and that my parents
wish I were dead?","우리 부모님은
내가 죽기를 바라는 걸"
1:54:20,"Because you're dead already, Lisa!",넌 이미 죽었으니까!
1:54:30,"No one cares if you die, Lisa...","네가 죽든 말든
아무도 상관 안 해"
1:54:33,...because you're dead already.,넌 이미 죽었거든
1:54:37,Your heart is cold!,네 심장은 얼어붙었어!
1:54:43,"That's why you keep
coming back here.","그래서 여기로
계속 돌아오는 거잖아"
1:54:47,You're not free.,넌 자유롭지 않아
1:54:50,"You need this place.
You need it to feel alive.","넌 이곳에서만
살아 있다는 걸 느끼잖아"
1:54:54,It's pathetic.,참 불쌍하다
1:55:37,I've wasted a year of my life.,1년을 허비했어
1:55:45,"And maybe everyone
out there is a liar.","세상 밖 사람들이
거짓말쟁이고"
1:55:52,And maybe the whole world...,온 세상이
1:55:55,...is stupid and ignorant.,바보 같아 보일 수 있어
1:56:01,But I'd rather be in it.,그래도 저곳에 가고 싶어
1:56:06,I'd rather be fucking in it...,저 세상 속에 있고 싶지
1:56:10,...than down here with you.,너랑 이곳에 있고 싶지 않아
1:56:31,Don't. Don't.,하지 마
1:56:35,Don't.,하지 마
1:56:47,"Oh, God.",세상에
1:57:34,Did you get it?,구했어?
1:57:38,"I had to trade with a transvestite
in the men's ward.","남자 병동의 의상 도착증
환자랑 거래했어"
1:57:44,Thanks.,고마워
1:58:45,I'm not really dead.,난 살아 있어
1:58:53,I know.,알아
1:58:59,"I'm gonna miss you, Susie Q.",보고 싶을 거야
1:59:04,"No, you're not.
You're gonna get out of here...","아니, 너도 이곳에서 나와서"
1:59:08,...and you're gonna come and see me.,나 보러 올 거야
1:59:33,"Hey, Georgina.",조지나
1:59:35,"You know all that stuff
I write in my journal...",일기장에 쓴 내용은
1:59:39,...I don't know what I'm saying.,아무 생각 없이 쓴 거야
1:59:42,They're just thoughts.,그냥 생각이었어
1:59:45,Maybe I'm the liar.,내가 거짓말쟁이인가 봐
1:59:49,Maybe not.,네가 맞을지도 몰라
1:59:59,See you.,또 보자
2:00:12,"You think if I left Ruby here
you'd take care of her for me?",대신 루비 돌봐 줄래?
2:00:17,"Let me play with her
when I come for my therapy?","내가 치료받으러 오면
놀게 해 줘"
2:00:31,"Bye, Ruby.","안녕, 루비"
2:00:54,"Remember me
when you shave your legs.","다리털 깎을 때
날 기억해"
2:01:27,Declared healthy...,건강하다는 판정을 받고
2:01:29,...and sent back into the world.,세상으로 돌아가고 있다
2:01:33,My final diagnosis:,내 마지막 진단은
2:01:35,A recovered borderline.,경계 회복이다
2:01:39,"What that means, I still don't know.",그 뜻은 아직도 모른다
2:01:43,Was I ever crazy?,정말 미쳤던 걸까?
2:01:47,Maybe.,어쩌면 그럴지도
2:01:49,Or maybe life is.,"혹은 인생이란 게
원래 그런 걸지도..."
2:01:53,I remember you.,당신 기억나요
2:01:57,Where are you going?,어디로 모실까요?
2:01:59,17 Burlingame.,벌링게임 17번지요
2:02:02,All right.,알겠습니다
2:02:04,Crazy isn't being broken...,"미쳤다는 것은
깨뜨리는 것이나"
2:02:08,...or swallowing a dark secret.,"어두운 비밀을
숨기는 게 아니다"
2:02:11,It's you or me...,우리 이야기이며
2:02:14,...amplified.,과장된 것이다
2:02:16,If you ever told a lie...,거짓말을 하면서
2:02:19,...and enjoyed it.,즐기거나
2:02:23,"If you ever wished you
could be a child forever.","아이로 영원히 머물고 싶다면
미쳤을지도 모르겠다"
2:02:28,They were not perfect...,완벽하지는 않았지만
2:02:31,...but they were my friends.,내 친구들이었다
2:02:35,And by the '70s...,70년대가 되면서
2:02:37,...most of them were out...,대부분은 퇴원해서
2:02:39,...living lives.,자기 삶을 살았다
2:02:42,Some I've seen...,다시 만난 친구도 있지만
2:02:45,"...some, never again.",다시 보지 못한 애들도 있다
2:02:49,"But there isn't a day my heart
doesn't find them.","하지만 항상
그 친구들이 그립다"
