﻿Time,Subtitle,Translation
3:27,"[man speaking Spanish]
It was a cosmic mistake...",엄청난 실수였다
3:32,that we got this far.,여기까지 왔다는 건
3:38,One of us is a coward.,한쪽은 겁쟁이란 얘기인데
3:43,I don’t think it’s me.,난 아닌 것 같아
4:06,"Happy New Year, Buster.","새해 복 많이 받아, 버스터"
4:09,"Hey, we got your cave surrounded, huh?",동굴을 완전히 포위했어
4:12,So come out with your hands up.,그러니 손들고 나와
4:15,"Come on, Buster. This is your last chance.","얼른, 인마
마지막 기회야"
4:20,Buster!,버스터!
4:21,"[woman whispering]
Come on, Buster. Come on, Buster.","나와, 인마, 나오라고"
4:46,"The cost of a fishing license is scheduled
to go up ten percent next month","다음 달, 낚시 허가증 가격이
10% 인상될 예정인 가운데"
4:50,"and that has a lot of fishermen
rushing to the river.","수많은 강태공이
강으로 향하고 있습니다"
4:53,"They want to make sure that they’re
able to use their current licenses","가격이 인상되기 전
현재 낚시 허가증을"
4:56,before they have to pay the hike.,사용하려고 합니다
4:59,"In other news,
Buster is back and roaming the hillsides.","버스터가 다시 산으로
돌아왔다는 소식입니다"
5:03,"The identity of the mountain man
remains a mystery.","이 산 사나이의 정체는
아직도 밝혀지지 않았습니다"
5:06,"The only image authorities have
is a five-second clip","경찰 역시 작년 겨울
다른 지역 목장주의"
5:09,"captured on a rancher’s security camera
last winter, several counties away.","방범 카메라에 찍힌
5초짜리 영상밖에 없습니다"
5:13,"The sheriff’s department
believes this hermit","보안관서는
이 은둔자가"
5:15,lives off the land in the warmer months,"날이 따뜻할 때는
자급자족하고"
5:17,"and survives the winter by
breaking into empty vacation homes for food and shelter.","겨울에는 빈 별장을 침입해
생존한다고 추정합니다"
5:23,"He’s earned the nickname Buster from
calling in to radio shows with wild rants.","라디오 방송에 전화해 고성을 질러
버스터란 별명을 얻었습니다"
5:28,"The calls increase in frequency
in the days leading up to New Year’s.","새해가 다가옴에 따라
전화의 빈도 역시 늘고 있습니다"
5:31,"[man on TV]
You’re all a bunch of [bleep] sheep!",다들 겁쟁이야!
5:33,"Go out in your [bleep] pastures.
You know that?","다들 풀이나 뜯어 먹어, 알아?"
5:36,"[host] Hey, Buster, hey,
can you tell us where you are?","버스터, 어디 있는지
말해줄 수 있나요?"
5:39,[in Spanish] You’re wasting your time.,넌 시간을 허비하고 있어
5:41,[man on TV] I’m not Buster!,난 버스터가 아니야!
5:45,"-Maybe.
-[TV: man shouting]",어쩌면
5:51,"[female TV announcer] Buster has managed
to evade capture for nearly five years.","버스터는 거의 5년간
수사망을 피해 다녔습니다"
5:54,"Although he’s committed
no known violent crimes,","폭력적인 범죄 행위를
저지른 적은 없지만"
5:57,"authorities consider him
armed and dangerous.","경찰은 버스터가 무기를 소지한
위험인물로 간주하고 있습니다"
6:01,"Well, yeah, we’re gonna find him.
He can only keep this up for so long.","네, 반드시 찾아낼 겁니다
계속 숨을 수는 없어요"
6:07,"Hey, uh, Buster?","이봐, 버스터"
6:10,"Look, if you’re listening,","만약 이 방송을
보고 있다면..."
6:13,"well, we’re on your scent now.","지금 자네 냄새를 맡고
추적 중이야"
6:17,We’re gonna get you.,꼭 잡을 거야
6:20,"So why don’t you save us all
a lot of trouble and turn yourself in?","서로 시간 낭비하지 말고
그냥 자수하지?"
6:53,"-♪ In his hands ♪
-[whispers] Hi, baby.","안녕, 록시"
6:54,"-♪ He’s got the little bitty baby ♪
-Hey.",안녕
6:57,"-♪ In his hands ♪
-[man] Okay. Now, is this...","됐다, 이제..."
6:58,"-♪ He’s got the whole world in his hands ♪
-Is that good?",잘 보이니?
7:01,"Is that clear or is that one clear?
One or two?",어느 쪽이 더 선명해?
7:03,"-That.
-That one?","- 1번 아니면 2번?
- 이거요 - 이거?
- 2번요"
7:05,"-Two.
-Okay.","- 이거?
- 2번요 좋아"
7:09,"-Really? Please.
-♪ In his hands ♪",이러실 겁니까?
7:11,"-♪ He’s got the whole world in his hands ♪
-[woman] Good job, sweetie.",잘했어
7:14,"[man]
Okay, just sit there for just a minute.","저쪽에 가서
잠깐 앉아있으렴"
7:17,"-What is he doing now?
-Baby, sit up tall.","- 지금 뭐 하는 거야?
- 똑바로 앉아야지"
7:26,I miss you too.,나도 보고 싶어
7:29,I love you.,사랑해
7:30,Yeah?,그래?
7:32,"Yeah, put the little monster on.","응, 우리 예쁜 악동 바꿔줘"
7:36,I’m sorry I haven’t seen you.,아빠가 자주 못 봐서 미안해
7:39,"You were asleep when I got home
and I had to take a nap.","집에 가면 넌 자고 있었고
아빠도 자야 했어"
7:42,Daddy had to take a nap too.,아빠도 자야지
7:46,You get to hear my voice.,그래도 아빠랑 통화하잖아
7:50,"-Love you.
-[thumping, rumbling continue]",사랑해
7:52,Put your mom back on.,엄마 바꿔줄래?
7:57,Hey.,여보
7:59,Good night.,잘 자
8:02,I love you.,사랑해
8:05,Bye.,끊을게
8:15,[in Spanish] You don’t have to help me.,나 안 도와줘도 돼
8:18,I want to help you.,도와드리고 싶어요
8:20,But you’re already too tired.,하지만 너도 많이 피곤하잖아
8:23,Just look at the lines under your eyes.,눈 밑의 다크 서클 좀 봐
8:26,"You know, my boy...",그러니까...
8:28,I talked with your mom last night.,"어젯밤에
네 엄마와 통화했어"
8:34,Is she doing okay?,잘 계시죠?
8:36,"Yes, she’s fine. Of course.","응, 당연히 잘 지내지"
8:39,But she asked me about you.,근데 네 안부를 묻더라
8:42,It seems that it’s been a while since you called her.,"엄마랑 통화한 게
꽤 된 모양이더구나"
8:46,"-Hasn’t it?
-Yes.","- 그러니?
- 네"
8:48,I’ll call her up tomorrow.,내일 전화 드릴게요
8:50,Really?,정말?
8:51,"-Yes.
-You promise?","- 네
- 약속해?"
8:54,Yes.,네
8:56,Good.,그래
9:35,"[radio: static, announcer, faint]
...dark ages of 1994...",1994년 암흑기에...
9:39,"...$1,000 was... [static continues]",1천 달러는...
10:30,"-[Jonah] Uno.
-[girl] One “O.”","- '우노'
- 'O'가 하나"
10:33,One “O.” Uno. Can you say it?,"'O'가 하나인 건 '우노'
해 볼래?"
10:37,"-Uno.
-Uno.","- '우노'
- '우노'"
10:39,Dos. Two.,"'도스', 둘"
10:42,"-Two O’s.
-Two O’s is dos O’s.","- 'O'가 두 개야
- 'O'가 두 개인 건 '도스'"
10:47,Dos. Say it.,"'도스', 해 봐"
10:50,"-Dos.
-Great.","- '도스'
- 잘했어"
10:52,Tres.,'트레스'
10:55,"-Three.
-Exactly.","- 셋
- 맞았어"
10:58,Tres. Can you try it?,"'트레스', 해 볼래?"
11:00,"-Tres.
-Perfect.","- '트레스'
- 잘했어"
11:03,"-Four is cuatro.
-Cuatro.","- 넷은 '쿠아트로'
- '쿠아트로'"
11:06,"Don’t you think it’s a little confusing
to teach your daughter Spanish","영어를 배우기도 전에
스페인어부터 가르치면"
11:09,before she knows English?,애가 헷갈리지 않겠나?
11:11,"No, I think she’s perfectly capable
of learning both.","아뇨, 충분히 둘 다
배울 수 있어요"
11:16,Aren’t you?,그렇지?
11:17,"-You like Spanish?
-Yeah.","- 스페인어 좋아?
- 응"
11:20,"-There you go.
-Good morning.","- 그렇다잖아요
- 좋은 아침"
11:22,"-[Jonah] Buenos dias.
-Good morning.","- '부에노스 디아스'
- 좋은 아침"
11:24,"-Buenos dias.
-Here, baby.","- '부에노스 디아스'
- 여기 있어"
11:26,"Buenos dias, Papi.","'부에노스 디아스', 아빠"
11:28,"Buenos dias, mi amor.","'부에노스 디아스', 우리 예쁜이"
11:30,"You know,
this cartoon is a little pornographic.","이 만화 영화는
조금 야한 것 같군"
11:33,"-It’s her favorite.
-It’s her favorite, right?","- 애가 좋아하는 거예요
- 얘가 좋아하는 거지?"
11:36,He doesn’t have clothes on!,옷 안 입었어!
11:38,I know.,그러게
11:40,He’s free.,자유인이야
11:41,"-Free?
-Free! He’s so free.","- 자유?
- 응, 완전 자유인이야"
11:45,"He’s trying to escape
the way everything works",세상의 고정관념에서 벗어나
11:48,and do it his own way.,자신만의 방법으로 살아가
12:28,"I saw they were selling parcels of land
up at Priest Creek.","프리스트 크리크의
땅을 판대"
12:32,"-Really?
-Yeah. That would be perfect for us.","- 그래?
- 응, 우리한테 딱이야"
12:35,"That stretch of water
is just full of fish.",냇가엔 물고기가 가득해
12:37,"You know, between that and the garden
we could be self-sufficient.","냇물과 정원이 있으면
자급자족할 수도 있어"
12:42,"-Mm-hmm.
-You know, work part time.",아르바이트만 하고
12:46,Maybe even not at all.,아예 일을 관둬도 좋고
12:48,Yeah. That would be nice.,응 좋을 것 같네
12:52,"[woman]
I know that the Holy Father exists.",성부가 존재하심을 믿고
12:58,And I know that he loves us.,우리를 사랑하심을 믿습니다
13:03,But I didn’t always know.,하지만 늘 그랬던 건 아니에요
13:06,I used to be someone else.,"예전의 난
다른 사람이었어요"
13:08,"I was strung out on drugs.
I was abusing my body.","약에 찌들었고
내 몸을 학대했죠"
13:10,I hated myself. I hated everyone else.,"나 자신이 싫었고
모두가 싫었습니다"
13:14,"I gave testimony that this congregation
gave me my life back.","여기 계신 신도분들 덕분에
내 인생을 되찾았음을 간증합니다"
13:20,"I am eternally grateful to my husband,
Jonah.","내 남편, 요나에게
영원히 감사합니다"
13:25,"I’m grateful he found faith in his heart
so that he could be with us as a family.","남편이 신앙을 되찾고
가족이 되었음을 감사합니다"
14:00,"[Jonah, in Spanish]
Once you’ve seen inside the machine...",조직의 내면을 봤다면
14:07,they won’t let us leave.,절대 내보내지 않을 것이야
15:36,"[man on TV] I propose that the universe
is both infinite and finite,","우주는 무한하며
동시에 한정된 곳입니다"
15:39,infinite energy in a finite system.,"한정된 시스템 속에
무한한 에너지가 존재합니다"
15:41,"This is due to sphincters.
Everything is controlled by sphincters.","이건 괄약근 때문입니다
다 괄약근이 통제하고 있습니다"
15:46,Black holes to buttholes.,블랙홀의 문에서 항문으로!
15:48,"Now, the universe is shaped like an apple,",우주는 사과 모양으로
15:50,"and through its core
runs a secret passageway","중심부를 관통하는
비밀 통로가 있습니다"
15:53,completely through it.,완전히 관통하죠
15:55,"When the great inversion occurs,
the spin of the u--","대반전의 때가 오면
우주의 회전이..."
16:19,"Sorry to keep you waiting.
How can I help you?","기다리게 해서 죄송합니다
무엇을 도와드릴까요?"
16:21,"I need a room. Smoking, please.","흡연 가능한 방으로
부탁해요"
16:23,All of our rooms are nonsmoking.,다 비흡연 객실입니다
16:26,Just need a credit card and ID.,"신용 카드와
신분증 부탁드립니다"
16:30,"I don’t have either.
I don’t believe in them.","둘 다 없어요
난 그런 것 안 믿어요"
16:32,I can’t let you check in without an ID.,"신분증을 확인 안 하고
방을 드릴 순 없습니다"
16:36,"Everything these days is designed
to trap a man, don’t you think?","요즘 세상은 사람들을
옴짝달싹 못 하게 만들죠?"
16:42,"I’m sorry, sir, I can’t help you.","죄송합니다만
방을 드릴 수 없습니다"
16:53,Tell you what. Let me buy you a drink.,내가 한잔 살게요
16:55,The bar’s closed.,바는 영업이 끝났습니다
16:57,"-Yeah, but you can open it.
-I don’t drink.","- 하지만 당신이 열 수 있잖아요
- 전 술을 안 합니다"
16:59,Even better.,더 잘됐네요
17:04,"What do you actually do?
What’s your title?","실제로 하는 일이 뭐죠?
직함이 뭐예요?"
17:07,Concierge.,컨시어지입니다
17:09,Concierge.,컨시어지라...
17:12,"Hey, hang on, man. You can’t do that here.","이봐요
여기서 그런 거 하면 안 돼요"
17:15,"“Concierge” comes from
the Latin conservus.","컨시어지의 어원은
라틴어로"
17:17,[sniffs] Which means “fellow slave.”,'동료 노예'란 뜻이죠
17:19,"Don’t take that personally. You’re not
the only person trapped in the machine.","기분 나빠하지 말아요
당신만 조직에 갇힌 게 아니에요"
17:22,"In fact, there are very few free men left.","사실 자유인은
몇 안 남았죠"
17:26,"Oh, let me guess. You’re one of them.",당신이 그중 한 명이겠군요
17:31,"-I feel like I know you.
-Doubtful.","- 당신을 아는 것 같아요
- 아뇨"
17:35,"-What do you do?
-Computer systems engineer, consultant.","- 무슨 일을 하시죠?
- 컴퓨터 시스템 엔지니어예요"
17:39,"See, uh, for millions of years man roamed free under the stars.","수백만 년 동안
인간은 자유롭게 떠돌며"
17:44,"Only the strong and the lucky
survived and procreated.","강하고 운이 좋은 자들만
생존하고 번식했죠"
17:47,"It was absolutely brutal.
All sex was rape. You know the drill.","끔찍했어요, 서로 강간했고...
어떤지 당신도 잘 알잖아요"
17:51,"-I don’t.
-It was.","- 모릅니다
- 그랬죠"
17:53,Until one day Eve flipped the script.,"어느 날 이브가 상황을
반전시키기 전까지는요"
17:55,"She introduced Adam to her fruit,
which is really just code for “clitoris.”","아담에게 금단의 열매를 줬죠
사실 클리토리스를 뜻하는 거예요"
17:59,And the whole system got rebooted.,"그리고 시스템 전체가
재부팅됐어요"
18:01,Bong! The first inversion.,그게 첫 번째 반전입니다
18:04,"Little by little, we started to
build civilization in binary.","우린 서서히 2진법으로
문명을 만들어나갔죠"
18:08,"Logic, rules, inputs and outputs.","논리, 규칙, 입력, 출력"
18:11,"But, see, there’s a catch.",하지만 단점이 있어요
18:13,"The better the system,
the more trap it is for the individual.","시스템이 훌륭할수록
개인을 옭아매죠"
18:15,We’ve walled ourselves in.,"우리 스스로
시스템 안에 가뒀어요"
18:19,"Now, what I do for a living
has to do with termite control.",난 해충 박멸하는 일을 합니다
18:24,There’s a bug in the system.,"시스템 안에
버그가 있어요"
18:26,"Not many people know about it yet,
but they soon will.","아직 많은 사람이 모르지만
곧 알게 될 겁니다"
18:29,"-Ever heard of Y2K?
-No.",Y2K라고 들어봤어요?
18:31,"No. When we hit the year 2000 our
computer systems, they’re going to fail.","- 아뇨
- 그렇군요 2000년이 되면
컴퓨터 시스템이 붕괴할 겁니다"
18:35,System reboot on a global scale.,"세계적인 규모로
시스템이 재부팅 할 거예요"
18:37,"I’m talking economic collapse, security
breaches on every level-- Pentagon, CIA.","경제적 붕괴와 펜타곤, CIA 등
사방에서 보안 사고가 발생하죠"
18:42,It’s gonna be a bloodbath.,온통 피바다가 될 거예요
18:44,"-How do you know?
-How do I know?","- 어떻게 알죠?
- 어떻게 아냐고요?"
18:45,"Sources on the inside. Backwater channels
with like-minded hackers.","내부 정보, 뜻이 맞는 해커들의
백워터 채널을 통해서요"
18:49,Burning fucking bushes everywhere I look.,"사방에 불붙었으나
타지 않는 떨기나무투성이죠"
18:56,I’m the prophet of the second inversion.,"난 두 번째 반전의
예언자예요"
19:05,"Hey, you hungry?",혹시 배고파요?
19:08,I think you should go.,그만 가시죠
19:12,I’m like a roving exterminator.,난 출장 해충 구제업자인 셈이죠
19:14,"I find the bugs, I fix the binary.","버그를 찾고
2진법을 수정해요"
19:17,"You ever heard of
mutually assured destruction?","혹시 상호 확증 파괴라고
들어봤어요?"
19:27,Thanks.,고마워요
19:31,"-What did you say your name was again?
-I didn’t.","- 성함이 뭐라고 하셨죠?
- 말 안 했어요"
19:34,I don’t.,말 안 할 겁니다
19:39,"I just gave you a dollar,
you’re not gonna tell me your name?","방금 1달러를 줬는데
이름도 안 알려줍니까?"
19:42,"I told you, I’m the last free man.","말했잖아요
난 마지막 남은 자유인이에요"
19:53,"Companies pay me in cash to keep
my mouth shut about their insecurities.","보안 취약의 입막음 대가로
회사들이 내게 현찰을 줘요"
19:56,"I’m running around repairing holes
on a sinking ship, and for what?","내가 침몰하는 배의 구멍을 막지만
그게 무슨 소용이겠어요?"
19:59,"So the people in the first class
can survive",상류층이 살아남을 수 있게요?
20:01,"while the rest of us
in the underclasses drown?","나머지 사람들이 다
익사하는 동안?"
20:03,"No, this doesn’t sit right with me.","아니, 난 용납 못 해요"
20:05,"You and me, us regular folks,
we need to come up with an escape plan.","당신과 나처럼 일반인들은
탈출 계획을 세워야 합니다"
20:09,"Have you got a family?
All the more reason for a plan.","가족 있어요?
계획이 필요한 더 큰 이유죠"
20:13,"I have high level security clearances and
I’ve seen things I wasn’t supposed to see.","높은 수준의 보안 허가로
보면 안 될 것들을 봐왔어요"
20:17,"I’m starting to think I’m on a hit list,","암살 명단에
내가 있는 것 같아요"
20:18,"that there are people out there
right now that want to see me gone.","내가 사라지길 바라는
사람들이 있어요"
20:26,"Hey, you gonna give me a room tonight
or what?","오늘 밤 묵을 방을
줄 건가요?"
20:35,[girl] Let him go high up!,높이 날아라!
20:44,[Jonah] I’m gonna wind it for you.,아빠가 태엽 감아줄게
20:48,"-Hip hop.
-Hey.","- 깡충!
- 록시"
20:50,"-Bye, baby. Bye.
-Bye.","- 엄마 다녀올게
- 안녕"
20:56,"-I’ll see you later.
-Okay. Have a good day.","- 이따 봐
- 응, 좋은 하루 보내"
20:58,You too.,당신도
21:10,Papi.,아빠
21:12,"-Papi?
-Mmm.",아빠?
21:19,"Wake up, Papi.","일어나, 아빠"
21:23,Wake up!,일어나!
21:28,Wake up!,일어나라고!
22:03,Nagasaki was-- [static continues],나가사키는...
22:08,"[man] You are very, very dangerous!","당신은 굉장히
위험한 사람이야!"
22:10,"[man 2] Well, that’s what it is, you know.
It’s Y2K apocalypse.","바로 그겁니다
Y2K 종말론이에요"
22:13,"[man] If the world really does
come to an end on New Year’s,","만약 새해에 진짜로
세상의 종말이 온다면"
22:16,"-I am going to bequeath you--
-[man 2 laughs]",내가 당신에게 드리죠
22:19,"-[man 2] “Bequeef.”
-[man] What is a “bequeef”?","- 오입 방귀를요
- 오입 방귀가 뭐예요?"
22:22,[man 2] It’s a manly version of the queef.,"남자가 내는
질 방귀 같은 거죠"
22:24,"It comes all the way up from my thighs
like a sumo wrestler.","스모 선수처럼
내 허벅지에서부터 올라오고"
22:28,"I flex and it shoots up my thighs and
it comes straight out of my little weenus.","내 몸이 풀리며
거시기에서 뿜어져 나갑니다"
22:32,[man] Okay.,알겠습니다
22:33,"On that note, we’re going to take
some calls, countdown to the year 2000.","다가오는 2000년에 관해
전화 받겠습니다"
22:37,Are you ready for Y2K?,Y2K 대비를 하셨나요?
22:39,"If the world ends,
what will you “bequeef” us?","세상의 종말이 온다면
어떤 오입 방귀를 내실 건가요?"
22:42,"Give us a call. You know the number.
Hello. You’re on the Dave and Sam...","전화해 주세요
여보세요, 데이브와 샘의..."
22:45,"-The inversion’s coming.
-[man] Hello.","- 반전이 오고 있어
- 여보세요"
22:47,[man 2] Hello? You there?,"여보세요
전화 안 끊었죠?"
22:49,The inversion is coming.,반전이 오고 있다
22:51,"-[man] Buster, is that--
-[man 2] Oh, no.","- 혹시 버스터?
- 이런"
22:53,"-[man] This guy is our favorite caller.
-[man 2 laughing]","우리가 가장 좋아하는
청취자네요"
22:56,"He calls in all the time.
Completely out of his mind.","항상 전화하는데
완전히 미쳤어요"
22:58,"-[man 2] How’s it going there, buddy?
-[man] We missed you, man.","- 잘 지내죠?
- 그리웠어요"
23:00,"Listen up, you shits.","잘 들어, 이 바보들아"
23:02,"I can tell by the cloud formations,
the machine’s gonna crank to a halt.","구름 모양을 보면 곧
시스템이 멈출 거란 걸 알 수 있어"
23:06,"That’s when the passageway opens up
and we can pass through one at a time.","그때 통로가 열리는데
한 명씩 통과할 수 있어"
23:10,"-[men laughing]
-[man 2] Buster, you are a dream to us.","그때 통로가 열리는데
한 명씩 통과할 수 있어 당신은 최고의 청취자예요"
23:14,"You have no idea
the joy that you bring us.","전화할 때마다
얼마나 즐거운지 몰라요"
23:16,"[man] As soon as you go to jail, I’m gonna
make “Free Buster” bumper stickers.","당신이 감옥에 가자마자
'버스터 석방' 스티커를 만들게요"
23:20,"I’m not going to jail!
I’m the last free man!","난 감옥에 안 가!
난 마지막 남은 자유인이야!"
23:24,"I’m going straight up
through the asshole to the mouth!","난 항문에서 입까지
바로 빠져나갈 거야!"
23:27,You shits are gonna get fucked!,"너희 망할 놈들은
다 망할 거야!"
23:36,"[woman] Around people,",사람들 주변에 있으면
23:38,"you most clearly see the predicament
in the human condition.","그들이 처한 상황의 곤경이
명확하게 보입니다"
23:42,"Your heart is heavy
with the burden of this knowledge.","그걸 아는 부담감에
마음이 무거워집니다"
23:46,"Horoscopes for a dollar per minute.
Taurus, you are a rebel.","점성술, 분당 1달러
황소자리, 당신은 반항아네요"
23:49,"Those in power see you as a glitch
in the machine, a bug in the system.","시스템의 권력자들은 당신을
시스템의 버그로 봅니다"
23:53,Horoscopes for a dollar per minute.,"점성술, 분당 1달러"
23:55,"Taurus,
your heart is true even when it’s broken.","황소자리, 마음은 상처 입었어도
진실하네요"
23:59,The time is running out.,시간이 다가오고 있어요
24:01,"The fabric of the universe
must be repaired.","우주와 시간의 구조는
반드시 보수돼야 합니다"
24:03,"Horoscopes for a dollar per minute.
Cannot escape--","- 점성술, 분당 1달러
- 도망칠 수 없어요"
24:23,"[woman]
Hello, you’ve reached the Lovashes--","여보세요
전화해 주셔서 감사해요"
24:25,"[individuals speaking]
Paul, Donna, Lindsay and David.","- 폴
- 도나 - 린지
- 데이비드"
24:29,"[woman] We’re either out hunting
or back warm in sunny Orlando.","우린 사냥을 나갔거나
따뜻한 올랜도로 돌아갔습니다"
24:32,"-Leave us a message and we’ll get--
-[all] Right back!","- 메시지를 남겨주시면...
- 전화할게요!"
24:40,"[man] Hey, Paul. Bill Western here.
Hey, are you guys back in town?","폴, 빌 웨스턴일세
혹시 돌아왔나?"
24:44,"I saw lights
heading up the hill last night","어젯밤 언덕 위를 지나다
불이 켜져 있는 걸 봤어"
24:46,"and thought, oh,
I’d probably better check.","확인해보는 게
좋을 것 같더라고"
24:49,"I’d also saw on the television that
old Buster might be back up on our ridge,","TV에서 버스터가 다시 산으로
돌아왔을 거라고 하는 걸 봤어"
24:53,"so, well, keep your weapons loaded.",무기 장전해두게나
24:56,"[Bill chuckles]
Anyway, hey, if I don’t hear from you,","아무튼, 자네 연락 없으면"
24:59,"I’ll swing up this afternoon
and make sure all is good in the fort.","오후에 들러서
확인해 볼게"
25:04,"All right, happy holidays, my friend.",즐거운 성탄절 보내게
25:41,"-[beeps]
-Hey, Paul.",폴
25:43,"Bill Western here. Hey, uh--",빌 웨스턴일세
25:45,"-[beeps]
-[electronic voice] Message deleted.",메시지가 삭제됐습니다
26:00,You promised I’d be switched to days.,"주간 근무로 바꿔준다고
약속했잖아요"
26:02,"I thought Dale was being transferred
to Salt Lake or never would’ve promised.","데일이 솔트레이크시티로
전근 가는 줄 알았어"
26:06,"-Why can’t Dale do nights?
-He’s got seniority.","- 데일은 왜 야간 근무 못 해요?
- 데일이 선배잖아"
26:09,"What do you want me to do about it, Jonah?
I’m in a bind as much as you.","나보고 어쩌라고?
나도 자네만큼 힘든 상황이야"
26:13,"I worked nights for five years.
You’ll adjust.","나도 5년간 야간 근무했다네
자네도 적응될 거야"
26:16,"You just need a sleep mask
and some earplugs.","수면 마스크와
귀마개만 있으면 돼"
26:19,"Look, why don’t you take home those
curtains that we replaced in room 307?","새로 바꾼 307호의 커튼을
집으로 가져가"
26:24,"Take them home with you, gratis.","그냥 줄 테니
집으로 가져가"
26:26,"You just need to make your room
dark like a cave","집 안을 동굴 속처럼
어둡게 만들고"
26:29,"so that you can trick your body
into thinking it’s night.","마치 밤이라고
몸이 믿게 하면 돼"
26:32,"-[girl chattering]
-Hey, where have you been?","- 어디 있었어?
- 일했지"
26:35,"-I was at work.
-Can you feel her head?","- 어디 있었어?
- 일했지 머리 좀 만져볼래?
열 있는 거 같아"
26:37,I think she has a fever.,"머리 좀 만져볼래?
열 있는 거 같아"
26:41,"-I think she feels fine.
-Really?","- 괜찮은 거 같네
- 정말?"
26:43,"-Yeah.
-[kisses]",응
26:45,"You feel okay, baby?",괜찮지?
26:47,[girl] I feel o... okay.,나 괜찮아
26:49,[woman] Really?,정말?
26:52,"So, what’s your plan for the dog?
I thought you were getting rid of it.","개는 어쩔 건가?
없앤다고 하지 않았어?"
26:56,Ryan is allergic and the dog sheds.,"라이언에게 개 알레르기 있는데
개가 털갈이해"
26:59,I am not living my life like this.,난 이렇게는 못 살아
27:02,"-Want to help with some pancakes?
-[girl] Yeah!","""보수 관리 고취 프로그램"" - 팬케이크 만드는 거 도와줄래?
- 응!"
27:05,I’m going to make Papi some food.,"아빠한테 먹을 거
만들어줄 거야"
27:08,"Yeah, he’s going to eat breakfast
just like we did.","그래, 아빠도 우리처럼
아침 먹을 거야"
27:11,"-[murmuring]
-This is my house.",여긴 내 집이야
27:18,"-We’re going for a walk.
-[woman] Okay.","- 산책 나갈 거야
- 네"
27:33,Can you please turn that off?,TV 좀 끌래?
27:36,"-Yeah.
-[TV: singing continues]",알겠어
27:38,"Go on, baby.
Let’s watch TV in the living room.",TV는 거실에 가서 보자
27:46,There you go.,됐다
27:48,Cartoon time.,만화영화 볼 시간이네
28:01,"-Hey.
-Hey.",여보 응
28:07,What’s going on?,무슨 일 있어?
28:14,Nothing.,없어
28:20,"You know,
I went and looked at apartments yesterday",어제 아파트 보고 왔어
28:23,"to see if there was anything decent
in our price range.","우리 예산에 맞는
괜찮은 곳이 있는지 봤어"
28:27,They’re actually not that bad.,생각보다 괜찮더라고
28:32,"I was thinking since Roxy’s
almost old enough to go to preschool,",록시도 곧 유치원 갈 나이니
28:35,"we won’t need Pauline
to watch her anymore.","더는 엄마가
안 봐줘도 되잖아"
28:38,Have our own space.,우리만의 공간을 갖자
28:53,Are you okay?,괜찮아?
28:58,"No, I’m not okay.","아니, 안 괜찮아"
29:04,I’m tired.,피곤해
29:07,I work hard...,난 열심히 일하고 있어
29:10,so we can...,우리가...
29:14,"build this piece of land
like we planned to","계획했던 대로
대지를 사서"
29:16,"and raise our daughter
the way we planned to,","계획했던 대로
록시를 키우고"
29:19,have the family we planned to have.,"계획했던 대로
가족을 꾸미고 싶어서"
29:22,You go out looking for apartments.,"그런데 당신은
아파트를 보러 다녀"
29:26,You never told me you were looking for--,나한테 전혀 말 안 했...
29:28,"I didn’t tell you because this is the way
you act when I talk about it.","이런 식으로 반응하니까
얘기 안 했던 거야"
29:32,What do you want?,뭘 원하는데?
29:34,"We are nowhere near having the amount
of money we need to buy a piece of land.","우리가 가진 돈으로
그 땅은 꿈도 못 꿔"
29:40,"What are we gonna do if we get it? You
don’t know how to build a fucking house.","혹 사면 어쩔 건데?
집을 지을 줄도 모르잖아"
29:43,"Are we gonna pitch a tent?
We have a two-year-old.","텐트 치고 살게?
2살짜리 딸이 있어"
29:45,"What’s your solution? We keep
paying rent for the rest of our lives?","그럼 해결책이 뭔데?
평생 월세 내면서 살자고?"
29:48,"My solution is we get out.
We find space of our own.","우리만의 공간을 찾는 게
내 해결책이야"
29:51,"We find a way to be happy
outside of this fucking house.","이 망할 놈의 집구석에서 나가
행복하게 살고 싶어"
29:54,"Oh, and we pay rent every month.",매달 월세 내고
29:56,Every month for how many years?,"몇 년 동안
월세를 내야 하는데?"
29:59,"Becoming what? Slaves to this system
like everybody else.","그럼 다른 사람들처럼
제도의 노예가 되는 거야"
30:03,And she becomes a slave too.,록시도 노예가 된다고
30:06,"She needs something different.
We need mountains.","록시에게 다른 게 필요해
우리에게 산과"
30:08,We need dirt! We need air!,흙과 맑은 공기가 필요해
30:10,"Can’t live here.
And then what’s the point?","여기서 살 수 없다면
요점이 뭔데?"
30:12,"What’s the point of living here
for three years with that fucking bitch?","뭐하러 지난 3년간
망할 장모하고 산 건데?"
30:17,Huh? What were we doing?,우리 뭐했던 건데?
30:20,What were we saving for?,"뭐를 위해
돈을 모았던 건데?"
30:22,Just part of this cycle.,그저 생명 순환의 일부야
30:23,"We’ve become part of this fucking cycle,
the same goddamn shit!","우리도 똑같이
망할 생명 순환의 일부라고!"
30:29,[shouts] Is that what you want?,그게 당신이 원하는 거야?
30:32,What’s your fucking plan?,"당신의
망할 놈의 계획이 뭔데?"
30:43,[Jonah] Sorry.,미안해
30:45,Don’t be scared.,겁내지 마
30:48,You have to trust me.,날 믿어줘야 해
30:51,"That was not me, okay? I’m sorry. [woman whispers] Yes, it was.","- 아깐 내가 미쳤나 봐, 미안해
- 맞아, 그랬어"
30:54,[Jonah] I’m sorry.,미안해
30:56,"-Everything’s gonna work out.
-Please don’t come near me.","- 다 잘될 거야
- 가까이 오지 마"
30:59,"[Jonah] Don’t do that.
Everything’s gonna be fine. I promise you.","이러지 마
다 괜찮을 거야, 약속할게"
31:03,"You just have to trust me.
I’m gonna take care of the three of us.","날 믿어줘야 해
우리 세 식구를 책임질 거야"
31:16,I can’t get any traction.,앞으로 나아가지 못하겠어요
31:25,"-I drive in to work.
-[ball bouncing]","차를 몰고
회사에 오는데"
31:29,I got the sinking sensation again.,또 불길한 예감이 들었어요
31:36,It’s right in my heart like...,마치 마음속에...
31:41,I couldn’t breathe...,숨을 쉴 수 없었어요
31:44,like... like my heart wasn’t made right.,"마치 심장이
잘못됐던 것처럼요"
31:50,"[Jonah] When that happens,
I just want to run away.","그럴 때면
그냥 도망쳐버리고 싶어요"
31:56,I get this urge...,충동심이 생겨요
31:59,"to just go as far away
from everyone as possible.","모두에게서 최대한 멀리
도망가고 싶은 충동"
32:03,Where would you go?,어디로 갈 건데요?
32:07,I don’t know.,몰라요
32:10,"South, maybe.",아마도 남쪽이겠죠
32:14,"I always wanted to know
what it’s like to go fishing in the ocean.","늘 바다에서
낚시해보고 싶었어요"
32:24,The thing is...,그런데...
32:28,I know how lucky I am.,"내가 얼마나
운이 좋은지는 알아요"
32:34,"-Don’t get me wrong, man. I’m...
-[ball continues bouncing]",오해하지 마세요
32:37,I’m so grateful for everything.,난 매사에 감사해요
32:43,For Marty.,마티와...
32:47,For Roxanne.,록시와...
32:52,I won the lottery.,난 복권에 당첨됐던 거죠
33:03,I just wish I could get some traction.,"그저 앞으로
전진할 수 있으면 좋겠어요"
33:08,The machine is designed that way.,조직은 그렇게 설계됐어요
33:11,Dangles a carrot so you keep trying.,"앞에 당근을 매달아
계속 노력하도록 만들어요"
33:15,"But you’ll never taste it, no way.
Not if you play by the rules.","하지만 규칙대로 살면
절대 당근을 가질 수 없죠"
33:22,"I bet you don’t get too many opportunities
at a hotel like this.","이런 호텔에선
기회가 별로 없을 것 같네요"
33:27,It’s not exactly the Ritz.,리츠칼튼 호텔은 아니잖아요
33:30,No.,아니죠
33:35,But there are opportunities.,그래도 기회는 있어요
33:38,"[Jonah] All those million-dollar
vacation homes on the mountain,","1년 중 90%는
늘 비어있는"
33:40,"the ones that stay empty
nine-tenths of the year?","산 위의 백만 달러짜리
별장들 있죠?"
33:44,"The owners fly in
on those tiny little airplanes.","주인들이
경비행기를 타고 와요"
33:47,"It’s the only way
to access this side of the range.","이쪽으로 올 수 있는
유일한 방법이죠"
33:50,"What happens,
the wind picks up, the planes can’t fly.","바람이 거세지면
비행기가 뜨지 못해요"
33:54,"Which means they’re stuck staying at
this hotel when their flights get delayed.","다시 말해, 지연되는 동안
이 호텔에 머물어요"
33:58,Happens all the time.,늘 있는 일이죠
34:02,"The rich ladies, I’m pretty sure they
keep all their jewelry in their carry-ons.","부잣집 사모님들은 보석함에
보석들을 가지고 다닐 겁니다"
34:07,Nobody wants to check their diamonds.,"다이아몬드 보관을
맡기는 사람은 없죠"
34:11,"Most of these people I’m talking about,
they sleep one night here","내가 말하는 사람들 대부분
하룻밤만 머물고"
34:13,"and they’re gone by sunrise
to catch a plane.","동틀 녘
비행기를 타러 떠나죠"
34:15,Most of them never even leave their rooms.,"대부분은 방을
떠나지도 않지만"
34:20,"But sometimes they check in early enough
that the restaurant’s still open.","가끔 식당이 영업 중인
이른 시간에 체크인하기도 하죠"
34:26,"Husband usually orders a steak
and keeps his eyes glued on the game","보통 남편은 스테이크를 시키고
스포츠 중계를 보느라 정신없어요"
34:29,while the wife slowly gets drunk.,"부인이 서서히
취하는 동안에요"
34:46,There you are. Enjoy your stay.,"여기 있습니다
즐겁게 지내세요"
34:56,"[Jonah] Trick is to only take one,
maybe two pieces from each bag.","보석함에서 보석을
한두 개만 훔쳐야 해요"
35:01,"And you can’t take
the most expensive thing either","가장 비싼 보석이나
도난당한 걸 알 수 있는"
35:03,or they’ll know they’ve been robbed.,"그런 보석을
훔치면 안 돼요"
35:06,"You want them thinking they must’ve
just forgot to pack that ring,","집에 두고 왔다고
생각할만한 걸 훔쳐요"
35:09,not that it was stolen.,"도난당했다고
알만한 것 말고요"
35:39,[woman on police radio] Car 31...,31호 차...
35:51,"Well, if he was here,
he left it pretty clean.","만약 여기 머물었다면
진짜 흔적도 없이 떠났네"
35:54,"That’s usually what he does.
It’s kind of his signature.",놈이 그걸로 유명하잖아
35:58,Is this part of it too?,이것도 흔적이야?
36:00,Is that fresh?,아직 싱싱해?
36:01,"-How would I know that?
-Is it warm?","- 내가 그걸 어떻게 알아?
- 아직 따뜻해?"
36:04,"What, do you want me to touch it?",뭐? 만져보라고?
36:06,Give it to me.,이리 줘
36:10,This is 48-hour scat. He’s gotta be close.,"48시간 지난 똥이네
아직 근처에 있을 거야"
36:13,"Yeah, why don’t we send a car
around every house in the area","주변 집들에
경찰을 보내서"
36:17,and start knocking on doors?,탐문 수색하는 거 어때?
36:19,Because he’s too smart for that.,"그러기에
놈은 너무 똑똑해"
36:22,He’s already increased his radius.,이미 활동 반경을 늘렸어
36:25,"He’s out there deeper into the territory
where houses are ten miles apart at least.",집들이 드문 지역으로 들어갔어
36:30,I give him one thing. He’s got stamina.,"체력 하나는 참 좋네
그건 인정해"
36:34,What do we think this means?,이게 무슨 뜻일까?
36:38,"[deputy]
It looks like a cooking onion to me.",양파 같네
36:40,[man] Or a round bale of hay?,아니면 두루마리 건초인가?
36:45,Could be a map.,지도일지도 몰라
36:47,Looks like there’s an asshole on the top,마치 꼭대기랑 바닥에
36:50,"and the bottom, like, an onion with...",항문이 두 개 달린
36:53,with two assholes in it.,양파처럼 생겼네
36:57,A double.,쌍으로 있네
36:59,A double butt.,쌍 궁둥이
37:06,"[woman] Oh, fuck.",세상에
37:08,"You’re so fucking good.
Fuck me just like that with your cock.","자기 끝내준다
그렇게 더 깊이 넣어줘"
37:13,"Oh, my God. Oh, my God, I’m so wet.","맙소사
나 흥건히 젖었어"
37:16,"I have never been this wet
in my entire life.","이렇게 젖어보긴
난생처음이야"
37:18,I’m being honest with you. [moans],진짜야
37:21,"Oh, my God, yes.
I’ve been waiting for this for so long.","세상에, 너무 좋아
이런 섹스를 오래 기다려왔어"
37:25,Your cock is... [moaning continues],자기 거기가...
37:29,Hello?,여보세요
37:32,"-Don’t stop.
-[moaning continues]",멈추지 마
37:44,Keep going.,계속해
37:54,I’m so wet.,나 너무 젖었어
37:56,"Oh, baby, you’re so fucking good, yeah.",자기 정말 잘한다
37:59,"Keep giving it to me just like that.
Just like that.","계속 이렇게 넣어줘
바로 그렇게"
38:06,It’s coming.,곧 와
38:08,"Oh, my God. You’re coming? Come for me.","오르가슴 온다고?
너무 좋아, 싸줘"
38:10,"-No.
-Come for me! Come for me!","- 아니
- 나 뿅 가, 싸줘!"
38:12,"-It’s coming.
-Yes, it’s coming.","- 곧 와
- 너무 좋아"
38:14,You’re coming.,얼른 싸
38:16,The inversion is coming.,반전이 온다고
38:20,"Listen, mister, this is gonna be
a really expensive phone bill.","전화비가 굉장히
많이 나올 거야"
38:24,"[Jonah] Head for the hills.
It won’t be long now.","언덕으로 올라가
얼마 안 남았어"
38:31,Get to the highest point.,가장 높은 곳으로 가
38:34,"You want to be closest to the sphincter
when the clock strikes midnight.","시계가 자정을 가리킬 때
괄약근과 가장 가까운 곳으로 가"
38:37,"[woman] Oh, sphincter.",괄약근 좋아
38:39,Dive in head first and never look back.,"머리부터 뛰어들고
절대 돌아보지 마"
39:04,"[man] This place has so much opportunity.
It is America in a nutshell.","여기는 기회가 참 많아
미국의 축소판이야"
39:09,And we gotta take advantage of it.,이 기회를 잘 활용해야 해
39:12,And it’s a beautiful thing.,좋은 거야
39:13,"People come through here
and we rub shoulders with them.","사람들이 여기를 찾아오고
우리와 친해지잖아"
39:16,"These are people at the corporate level
making decisions, hiring, firing,","대기업에서 고용, 해고를
결정하고"
39:20,"people that think
in three-to-five-year chunks.","3년에서 5년 앞을
내다보는 사람들이야"
39:22,We could be those people.,우리도 그런 사람이 될 수 있어
39:24,"[voice fading] The only thing
separating us from those people...","그 사람들과
우리의 차이점은"
39:28,"...is an MBA,
a master of business administration.",경영학 석사 여부뿐이야
39:32,"Jonah, did you ever think
about getting your MBA?","혹시 경영학 석사를
딸 생각 해봤어?"
39:38,I have to start at the bottom.,"난 밑바닥부터
시작해야 해요"
39:42,Get my GED.,"검정고시부터
합격해야 하죠"
39:44,You didn’t graduate high school?,고등학교 졸업 안 했어?
39:46,How did you get this job?,어떻게 이 일자리를 얻었어?
39:49,Showed them my criminal record.,내 범죄 기록을 보여줬죠
39:52,What?,뭐?
40:35,"Jonah, I need to see you in my office.","요나, 사무실로 좀 와"
40:38,In a minute.,곧 갈게요
40:39,Right now.,당장
40:46,I think you know why I called you in here.,"왜 불렀는지는
자네도 알 거야"
40:51,I’m not sure that I do.,잘 모르겠습니다
40:55,"Is there anything
that you want to tell me, Jonah?",나한테 할 말 없어?
41:00,Anything you want to come clean about?,솔직히 털어놓고 싶은 거?
41:09,I found these in your employee locker.,"이걸 자네
물품 보관함에서 찾았어"
41:16,"Irrefutable evidence, Jonah.",반박할 수 없는 증거야
41:19,You’re abusing caffeine.,카페인을 남용하고 있잖아
41:26,You’re right.,맞아요
41:29,Been abusing caffeine.,카페인을 남용했죠
41:31,"I just called you in
because I care about you.","자네를 아끼기 때문에
부른 거야"
41:34,"I don’t want to see your life go down
the crapper. All right? You understand?","인생을 망치는 걸
보고 싶지 않아, 알아?"
41:38,"-Mm-hmm.
-Heck, I feel culpable in all this.",나한테 책임이 있는 것 같아
41:41,"You came in for help.
You asked for it and I turned a blind eye.","내게 도움을 청했는데
눈 딱 감고 거절했지"
41:47,"Listen, I’ve been giving this thought.",계속 생각해봤다네
41:50,Couple of young guys like us,우리처럼 젊은 사람들이
41:52,"shouldn’t spend that much time
away from their family.","가족과 이렇게 오래
떨어져 있으면 안 돼"
41:54,"You’re here all night.
You sleep all darn day.","여기서 밤새워 일하고
집에선 종일 자잖아"
41:58,You need a staycation.,"자네에겐
'스테이케이션'이 필요해"
42:00,A what?,네?
42:02,Coined the term myself.,내가 만든 말이야
42:03,"Means you take a vacation,
but you stay put.",여기서 휴가를 보내는 거야
42:06,"So I want you and Marty to take a look
at your calendar, pick a weekend,","부인과 상의해
주말을 정하고"
42:10,"and then she and Roxy can come
stay here at the hotel with you.","가족이 여기 호텔에 와서
함께 주말을 보내는 거야"
42:14,"Pick out one of those handicap suites
with plenty of leg room,","넓은 장애인 전용
스위트룸을 쓰라고"
42:18,completely gratis.,완전 공짜야
42:20,"You still have to work your night shift, but at least you get to see more of them.","밤에는 일해야 하지만
가족과 더 있을 수 있잖아"
42:30,I suppose you’ll want your cut now.,지금 당신 몫을 원하겠군요
42:35,"Had to dip into your half for some
incidentals, business expenses.","당신 몫으로
경비처리를 해야 했어요"
42:40,"I was planning to pay you back
with my cut from future jobs,","다음 일의 내 몫으로
채워넣을 계획이었지만"
42:43,"but you’re just pulling the plug
on the whole operation.","당신이 이렇게
일을 끝내잖아요"
42:45,"-Where am I dropping you?
-[sighs]",어디 데려다주면 되죠?
42:47,Bus station’s fine.,버스 정류장이면 됩니다
42:51,Such a big shot.,참 대단하네요
42:53,"-Y2K.
-What about you?","- Y2K라니...
- 당신은요?"
42:56,"One scare,
and you’re pulling the plug on the plan?","한 번 겁먹었다고
모든 걸 이렇게 끝내요?"
42:59,Yep.,네
43:01,I thought we were friends.,우린 친구라고 생각했어요
43:04,I don’t even know your fucking name.,난 당신 이름도 몰라요
43:12,"It’s bigger than Y2K.
That’s just the tipping point.","Y2K는 빙산 일부일 뿐
그보다 엄청나요"
43:16,"We’re about to witness a cosmological
shift that breaks all bonds.","곧 모든 유대를 끊는
우주론적 변화를 목격할 겁니다"
43:20,"No one likes a prophet,
but I tell you this because I care.","다들 예언자를 싫어하지만
당신을 아껴서 말해주는 거예요"
43:23,"If you want to save your family,",가족을 구하고 싶다면
43:25,"the only way is to send them through
the wormhole early, before the inversion.","반전 전에 가족을
웜홀로 보내야만 해요"
43:29,"That way they’re ahead of the shift
and they won’t get lost in the undertow.","그래야 변화보다 앞서고
저층 역류에 휩싸이지 않아요"
43:33,Enough.,그만 해요
43:35,"When the inversion happens,
everything will seem upside down.","반전이 시작되면
모든 게 뒤집힐 겁니다"
43:38,"Reality shifts. What’s right is wrong,
what’s wrong is gonna be right.","현실과 옳고 그름이
다 뒤바뀌어요"
43:41,Enough!,그만!
43:44,"Okay, just shut the fuck up.","알았으니
제발 입 좀 닥쳐요"
43:46,I can’t listen to this shit anymore.,더는 못 들어주겠네요
43:51,You’re not the prophet of anything.,당신이 무슨 예언자야
43:54,You’re a fucking lunatic.,당신은 미치광이요
43:58,And we’re not friends.,그리고 우린 친구 아니오
44:01,It’s over. Okay?,"다 끝났어요, 알겠어요?"
44:18,Why do Mommy and Dad need privacy?,"왜 엄마랑 아빠한테
사생활이 필요해?"
44:22,"’Cause they don’t like somebody
to go in the bathroom and see them.","남이 화장실에 들어와서
보는 게 싫으니까"
44:28,"-Oh.
-Mm-hmm. You’re so smart.",너 참 똑똑하다
44:30,You called it privacy.,그걸 사생활이라고 해
44:33,"And privacy’s on the potty,","사생활은
쉬아 하는데"
44:36,and somebody’s going.,누가 오는 거야
44:39,This is an elephant.,이건 코끼리야
44:41,[Roxanne] A elephant floats.,코끼리가 물에 떠서
44:43,"And then an elephant goes--
[imitates elephant trumpeting]",어디론가 가면서
44:46,And it makes sounds just like...,이런 소리를 내는데...
44:49,I won the lottery.,난 복권에 당첨됐어
44:52,"-What are you talking about?
-[Roxanne continues chattering]",무슨 얘기야?
44:56,You had no reason to trust me.,나를 믿을 이유가 없었잖아
44:58,"Well, you were cute.",당신 잘생겼었어
45:02,"No, I was a bum.",난 부랑자였어
45:04,You were a cute bum.,잘생긴 부랑자였지
45:06,All dirty and fleas and grimy teeth.,"더럽고 온몸에 벼룩에
이빨은 더러웠지"
45:11,You didn’t have fleas.,벼룩은 없었어
45:14,And you were just...,그리고 당신은...
45:17,the most pristine little church girl.,청순하고 독실한 소녀였지
45:19,"Oh, come on.",왜 이래
45:20,"Ladling me soup,
talking to me about Jesus.","수프를 퍼주며
날 전도했잖아"
45:23,All right.,알았어
45:27,"If that’s the way you like to remember it,
that’s fine.","그렇게 기억한다면
상관없어"
45:31,That is... how I like to remember it.,"그렇게...
기억하고 싶어"
45:39,The way I remember it...,내가 기억하는 건
45:45,"-I brought you into the pantry.
-Mm-hmm.",당신을 식기실로 데려갔지
45:48,"And you were so starved for affection
you fell in love right away.","서로 너무도 사랑을 갈구했고
바로 사랑에 빠졌어"
45:53,And you’ve been trapped ever since.,그리고 나한테 코 꿰었어
46:21,Want to hold him?,만져볼래?
46:23,"-No, you hold him.
-Okay.","- 아니, 엄마가 잡고 있어
- 알았어"
46:26,"-He likes to be my friend.
-He loves you.","- 나랑 친구가 되고 싶어 해
- 널 좋아하네"
46:30,Hey!,야!
46:32,"Hey! [giggles] Hey, froggy!","야, 개구리야!"
46:35,"It’s a wonderful night at Amenity Inn
and Suites. Mind if I put you on hold?","어메니티 호텔입니다
잠시만 기다려주세요"
46:40,[Marty] Mama’s on vacation right now.,엄마는 지금 휴가 중이야
46:42,"-Mama’s on vacation right now.
-Mm-hmm.",엄마는 지금 휴가야
46:45,Why is Mama going on a vacation?,왜 엄마가 휴가야?
46:48,"Oh, she just needed a rest.",엄마도 쉬어야 했거든
46:50,"-Mama?
-Yes?","- 엄마?
- 응?"
46:51,"-Come with us.
-Okay.","- 이리 와
- 알겠어"
46:54,What do you think Daddy’s up to?,아빠는 뭐 하는 것 같아?
46:57,"-What’s-- Where is Daddy?
-He’s working.","- 아빠 어디 있어?
- 일하지"
47:01,Where are you going?,어디 가?
47:03,The babies are gonna find their daddy.,아기가 아빠를 찾을 거야
47:05,"Sir, I don’t think you’re hearing me.
This room is damp. It’s musty.","내 말을 안 듣네요
여기 축축하고 곰팡내가 난다고요"
47:09,"Ma’am, I’m more than happy
to move you to another room.","다른 방으로
옮겨드리겠습니다"
47:11,"[Roxanne]
♪ There’s two in the bed ♪",침대에 둘이 있어
47:13,♪ And the little one said... ♪,작은 애가 말했어
47:16,Did Daddy teach you that song?,아빠가 가르쳐줬어?
47:18,"You’ve already moved me.
This is the second time you’ve moved me.","벌써 두 번이나
방을 옮겼잖아요"
47:21,I am exhausted. This is unacceptable.,"정말 지치네요
도무지 용납할 수 없네요"
47:24,"If you give me one minute,
I promise I will resolve the issue.","잠시 시간을 주시면
반드시 해결해 드리겠습니다"
47:30,How’s it going?,어때?
47:32,Doing okay. How are you guys holding up?,"괜찮아
당신이랑 록시는 어때?"
47:34,"Good, good.
Somebody wants you to tuck her in.","좋아, 누가 아빠한테
재워달라네"
47:36,"-[whimpering]
-Hey. Sleepy girl.","- 록시
- 졸린 모양이야"
47:39,"I would love to tuck you in, sleepy.","아빠도 너
재워주고 싶어"
47:43,You gonna have a break sometime soon?,언제 휴식이야?
47:47,Twenty minutes. Think you can--,"20분 후
그때까지..."
47:49,"-Think you can stay up for 20 minutes?
-I don’t know. What do you think, baby?","- 20분 동안 안 잘 수 있어?
- 모르지, 넌 어떨 것 같아?"
47:52,Can you stay up with me?,안 자고 버틸 수 있어?
47:54,"Can you stay up so Daddy
can give you a kiss good night?","아빠가 잘 자라고 뽀뽀해주게
안 자고 기다릴 수 있니?"
47:57,"-[kisses]
-♪ There were four in the bed ♪",침대에 넷이 있었어
48:00,"♪ There were two in the bed
And the little one said ♪","침대에 둘이 있었어
작은 애가 말했어"
48:05,What did they say?,뭐라고 했어?
48:07,"-♪ Roll over, roll over ♪
-♪ Roll over ♪","- 뒹굴어, 뒹굴어
- 뒹굴어"
48:11,♪ And they all rolled over ♪,다들 뒹굴었어
48:13,"♪ One fell out
And he gave a little scream ♪","하나가 떨어졌네
비명을 질렀네"
48:18,♪ And he gave a little shake ♪,소리를 질렀네
48:20,♪ Please remember to try it ♪,잊지 말고 매듭 묶어
48:23,"-[murmuring song]
-Bye.",다녀와
48:24,"-[kisses]
-See you later.",이따 봐
48:28,"-Twenty minutes?
-Okay.","- 20분이라고?
- 응"
48:30,"-[Marty] Okay.
-Twenty minutes. Twenty minutes. Stay up!","- 알겠어
- 20분이야, 자지 마"
48:35,"Jonah, are you about done with those EODs?","일과 보고서
거의 다 썼나?"
48:38,"I didn’t have a chance,",아직 못 했지만
48:40,"but I will get them to you
first thing tomorrow.","내일 아침에
우선적으로 끝낼게요"
48:43,"My family’s here, remember?",우리 가족이 여기 있잖아요
48:45,"It’ll take you 30 minutes tops.
I do need those tonight.","오래 걸려야 30분이면 해
오늘 밤 필요하다고"
48:50,"Seal yourself to your loved ones
in the holy temple,","성전 안에서 사랑하는 이에게
사랑을 담아 보내세요"
48:53,"so that you may be bound together
for all eternity.","그럼 둘이 영원토록
함께할 겁니다"
48:56,[woman] Each one is really one-of-a-kind.,"하나하나 다
독보적이에요"
48:58,You’re not going to find these at a store.,"이런 건
상점은 물론"
49:00,"You’re not going to find these
in a catalog.","통신 판매로도
찾을 수 없어요"
49:06,Can a hog ever be whole?,돼지가 완전해질 수 있나요?
49:08,Only the whale knows his secrets.,고래만이 비밀을 압니다
49:11,The whale is the living temple.,고래는 살아있는 신전입니다
49:14,"Go, Jonah, to the mountain.","""기적 네트워크"" 요나여, 산으로 가라!"
49:16,"Go, Jonah, to the sea,
as far away from yourself as you can get.","요나여, 바다로 가라
자신에게서 최대한 멀리 가라"
49:19,"The storm will follow,
and nothing is for certain.","폭풍우가 뒤를 따르고
확실한 것은 없을지니라"
49:23,"-Do you understand? Amen!
-[audience applauding]",아시겠습니까? 아멘!
49:25,Can I get an amen?,아멘을 외치세요!
50:43,"[whispers] It’s okay, baby.",괜찮아
51:06,Jonás.,호나스
51:08,"[Jonah in Spanish] Hi, gorgeous.",안녕하세요
51:10,[Spanish] I saw your little girl.,네 딸아이 봤어
51:12,She’s gotten so big!,많이 컸더구나
51:15,[Spanish] I can’t believe it.,저도 믿어지지 않아요
51:18,She’s a little angel.,작은 천사 같아
51:21,She is.,맞아요
51:23,She has your eyes.,네 눈을 닮았더라
51:25,Hers are brown.,"딸 아이 눈은
갈색이에요"
51:29,Like the milkman.,우유 배달부 닮았더라고요
51:31,You sly devil.,이런 짓궂은 녀석
51:53,What happened to you?,어떻게 된 거죠?
51:56,I took a beating.,얻어맞았어요
51:57,I think someone’s trying to get rid of me.,"누군가 날
제거하려던 것 같아요"
52:00,No one likes a guy who sees too much.,"너무 많이 아는 사람은
다 싫어하죠"
52:03,"-You should call the police.
-Nah.","- 경찰한테 연락하셨어야죠
- 아뇨"
52:05,"I told you, I’m outside the system.","말했잖아요
난 시스템 밖의 사람이라고"
52:09,I thought you were leaving town.,마을을 떠나는 거로 알았죠
52:11,I was. I am.,"그랬었고
떠날 겁니다"
52:13,Tomorrow.,내일요
52:18,Can I have a room tonight?,"오늘 밤 여기서
묵을 수 있을까요?"
52:21,"I’m not asking for a handout.
I’ll pay you back.","그냥 달라는 게 아니라
나중에 갚을게요"
52:30,All right. Doesn’t matter.,"알겠어요
상관없어요"
52:33,"I don’t know you, and you don’t know me.",우린 서로 모르는 사이니까요
52:46,"No more funny business, I promise.","수상한 짓 안 한다고
약속할게요"
52:48,"You don’t have to promise
because I know there’s not going to be.","그럴 일 없을 테니
약속 안 해도 돼요"
52:51,I’m putting you next door to me.,내 방 바로 옆 방에서 묵어요
52:52,You’re staying here too?,당신도 여기서 묵어요?
52:54,With my family.,가족과 함께요
52:55,"Oh, your family’s here.",당신 가족이 여기 있군요
52:57,"Hey, can I meet ’em?",만나봐도 돼요?
52:58,"Okay. You won’t hear a peep out of me.
You won’t even know that I’m there.","내가 여기 있었다는 것도
모를 겁니다"
53:02,You’re out by noon tomorrow. No later.,"내일 정오까지 나가요
늦으면 안 돼요"
53:04,"-I’ll be gone long before that.
-It’s the last time.","- 그 전에 나갈게요
- 이게 마지막입니다"
53:06,"-Yeah.
-One more night and that’s it.","- 네
- 하룻밤만 더 묵고 끝이에요"
53:10,"This is a good deed,
and it won’t go unnoticed.","베풀어주는 선행을
간과하지 않을 겁니다"
53:14,I plan to repay you in full.,다 갚을게요
54:06,[man on TV] Black hole to butthole.,블랙홀의 문에서 항문으로!
54:09,"Now, the universe is shaped like an apple",우주는 사과 모양으로
54:12,"and through its core runs a secret
passageway, completely through it.","중심부를 관통하는
비밀 통로가 존재합니다"
54:17,"When the great inversion occurs,",대반전의 때가 오면
54:18,"the spin of the universe
will be reversed upon itself,","우주의 회전이
뒤바뀔 것이며"
54:22,"creating a cosmological storm
of unfathomable power.","측량할 수 없는 규모의
우주적 폭풍을 자아내고"
54:26,"Then bang, a new Big Bang.","그리고 새로운 빅뱅이
발생합니다"
54:29,A brand-new cycle.,새로운 순환의 시작이죠
54:30,"Eternal recurrence of the almost same
over and over again.","거의 같은 영원한 반복이
발생하고 또 발생해요"
54:34,No escape.,탈출할 수 없어요
54:37,"Perhaps
there is a tiny island to be found,","어쩌면 잠시 숨을 돌릴
작은 섬이 있을 겁니다"
54:42,"with a brief respite
like the eye of a hurricane.",허리케인의 눈 같은 곳처럼요
54:46,This place exists and doesn’t exist.,"그곳은 존재하며
동시에 존재하지 않습니다"
54:50,"The perpetual calm
of the center of a black hole","블랙홀 중심의
영구적인 고요는"
54:53,where ideas are hatched and formed...,"발상들의 태동과
형성이 이루어지며"
54:56,"where loved ones fish on the shores
of the cosmos together...","사랑하는 이들과 함께
우주의 해변에서 낚시하는 곳으로"
55:00,"hopefully with respect and humility,","""0 나누기 0 = 무한대"" 이 드물고 특별한 평화를
크게 감사하며"
55:02,"with immense gratitude
for this rare and special peace.","존중과 겸허함이
있기 바랍니다"
55:52,"Oh, my God, Jonah. I’m so sorry.","이런, 정말 미안해요"
55:57,Shit.,제길
56:01,All right.,좋아요
56:04,I am...,난...
56:07,"-[beeps]
-good.",됐어요
56:10,Sleep tight. [chuckles],잘 자요
59:12,No.,안 돼
59:13,No.,아니야
1:00:41,[in Spanish] Enough!,그만 해요!
1:00:47,Enough!,그만!
1:00:50,Kill me!,날 죽여요!
1:00:52,Kill me now!,지금 날 죽이세요!
1:01:03,I give up!,항복합니다!
1:01:08,I give up!,내가 졌다고요!
1:01:15,Come on!,어서요!
1:03:25,"-Hmm?
-I gave-- gave him a room.",방을 줬어요
1:03:30,What room? Your wife’s room?,"어떤 방?
부인이 있던 방을요?"
1:03:34,The one next door.,바로 옆 방요
1:03:38,I was trying to do a good deed.,선행을 베풀려고 했어요
1:03:41,What good deed was that?,어떤 선행이었죠?
1:03:44,He needed a--,그 사람은...
1:03:48,He needed a bed for the night.,"하룻밤 머물 방이
필요했었죠"
1:03:52,I know what that’s like.,난 그게 어떤 건지 알아요
1:03:56,"So you let a homeless man stay
in the room next to your wife and child.","노숙자를 부인과 아이가 있는
옆 방에 머물게 한 거군요"
1:04:04,Yeah.,네
1:04:08,Yeah.,그랬어요
1:04:19,"-Did you get an ID?
-No.","- 신분증 확인했나요?
- 아뇨"
1:04:22,"-No.
-Or a name?","- 안 했어요
- 이름은요?"
1:04:24,No.,몰라요
1:04:26,No. No.,확인 안 했어요
1:04:31,"He said he was, uh--",그 사람은...
1:04:33,"was going to, um--
said he was gonna leave town.","마을을 떠날 거라고
얘기했죠"
1:04:36,"He was going to--
I don’t know. I don’t know.","그럴 거였다고...
모르겠어요"
1:04:38,Just check the bus station.,버스 정류장을 확인하세요
1:04:44,Check the bus station.,버스 정류장을 확인해요
1:04:47,"I want to get you
in front of a composite artist","몽타주 제작자에게
모셔갈게요"
1:04:50,"while his face
is still fresh in your mind.","아직 기억 속에
그자의 얼굴이 생생할 때요"
1:04:53,"We’ll get a sketch out there.
We’ll see what we can round up.","일단 몽타주부터 뿌리고
기다려보자고요"
1:04:56,"-Okay?
-Thank you.","- 알았죠?
- 고맙습니다"
1:04:59,"-Thank you.
-Thank you.","- 고마워요
- 고맙습니다"
1:05:00,Thank you.,고맙습니다
1:07:34,Santa?,산타?
1:07:36,Are we being robbed?,우리 강도당하는 거야?
1:07:46,"[woman]
How long are you planning on staying?",얼마나 머물 생각인가?
1:07:54,"I need to warn you,",미리 경고하지만
1:07:55,"our children and grandchildren
are coming up this weekend.","우리 애들과 손주들이
이번 주말에 여기 와"
1:08:01,"They had to spend Christmas
with Leon’s family.","크리스마스는 리언네와
보내야 했지만"
1:08:06,But they’ll be here for New Year’s.,"설날엔
여기로 올 거야"
1:08:10,I hope you’ll be gone by then.,"그 전까진
떠나기 바라네"
1:08:13,[man] That smells yummy.,참 맛있는 냄새네
1:08:16,"It does, doesn’t it?",그렇지?
1:08:19,Nice young man is making dinner for us.,"착한 청년이
저녁을 만들어주고 있어"
1:08:26,"It’s going to be all right, Will.","별일 없을 거야, 윌"
1:08:29,It’ll be okay.,괜찮을 거야
1:08:31,"Oh, isn’t that wonderful?",멋지지 않아?
1:08:35,"-Mmm.
-Looks good, doesn’t it, Will?",맛있어 보이지?
1:08:42,"Oh, no, please, we--","아니, 제발..."
1:08:45,No guns at the table.,"식사 자리에
총은 안 돼"
1:08:47,"[woman on radio] Rounding out 24 hours
of sacred music on this Christmas night,","24시간 내내 성가로 풍성한
크리스마스 밤"
1:08:51,"that was “Carol of the Bells”
performed by...","방금 들으신
'캐럴 오브 더 벨스'의 연주는..."
1:09:17,"Oh, yeah.",좋네
1:09:22,"Oh, yeah.",맛있어
1:09:49,Roger Cole...,로저 콜이...
1:09:52,never gave me my birthday present.,"나한테 생일 선물을
한 번도 안 줬어"
1:09:55,I know.,알아
1:09:56,"He came to the party
and he didn’t have a present.","파티에 왔는데
선물은 없었어"
1:09:59,[woman crying] I know.,맞아
1:10:00,"You know you just can’t come
to a person’s birthday",어떻게 생일 파티에 오면서
1:10:03,without bringing a present.,선물도 안 들고 온대?
1:10:05,"-[crying continues]
-Find it out.",선물을 안 가져왔어
1:10:08,"It was a good birthday though, wasn’t it?",멋진 생일이었지?
1:10:13,"Well, I expected him to go home,",그 친구가 집에 가길 기대했어
1:10:17,"but he didn’t go home
and he didn’t have a present","하지만 집에 안 갔고
선물도 없었고"
1:10:19,and he didn’t ever bring me a present.,한 번도 선물을 안 줬어
1:10:23,"That’s the biggest disappointment
I ever had.",너무 실망스러웠어
1:10:30,"No, that’s not true.","아니, 사실이 아니야"
1:10:32,I dreamed that I... I got cowboy chaps.,"카우보이 가죽 바지를 받는
꿈을 꿨어"
1:10:38,"-[crying continues]
-I got cowboy chaps.","카우보이 가죽 바지를
선물 받았어"
1:10:40,And I woke up and I--,그러다 잠에서 깼고 난...
1:10:46,"-I went-- Oh, that’s wonderful.
-[chuckling]","난 옷장으로 가서...
정말 맛있네"
1:10:48,"I went to my closet
and I looked for my cowboy chaps,","난 옷장으로 가서
카우보이 가죽 바지를 찾았지만"
1:10:52,and they weren’t there.,없었어
1:10:54,"-Yeah.
-And I asked my mother,","- 맞아
- 어머니께 여쭈었지"
1:10:57,where are my chaps?,"'내 카우보이 가죽 바지
어디 있어요?'"
1:11:00,"And she didn’t know
what I was talking about.","어머니께선
무슨 말인지 모르셨어"
1:11:03,And I was inconsolable.,난 너무 슬펐어
1:11:10,"That was a long time ago, Will.","오래전 일이잖아, 윌"
1:11:26,"Oh, you brought some more things for us.",침구를 더 가져왔네
1:11:29,That’s really wonderful.,정말 멋지네
1:11:31,"My favorite pillow. This should be
very comfortable for tonight.","내가 좋아하는 베개네
오늘 밤은 아주 편하겠어"
1:11:35,"How long do you plan
on keeping us down here?","우리를 얼마나
여기 가둬둘 셈인가?"
1:11:41,"Thank you. Do you think maybe
we could talk in the morning about--?","고마워, 혹시 아침에
얘기를 좀..."
1:12:05,"[woman] Oh, very nice.",아주 좋네
1:12:07,"Oh, that’ll do great. Thank you.","그거면 편할 거야, 고맙네"
1:12:09,Let’s-- Let’s talk--,우리 얘기 좀...
1:12:22,Oh! That’s lovely.,정말 고맙네
1:12:26,"And again, maybe tomorrow--",우리 내일...
1:13:12,"[man] Hey, Jonah.",요나
1:13:14,"Would you mind coming down
to the station tomorrow?","내일 경찰서로 좀
와주시겠어요?"
1:13:17,"I just have a couple
of additional questions I want to ask you.","두어 가지 더
추가 질문이 있어요"
1:13:21,"-Yeah, sure.
-Okay.","- 네, 물론이죠
- 좋습니다"
1:13:22,"Hey, by the way, what time did you say
that homeless man came in?","그나저나 그 노숙자가
몇 시에 왔다고 했죠?"
1:13:29,"-It was late.
-Hmm.",꽤 늦은 밤이었죠
1:13:32,Sometime after midnight.,자정이 지나서였어요
1:13:38,"See, the thing is...",그게 그러니까...
1:13:40,"we looked over all
of that security footage...","호텔 로비에 설치된
방범 카메라 영상을"
1:13:43,from the lobby security camera.,전부 확인했는데
1:13:47,"We didn’t find anyone
matching his description.","묘사하신 그런 사람은
찾을 수 없더군요"
1:13:49,Matter of fact...,사실...
1:13:52,nobody came in after midnight.,"자정이 지난 후
아무도 안 왔어요"
1:14:04,"I-- I’m sorry to bother you
on a day like today.","오늘 같은 날
귀찮게 해서 죄송합니다"
1:14:18,"[man]
The Holy Father has a plan for us all.","성부 하나님께선
우리를 위한 계획이 있으십니다"
1:14:24,"-We may not understand his reasons--
-[woman crying]","이유를 이해하지
못 할 수도 있지만"
1:14:27,but we must never doubt that he has them.,"주님의 계획을
의심하면 안 됩니다"
1:14:31,"Now, at this time,
I’d like to invite Jonah...","이제 요나를
앞으로 모시겠습니다"
1:14:34,"Marty’s husband and Roxanne’s father,","마티의 남편이자
록시의 아버지입니다"
1:14:37,to say a few words.,"간단히 말씀을
해주시겠습니다"
1:15:14,[whispering] It’s impossible.,불가능해
1:15:19,It’s impossible.,이건 말도 안 돼
1:15:32,I don’t believe it.,난 안 믿어요
1:15:44,"Uh, the procession to the grave site...",묘지로 가는 행렬은...
1:16:49,"Young man, this has gone on long enough.","젊은이, 충분히 했어"
1:16:55,"You let us out of here,
and I won’t call the cops.","우리를 풀어주면
경찰은 안 부를게"
1:16:59,"Bob, how was your trip?","봅, 여행은 어땠어?"
1:17:01,How was your drive up here?,여기 오는 길은 어땠어?
1:17:03,[woman] Honey.,여보
1:17:04,I know. Did you take 80?,"알아
80번 국도를 탔니?"
1:17:05,"-Honey, this is not Bob.
-Did you take 80?","- 여보, 봅이 아니야
- 80번 국도로 왔어?"
1:17:08,"-I want you to let us out of here now.
-It was so beautiful.","- 당장 우리를 풀어줘
- 정말 아름다웠어"
1:17:12,Do you understand? We’ve had enough.,"알아?
이미 충분히 했어"
1:17:14,"It’s not a game anymore.
You need to let us go.","더는 놀이가 아니야
당장 풀어줘"
1:17:18,You can take whatever it is you want.,"- 원하는 건 다 가져가
- 참 예쁜 자줏빛 나무가 있었지"
1:17:20,"-We had the most beautiful purple tree.
-What are you doing?","- 원하는 건 다 가져가
- 참 예쁜 자줏빛 나무가 있었지 뭐 하는 거야?"
1:17:24,"Oh, no, no. What are you doing?","안 돼, 무슨 짓이야?"
1:17:27,I didn’t know the name of it.,이름은 몰랐어
1:17:31,What-- What are you doing?,뭐 하는 거야?
1:17:38,"Don’t want your pants.
We want to get out of here!","누가 바지 달래?
당장 여기서 풀어줘!"
1:17:41,Please let us out of here!,제발 여기서 풀어줘!
1:17:43,Please!,제발!
1:17:44,"[woman on TV] Gathered stories of hope
and inspiration from across the nation","전국에서 희망과 감화를 주는
이야기들을 모은"
1:17:48,"in a segment we like to call
“Christmas Miracles.”",'크리스마스의 기적' 코너입니다
1:17:51,"After a hurricane tore through
Kathy Rose’s Corpus Christi home in May,","지난 5월, 허리케인이
캐시의 집을 강타한 후"
1:17:55,"she found a nativity hand painted
by her late mother was smashed to pieces.","돌아가신 어머니가 칠한
아기 예수 조각이 박살 난 걸 봤죠"
1:17:59,"She kept the shards wrapped in newspaper
in the attic.","캐시는 조각들을 신문지로 싸
다락에 두었습니다"
1:18:02,"She couldn’t bring herself
to throw them away.",차마 버릴 수가 없었죠
1:18:04,"On Christmas morning,
she decided to unwrap the broken pieces","크리스마스 아침
혹시 조각들을 붙일 수 있을지"
1:18:07,"to see if she could perhaps glue
some of the figures back together.","신문지에 싼 것을
풀었습니다"
1:18:11,"And then she saw it.
Baby Jesus was intact.","그리고 아기 예수가
온전한 것을 봤습니다"
1:18:15,[Kathy] He was perfect.,완벽했어요
1:18:17,"When I saw him, I sat down in the chair
and just started crying...","아기 예수를 봤을 때
의자에 앉아 울었죠"
1:18:20,because I knew that God and all his angels,하나님과 천사들이
1:18:26,had been watching out for me.,"날 보호해줬다는 걸
알 수 있었으니까요"
1:18:28,That’s how I survived the storm.,"그래서 내가 허리케인에서
살아남았던 거예요"
1:18:31,"In another story of faith and survival,","또 다른 믿음과
생존 이야기입니다"
1:18:33,"a note in a bottle washed up
on a San Diego beach yesterday","어제 샌디에이고 해변으로
병 속의 편지가 쓸려왔습니다"
1:18:37,just in time for Christmas.,크리스마스에 맞춰서요
1:18:38,The note was in Spanish.,스페인어로 쓰인 편지로
1:18:40,"Translated, it said,
“My name is Jonás Cueto.","번역하면
'난 호나스 쿠에르토'"
1:18:44,"I’ve been lost at sea for 1,000 days.","'바다를 떠돈 지
1,000일이 지났습니다'"
1:18:48,The water has always been calm.”,'바다는 늘 잔잔했어요'
1:18:51,"We managed to track down information
on Jonás Cueto","호나스 쿠에르토의 신원을
파악할 수 있었는데"
1:18:54,"and confirmed he was lost
on a commercial fishing voyage","상업용 낚싯배를 타고 나갔다가
멕시코 해안에서 발생한 폭풍으로"
1:18:57,"during a storm off the coast of Mexico
and presumed dead.","행방불명됐고
사망한 것으로 추정됩니다"
1:19:01,"When his mother was delivered the note
by San Diego police,","샌디에이고 경찰이
어머니에게 편지를 전달했을 때"
1:19:04,she was overcome with hope.,희망을 감추지 못했습니다
1:19:08,I love you so much.,정말 사랑한다
1:19:11,"You are lost, Son.",넌 길을 잃었어
1:19:14,But God...,하지만 주님께서...
1:19:16,"God above, he can help you.","주님께서
널 도와주실 수 있어"
1:19:22,"You must give your heart
to the Holy Father.","성부 하나님께
네 영혼을 바치거라"
1:19:27,"Let him enter your soul,
and you will be changed.","네 인생이 바뀌는 걸
보게 될 거야"
1:19:32,I promise you.,내가 장담해
1:19:35,"Please, I am begging...","제발, 부탁이야"
1:19:38,hear my prayer.,내 얘기가 들린다면
1:19:41,Give your heart...,네 영혼을
1:19:44,to God.,하나님께 바쳐
1:20:14,[woman on TV] Confused? Afraid?,혼란스럽고 두려운가요?
1:20:17,Unsure of who you really are?,"자신의 참모습에
확신이 없나요? ""나는 누구인가?"""
1:20:19,"Are you looking for advice
about love or loss?","사랑이나 상실에 관한
조언을 구하고 있나요?"
1:20:22,"Do you have questions
about the true nature of reality?","현실의 실체에 관해
궁금한 게 있나요? ""영적 조언"""
1:20:25,"Call for a free consultation,","무료 상담을 원하면
전화하세요"
1:20:27,"and you’ll talk one-on-one
with Dr. Tabitha Moon.","타비사 문 박사가
일대일로 상담해줄 겁니다"
1:20:31,"She’s live in the studio now,
waiting for your call.","지금 스튜디오에서 여러분의
전화를 기다리고 있습니다"
1:20:34,"-[woman shouting] God, please help us!
-[Dr. Moon on TV] Greetings.","- 누가 좀 도와줘요!
- 안녕하세요"
1:20:36,I’m here to share my gift.,"여러분께 내 재능을
나누려고 합니다"
1:20:40,"The number is there
on the edge of the screen.","화면 끝에
전화번호 있어요"
1:20:43,[volume up] Call me now...,지금 전화하세요
1:20:45,"-and I will do my best--
-[doorbell rings]",최선을 다해
1:20:47,"to answer whatever question
is in your heart.","여러분 마음속의 문제를
답변해드리겠습니다"
1:20:51,Hello? This is Dr. Moon.,"여보세요
문 박사입니다"
1:20:55,"[man] Hey, Dr. Moon.",문 박사님
1:20:56,"Um, I’ve been feeling lost lately,
you know,",내가 최근 방황했던 것 같아요
1:20:59,figuring out what my true purpose is.,"내 삶의 진짜 목적을
찾느라고요"
1:21:03,"I’ve been thinking about quitting my job,","일을 관두는 걸
생각해왔지만"
1:21:07,but I don’t really know what to do...,어떻게 해야 할지 모르겠어요
1:21:11,Howdy.,안녕하신가
1:21:12,Good morning.,좋은 아침입니다
1:21:14,Is this your house?,여기 자네 집인가?
1:21:17,It is.,네
1:21:18,What’s your name?,자네 이름이 뭔가?
1:21:22,Bob.,봅인데요
1:21:24,"Oh, you’re old Willie’s son, aren’t you?",윌의 아들 맞지?
1:21:28,"You look just like him, I have to say.",윌을 꼭 닮았군
1:21:31,"You’re probably sick and tired
of hearing that though, aren’t you?","그런 얘기는
지긋지긋하게 들었겠지?"
1:21:35,"Say, are your folks up here
for the holidays as well?","크리스마스 연휴에
부모님도 오신 건가?"
1:21:39,"They’re just in town.
They went to get some provisions.","먹을 것 좀 사러
잠시 마을에 가셨어요"
1:21:42,I see.,그렇군
1:21:43,"Well, I don’t want
to disturb your holiday,",연휴를 방해하고 싶진 않지만
1:21:46,but we’re out here just telling people,사람들에게 알리는 중이라네
1:21:48,"that Buster the mountain man
has been seen roaming our area.","산을 돌아다니는 버스터가
여기 나타난 게 목격됐다더군"
1:21:52,"And if you guys stay home, you know,
he won’t disturb you.","집 안에 있으면
어쩌진 않겠지만"
1:21:55,"But just keep a watch out, yeah?","그래도 조심하게, 알았지?"
1:21:59,"And let us know if you see
or hear anything suspicious.","뭔가 수상한 걸 보거나 들으면
꼭 알려주게"
1:22:02,Just give us a-- give us a holler.,연락 줘
1:22:04,"-Will do.
-All right.","- 그럴게요
- 그래"
1:22:06,Have a nice holiday.,즐거운 크리스마스 되게
1:22:08,"-Happy holidays to you too.
-All right.","- 즐거운 크리스마스 되세요
- 알겠네"
1:22:09,"-I’ll tell the folks you said hello.
-Thank you. Bye-bye.","- 부모님께도 안부 전할게요
- 고맙네, 잘 있게"
1:22:12,Bye-bye.,안녕히 가세요
1:22:19,[Dr. Moon] ...what your dream is to live.,"당신의 꿈을
실천하는 겁니다"
1:22:23,Why are you here?,왜 여기 있는 건가요?
1:22:26,That’s what you want to work on.,"그 부분을
노력해보세요"
1:22:29,"[man] That is, I think,
the most important question.","저도 그게 가장
중요한 문제 같네요"
1:22:34,Thank you.,고맙습니다
1:22:35,[Dr. Moon] Thank you for calling.,전화해 주셔서 고맙습니다
1:22:41,"Finished with the homes
on the western side.","서쪽 주택가는
다 확인했어"
1:22:44,I’m gonna go downriver.,이제 강 하류 쪽으로 갈 거야
1:22:46,"[man on radio] Did you hit
the Bowery cabin over at Gainspot?","바우어리 씨 별장도
확인했나요?"
1:22:49,Affirmative. Spoke to Bob.,"응, 봅과 얘기했네"
1:22:52,Say again.,뭐라고요?
1:22:54,"I spoke to Bob Bowery.
No sign of Buster on his land.","봅 바우어리와 얘기했어
근처에 버스터는 없어"
1:22:59,"Joe, Bob Bowery’s been dead for years.","조, 봅 바우어리는
수년 전에 죽었어요"
1:23:02,"Either you’ve seen a ghost,
or that was Buster.","유령과 얘기를 했거나
아니면 그놈이 버스터였을 겁니다"
1:23:09,"[Dr. Moon] Tonight, light a candle for him","오늘 밤, 그를 위해
촛불을 밝히고"
1:23:12,and say a healing prayer.,치유의 기도를 하세요
1:23:17,[woman] Thank you.,고맙습니다
1:23:18,[Dr. Moon] Thank you for calling.,전화해 주셔서 고맙습니다
1:23:21,Who’s next? I want to serve you.,"다음 전화해 주실 분?
도와드리고 싶습니다"
1:23:24,The telephone number is on the screen.,화면에 전화번호 있어요
1:23:26,"I’m here, live, waiting for your call.","여러분의 전화를
기다리고 있습니다"
1:23:30,"-[line ringing]
-Hello. This is Dr. Moon.","여보세요
문 박사입니다"
1:23:33,Where am I?,난 어디 있죠?
1:23:36,I’m not sure I understand the question.,질문을 이해할 수 없군요
1:23:39,Tell me where I am.,내가 어디 있는지 말해줘요
1:23:44,You’re on a boat.,보트 안에 있군요
1:23:50,You’ve been there for a long time.,굉장히 오래 있었어요
1:23:55,Wh... Why am I there?,내가 왜 보트에 있는 거죠?
1:23:57,There’s been a mistake.,실수가 있었어요
1:24:01,There’s a bug in the system.,시스템에 버그가 있어요
1:24:09,How can I fix it?,어떻게 고칠 수 있죠?
1:24:12,We sent an exterminator.,구제업자를 보냈죠
1:24:15,"I’m like a roving exterminator.
I find the bugs, I fix the binary.","난 출장 해충 구제업자인 셈이죠
버그를 찾고 2진법을 수정해요"
1:24:22,We are sorry for your loss.,삼가 조의를 표합니다
1:27:18,[Marty] I’m sorry.,미안해
1:27:21,[Jonah] I’m sorry too.,나도 미안해
1:27:23,"-You look tired.
-[Roxanne] Papi.","- 지쳐 보이네
- 아빠"
1:27:26,"-Go home and make your tea.
-Papi?","- 집에 가서 차 마셔
- 아빠?"
1:27:29,[Marty] Don’t do that.,그러지 마
1:27:30,"-[Jonah] I’m sorry.
-You said you weren’t going to do that.","- 미안해
- 안 그럴 거라고 했잖아"
1:27:33,I won’t do that.,안 할 거야
1:27:36,"-I’m sorry.
-[Roxanne] I’ve been singing this song.","- 미안해
- 계속 이 노래 불렀어"
1:29:58,"[in Spanish]
What do you want me to tell you?",뭐라고 말해주기 바라?
1:30:03,God... is not merciful.,하나님은 자비롭지 않아
1:30:10,Just efficient.,그저 효율적인 분이지
1:30:14,It was a mistake...,실수였어
1:30:16,we got this far.,여기까지 왔다는 건
1:30:30,"We are in the belly of the whale,
my friend.",우리는 고래 배 속에 있어
1:30:38,"With luck,",운이 좋다면
1:30:40,"he’ll eat one of us
and spit the other out.","우리 둘 중 한 명은 먹고
다른 한 명은 뱉어내겠지"
1:30:48,It’s the only escape...,그게 유일한 탈출구야
1:30:51,that I see.,내 생각엔 말이야
1:30:58,"[on bullhorn] Happy New Year, Buster!","새해 복 많이 받아, 버스터"
1:31:00,"Hey, we got your cave surrounded. Huh?",동굴을 완전히 포위했어
1:31:04,So come out with your hands up.,그러니 손들고 나와
1:31:07,"Come on, Buster. This is your last chance.","얼른, 인마
마지막 기회야"
1:31:26,Shit.,젠장
1:31:59,"Watch it, now.",조심해
1:32:17,I don’t see anything.,아무것도 없어
1:32:21,Hell.,망할
