﻿Time,Subtitle,Translation
1:05,What did you eat?,뭘 먹고 지냈죠?
1:08,You had rations for two weeks.,식량은 2주분만 가지고 갔는데
1:10,You were inside for nearly four months.,그 안에 거의 4개월이나 있었어요
1:13,I don't remember eating.,뭘 먹은 기억이 없어요
1:17,How long did you think you were inside?,"본인은 안에
얼마나 있었던 것 같아요?"
1:22,Days.,며칠
1:24,Maybe weeks.,몇 주?
1:29,What happened to Josie Radek?,조시 라덱은 어떻게 됐죠?
1:40,"-I don't know.
-What about Sheppard?","- 몰라요
- 셰퍼드는요?"
1:43,Thorensen?,소렌슨?
1:48,Dead.,죽었어요
1:49,Ventress?,벤트레스는요?
1:56,I don't know.,몰라요
1:58,Then what do you know?,그럼 아는 건 뭐가 있죠?
2:57,[woman] This is a cell.,이건 세포예요
3:00,"Like all cells,
it is born from an existing cell.","모든 세포는 기존에 존재하는
세포에서 태어나죠"
3:05,"And by extension,",그 말은 즉
3:06,"all cells were ultimately born
from one cell.","모든 세포는 하나의 세포에서
만들어진 거죠"
3:10,"A single organism alone on planet Earth,",지구상 단 하나의 유기체에서
3:14,perhaps alone in the universe.,전 우주에서 하나일 수도 있겠네요
3:16,About four billion years ago...,약 40억 년 전
3:19,"one became two, two became four.","하나가 둘이 되고
둘이 넷이 되어"
3:22,"Then eight, 16, 32.","8, 16, 32"
3:26,The rhythm of the dividing pair...,쌍으로 분열되는 리듬이
3:30,"which becomes the structure
of every microbe,",모든 미생물의 구조가 되어
3:34,"blade of grass, sea creature,
land creature...","식물, 해양 및 육상 생물이 되고"
3:38,and human.,인간이 되죠
3:39,The structure of everything that lives...,살아있는 모든 것
3:42,and everything that dies.,그리고 죽는 모든 것의 구조
3:45,"As students of medicine,
as the doctors of tomorrow,",의학을 공부하는 미래의 의사로서
3:49,this is where you come in.,여러분의 역할은 여기서 시작해요
3:52,The cell we're looking at is from a tumor.,"우리가 보고 있는 것은
종양 세포예요"
3:55,"Female patient, early 30s,
taken from the cervix.","여성, 30대 초반
자궁 경관에서 추출했죠"
3:59,"Over the course of the next term,",다음 학기 동안
4:01,"we will be closely examining cancer cells
in vitro",체외 암세포를 관찰하고
4:04,and discussing autophagic activity.,"자가 소화 작용에 대해
알아볼 거예요"
4:07,"-Professor?
-[woman] Hey, Katie.","- 교수님
- 케이티구나"
4:09,"[Katie] I read the John Sulston paper
last night.",어제 존 설스턴 논문 읽었어요
4:11,"I still feel like
I'm not working hard enough.",아직도 제 노력이 부족한가 봐요
4:13,I'm behind the other students.,다른 학생에 뒤처지는 느낌이에요
4:15,"-They find everything easier.
-[woman] You aren't, and they don't.","- 모두 쉽게 잘하는데
- 그렇지 않단다"
4:17,"-Okay?
-Lena!","- 알았지?
- 리나"
4:21,Dan.,댄
4:22,"[Dan] I've been looking for you at lunch,
but you never seem to be around.","점심때마다 찾았는데
안 보이더군요"
4:26,I've been catching up on some writing.,집필이 밀려서요
4:28,"All work and no play, it sounds...
not healthy.","일만 하고 놀지는 않고
몸에 안 좋아요"
4:33,"I wanted to ask,",물어볼 게 있는데
4:35,"-do you have plans Saturday?
-[clicks tongue]",토요일에 시간 있어요?
4:37,Sarah and I have a few people over.,"세라랑 같이 집에
몇 명 초대했거든요"
4:39,A garden party while the weather holds.,"날씨 좋을 때
정원 파티 어떨까 해서요"
4:43,"Actually, I do have plans.",전 일이 있어요
4:45,I think it'll be fun.,재미있을 거예요
4:46,"Thanks, Dan, I really appreciate it,
but I'm going to paint our bedr--","댄, 정말 고맙지만
우리 침실 페인트 작업을..."
4:50,The bedroom.,침실 페인트칠해야 해요
4:54,"It's been a year, Lena.","벌써 1년이에요, 리나"
4:59,"You're allowed to come to a barbecue.
It is not a betrayal","바비큐 파티에 간다고
누가 뭐라고 안 해요 그 사람 추억에 대한
배신도 모욕도 아니라고요"
5:02,or an insult to his memory.,"그 사람 추억에 대한
배신도 모욕도 아니라고요"
5:07,I'm gonna paint the bedroom.,그냥 침실 페인트칠할래요
6:57,"-♪ You'll see something certain ♪
-Oh, God.",세상에
7:02,"-♪ Confusion has its cost ♪
-Oh, my God. Oh, my God!",맙소사
7:13,"-♪ Who lingers ♪
-Oh, my God. I thought you were gone. ♪ Saying she is lost ♪",영영 사라진 줄 알았어
7:26,Kane?,케인?
7:48,No one knew anything about your unit.,"당신 부대에 대해
아는 사람이 한 명도 없었어"
7:50,I contacted everyone.,다 연락해 봤어
7:52,Everyone I could.,내가 아는 사람은 다
7:54,"The other partners knew
just as little as me.","다른 사람들도 나만큼
아는 게 없더라"
8:02,Was it covert?,비밀 작전이었어?
8:05,Mm... Maybe.,글쎄
8:08,"What does that mean, ""maybe""?",글쎄라니?
8:12,"Okay, yeah, it was covert.
Yeah, I think so.","응, 비밀이었어
그랬던 것 같아"
8:15,Pakistan again?,다시 파키스탄에 간 거야?
8:18,"I-- I don't know where it was, or...",어디였는지 몰라
8:25,what it was.,무엇이었는지도 몰라
8:26,"How is that possible?
[stammers] Was it warm?",그게 어떻게 가능해? 따뜻한 곳이었어?
8:31,Was there snow?,눈이 내렸나?
8:32,"Did the people there speak Portuguese,
or Swahili, or Pashto?","언어는? 포르투갈어, 스와힐리어
아니면 파슈토어?"
8:41,How long have you been back?,돌아온 지 얼마나 됐어?
8:44,I don't know.,몰라
8:45,"How'd you get back?
What base did you fly into?","어떻게 돌아왔어?
어느 부대로 들어온 거야?"
8:49,"-I don't know.
-Your unit, did they come back with you?",몰라 다른 부대원은? 같이 왔어?
8:55,You must be able to tell me something.,뭐라고 말 좀 해봐
8:58,"You vanished off the face of the earth
for 12 months.","12개월 동안 감쪽같이
사라졌다가 이제야 왔는데"
9:02,"I deserve a better explanation
than no explanation.","무슨 말이라도
해줘야 하는 거 아냐?"
9:04,Does it matter?,그러면 뭐가 달라지는데?
9:28,[Lena] Kane...,케인
9:31,how did you get home?,집에 어떻게 온 거야?
9:36,I was outside.,밖에 있었어
9:39,Outside the house?,집 밖에?
9:41,No.,아니
9:43,"No, I was outside the room.",방 밖에
9:47,The room with the bed.,침대 있는 방 말이야
9:51,"The door was open, and...",문이 열려 있더라고
9:54,I saw you.,당신을 봤는데
10:00,I recognized you.,알아보겠더라고
10:05,Your face.,당신 얼굴을
10:21,I don't feel very well.,몸이 안 좋아
10:31,"Stay with me, baby. -[coughing]
-I'm right here with you.","여보, 정신 차려
나 여기 있어"
10:35,"Male, 31, hemorrhage, in seizure.","남성, 31세, 출혈, 발작 증상"
10:37,"Stay with me, baby. I love you.","여보, 정신 차려 봐
사랑해"
10:40,"Baby, look at me. Can you do something?!","여보, 날 봐 어떻게 좀 해 봐요!"
10:46,[paramedic] You call for a police escort?,경찰 불렀어요?
10:58,"[paramedic] Hey, easy, easy!",살살 해요!
11:12,"[man] Out of the truck, now!",트럭에서 당장 나와!
11:13,"-[men shouting]
-[Lena] What are you doing?",뭐 하는 거예요?
11:15,"-[man 2] Out!
-[paramedic] Don't shoot!","- 트럭에서 나와!
- 쏘지 마세요!"
11:17,[man 2] Out! Move!,나와! 움직여!
11:18,"Out, out, out!",나와!
11:20,What's going on?,무슨 일이죠?
11:22,"[paramedic] What are you doing?
You can't move him!","뭐 하는 거예요?
움직이면 안 돼요"
11:24,Let him go! Let him go!,내버려 둬요! 놔요!
11:29,Let him go!,그이 놔 줘요!
12:31,You must be feeling dreadful.,몸 상태가 좋지 않을 거예요
12:33,"It's a hangover
from the sedative you were given.",진정제 때문에 그래요
12:37,"Come on, sit down.",여기 앉아요
12:42,Who are you?,누구시죠?
12:54,My name is Dr. Ventress.,벤트레스 박사라고 해요
12:56,I'm a psychologist.,심리학자입니다
12:58,Why am I talking to a psychologist?,"제가 왜 심리학자와
얘기를 해야 하죠?"
13:03,Am I in a psychiatric hospital?,여기 정신 병원인가요?
13:05,"-No.
-[Lena] Then what?","- 아니요
- 그럼 뭐죠?"
13:07,Where am I?,여긴 어디죠?
13:10,Where's my husband?,제 남편은요?
13:12,"You served in the military
for seven years.",군에 7년 계셨더군요
13:16,I'm a professor from Johns Hopkins.,난 존스홉킨스대 교수예요
13:19,"I want to know what the fuck
I'm doing here.",내가 왜 여기 있는지 알아야겠어요
13:21,"Your research area is the genetically
programmed life cycle of a cell.","연구 분야가 세포 주기의
유전 프로그래밍이죠"
13:26,Where is my husband?,내 남편 어디 있어요?
13:27,"Yeah,
I'd like to talk about Sergeant Kane.","케인 병장에 대해
얘기하려던 참이에요"
13:32,When did he arrive back home?,집에 언제 돌아왔죠?
13:36,"-I want to see a lawyer.
-You're not gonna be able to.","- 변호사랑 얘기할래요
- 그건 안 돼요"
13:44,Did he explain how he got back?,어떻게 돌아왔는지 말하던가요?
13:48,"-No.
-Did he contact you at any point","- 아니요
- 집에 없는 동안 한 번이라도"
13:51,while he was away?,연락한 적 있나요?
13:52,No.,아니요
13:55,"[Ventress] What did he tell you
about his mission when he returned?",작전에 대해 뭐라고 하던가요?
13:59,"-Nothing.
-What about before he left?","- 아무 말도 안 했어요
- 떠나기 전에는요?"
14:01,"Did he ever mention where he was going,
what he was doing?","어디에 가는지 뭐 하러 가는지
얘기하던가요?"
14:04,"He never said, I never asked.","말한 적도 없고
물은 적도 없어요"
14:05,"But you made regular requests
for information from his unit CO.","하지만 부대장에게 계속해서
정보를 요청했더군요"
14:11,"Until six months ago,
and then you stopped.",6개월 전까지 그러다가 멈췄죠
14:16,Why was that? Thought he was dead?,왜 멈췄죠? 죽었다고 생각했나요?
14:19,Time to move on?,이제 정리해야겠다고?
14:22,It's not easy to move on.,정리하기 쉽지 않죠
14:26,I didn't.,그런 적 없어요
14:34,"I'm done answering questions.
It's your turn.","난 답할 만큼 했어요
이제 당신 차례예요"
14:39,Your husband's here.,당신 남편은 여기 있어요
14:42,He's extremely ill.,많이 아프죠
14:44,"-In what way?
-[Ventress] Multiple organ failure.",어디가요? 복합 장기 부전이에요
14:48,Massive internal bleeding.,내출혈이 심해요
14:51,"He must have been exposed
to some sort of radiation,",어떤 방사선에 노출됐거나
14:55,some kind of virus.,바이러스에 감염된 것 같아요
14:57,"You have to tell me where he was,
what he was doing.","그이가 어디서 뭘 하다
온 건지 말해요"
15:03,I could actually help him.,내가 그이를 도와줄 수도 있어요
15:50,[Ventress] A religious event.,영적 사건
15:52,An extraterrestrial event.,외계 사건
15:55,A higher dimension.,고차원 세계
15:57,"We have many theories,",여러 이론이 있어요
16:00,few facts.,입증된 사실은 몇 안 되죠
16:02,It started around three years ago.,3년 전쯤 시작됐어요
16:04,"Blackwater National Park reported
that a lighthouse was surrounded","블랙워터 국립 공원에서
등대 주변에"
16:08,"by something they termed ""a shimmer.""","'희미한 빛'이 포착되었다고
보고됐죠"
16:11,One of the wardens went in to investigate.,관리인 한 명이 조사에 착수했는데
16:16,Never returned.,돌아오지 않았어요
16:18,The event was classified.,기밀 사건으로 분류됐죠
16:20,"Since then, we've approached by land,
by sea,","그 이후로 육로 및 해상으로
접근해 보고"
16:23,"sent in drones, animals,
and teams of people.","드론, 동물, 사람들
다 동원해 봤지만"
16:27,But nothing comes back.,아무것도 돌아오지 않았어요
16:30,"And the boundary's getting bigger.
It's expanding.","오히려 경계가 늘어나고 있어요
확장하고 있죠"
16:33,"So far, it's eating
into barely populated swampland,","아직은 인적이 드문
습지대만 덮쳐서"
16:35,"which, you know, we evacuated
under the pretext of a chemical spill,","화학품 유출을 핑계로
모두 대피시킨 상태죠"
16:40,but... that won't last much longer.,하지만 오래 버티지 못할 거예요
16:43,"In a few months, the area will have grown
to where we are right now.","몇 달 후면 우리가 있는 곳까지
퍼질 거예요"
16:51,And then we're talking cities...,그 후에는 도시도
16:54,states...,다른 주도 안전하지 못해요
16:57,and so on.,그렇게 퍼져 나가겠죠
17:01,You said nothing comes back.,아무것도 돌아오지 않는다면서요
17:04,But something has.,그런데 돌아왔잖아요
17:07,Yes.,네
17:17,[Lena] He's dying.,죽어가고 있어요
17:20,[Ventress] Yes.,맞아요
17:24,"We need to come to an agreement
about what to do with you.","당신을 어떻게 할 건지
결정해야 해요"
17:28,You're not going to let me go home?,집으로 돌려보내지 않을 건가요?
17:34,Is that what you want? To go home?,"원하는 게 그거예요?
집에 돌아가는 것?"
17:40,No.,아니요
17:42,I want to be with him.,저 사람 옆에 있고 싶어요
18:03,You're not talking to me.,말을 안 하네
18:06,Sorry.,미안
18:09,Zoned out.,정신이 팔려서
18:12,Thinking about the next mission?,다음 작전 생각하는 거야?
18:16,No.,아니
18:18,I was just looking at the moon.,그냥 달을 보고 있었어
18:22,"It's always so weird seeing it like that
in the daylight.","대낮에 저렇게 보이는 게
항상 이상했어"
18:26,Like God made a mistake.,마치 하나님이 실수한 것처럼
18:27,"-[chuckles]
-Left the hall lights on.","현관 불 끄는 걸
깜빡한 것처럼 말이야"
18:30,God doesn't make mistakes. That's...,하나님은 실수한 게 아니야
18:32,"somewhat key
to the whole ""being a god"" thing.",실수하지 않는 게 신이거든
18:37,Pretty sure he does.,그래도 실수할걸?
18:39,"You know he's listening right now,
don't you?",지금 듣고 계신 거 알지?
18:43,"You take a cell,",세포는 말이야
18:44,"circumvent the Hayflick limit,
you can prevent senescence.","헤이플릭 한계를 피하면
노쇠를 방지할 수 있어"
18:48,I was about to make the exact same point.,내 말이
18:51,"It means the cell doesn't grow old,
it becomes immortal.","세포가 노화하지 않는다는 말이야
불멸이 된다고"
18:54,"Keeps dividing, doesn't die.",계속 분열되고 죽지 않는 거지
18:58,"They say aging is a natural process,
but it's actually a fault in our genes.","노화는 사실 자연스러운 현상이
아니고 유전자의 결함이거든"
19:05,"I get really turned on
when you patronize me. It's really hot.",나 가르치려 들때 정말 섹시해
19:07,"Without it,
I could keep looking like this forever.","그것만 아니라면 나는 영원히
지금 모습을 유지할 수 있어"
19:10,"Oh, okay. -Well, that could constitute a mistake.
-[laughs]","그래, 그럼 신이 실수한 거 맞네"
19:20,"You didn't tell me
where you're heading this time.",이번에 어디 가는지 말 안 해줬어
19:24,"I know there's something strange
about this mission.","이번 작전은
다른 때랑 다른 거 알아"
19:31,Why?,어떻게?
19:33,"The silence around it
is louder than usual.","침묵이 유난히
무겁게 느껴지거든"
19:39,Kind of angling for a clue here.,힌트 달라고 한 건데
19:46,So...?,안 돼?
19:51,We'll be under the same hemisphere.,같은 반구에 있을 거야
19:55,What does that tell me?,그게 무슨 말이야?
19:58,"It tells you that if you step outside
and you look up...",밖에 나가서 하늘을 보면
20:03,we'll be looking at the same stars.,"같은 별을 바라보고
있을 거란 얘기지"
20:05,"-Holy fucking shit.
-What?","- 맙소사
- 왜?"
20:07,"-Are you kidding?
-What?","- 장난해?
- 뭐가?"
20:09,"You think that's what I do
while you're away?","당신 없는 동안 내가
그러고 있을 줄 알았나 보지?"
20:12,"-What?
-You think I'm out in the garden,","- 뭐라고?
- 정원에 서서 슬픈 모습으로"
20:15,"pining, looking up at the sky?",하늘을 바라다볼 거라고?
20:17,"-[scoffs] Shut up. All right.
-Oh, to think my beloved Kane...","- 됐어, 알았어
- 어머, 저런 - 내 사랑하는 케인은...
- 알았다고"
20:21,"-Okay. Uh-huh.
-...is looking at the selfsame moon.","- 내 사랑하는 케인은...
- 알았다고 나와 같은 달님을
바라보고 있겠지요"
20:25,[chuckling] Stop it.,그만해
20:27,"[laughing] Oh,
my distant celestial friend...",오 저 멀리 천상의 친구여
20:30,No. No.,"하지 마, 그만"
20:33,...please care for my brave soldier.,"나의 용감한 군인을
보살펴 주소서"
20:35,"Jesus. You know what?
You are disrespectful,",이건 무례한 거야
20:37,"seriously, not only to your former
comrades in the armed forces,",옛 전우에 대한 실례이고
20:40,"-but also to the president.
-You forgot the flag.","- 대통령에 대한 실례야
- 국기를 까먹었네"
20:42,"Oh, I'm getting--
I'm getting to the motherfucking flag.",국기도 말하려던 참이었어
20:45,"Oh, my hero.","오, 나의 영웅이여"
20:46,"-Screw you.
-Okay.","- 혼내줄 거야
- 그래"
20:58,"[woman] She's all by herself.
Don't you think we should make friends?","혼자 있는데
친구 해줘야 하지 않을까요?"
21:01,"-[woman 2] Well, obviously you should.
-[woman] Yep, I'll do it.","- 그쪽이 가보면 되겠네요
- 그럴게요"
21:08,Hey.,안녕하세요
21:10,Hey.,안녕하세요
21:11,"-Am I intruding?
-No, not at all.","- 제가 방해했나요?
- 아니, 전혀요"
21:14,Cool. Phew. [chuckles],다행이네요
21:16,"You know, I always see you here alone.
It's...",항상 혼자 계시는 것 같아서
21:20,"I'm guessing you probably feel weird
or awkward.",아마 어색해서 그러시는 것 같은데
21:26,"Somewhat, I guess.",조금 그러네요
21:28,"Don't. Seriously, don't.",그러지 않아도 돼요
21:32,"The people here put themselves to sleep
in the fetal position","여기 사람들 잘 때는
다 배 속 아기처럼 자요"
21:35,making cooing noises.,소리도 내요
21:37,"It's freaky, you know. [chuckles]",무서울 지경이에요
21:40,"-I'm Anya.
-Lena.","- 애니아라고 해요
- 리나예요"
21:43,"-Nice to meet you.
-You, too.","- 만나서 반가워요
- 저도요"
21:45,"Um, why don't you come and meet my crew?",우리 팀 만나볼래요?
21:48,Come make friends. Come on.,"우리 친구 해요, 어서요"
21:51,"Ladies, meet Lena.","여기, 리나예요"
21:54,[Lena and woman] Hi nice to meet you.,"- 안녕하세요
- 만나서 반가워요"
21:56,"Yeah, that's Cassie Sheppard,
and Josie Radek.","저쪽은 캐시 셰퍼드
조시 라덱"
21:59,"-[Lena] Hi. Nice to meet you.
-Hi.","- 반가워요
- 안녕하세요"
22:01,"-[Cassie] Do you want to have a seat?
-Thank you.",앉을래요? 고마워요
22:03,"-So, first day at the Southern Reach.
-Yes.","- 서던 리치 첫날이군요
- 네"
22:08,"-Thank you.
-You're welcome.","- 고마워요
- 별말씀을요"
22:11,You all been here long?,다들 오래 계셨나요?
22:13,"Um, yeah, right from the start.",처음부터 쭉 있었어요
22:15,I'm a geomorphologist.,지형학자예요
22:17,"I've been testing the magnetic fields
around the boundary,","경계선을 따라 자기장을
검사하고 있죠"
22:20,"which is like using confetti
to test a hurricane.","꽃가루로 태풍 실험하겠다는 것과
같은 이치긴 하지만요"
22:24,"Uh, and I've been here... ten months.",전 10개월 됐어요
22:28,"Wow, ten months.",오래 있었네요
22:29,Paramedic from Chicago.,시카고에서 온 응급 구조사예요
22:31,"Tried to join an NGO,
but my application got flagged,","NGO에 들어가고 싶었는데
원서에서 찍혀서"
22:33,so Southern Reach got me.,서던 리치까지 오게 됐어요
22:34,Only two months. I'm a physicist.,"전 2달밖에 안 됐어요 물리학자예요, 케임브리지 포닥
끝나자마자 왔어요"
22:37,I came straight from my Cambridge postdoc.,"물리학자예요, 케임브리지 포닥
끝나자마자 왔어요"
22:40,[Cassie] She's very smart.,똑똑한 친구예요
22:42,"What's your story, Lena?",그쪽은요?
22:44,"Uh, I'm from Johns Hopkins, biologist.",존스홉킨스에서 온 생물학자예요
22:46,"-Oh, there you go.
-Ha, biologist?","- 아, 그렇구나
- 생물학자요?"
22:48,"-Told you she was smart.
-[Anya] What?","- 똑똑한 사람이라고 했잖아요
- 네?"
22:50,"We had a bet on your profession,
and Josie had biologist, of course.","직업을 알아맞혀 봤는데
조시가 생물학자일 거라 했어요"
22:56,"-I had law enforcement.
-I had you as single.","- 전 경찰이라고 했고
- 전 싱글이라고 했어요"
22:58,"Jesus. Do you have to hit
on everyone, like all the time?","보는 사람마다 다 대시해야
직성이 풀려요?"
23:01,"Fuck that. Under the circumstances,","그러면 어때요?
이런 상황에서"
23:03,"I think I'm allowed to roll the dice
a few more times. [chuckles]",가릴 게 있나요?
23:06,Under what circumstances?,어떤 상황인데요?
23:10,"Well, yeah, um, crazy as it seems...",말도 안 되는 것 같지만
23:14,Crazy as it is.,말도 안 되는 것 맞아요
23:18,...we are headed that way.,그쪽으로 가려고요
23:25,"-You're going into the Shimmer?
-Six days and counting.","- 쉬머에 들어간다고요?
- 6일 남았어요"
23:30,"-You three?
-Four.","- 이렇게 셋이요?
- 넷이요"
23:32,Ventress.,벤트레스도 가요
23:35,"-Dr. Ventress?
-[Cassie] Mmm. Team leader.",벤트레스 박사님? 팀 리더죠
23:39,"-All women.
-Scientists.","- 다 여자네요
- 다 과학자죠"
23:41,"The previous teams
have been largely military, so, yeah.","이전 팀은 대부분
군인 위주였거든요"
23:46,What do you think happened to them?,무슨 일이 있었던 걸까요?
23:48,"Well, there are two theories
of what went wrong in the Shimmer.","쉬머에서 일어난 일에 대해
두 가지 이론이 있죠"
23:52,"One, something kills them.","첫째, 무언가 나타나서
모두 죽였다"
23:54,"Two, they go crazy and kill each other.","둘째, 모두 정신이 나가서
서로 죽였다"
23:58,"[Josie] There was one military guy
who made it out.",빠져나온 군인이 한 명 있긴 해요
24:00,[Cassie] Yeah.,그렇죠
24:02,A sergeant.,병장이에요
24:03,"Yeah, but you heard
about the state that he was in.",하지만 어떤 상태인지 들었잖아요
24:53,[whispering] Kane...,케인...
24:57,I know why you went in.,당신이 거기에 왜 들어갔는지 알아
25:08,I am so sorry.,정말 미안해
25:12,And I know what I have to do.,이제 내가 뭘 해야 하는지 알겠어
25:18,"[Ventress] So you didn't tell them
about your connection to Sergeant Kane?","케인 병장과의 관계를
얘기하지 않았다고요?"
25:22,"[Lena]
I thought it would complicate things.",일이 복잡해질 것 같아서요
25:26,What?,뭐가요?
25:28,What would it complicate?,뭐가 복잡해지죠?
25:36,Why are you going into the Shimmer?,쉬머에 왜 가시는 거죠?
25:40,"The mission statement is to reach
the supposed source of the Shimmer,","작전에 그렇게 명시되어 있어요 쉬머의 근원으로 추정되는
등대에 접근해서"
25:45,"the lighthouse,
enter and acquire data, and return.","쉬머의 근원으로 추정되는
등대에 접근해서 정보를 수집하고
돌아오는 것이 목표예요"
25:51,"But I don't think that
that's your mission statement.",박사님의 목표는 그게 아니잖아요
26:00,No.,아니죠
26:09,"I've been watching the phenomenon
for a while now.","여기서 한동안
이 현상을 지켜봤어요"
26:13,I profile the volunteers.,직접 자원자를 프로파일링하고
26:17,I pick the teams.,팀을 구성하죠
26:21,"They enter, I watch.","그들은 들어가고
난 지켜봐야 해요"
26:26,I watch it grow closer.,"빛이 점점 다가오는 걸
지켜보고만 있죠"
26:32,There's only so long one can do that.,더 이상은 못 하겠어요
26:36,But you need to know what's inside?,"안에 뭐가 있는지
알고 싶은 건가요?"
26:39,"Yes, I do.","네, 알고 싶어요"
26:44,So do I.,저도 그래요
26:47,So that's the complication.,그게 복잡한 일이었군요
26:50,You want to come with us.,같이 가고 싶은 거죠?
26:53,I can't do anything for him here.,"여기서는 남편을 위해
할 수 있는 것이 없어요"
26:57,Soldier-scientist.,당신은 과학자이자 군인이에요
27:00,You can fight.,맞서 싸울 수도 있고
27:02,You can learn.,연구도 할 수 있어요
27:06,You can save him.,남편을 구할 수 있다고요
27:14,You requested to join the mission.,"당신은 작전에 참여하기를
요청했습니다"
27:16,You knew all other missions had failed,"이전 작전이 모두 실패한 걸
알고 있었죠"
27:18,"and the only survivor
was barely surviving.","유일한 생존자는 목숨만
연명하고 있는 상태였고요"
27:22,That was a brave choice.,용감한 선택이었네요
27:25,I owed him.,남편에게 빚을 졌거든요
27:28,"I'm only trying to understand
what drove you.","왜 들어가려고 했는지
궁금할 뿐이에요"
27:34,I owed him...,남편을 위해 해야 했어요
27:38,so I went in.,그래서 들어갔어요
30:23,[Anya] And then we get some real meals.,제대로 된 식사네요
30:26,"Spaghetti.
Here's Radek's vegetable crackers.",스파게티예요 여기 라덱이 가져온 채소 크래커요
30:32,"Wow, cornbread. That's not so bad.","우와, 콘브레드네요
괜찮은데요?"
30:34,"Oh, you're finally awake.",이제야 일어났군요
30:36,"You gotta give me a second.
I'm a little disoriented.","잠시만요, 조금 정신이 없어요"
30:40,Join the club.,우리 다 마찬가지예요
30:42,"You don't remember
setting up camp, do you?",텐트 친 거 기억 안 나죠?
30:46,"I don't remember anything...
after we reached the tree line.","숲속으로 들어온 이후
아무 기억이 없어요"
30:51,None of us do.,우리도 그래요
30:53,And we did a food inventory.,식량을 확인해 보니
30:55,"From the depletion, we've been out here
for at least three or four days.",먹은 양으로 봐서 3-4일 정도 있었던 것 같아요
31:01,That's not possible.,그럴 리가요
31:03,[Anya] That's what I said.,제 말이요
31:06,"Guys, I've been checking
my comms and nav equipment.","계속 통신기를
확인해 봤는데요"
31:11,"They boot up fine,
no problem with the electronics,","전원은 켜지는 걸 보니
전자 장치 문제는 아니에요"
31:13,"and the camera is working,",카메라도 작동하고요
31:15,"but anything that sends a signal
out of the Shimmer... is down.","그런데 쉬머 외부로 신호를 보내는
장치는 작동이 안 돼요"
31:19,"Even though we've probably got
about 20 satellites above us right now,","우리 위로 띄운 위성만
20개가 넘을 텐데"
31:22,and... check this out.,그리고 이거 보세요
31:28,"So we've got no compass,
no comms, no coordinates...","나침반도 없고 통신도 안 잡히고
좌표도 없는 거네요"
31:33,and no landmarks.,랜드마크도 없어요
31:34,"Well, we know we're in the state park.",국립 공원에 있는 건 알잖아요
31:36,"We head south, we hit the ocean,",남쪽으로 가면 바다가 나와요
31:37,"then we can just follow the shoreline
until we hit the perimeter wall. Right?","거기서부터는 해안을 따라가면
돌아갈 수 있어요"
31:42,"-How do we know what's south?
-Come on, Josie, you know this.","- 남쪽을 어떻게 찾아요?
- 다 알잖아요"
31:46,Hour hand at the sun.,해를 향해 시침을 두고
31:49,"Split the difference
between the hour hand and 12, south.","시침과 12시 사이를 반으로 나누면
이쪽이 남쪽이네요"
31:52,Good.,좋아요
31:54,We're oriented.,방향은 찾았네요
31:55,"We weren't really expecting
the comms equipment to work, were we?","여기서 통신 기기가 통할 거라고
생각한 건 아니죠?"
31:59,"There's been three years of expeditions
and three years of radio silence.","3년간 탐사팀을 보냈는데 3년 내내
라디오 수신 하나 없었어요"
32:04,Let's pack up and get moving.,다시 움직이죠
32:06,We've already lost a lot of the day.,시간을 많이 지체했네요
33:09,"[Anya] Oh, I'm gonna check this out.
Get us out of this damn swamp.","이거 타고 나갈 수 있는지
확인해 볼게요"
33:12,"[Ventress] All right.
Let's check out the hut.",좋아요 오두막 확인해 보죠
33:34,"Looks like someone's
about to have a wedding.",누가 결혼하나 봐요
33:39,These are very strange.,이상하네요
33:42,Why?,뭐가요?
33:45,"Well, they're all so different.",각기 모양이 많이 달라요
33:47,"To look at them, you wouldn't say
that they're the same species.",같은 종이라고 보기 어려워요
33:52,"But they're growing
from the same branch structure...","하지만 같은 가지 구조에서
자라나고 있어요"
33:55,so it has to be the same species.,그러니 같은 종이 맞아요
33:58,It's the same plant.,같은 식물이거든요
34:00,"It's like they're stuck
in a continuous mutation.","마치 연속적인 돌연변이에
갇힌 것 같아요"
34:03,A pathology?,병적인가요?
34:05,"[Lena] Yeah, well...",그게 글쎄
34:08,"you'd sure as hell call it a pathology
if you saw this in a human.","이걸 사람한테서 발견했다면
매우 병적이라고 했겠죠"
34:25,Sheppard! Mode of transportation.,셰퍼드 탈 것이 생겼어요
34:32,Anything interesting in there?,안에 뭐 있어요?
34:34,"No. It's been long abandoned,
maybe even before--","버려진 곳 같아요
아마 오래전부터..."
34:39,Radek?,라덱?
34:41,Radek!,라덱!
34:43,"-[splashing]
-Radek!",라덱!
34:44,[Josie] It's got my bag!,내 가방을 물었어요!
34:45,[Lena] Radek!,라덱!
34:49,[gasps] Something's got my bag!,무언가 가방을 물었어요!
34:52,"[shrieks] Oh, no!",안 돼!
34:54,It's got my bag!,가방을 물었어요!
35:00,"-[Lena] Help me with her!
-[Anya] What's going on?","- 도와주세요!
- 무슨 일이에요?"
35:04,"[Anya] Hey, grab my shoulder!",내 어깨 잡아요!
35:09,[Lena] Get her. Come on.,"잡아요, 어서"
35:11,[Anya] I got her.,잡았어요
35:13,[Cassie] Okay? You got her?,괜찮아요?
35:16,"You're good, you're good.",다 됐어요
35:18,It's okay.,괜찮아요
35:26,"[Anya] Let's sit you down.
Help me with her bag.","앉아 봐요
가방 들어주세요"
35:28,"Okay, just breathe.
It's okay. You're just fine.","자, 숨 쉬어요 이제 괜찮아요"
35:31,"-What the hell happened?
-Something in the water.","- 도대체 무슨 일이죠?
- 물 속에 뭔가 있었어요"
35:44,"-Get up, get up. Go.
-[gasping]","일어나요, 어서"
35:56,"Oh, shit! Get back.","- 젠장!
- 물러나요"
36:03,"[Anya] Sheppard! Sheppard, watch out!",셰퍼드! 조심해요!
36:09,"-[gun clicks]
-Holy fuck!",맙소사!
36:55,It's exactly the same as the flowers.,꽃이랑 똑같아요
36:59,Look at the teeth.,이빨 좀 보세요
37:01,Concentric rows.,동심 배치예요
37:04,"Something here is making giant waves
in the gene pool.","무언가가 유전자 풀에 영향을
미치고 있는 게 틀림없어요"
37:07,"Sharks have teeth like that, don't they?",상어 이빨이 그런 모양 아닌가요?
37:09,Do you think it's a crossbreed?,이종 교배 아닐까요?
37:12,"You can't crossbreed
between different species.","서로 다른 종을
교배할 수는 없어요"
37:19,"Lena, this is getting heavy.","리나, 조금 무거워요"
37:30,The mutations were subtle at first.,"처음에는 돌연변이가
심하지 않았어요"
37:34,"More extreme as we grew closer
to the lighthouse.",등대에 가까워질수록 악화했죠
37:39,Corruptions of form.,변형
37:42,Duplicates of form.,복제
37:44,[man] Duplicates?,복제요?
37:48,Echoes.,메아리
37:54,Is it possible these were hallucinations?,환각이었을 가능성은 없나요?
37:59,I wondered that myself.,그 생각도 해봤어요
38:02,But they were shared among all of us.,하지만 모두 증상이 같았어요
38:06,It was dreamlike.,꿈 같았죠
38:10,[man] Nightmarish.,악몽 말인가요?
38:12,Not always.,항상 그렇지는 않았어요
38:15,Sometimes it was beautiful.,아름다울 때도 있었죠
38:46,[Cassie] You hurt?,다쳤어요?
38:47,It's just a bruise.,그냥 멍이에요
38:49,"[clicks tongue]
Must have gotten that from the gator.",아까 악어 때문에 생겼나봐요
38:53,Yeah.,그러게요
38:59,"So, where'd you learn to shoot?",총 쏘는 건 어디서 배웠어요?
39:03,"I was in the military
before I was an academic.","학계에 발 들이기 전에
군대에 있었어요"
39:07,Marines?,해병대?
39:08,Army. Seven years.,"육군요, 7년"
39:10,Feels like a lifetime ago now.,아주 오래전 일 같네요
39:12,Yeah.,그러게요
39:15,All other lives feel like a lifetime ago.,모두 다 오래전 일 같죠
39:18,"We were kids, I was married.","어린 시절도, 결혼 생활도"
39:21,"Which do you carry around your neck?
A husband or a child?","목걸이에 누구예요?
남편? 아이?"
39:25,Husband.,남편요
39:28,"He was in the army, too. That's...",남편도 군인이었어요
39:30,That's how we met.,군에서 만났거든요
39:33,"""Was"" in the army? He quit?",군인이었다니 그만둔 건가요?
39:36,KIA.,전사했어요
39:39,I'm sorry to hear that.,유감이네요
39:42,Guess there had to be something.,사연이 있을 거라 짐작했어요
39:44,What do you mean?,무슨 말이죠?
39:48,Volunteering for... this.,여기 지원했다는 건
39:50,"It's not exactly something you do
if your life is in... perfect harmony.","평탄한 삶을 두고 올만한 곳은
아니잖아요"
39:57,We're all damaged goods here.,하자품만 모이는 곳이죠
39:59,Anya is sober...,애니아는 지금은 다 털었지만
40:01,therefore an addict.,원래 중독이었고
40:03,Josie wears long sleeves,조시는 긴팔만 입어요
40:05,"'cause she doesn't want you
to see the scars on her forearms.",팔뚝에 상처를 숨기고 있거든요
40:08,She's tried to kill herself?,자살 시도한 건가요?
40:10,"No, I think the opposite,
trying to feel alive.","아뇨, 오히려 살아있음을
느끼고 싶었던 것 같아요"
40:16,Ventress?,벤트레스는요?
40:18,Yeah. As far as anyone knows...,"글쎄요, 아직 아무도 몰라요"
40:22,"no friends, no family,
no partner, no children.","친구도, 가족도
연인도, 아이도 없어요"
40:27,No concession in her at all.,나올 게 없어요
40:32,"-You?
-I also lost someone.",그쪽은요? 나도 누굴 잃었어요
40:37,"Not a husband, though, um...",남편은 아니고
40:39,A daughter. Leukemia.,"딸요, 백혈병으로"
40:43,"God, I'm sorry.",죄송해요
40:45,"In a way, it's two bereavements.",어떻게 보면 사별을 두 번 한 거죠
40:49,My... beautiful girl...,내 예쁜 딸과...
40:53,and the person I once was.,그리고 그 시절 나와의 사별
40:55,"[Anya] Hey, hey!",여기 봐요
40:57,We got something here.,뭔가 있어요
41:30,"This used to be the headquarters
of the Southern Reach.",서던 리치 예전 본부네요
41:34,Before the Shimmer swallowed it.,쉬머가 먹어버리기 전에요
41:39,More mutations.,돌연변이가 더 있어요
41:41,They're everywhere.,여기저기 다 있어요
41:44,Malignant.,악성이에요
41:46,Like tumors.,종양처럼
41:49,Is that the old mess hall?,예전 식당인가요?
41:51,Yeah.,맞아요
41:52,Let's billet there. Come on.,"여기에 임시로 머물죠
어서 와요"
42:30,"There's beds and bags.
You think people are here?","침대랑 가방이 있어요
사람이 있을까요?"
42:34,Were here.,있었겠죠
42:36,"Yeah, I'm gonna go with the past tense.",과거형에 한 표요
42:58,Damn.,맙소사
43:06,"Oh, shit.",세상에
43:17,This shit is heavy. Can't carry this.,"엄청 무겁네, 못 들겠어요"
43:36,"Lena, what you got going on?","리나, 무슨 일이죠?"
43:39,"Guys, check this out.",이것 좀 보세요
43:43,"""Peyton, Mayer...","'페이턴, 메이어'"
43:47,"Kane, Shelley.""","'케인, 셸리'"
43:50,"Those were the soldiers
on the last expedition.",지난번 탐사에 나간 군인들이에요
43:52,"Looks like they were using this room
as their base of operations.","이곳을 작전 기지로
사용했나 보네요"
43:55,Why are some of the names crossed out?,왜 이름에 줄이 그어 있죠?
43:57,Let's not jump to conclusions.,성급한 판단은 하지 말아요
43:59,"-I don't know, maybe we should.
-Yeah.","- 글쎄요, 판단하는 게 좋을지도요
- 그러게요"
44:02,"-This is a plan view of the base, right?
-[Cassie] Yep. This is the mess hall.","- 이게 기지 평면도죠?
- 맞아요 여기가 식당이고요"
44:05,"-Building we're in?
-[Cassie] Yep.","- 우리가 있는 건물이죠?
- 네"
44:07,"I think that the times by the names
are a guard rota, so...","이름 옆에 적힌 시간은
보초 순번인 것 같아요"
44:10,"if they were guarding the perimeter,
we should.","그들이 보초를 섰다면
우리도 하는 게 좋을 거예요"
44:12,"-[Anya] Copy that.
-[Cassie] Yep.","- 동의해요
- 그래요"
44:27,This might be able to tell us something.,"이걸 보면 뭔가
알 수 있을 것 같네요"
44:33,"""For those that follow.""",'다음 팀 보세요'
44:36,I believe that means us.,우리 얘기네요
44:48,Memory card.,메모리 카드예요
44:52,I should be able to play this.,여기서 볼 수 있을 거예요
45:01,[Josie] It's working.,작동되네요
45:07,[Kane] All right?,됐어?
45:13,"-Okay?
-Okay.","- 됐지?
- 됐어"
45:15,Okay.,됐어
45:26,[Kane] Okay. Okay. Okay. Okay.,그래
45:29,"-[man] Okay. Okay.
-[Kane] Yeah?","- 그래
- 응 알았어"
45:30,[man's voice quavers] Okay.,응
45:45,Shit.,맙소사
45:47,What is he doing?,뭐 하는 거죠?
45:57,"[man] Stop. Stop. Stop, stop, stop.",그만해요
46:01,[Kane] Hold him. Hold him down.,"잡아, 잡으라고"
46:06,There. There.,나왔다
46:24,"Okay, so we know what happened
to the last group. They went insane.","지난번 사람들은 미쳐 버린 거로
판명 났네요"
46:29,"-Was something alive inside that man.
-No.","그 남자 안에
뭔가 살아 움직였어요"
46:31,"-That was a trick of the light.
-[Cassie] What?","- 아니, 불빛에 잘못 비친 거예요
- 뭐라고요?"
46:33,"[Anya] I've been a paramedic for 10 years.
I've scraped people off the road.","응급 구조사만 10년 했어요 길바닥에서 사람 여럿
구조해 봤다고요"
46:36,"You see some weird shit.
That was a trick of the light.","이상한 거 많이 봐서 알아요
불빛에 잘못 반사된 거예요"
46:39,"-[Josie] His insides were moving.
-[Anya] No, it was shock.","- 안에 있는 게 움직였다고요
- 그저 쇼크 증상이에요, 라덱"
46:42,"-That was a shock response.
-[Cassie] Watch it again.","- 쇼크 현상이라고요
- 다시 봐요"
46:44,"[Anya] No, I'm not gonna watch it again!","아니, 절대 다시 안 봐요!"
46:46,"[Cassie] That was not intestines.
It was a worm--","창자가 아니었어요 - 무슨 벌레 같은...
- 그럼 혼자 보든가요, 셰퍼드!"
46:48,"[Anya] Okay, then you watch it, Sheppard!","- 무슨 벌레 같은...
- 그럼 혼자 보든가요, 셰퍼드!"
46:54,[Cassie] Where are you going?,어디 가요?
47:09,"-Where'd she go?
-Just ahead.","- 어디로 갔죠?
- 앞으로요"
48:08,What is it?,뭐죠?
48:10,I don't know.,몰라요
48:29,"-I don't want to stay here tonight.
-We don't have a choice.","- 오늘 여기 있고 싶지 않아요
- 선택의 여지가 없어요"
48:34,"-[Josie] Please.
-Come on.","- 제발요
- 어서 와요"
48:36,"It's too late in the day
for us to move on.","움직이기에는
오늘 시간이 너무 늦었어요"
48:39,"[Anya] Come on, let's go outside.","어서요, 나가요"
49:22,"Oh, that's nice of you.",고마워
49:27,Why aren't you here?,왜 옆에 있지 않고?
49:31,I gotta leave a day early.,하루 일찍 떠나야 해
49:33,What?,뭐라고?
49:36,"Wait, today?","잠깐, 오늘?"
49:39,"-Right now.
-Oh, shit.","- 지금 당장
- 뭐라고?"
49:41,But we had a whole day planned.,오늘 일정은 어쩌고?
49:43,"-We were gonna drive to the country--
-No, we can't.","- 외곽으로 드라이브 가기로...
- 안 돼"
49:46,"-We can't.
-Can you at least...?","- 못 해
- 그럼 그냥...?"
49:53,Now means right now.,지금 바로 가야 하는구나
49:58,Yeah.,응
50:03,What is it?,왜 그래?
50:11,I do...,나 진짜
50:16,love you...,당신 사랑해
50:18,Lena.,리나
50:22,"I love you, too.",나도 사랑해
51:20,"[Cassie, whispering] Hey.",리나
51:23,The mystery unraveling?,미스터리가 풀리고 있어요?
51:26,[whispering] Something's unraveling.,무언가는 풀리고 있어요
51:29,I think you're doing okay.,잘하고 있어요
51:33,It's good Josie's getting some rest.,조시는 자는 것 같네요
51:35,Yeah.,그러게요
51:36,With the help of a little sedative.,안정제 덕분에
51:38,How about you? Get some sleep?,어때요? 좀 잤어요?
51:41,Some.,조금요
51:43,I'm at least as freaked as Josie.,저도 조시만큼 놀랐어요
51:47,I'm just hiding it better.,그냥 잘 숨기고 있는 것뿐이죠
51:52,I should check on Ventress.,벤트레스 보고 올게요
51:55,Yep.,그래요
52:28,"What're you doing up?
Not supposed to relieve me until 3:00.","왜 일어났어요?
교대는 3시인데"
52:31,I'm done sleeping for the night.,잘 만큼 잤어요
52:33,Okay.,알았어요
52:36,Come look at this.,이것 좀 봐요
52:41,"Okay, this is where we are...",여기가 지금 있는 곳
52:44,and that's the lighthouse.,여기가 등대예요
52:46,Southwest is Ville Perdu.,서남쪽에 빌페르두가 있죠
52:48,"It's a small community we evacuated
two years ago.","2년 전에 대피시킨
작은 마을이에요"
52:51,"I think we should head there tomorrow,",내일 그쪽으로 가볼까 해요
52:54,"and then head out for the coast
the following morning.","그다음 날 아침
해안가로 가려고요"
53:01,Good.,좋아요
53:07,You okay?,괜찮아요?
53:14,"I was gonna say, when...",그때
53:16,"you didn't tell the team
about your connection to Kane,","케인과의 관계를
밝히지 않겠다고 했을 때"
53:19,I wasn't sure if that was a good idea.,"과연 좋은 생각인지
의문이었거든요"
53:23,But after seeing that footage...,그런데 오늘 영상을 보고 나니
53:29,yeah.,네
53:30,"I'm not sure how they would have reacted
to you.","만약 알았다면 다들 어떤 반응을
보였을지 모르겠더라고요"
53:36,"Why did my husband volunteer
for a suicide mission?","제 남편이 자살 임무에
지원한 이유가 뭔가요?"
53:39,Is that what you think we're doing?,그렇게 생각해요?
53:41,"-Committing suicide?
-You must have profiled him,","- 자살 행위라고?
- 그 사람 프로파일링도 하고"
53:43,you must have assessed him.,직접 심사하셨을 텐데
53:46,He must have said something.,뭐라고 하던가요?
53:49,So you're asking me as a psychologist.,"심리학자로서의 의견을
물어보는 거죠?"
53:53,Yeah.,네
53:55,"Then, as a psychologist...",심리학자로서 답하자면
53:58,"I'd say you're confusing suicide
with self-destruction.","당신은 자살과 자멸을
혼동하고 있는 것 같네요"
54:04,Almost none of us commit suicide...,"대부분의 사람은
자살을 하지 않아요"
54:07,and almost all of us self-destruct.,자멸을 선택하죠
54:10,"In some way, in some part of our lives.","어떤 방식으로든 삶의 일부분을
파괴시켜요"
54:14,"We drink, or we smoke.","술을 마시기도 하고
담배도 피우죠"
54:17,We destabilize the good job.,멀쩡한 일을 망치기도 하고
54:21,Or the happy marriage.,"행복한 결혼 생활을
파탄내기도 하죠"
54:28,"These aren't decisions, they're...",선택이 아니라
54:31,They're impulses.,충동이에요
54:32,"In fact, you're probably better equipped
to explain this than I am.","본인이 더 잘 알지 않나요? - 나보다는
- 무슨 말씀이시죠?"
54:38,"-What does that mean?
-[scoffs]","- 나보다는
- 무슨 말씀이시죠?"
54:39,You're a biologist.,생물학자잖아요
54:42,Isn't self-destruction coded into us?,"인간에게 자멸은
타고난 것 아닌가요?"
54:45,Programmed into each cell?,"세포에 이미
프로그래밍 되어 있는?"
54:49,What was that?,뭐죠?
54:50,"-[chambers round]
-Don't know.",몰라요
55:04,"Josie, wake up.","조시, 일어나요"
55:05,"Wake up, Josie, come on.
Wake up. Something's happening.","일어나요, 조시
밖에 뭔가 있어요"
55:08,"-Do you see anything?
-No.","- 뭐가 보여요?
- 아니요"
55:10,[Cassie] What happened? I heard a noise.,"- 뭐예요?
- 소리가 들렸어요"
55:13,"-[Lena] Oh.
-[Cassie] What?",뭐죠?
55:17,Something's come through the fence.,뭔가 철조망을 뚫고 나왔어요
55:20,"-Through the fence?
-It's ripped open like a fucking zipper.","- 철조망을 뚫고요?
- 지퍼 열리듯 뚫렸어요"
55:28,"[Ventress] Can't see. -Yeah, neither can I.
-[rustling]","- 아무것도 안 보여요
- 나도 안 보여요"
55:33,Sheppard!,"- 셰퍼드!
- 맙소사!"
55:34,"-[Cassie screaming]
-[Lena] Sheppard!",셰퍼드!
55:35,"-Fuck!
-What's going on?","젠장! - 뭐예요?
- 무슨 일이죠?"
55:37,"Sheppard was next to me.
Something took her.","셰퍼드가 옆에 있었는데
뭔가 와서 데려갔어요"
55:40,"-[Cassie continues screaming]
-Oh, fuck! Oh, fuck! Sheppard!","어떡해, 젠장! - 셰퍼드!
- 젠장!"
55:44,"[Anya] Oh, shit!","- 셰퍼드!
- 젠장!"
55:52,[Anya] Shepp...,어떡해!
55:56,Sheppard!,셰퍼드!
56:02,Sheppard!,셰퍼드!
56:33,We have to go back.,돌아가야 해요
56:34,"-We have to go back now.
-[Anya] She's right.","- 지금 당장 돌아가요
- 맞아요"
56:37,[Ventress] Right? In what sense?,맞다고요? 어떤 의미로 말이죠?
56:39,[Anya] We've been attacked twice.,두 번이나 공격당했어요
56:40,"-[sighs]
-[Anya] We lost one of our own.",사람을 잃었다고요
56:42,"We have evidence the previous team
went nuts and chopped each other up.","지난번 팀은 결국 미쳐서
서로 난도질했던 증거도 있고요"
56:46,"I really don't know how much more right
she has to be.",더 설명이 필요한가요?
56:48,We haven't reached the lighthouse.,아직 등대에 도달하지 못했어요
56:50,"We still don't understand the cause
or the nature of the Shimmer.",아직도 쉬머의 근원을 알지 못해요
56:53,"We have data, observations, photographs.
She has hella footage.","데이터, 관찰지, 사진이 있고
동영상도 엄청 찍었어요"
56:55,"All of which makes the phenomenon
less explicable, not more.","그래서 더 복잡해졌지
명백해진 것은 없어요"
57:01,"I'm gonna get to the lighthouse,",난 등대까지 갈 거예요
57:03,and I'm fine going on my own.,혼자라도 갈 테니 알아서 해요
57:05,"You just need to decide...
whether you're coming with me or not.",같이 올 건지 말 건지 결정해요
57:22,"It's like she hasn't noticed
that Sheppard is dead.","셰퍼드가 죽은 건
보이지도 않나 봐요"
57:24,She's crazy.,미쳤어요
57:25,She's a crazy old bitch.,미친 할망구 같으니
57:28,"You know,
and thanks for the fucking backup, Lena.","도와줘서 참 고맙네요, 리나"
57:32,"-I didn't realize there were sides.
-[Anya] Yeah.","- 편 가르는 건가요?
- 네"
57:35,"Yeah, there are sides.",편 가르는 거 맞아요
57:37,"Okay, then I agree with you.
We should go back.","그러면 나도 찬성이에요
돌아가요"
57:41,"Good. Okay, great. There we go. Okay?","좋아요, 됐네요
그렇죠?"
57:43,"-So the three of us can--
-[Lena] Hold on a minute.","- 우리 셋이서...
- 잠깐만요"
57:45,"We should go back, yes.","돌아가야죠, 맞아요"
57:47,"But it took us, what,
six days to get here?","그런데 여기까지 며칠 걸렸죠?
6일인가요?"
57:49,And the coast is two days away.,해안까지는 고작 이틀 남았어요
57:52,And as Sheppard said...,셰퍼드도 그렇게 말했죠
57:56,"when we get to the coast,
we can follow it until the perimeter wall.",해안가에 다다르면 따라가기만 하면 된다고
58:00,"You're saying we get out
by going deeper?","나가려면 더 깊숙이
들어가자는 얘기인가요?"
58:02,"-Yeah, if you like, yeah.
-""Like""?","- 네, 원한다면 그래야죠
- 원한다고요?"
58:05,"No, I don't fucking ""like.""",그딴 거 원한 적 없어요
58:12,"This isn't some bullshit tactic
to get us to the lighthouse, is it?","우리를 등대로 끌고 가려는
수작 아니죠?"
58:14,"This is not about the lighthouse, okay?",등대와는 아무 상관없어요
58:17,"I believe that the coast
is the best route out.","나가려면 해안가가 최선이라고
생각하는 것뿐이죠"
58:24,Okay?,알았죠?
58:39,You lied to them.,거짓말을 했군요
58:43,I didn't know what going back meant.,"돌아간다는 것이
뭘 의미하는지 몰랐어요"
58:46,Why it would be safer than going forward.,"전진하는 것보다 안전하다고
확신할 수 없었죠"
58:50,"[man] You didn't know, but you made
a decision to continue as if you did.","잘 모르면서 아는 것처럼
결정하고 행동했네요"
58:53,Ventress made the decision.,결정은 벤트레스가 했어요
58:55,"[man] Ventress had cancer.
She was never coming back.","벤트레스는 암 환자였어요
돌아올 생각이 없었죠"
58:59,You knew she was sick.,아픈 거 알았잖아요
59:01,I had guessed.,짐작은 했어요
59:06,And you wanted to continue.,그럼에도 당신은 전진하길 원했죠
59:09,Yes.,네
59:12,I did.,그랬어요
1:00:00,She could still be alive.,아직 살아있을 수도 있어요
1:00:01,It's highly doubtful.,그러긴 어려울 거예요
1:00:05,We need to know.,그래도 확인해 봐야죠
1:00:09,Go.,가 봐요
1:00:11,Fine.,알았어요
1:00:14,I'm coming with you.,같이 갈게요
1:00:17,I'll go alone.,혼자 갈게요
1:02:47,[Josie] Did you find her?,찾았어요?
1:02:49,Yeah.,네
1:02:51,She's dead.,죽었어요
1:03:17,You okay?,괜찮아요?
1:03:19,Fine. Just... leave me the fuck alone.,괜찮으니 혼자 내버려 둬요
1:03:49,[Ventress] We'll camp here tonight.,오늘은 여기서 자죠
1:03:51,It's another two hours' walk up the coast.,"해안까지 2시간은
더 걸어야 해요"
1:04:32,They've grown this way.,처음부터 이렇게 자랐어요
1:04:34,That doesn't make any sense.,말도 안 돼요
1:04:37,I think it does.,말 돼요
1:04:47,"At first I thought the radio waves
were blocked by the Shimmer,","처음에는 쉬머에서 라디오파를
차단하는 줄 알았어요"
1:04:51,"and that's why no one inside
could communicate with base or GPS,","그래서 안에서 바깥 기지나
위성으로 연락할 수 없다고요"
1:04:55,"but the light waves aren't blocked,
they're refracted, and...","그런데 광파는 차단되는 게 아니라
굴절되고 있어요"
1:05:05,...it's the same with the radios.,라디오파도 마찬가지예요
1:05:07,The signals aren't gone.,신호가 사라진 것이 아니에요
1:05:10,They're scrambled.,변환된 거예요
1:05:17,That leaf in your hand...,손에 쥔 이파리요
1:05:20,know what you'd get if you sequenced it?,"그거 염기서열 분석하면
뭐가 되는지 알아요?"
1:05:23,"-What?
-Human Hox genes.","- 뭐요?
- 인간 HOX 유전자요"
1:05:25,Hox? What is-- What's Hox mean?,그게 뭐죠?
1:05:27,"They're the genes that define
the body plan, the physical structure.","체제, 그러니까 물리적 조직을
정의하는 유전자예요"
1:05:34,And the plants have human body plan.,"식물이 인간의 체제를
갖추고 있어요"
1:05:36,Arms attached to shoulders. Legs to hips.,팔은 어깨에 붙어 있고 다리는 골반에
1:05:40,It's literally not possible.,말이 안 되는 일이에요
1:05:42,It's literally what's happening.,그런 일이 벌어지고 있는 거죠
1:05:46,"The Shimmer is a prism,
but it refracts everything.","쉬머는 프리즘 역할을 하고
모든 것을 굴절시키고 있어요"
1:05:51,Not just light and radio waves.,빛과 라디오파뿐만 아니라
1:05:54,"Animal DNA, plant DNA...","동물 DNA, 식물 DNA"
1:05:58,all DNA.,모든 DNA까지 말이죠
1:06:00,"What do you mean, ""all DNA""?",모든 DNA라뇨?
1:06:02,She's talking about our DNA.,우리의 DNA를 말하고 있는 거죠
1:06:07,She's talking about us.,우리 얘기라고요
1:07:15,All right... I guess this is a bedroom.,여기가 침실인가 보네요
1:07:19,Let's secure doors and windows.,문과 창문 먼저 확보하죠
1:08:47,This was a mistake.,이건 실수였어요
1:08:51,Okay.,알았어요
1:08:58,"You spend more time
away from your husband than with him.","남편과 함께 보내는 시간보다
떨어져 있는 시간이 많아요"
1:09:03,"You can't talk to him about work,
and he won't talk to you about his.","일에 대한 얘기도 못 하고
그 사람도 일 얘기를 안 하죠"
1:09:06,"And there is a clear physical
and intellectual connection between us.","우리는 육체적으로
지적으로 통하는 게 있어요"
1:09:11,"-Have I covered the bases?
-You forgot your wife.","빠트린 것 있나요? - 당신 아내요
- 아내를 사랑해요"
1:09:13,I love my wife.,"- 당신 아내요
- 아내를 사랑해요"
1:09:17,She's blameless in this.,그 사람은 잘못 없어요
1:09:27,"Come on, Lena.",리나
1:09:29,What's really going on here?,뭐가 문제죠?
1:09:33,"You think that something
may have happened to him?","그 사람한테 무슨 일이라도
생겼다고 생각하는 거예요?"
1:09:41,Or you think he knows.,아니면 눈치챘다고 생각하나요?
1:09:45,"That's it, isn't it?","그거군요, 그렇죠?"
1:09:47,"You think somehow he's found out
about our affair.","우리 사이를
알아챘다고 생각하는군요"
1:09:52,Has he found out?,정말 그런가요?
1:09:54,[Lena] Yes.,네
1:09:59,You should go.,가세요
1:10:02,"-No, Lena, I--
-Dan...","- 아니, 리나
- 댄"
1:10:04,"I'm not interested in talking...
or in anything you have to say.","얘기하고 싶지 않고
당신 말에 관심 없어요"
1:10:10,Just get dressed and get out.,옷 입고 나가요
1:10:14,"You know, it's not me you hate,
it's yourself.","당신이 증오하는 건 내가 아니라
당신 자신이에요"
1:10:20,"No, Dan, it's you, too.","아니, 당신도 싫어요"
1:10:26,It's never gonna happen again.,다신 이런 일 없을 거예요
1:10:34,You lying bitch!,거짓말쟁이!
1:10:36,"-What's going on?
-No.","- 무슨 일이죠?
- 아니"
1:10:39,"You don't get to ask
that fucking question. You answer it!","넌 질문 끝이야
이제 대답만 하라고!"
1:11:11,Brother.,형제?
1:11:15,Boyfriend.,남자친구?
1:11:17,Husband.,남편?
1:11:22,Husband.,남편이구나
1:11:26,"-[Anya] Why didn't you tell us?
-[speaks indistinctly]",왜 말 안 했지?
1:11:30,"-You knew. Obviously.
-[panting]",당신은 알고 있었어 그랬겠지
1:11:37,"-Did you know?
-[breath quavering]",당신도 알았어?
1:11:42,"-[Josie sobs]
-Okay.",그래
1:11:49,"There are two theories
of what went wrong.","쉬머에서 잘못되는 이유에
두 가지 이론이 있었지"
1:11:51,One is that something in here killed them.,"첫째는 여기 있는
무언가가 다 죽였거나"
1:11:53,"Two... is that they went crazy
and they killed each other.",둘째는 다들 미쳐서 서로 죽였거나
1:11:58,"Josie nearly got killed by an alligator,",조시는 악어에 죽을 뻔하고
1:12:00,"and Cass did get killed by a bear.
[voice breaks]",캐시는 곰에 물려 죽고
1:12:06,"So, yes, theory one, it fits.","그러니까 첫 번째 이론이
맞긴 하네"
1:12:11,But...,그런데
1:12:15,I didn't actually see a bear.,난 실제 곰을 보지는 못했거든
1:12:18,And neither did Josie.,조시도 못 봤대
1:12:20,"[Anya] The only people who saw
were Lena and Ventress.","곰을 본 사람은
리나와 벤트레스 둘뿐인데"
1:12:23,"So nothing's confirmed.
Everything's on their word.","확증이 없어 둘 말을 믿어야 하는데
리나 말을 믿어야 하는데"
1:12:26,"-Everything's on Lena's word.
-[speaks indistinctly]","둘 말을 믿어야 하는데
리나 말을 믿어야 하는데"
1:12:31,And what we know now...,지금 확실한 건
1:12:34,"what we know,",확실한 건
1:12:37,is that Lena... is a liar.,리나는 거짓말쟁이라는 거지
1:12:40,"-[speaks indistinctly]
-Shut the fuck up!",입 닥쳐!
1:12:44,Lena... you're a liar.,리나 당신은 거짓말쟁이야
1:12:51,Did you kill Cass?,캐시 당신이 죽였어?
1:12:54,Did you lose your shit?,미쳐버린 거야?
1:12:59,"Or do you think I've lost my shit
and we're gonna fuck each other up?","아니면 내가 미쳐서 다들
죽여버릴 거라고 생각하는 건가?"
1:13:02,That's theory two.,그게 두 번째 이론이지
1:13:09,"Oh, God.",맙소사
1:13:15,When I look at my hands...,내 손을 보면
1:13:18,and my fingerprints...,지문이
1:13:21,I can see them moving.,벌써 움직이는 게 보여
1:13:26,[sobbing] I can't.,안 돼
1:13:30,"If I let you go,",내가 놔주면
1:13:32,"and you tie me to a chair
and cut me open...","날 의자에 묶어서
내 배를 갈랐을 때"
1:13:36,"are my insides gonna move
like my fingerprints?","내 창자도 지문처럼
꿈틀거릴까?"
1:13:47,But... I'm not the one tied to a chair.,"하지만 의자에 묶여 있는 건
내가 아니지"
1:13:55,"-[Ventress gasps]
-You are.",당신이라고
1:14:01,[Cassie] Help me!,도와주세요!
1:14:06,[Cassie] Help me!,도와주세요!
1:14:07,Help me!,도와주세요!
1:14:09,"[panting] Oh, Cass?",캐시?
1:14:14,"-You said she was dead.
-[Lena speaks indistinctly]",죽었다고 했잖아
1:14:16,"-[Anya] Cass! Cass, I'm coming!
-[grunting]",캐시! 지금 갈게요!
1:15:06,[in Cassie's voice] Help me! Help me!,도와주세요!
1:15:12,Help!,도와줘요!
1:15:29,Don't react.,반응하지 말아요
1:15:38,[in Cassie's voice] Me!,도와주세요!
1:16:07,[in Cassie's screaming voice] Help!,도와줘요!
1:16:34,No! No! [screams],안 돼!
1:17:42,What are you doing?,뭐 하는 거죠?
1:17:44,"-I'm leaving.
-[Lena] Now?","- 떠나려고요
- 지금요?"
1:17:48,"-It's not even light yet.
-I don't have time to wait.","- 아직 동트기 전이에요
- 지체할 시간이 없어요"
1:17:51,We are disintegrating.,우린 이미 해체되고 있어요
1:17:53,"Our bodies as fast as our minds.
Can't you feel it?","몸도 정신도
느껴지지 않아요?"
1:17:57,It's like the onset of dementia.,치매 초기 증상 같다고요
1:18:02,If I don't reach the lighthouse soon...,등대에 어서 가지 않으면
1:18:04,"the person that started this journey
won't be the person that ends it.","이 여정을 시작한 사람과
끝내는 사람은 다른 사람이겠죠"
1:18:08,I want to be the one that ends it.,제정신일 때 끝내고 싶어요
1:19:12,"We should go, Josie.","우리도 가야죠, 조시"
1:19:21,How long was your husband in the Shimmer?,남편이 쉬머에 얼마나 계셨죠?
1:19:26,It's hard to say exactly.,정확하게는 몰라요
1:19:31,"Theoretically, as long as a year.","이론적으로 보면
1년까지 있었을 수도 있어요"
1:19:35,"That's a long time to be inside
and remain intact.","꽤 오랜 시간이네요
여기서 온전하게 있기에는"
1:19:39,I'm not so sure he was intact.,온전했는지는 모르겠네요
1:19:45,I'm right...,굴절에 대해 했던 말
1:19:48,"-about the refractions... aren't I?
-Yeah.","- 내 말이 맞죠?
- 맞아요"
1:19:52,I checked my blood last night.,어제 혈액 검사 해봤어요
1:19:57,It's... in me.,이미 내 안에 있어요
1:20:02,It will be in all of us.,우리 모두 마찬가지일 거예요
1:20:11,It was so strange hearing...,너무 이상했어요
1:20:13,"Sheppard's voice in the mouth
of that creature last night.","어제 그 짐승의 입에서
셰퍼드의 목소리를 듣다니"
1:20:18,"I think as she was dying,
part of her mind became...","아마도 죽으면서
그녀의 정신 일부가"
1:20:22,part of the creature that was killing her.,"자신을 죽이던 짐승의
일부가 되었나봐요"
1:20:26,"Imagine dying frightened and in pain,",두려움과 고통 속에 죽어가면서
1:20:29,"and having that as the only part of you
which survives.","남길 거라고는
그 고통과 두려움뿐이라니"
1:20:34,I wouldn't like that at all.,난 싫어요
1:20:56,Ventress wants to face it.,벤트레스는 직면하고 싶어 하고
1:20:59,You want to fight it.,당신은 싸우고 싶어 하지만
1:21:02,"But I don't think I want
either of those things.",난 둘 다 아니에요
1:21:12,Josie.,조시
1:21:21,Josie.,조시
1:21:26,Josie!,조시
1:21:54,"One by one, all gone, except you.","한 명씩 당신만 빼고
다 사라졌네요"
1:22:00,How do you explain that?,어떻게 설명하실 건가요?
1:22:05,Is it something I need to explain?,제가 설명해야 하는 건가요?
1:22:08,"[man] Yes, you do.","네, 그렇습니다"
1:22:16,I had to come back.,전 돌아와야 했거든요
1:22:19,I'm not sure any of them did.,"그들은 돌아올 이유가
있었는지 모르겠네요"
1:22:23,♪ Stand by the stairway ♪,"""등대"""
1:22:26,"♪ You'll see something certain
To tell you ♪","""등대"" ""헨리에타 랙스의
불멸의 삶"""
1:22:36,"-♪ Love isn't lying ♪
-Hey.",자기야
1:22:43,Hey.,자기야
1:27:37,I thought I was a man.,제가 인간인 줄 알았어요
1:27:45,[sighs] I had a life.,예전 삶이 있었죠
1:27:50,People called me Kane.,사람들은 날 케인이라고 불렀어요
1:27:54,And now I'm not so sure.,하지만 이제 잘 모르겠어요
1:28:00,"If I wasn't Kane, what was I?","내가 케인이 아니라면
누구였을까요?"
1:28:08,Was I you?,당신이었나요?
1:28:13,Were you me?,당신이 나였나요?
1:28:26,My flesh moves...,살이 마치
1:28:29,like liquid.,액체처럼 움직여요
1:28:34,My mind is...,정신은
1:28:38,just cut loose.,끊겨 버렸어요
1:28:39,I can't bear it. [breath quavering],더 이상 버틸 수 없어요
1:28:43,I can't bear it.,더 이상은 어려워요
1:28:45,[whispers] I can't bear it.,어려워요
1:28:52,"You ever seen a phosphorus grenade go off?
They're kind of bright.",백린탄 터지는 거 본 적 있어요? 꽤 밝아요
1:28:59,Shield your eyes.,눈 감으세요
1:29:02,"If you ever get out of here,
you find Lena.","여기서 나가게 되면
리나를 찾아요"
1:29:06,[man] I will.,그럴게요
1:29:08,No.,안 돼
1:29:12,"Five, four, three, two...","5, 4 3, 2"
1:29:35,"[whispers] No, no, no. No.",안 돼
1:29:44,No.,안 돼
1:31:10,It's the last phase.,마지막 단계야
1:31:14,Vanished into havoc.,대혼란 속으로 사라져 버리는 거야
1:31:20,Unfathomable mind...,불가해한 정신이여
1:31:27,...and now beacon.,이제 봉화가 되고
1:31:29,Now sea.,바다가 되는 거야
1:31:35,"-[gasps]
-Dr. Ventress?",벤트레스 박사님?
1:31:42,Lena.,리나
1:31:50,We spoke.,우리 얘기했는데
1:31:53,What was it we said?,무슨 얘기를 했더라?
1:32:01,"That I needed to know
what was inside the lighthouse.","등대 안에 있는 것이 뭔지
알아야겠다고 했죠"
1:32:08,That moment's passed.,그 순간은 이미 지났어요
1:32:13,It's inside me now.,내 안에 있거든요
1:32:17,What's... inside you?,뭐가 안에 있죠?
1:32:20,It's not like us.,우리 같지 않아요
1:32:22,It's unlike us.,우리와 달라요
1:32:27,I don't know what it wants.,원하는 게 뭔지 모르겠어요
1:32:30,Or if it wants.,원하고 있는지조차 모르겠어요
1:32:32,But it will grow...,하지만 자랄 거예요
1:32:34,until it encompasses everything.,모든 것을 뒤덮을 때까지
1:32:39,Our bodies and our minds,몸과 마음이
1:32:40,"will be fragmented
into their smallest parts until...","가장 작은 단위로
산산조각 날 거예요 한 조각도 남지 않을 때까지"
1:32:44,not one part remains.,한 조각도 남지 않을 때까지
1:32:51,Annihilation.,전멸
1:44:12,So it was alien.,그러니까 외계인이었군요
1:44:20,Can you describe its form?,형태를 설명해 줄 수 있나요?
1:44:27,No.,아니요
1:44:28,Was it carbon-based or...?,탄소로 이루어졌나요?
1:44:34,I don't know.,몰라요
1:44:38,What did it want?,그것이 원하는 게 뭐죠?
1:44:41,I don't think it wanted anything.,원하는 건 없는 것 같아요
1:44:43,But it... it attacked you.,하지만 당신을 공격했잖아요
1:44:47,It mirrored me.,절 따라한 거죠
1:44:49,I attacked it.,제가 공격했거든요
1:44:52,I'm not sure it even knew I was there.,"제가 거기 있는 걸
알았는지조차 모르겠어요"
1:44:54,It came here for a reason.,이유가 있어서 온 겁니다
1:44:57,"It was mutating our environment,
it was destroying everything.","우리의 환경을 변형시키고
모든 것을 파괴했어요"
1:45:02,It wasn't destroying.,파괴하는 것이 아니라
1:45:06,It was changing everything.,변화시키는 것이었죠
1:45:08,It was making something new.,"새로운 것을
만들어 내고 있었거든요"
1:45:14,Making what?,그게 뭐죠?
1:45:23,I don't know.,몰라요
1:45:28,"A team reached the lighthouse
a few hours ago.","우리 팀이 몇 시간 전
등대에 도착했어요"
1:45:32,Everything is ash.,모두 잿더미라더군요
1:45:34,If what you encountered was once alive...,"만약 당신이 접한 그것이
살아있었다면"
1:45:38,it seems it's now dead.,지금은 죽었을 거예요
1:46:02,"Now will you tell me what happened
to my husband?","이제 제 남편이 어떻게 됐는지
알려주실 건가요?"
1:46:06,"[man] When the Shimmer disappeared,",쉬머가 사라지자
1:46:08,"his blood pressure stabilized
and his pulse rate started to rise.","혈압이 안정되고
맥박 수가 오르기 시작했어요"
1:46:13,"A few hours later, he was not only awake,",몇 시간 후 깨어났고
1:46:16,he was lucid.,의식도 회복했어요
1:46:18,"He's still in isolation, obviously.","물론 아직
격리 조치 중이긴 합니다"
1:46:22,[Lena] So am I.,그건 저도 마찬가지죠
1:47:07,You aren't Kane...,케인이 아니군요
1:47:10,are you?,아니죠?
1:47:18,I don't think so.,아닌 것 같아요
1:47:27,Are you Lena?,당신이 리나인가요?
