﻿Time,Subtitle
2:27,"-How're my Reds looking this year, Joe?
-Sucking hind teat."
2:31,Yankees re-signed Ruth.
2:33,"35,000 dollars, you believe that?"
2:35,"A man can work ten lifetimes
and not earn that kind of dough."
2:38,"-I could grow old on that.
-Amen."
3:16,Hamilton!
3:17,Where you been? Get your ass over here!
3:22,"-Crowson, Hamilton's out of group again.
-I'll take him back. Ray, come on!"
3:28,Drop your rifle.
3:30,Drop it.
3:36,Joe...
4:18,Wait!
4:25,Wait!
4:27,They've escaped!
4:28,"-We have three in the clearing!
-Come on!"
4:32,Wait!
4:46,"-Care to comment on the escape, Governor?
-Morning, boys."
4:48,"Ma,
no one's ever broken out of your prison,"
4:51,and Bonnie and Clyde break in?
4:52,They've been on the run for two years.
4:54,"Never say die, boys.
Say damned, never say die."
4:57,"Some folks are saying
that Parker and Barrow are heroes,"
5:00,calling them Robin Hoods.
5:01,"Are they Robin Hoods, Ma?"
5:05,"Did Robin Hood ever shoot
a gas station attendant point-blank"
5:08,"in the head for four dollars
and a tank of gas?"
5:12,"We will capture Clyde Barrow
and his paramour."
5:15,Write that down and underline it twice.
5:18,Governor!
5:22,"-Governor!
-One more question!"
5:40,"If today was a fish,
I'd throw the son of a bitch back."
5:45,"-How did it happen?
-Clyde did a nickel at Eastham."
5:48,He knew the system.
5:49,"Planted guns,
ran it like a military operation."
5:52,Where are we on this?
5:53,"-Hoover and the Feds are proceeding--
-Where are we on this?"
5:56,"-Dallas detectives, highway patrol--
-Ma Ferguson Agents--"
5:59,"Same as we've had for the past six months,
with no end in sight."
6:02,"They busted into your facility, Lee."
6:05,"You're right, they did.
Wounded one of my guards, killed another."
6:09,"Died in my arms,
apologizing for letting me down."
6:15,I'd like a say in how we handle this.
6:17,Fine. Let's hear it.
6:21,"Was a time we put a pair of man-killers
on the trail and let them do their job."
6:26,Texas Rangers.
6:27,"Was a time, and that time's passed."
6:30,"This is 1934, Lee,"
6:33,"and you want to put cowboys
on Bonnie and Clyde?"
6:35,"-Is that what you're selling?
-Frank Hamer."
6:39,That's what I'm selling.
6:42,"Well, sure.
Why don't we just go dig up Wyatt Earp?"
6:44,Wild Bill Hickok.
6:46,"Legislature disbanded the Rangers, Lee."
6:48,"-And you're right proud of it, aren't you?
-Damn right, I am."
6:51,"They took orders from no one,
and they left me to answer for the blood."
6:55,Seems like you're answering for it again.
7:00,"Governor,"
7:01,"Bonnie and Clyde have been
on the road for two years."
7:04,"Cold-blooded killers who are more adored
than movie stars."
7:09,This has to stop.
7:22,Well...
7:25,Where is he?
8:13,"This sure don't look
like no famous gunfighter's house."
8:16,"Well, most gunfighters end up living
in a pine box,"
8:19,but Hamer married well and did just fine
8:22,"in private security
with the oil companies."
8:29,"Doesn't sound like he needs a job, sir."
8:33,"No, Luther, I suppose it doesn't."
8:41,"-What in the good holy hell?
-Porky!"
8:44,No!
8:47,He ain't gonna bite.
8:48,Frank.
8:50,Lee.
8:52,It's quite the watchdog you got there.
8:54,He's a gift.
8:55,"Widow in Alpine.
Too tough to eat. Wouldn't run off."
8:57,"Gladdie hates him,
but he's my friend, not hers."
9:01,Go on. Back in the house.
9:05,Speaking of...
9:07,how's Gault?
9:09,Speaking of what?
9:11,Friends.
9:12,Don't know. No idea where he is.
9:14,Lubbock. Maney's in Lubbock.
9:18,What brings you?
9:20,"You may have heard
there was a prison break. Huntsville?"
9:22,"Well, Ma Ferguson pardons 100 convicts
a month."
9:26,"They could've just signed her a check,
saved themselves a lot of trouble."
9:30,"It was the Barrow Gang done it.
Bonnie and Clyde."
9:34,"Nobody can put a net over 'em.
A thousand men in the field right now."
9:38,He must be good.
9:40,Got the drop on six peace officers so far.
9:42,What can I do for you?
9:46,Put 'em on the spot.
9:49,"Yeah, don't..."
9:51,"Don't mention that idea
inside the governor's mansion,"
9:54,not unless you wanna be laughed at.
9:55,"I did, and they did.
But she'll back me up on this."
9:59,"-She gonna bring back the Rangers?
-No, never."
10:03,"What capacity, then?"
10:05,Special highway assignment.
10:07,Special highway assignment. Highwaymen?
10:13,"What's the pay these days, $150 a month?"
10:16,"A hundred and thirty.
It don't matter what badge you got, Frank."
10:19,"We need you
to put 'em out of business."
10:21,I thought you and Maney.
10:25,He's killed six law?
10:29,You're gonna have to put this man down.
10:31,"The governor says you'll have authority
to do whatever's necessary."
10:34,Those are her words.
10:35,"I'm sorry, Lee, but I made a promise."
10:43,"Well, Lee Simmons, as I live and breathe."
10:45,"We live in the same town, never see you."
10:47,"Hello, Gladys."
10:49,"You look lovely, as always."
10:54,"-What, are you feeding an army?
-Yeah."
10:56,Ladies Auxiliary.
10:59,"Look at my new Henry Ford, Lee.
Eighty-five horses. Ain't she fun?"
11:04,"Yes, ma'am, she certainly is."
11:06,What brings you out?
11:07,"Oh, come by, say hello."
11:10,"Lady Governor's offering me $130 a month,
Gladdie."
11:13,To do what?
11:16,Hunt down Bonnie and Clyde.
11:23,"-I'd best get back to my office.
-You'd best."
11:45,Something you wanna say?
11:47,I'm gonna repaint the kitchen.
11:53,"That's what's on your mind, huh?"
11:55,"Yellow, I think."
13:01,Dear Lord.
13:06,How about your fried egg? Is it too small?
13:09,"-No, it's big enough.
-Well, it's a hen's egg."
13:12,"But if it's too small,"
13:13,"I'll get the rooster here
and squeeze one out of him."
13:17,"We interrupt this broadcast
to bring you a CBS news report."
13:20,Told you it looked like tornado weather.
13:22,"Police in Reed Springs, Missouri,
report a harrowing shoot-out"
13:25,"between gangsters Bonnie and Clyde
and officers of the law."
13:28,"The lawless lovers fired hundreds
of machine-gun rounds"
13:31,at the outnumbered officers.
13:32,No report yet on the number of fatalities.
13:35,"We now return
to your regular scheduled program."
14:16,You boys work for Old Salazar?
14:17,"Yes, sir.
Mend the fence, cut Johnsongrass."
14:23,"-I think I've seen you before.
-Yeah."
14:26,"He sent me out here
to give you boys a break."
14:31,"Come on, fellas."
14:43,"-Which one of you has an arm?
-I do."
14:46,"Take them bottles out,"
14:47,"see if you can't get a couple up high
for me."
14:49,"All right, and just..."
14:51,"How about every one I hit,"
14:53,you get a nickel?
14:58,Let her rip.
15:06,"Yeah, let's do another one."
15:25,"Well, for pity's sake."
15:30,I'm a goddamn old man.
15:44,All right.
15:51,Let her go.
15:55,You got a piece of that.
15:58,"Yes, I did."
16:01,Just a piece.
16:06,Go ahead.
16:07,"Take it, boys."
16:12,It's for keeping your mouth shut.
16:15,"Yes, sir."
16:17,Can you bring me that bag there?
16:20,"Hey, mister."
16:23,Was you really Frank Hamer?
16:28,Yep.
16:30,"You boys best get back to work, okay?
Go on, there."
16:34,The look on his face!
16:39,"Gladys is lovely,"
16:41,but Captain Hamer is such a grump.
16:45,"-Mrs. Hamer, may I help you with anything?
-Keep Leanne from spiking that punch."
16:56,Nice turnout.
16:59,Where's Porky?
17:01,Locked in the spare bedroom.
17:05,"I don't suppose there's any chance
you want to take him with you?"
17:13,"Don't pretend
you didn't just hide this from me."
17:22,"I suppose you're gonna want to take
my new Ford."
17:27,"I could tell you you're too old for this,
or that it's not your affair,"
17:33,"or that you hadn't held a gun
in quite a while."
17:38,"But I know that's all a waste of time,
so I won't."
17:40,"And I appreciate you not telling me
any of that."
17:47,"I'm sorry, Gladdie."
17:51,Don't be.
17:53,I knew what you were when I married you.
18:01,"Oh, I packed sandwiches.
They're in the icebox."
18:09,Thank you.
18:38,Something else.
18:41,"If you're covering miles, keep oil in her."
18:43,"Yes, ma'am."
18:51,"Those two scare me, Frank."
18:59,You tell me.
19:05,I'll come back.
19:40,Too good to come to my office?
19:44,"All the same,
I'd rather keep this low-key."
19:47,Files.
19:49,"Here's your authorization, right there."
19:52,"Your jurisdiction technically ends
at the state line and the border."
19:55,Technically.
19:59,"-Guess this is my badge?
-Yep."
20:02,"You will keep me posted?
Call me from the road?"
20:06,I'll call you when.
20:13,"Where are you headed to first?
Texarkana? El Paso? Dallas?"
20:17,Lubbock?
22:24,"Wake up, Pop-Pop."
22:28,Yeah.
22:30,"Mama says you should get up for breakfast,
even if you don't have a job."
22:36,"Yeah. Yeah, you're right."
22:45,"I've gotta take Dan over to see a man
about some work."
22:48,"Can you make sure Nate gets off to school
on time?"
22:53,"Thinking about adding another bay
down at the garage."
22:57,Pete said to call him in a few weeks.
23:00,"We're okay, Daddy. Really."
23:03,"No, I aim to pull my weight, thank you."
23:07,Coming!
23:32,"Thanks, Pop-Pop."
23:35,"That's a dang good biscuit, right there."
24:08,You fix cars. So you could fix Daddy's?
24:12,I could if he'd ever let me near it.
24:15,"But you used to be famous, right?"
24:21,Who told you that?
24:22,"Timmy Hess.
He said you shot lots of folks."
24:26,"Oh, yeah? What else did Timmy have to say?"
24:29,"Nothing,
just that you might go to hell for it."
24:36,Go on.
25:29,Morning.
25:31,Can I help you?
25:36,"I'd like to have a look
at that Thompson submachine gun."
25:45,"And the Colt Monitor machine rifle,"
25:47,"one up top there
with the custom pistol grip."
25:49,Carter.
25:56,The Colt automatic pistol.
25:59,"And 1917 Smith, right behind it."
26:03,I'm gonna wanna see that BAR .30-06.
26:08,"And the '03 Springfield
with the glass, up top there."
26:12,"That Remington Model 11,
right gun over there."
26:15,You want the 28-inch or the 20-inch?
26:17,"No, sir. I want the short barrel."
26:20,"-Is that the 12?
-Yes, sir."
26:22,"Let me see that older Winchester
you got there, that .30-30."
26:29,I'll take it.
26:40,I'll need one gun that won't jam.
26:42,"Would you be wanting the stick
or drum for the Tommy?"
26:45,"-How many in the stick?
-Twenty rounds."
26:47,I'll take a dozen. And two of them drums.
26:51,"And a handful of half-moon clips
for this Smith if you've got them."
26:54,"Do you have this in black
instead of nickel?"
26:57,Too damn shiny.
26:58,"I believe I do, sir."
27:00,"All right, then, that'll do it."
27:05,"-Which will do it?
-All of 'em."
27:08,"-All of 'em?
-Yes, sir."
27:10,"Along with four cases of 45 lead,"
27:15,same for the .30-06 and say...
27:18,"an even 100, each of the others."
27:20,"What are you going after
that you need all this firepower?"
27:23,"-If you don't mind me asking.
-No, sir. I don't mind at all."
28:07,How'd you know it was me?
28:08,"Between the suit and the car,"
28:11,"I thought you was the bank
till I saw how poorly you drove."
28:18,"All them guns have anything
to do with that..."
28:22,jackass and his girlfriend?
28:25,It as bad as the headlines?
28:29,"-Yeah.
-You came all the way up to the house."
28:32,What changed your mind?
28:35,"I don't know, maybe seeing you move
like you're 85."
28:40,"Well, that's honest."
28:42,Maybe a little too honest.
28:45,"You could've asked me, let me decide.
That would've been the polite thing to do."
28:50,"Well, like you said, I changed my mind.
Besides, what would your..."
28:53,"What would your daughter say
if you ran off?"
28:57,That a weight's been lifted.
29:00,"You know how it goes.
I gotta live the way they do."
29:02,"This case, that means sleeping in the car,
driving thousands of miles a week."
29:06,I don't sleep much anyway.
29:09,"When I do,
I almost always dream about dead Mexicans."
29:14,"-I think I'll look up Ledbetter.
-He's dead."
29:20,"-Or Cuthbert.
-Dead, too."
29:22,"So is Alvarez.
And if you go any further down the roster,"
29:26,I'm gonna be gravely offended.
29:28,"Dammit, Pancho, I'm above ground"
29:31,and ready to go.
29:34,Unless you...
29:36,think I'm useless.
29:40,You in good spirits?
29:44,"Pretty polite way
of asking if I'm drinking."
29:48,"Well, are you?"
29:51,I'm not...
29:54,holding.
29:57,I could help with the driving.
29:59,No.
29:59,Or not.
30:06,"Ah, Judas Priest! Get in."
30:10,But no singing.
30:13,"I raised taxes to pay
for my new law enforcement program."
30:17,"And the last thing
this administration needs"
30:20,is for a couple of has-been vaqueros
30:22,to make that program look anything less
30:25,than stellar during this economic crisis.
30:28,Nod if your ears are working.
30:30,"-We'll get your gangsters.
-You don't, John,"
30:32,"you're gonna be on guard duty
at Eastham Prison Farm."
30:35,"Get Barrow off the damn road
before they do."
30:42,"-There she is!
-Why, here you all are!"
30:44,I'm so glad to see you!
30:46,Get your checkbooks out!
30:48,...to the boss to get my roll
30:50,"He figured me out
Nine dollars in the hole"
30:58,"Mount Ayr, Iowa."
31:00,"Mount Ayr, Iowa."
31:09,"If you're getting tired, I could..."
31:11,dr--
31:14,Just saying.
31:17,"Hey, you think it was them
robbed that armory up there?"
31:24,It's a good chance.
31:25,"Stole a car in Illinois.
Shot their way out of a roadblock."
31:28,"They've been following
these same loops for three years."
31:30,"North to Kansas or Iowa,"
31:32,"east to Illinois or Indiana,"
31:34,south to Arkansas.
31:36,"Then right back to Texas
to start over again."
31:39,We got no jurisdiction north of Red River.
31:42,"Maybe Hoover will take 'em up there.
Carthage."
31:46,Carthage...
31:47,"Carthage, Missouri."
31:49,"Hell, I don't remember a saddle being
as hard on a man's ass as these seats."
32:02,"I never shot a girl before, Pancho."
32:08,"If we can take Clyde long-range, she'll..."
32:11,She'll surrender.
32:15,"We're gonna shoot a man
without fair warning?"
32:17,"Well, Lord knows he does."
32:19,"Yeah, well, Lord knows
that's what separates us from him."
32:27,"Clarksdale, Mississippi."
32:30,"-Where next?
-Where they're headed."
32:34,Home.
33:00,West Dallas Viaduct.
33:07,The Devil's Back Porch.
33:11,And I thought my circumstances were bad.
33:17,Let me see the file.
33:21,Bernal Street.
33:25,"That's her momma's house, there."
33:30,They're real close to one another.
33:35,"Should be the Barrows up on the corner.
Eagle Ford Road."
33:56,"Says here the two families talked
on the telephone once a day"
34:00,till about a week ago.
34:01,And how the hell they know that?
34:05,Federal wiretaps.
34:07,"G-men can hook up to the party lines
and record conversation now."
34:12,No.
34:15,I'll be goddamned.
34:19,Pancho.
34:49,What's this kid up to?
34:56,Pancho!
35:59,"-Gotta grab him quick.
-Whoa there, boy! Where do you belong?"
36:30,Were you... chasing someone?
36:33,Jim Thorpe. Who are you?
36:35,"John Quinn, State Ferguson Agent."
36:38,"This is Kendale,
US Bureau of Investigation."
36:42,"We heard you were
on special assignment, sir."
36:44,Director Hoover sends his regards.
36:45,"He also sends a tip
by way of his contacts down south."
36:52,"-What's going on?
-Ask him."
36:56,You okay?
36:58,I thought you had my back.
37:00,I would have been dead by now.
37:01,"You ran one more block, we'd both be dead."
37:04,Our information tells us
37:05,"that Barrow might be hiding out
in Brownsville."
37:08,"You probably weren't aware,"
37:09,"but this is
a highly-coordinated operation."
37:11,"That said, we're happy
for any help you two might give us."
37:16,"-Down in Brownsville.
-You ever hunt wild horses, Quinn?"
37:21,What?
37:22,God!
37:24,Jeez!
37:25,"They hunt a big range,
but they always come home."
37:29,"We've got a thousand-person dragnet
in full operation."
37:31,"Roadblocks, air surveillance."
37:33,"Don't think the Barrow Gang's
gonna be coming back to the neighborhood"
37:36,any time soon.
37:37,"No, sir. Outlaws and mustangs,"
37:39,they always come home.
37:41,"Maybe you gentlemen should go home,
too."
37:44,This isn't Llano County.
37:45,"Be a shame if either of you got hurt
in retirement."
37:53,It'd be a shame if anybody got hurt.
37:58,"Sir, if I could,"
37:59,"I think what Detective Quinn means is
the Barrow Gang just hit an armory."
38:03,They're armed to kill.
38:08,That's called a double-band system.
38:11,"Didn't have one
in your saddlebags, I imagine."
38:14,It's essential in a dragnet.
38:16,"Without it,
you might as well be in Timbuktu."
38:19,"Or down in Brownsville,"
38:23,following your bullshit tip.
38:35,"-I've felt more welcome.
-Yeah."
38:40,Maybe we ought to make new friends.
38:44,"Smoot Schmid, gentlemen."
38:45,"No need to introduce yourselves,
I know who you are,"
38:47,"but I'd be honored
to shake your hands anyway."
38:50,"-Howdy.
-Bob Alcorn, there. And Deputy Ted Hinton,"
38:53,holding up the Cola machine.
38:56,Have a seat.
38:59,Damn.
39:01,Hamer and Gault.
39:03,"Know how many times
I have told my grandson"
39:05,the Candelaria story?
39:06,"Every night before bed,
that's what he wants to hear."
39:09,And I mean every night.
39:11,And how's he sleep?
39:14,"Sheriff, we're involved
in the Barrow manhunt..."
39:17,in a very private way.
39:18,It's not too private. Word gets around.
39:20,"Yes, it does."
39:21,"We heard that Clyde put a price
on your head."
39:23,I keep my front door unlocked
39:25,"in case that son of a bitch
ever wants to stop by."
39:31,We're gonna take him down.
39:34,But we need your help.
39:36,I would be honored.
39:37,We're looking for confidence
39:39,"in the neighborhood.
Someone who knows the families"
39:43,and willing to talk.
39:46,"Well, how about a boy they grew up with?"
39:48,"That worked with Clyde,
known Bonnie ever since she was a girl."
39:52,"A boy that can give you
a positive identification on 'em"
39:55,from first sighting.
39:57,"Now, he's got the mental range
of a windshield wiper,"
40:01,but he's reliable.
40:04,Where can we find him?
40:05,Holding up the Cola machine.
40:10,Tough place to grow up.
40:11,Clyde was always mischief.
40:13,"You know, me and him
used to play cops and robbers."
40:16,"Let me guess, you was the cop."
40:19,All I ever wanted to be.
40:20,"That or shortstop
for the Cleveland Indians."
40:23,"And Bonnie, you... You know Miss Parker?"
40:27,"She grew up on the backside of the Porch,
near Cement City. No daddy."
40:31,"-Must be one hard lady.
-To the contrary, sir. Little bitty thing."
40:35,"I mean, can't weigh but 90 pounds.
Smartest girl in school."
40:38,"She was in all the plays.
Won the spelling bees."
40:41,"-Yeah.
-Wrote poetry."
40:42,Yeah.
40:43,"I mean, attractive girl.
Taffy-colored hair."
40:46,"Sounds like the shortstop
was maybe a little sweet on her."
40:49,"Any boy she ever waited on
at the Courthouse Café was sweet on her."
40:52,"How'd she fall in
with an outlaw like Barrow?"
40:55,"Bored to tears.
Along come Clyde in a fine car."
40:59,"By the time she found out
the car was stolen, she was in love."
41:01,Ain't that romantic.
41:03,"I met my wife,
she was milking a prize Devon"
41:05,at the Oklahoma State Fair.
41:08,I can't imagine anybody writing a ballad
41:10,about that encounter.
41:15,"You know, the files say
they ran two of your roadblocks."
41:19,"Well, they ran roadblocks
in Oklahoma, too."
41:22,"Kansas, New Mexico."
41:25,Also said you had a clear shot at 'em.
41:30,They say Clyde is some sort of Fu Manchu.
41:33,"You know, can't be touched."
41:35,"Time Magazine called him superhuman.
Y'all see that?"
41:38,"Maybe you weren't able to pull on her,
Ted."
41:41,Sir?
41:43,"Couldn't pull the trigger on a nice girl
who used to serve you pecan pie"
41:47,at the Courthouse Café.
41:50,You're not able to do it.
41:53,"Well, I won't have to.
I'm stationed right here in West Dallas."
41:56,"It'll be a cold day in hell
before they show their faces"
41:58,"-on the Back Porch.
-Well, they're on their way, Ted."
42:01,"According to the wiretaps,
Mrs. Parker's cooking red beans"
42:04,and cabbage Easter Sunday.
42:06,"Sir, I don't understand."
42:08,"Ted, you don't know what wiretaps are?"
42:11,I know what wiretaps are!
42:13,"I don't understand what red beans
and cabbage have to do with it."
42:16,Whenever Bonnie's momma says
42:17,"that she has red beans
and cabbage on the stove,"
42:19,"those dates, they match up"
42:20,"to sightings or shoot-outs
in the general Dallas area."
42:23,"Red beans and cabbage, that's code.
Means the kids are coming home."
42:30,Do I ride with you boys?
42:31,"No, sir. We'll meet you in two days,
Easter Sunday."
42:34,"Meet us first thing in the morning,
a block from Eagle Ford Road."
42:37,"I'll need you to make the ID
on Barrow and Parker."
42:40,I'm your man.
42:44,They're afraid to shoot the girl.
42:46,"Gives Clyde the second he needs
to get the drop,"
42:49,and toothpick there knows it.
42:56,"""You've read the story of Jesse James
and how he lived and died."
43:00,"Still in the need of something to read?
Here's the story of Bonnie and Clyde."""
43:05,"Man, used to be,
you had to have talent to get published."
43:09,"Now, you just have to shoot people."
43:21,What is this place?
43:27,"They were sighted
a month or two ago camping..."
43:30,Camping somewhere out here.
43:36,Somebody's a damn good eye.
43:40,"Well, that
or they just walked right up to it."
43:53,Look at that.
43:55,"-Every shot right through the same hole.
-When's the last time you fired that?"
43:59,You know what we're up against?
44:01,Any idea?
44:03,"Ain't nothing we ain't seen before,
Pancho."
44:05,"There was a shoot-out in Joplin.
Over a thousand rounds were fired."
44:15,What the hell is that?
44:17,It's a Colt Monitor machine rifle.
44:20,"Fires a twenty-round volley
at 3,000 feet per second."
44:23,"Our boy, Clyde,
he prefers a Browning Automatic .30 cal."
44:27,"Pretty much the same gun,
except now the little shit uses a..."
44:31,welded over-and-under clip
44:33,that can fire 40.
44:36,"-Well, he ain't met Old Lucky.
-Shit, I ain't that lucky."
44:55,"Hey, got one of them for me?"
45:39,You folks all right?
46:14,Happy Easter.
46:15,I gotta pee.
46:18,"Yeah, might be something left
after the 40 times you were up all night."
46:21,"Yeah, well, there's a place in heaven
for Gladys, the way you saw wood."
46:25,When did you start that?
46:26,Hurry up.
46:48,Why don't you go inside and wait there?
47:09,"Barrow and Parker stayed put.
No one's really seen Clyde around."
47:12,"Don't be surprised, Ted."
47:14,You wouldn't think Clyde would've noticed
47:15,"a little metal man leading a circus
through his old neighborhood?"
47:21,"I hear there's red beans and cabbage
over at the Parker house"
47:25,"if you're hungry, Captain Hamer."
47:27,"Maybe they rode in on their mustangs
and then rode back out again."
47:30,Shots fired over near Grapevine.
47:32,Officers down.
47:41,I didn't say anything.
47:47,"Get in the car, Ted."
47:54,"How's the view from up there, Mr. Hoover?"
47:57,You high-flying sissy.
48:02,The car was parked there all morning.
48:05,The two officers pulled up...
48:24,"-Hold on.
-You explain it to him, Ted."
48:37,"-What do you make of that?
-Kid didn't get 'em into the gun."
48:52,"Get that to the field office
for fingerprint analysis."
48:55,"Careful where you step, cowboy.
It's an active crime scene."
48:58,Kiss my ass.
49:02,"You were right.
Came back. Came right back to Dallas."
49:08,Lettuce.
49:37,Check the goddamn fence line.
49:42,"-What the hell are you doing?
-You still got two."
49:54,"Third gun, we think it's either Joe Palmer
or Ray Hamilton."
49:58,"We'll run ballistics,
and maybe we'll know something."
50:01,"No, tracks are too big
and deep for Palmer."
50:03,These are driver's side.
50:12,"It may have to be Raymond
who shot that BAR."
50:15,"Yeah, heavy. I reckon Clyde used
a ten-gauge scattergun."
50:19,Little girl used a sawed-off 20.
50:27,You see that?
50:32,She drags her left leg.
50:34,She gimp?
50:36,"Well, Clyde missed a detour
a month or so back."
50:39,Got her leg burned up in the wreck.
50:44,Why does Bonnie have a pet rabbit?
50:47,Maybe a present... for Bonnie's momma.
50:50,"Or Billie Mace.
You know, she's generous like that."
50:52,"Yeah, she can light up a rainy day,
can't she, Ted?"
50:54,"Little bitty of a thing,
ain't but 90 pounds,"
50:56,"but she could shoot a patrolman
in the face, point-blank, while he's down."
51:00,"-You can tell from her tracks?
-See that heel scrape?"
51:04,He was on his side.
51:05,"She used her foot to push him over
so he could see what was about to happen."
51:08,"Those kids you grew up with
aren't human anymore. Look at me!"
51:15,Remember that at the next roadblock.
51:20,"You okay, son?"
51:22,Yeah.
51:24,We'll be in touch.
52:03,Red River.
52:08,It's the state line.
52:15,Oklahoma.
52:21,"-Just thought I'd point that out.
-Thank you."
52:25,It's open range now.
52:29,"Well, where the hell are they?"
52:32,I'm not sure.
52:33,Why not?
52:35,They work for you.
52:36,"They were in Dallas three days ago.
That's as much as I know."
52:39,"You promised to keep Hamer
on a short leash, didn't you?"
52:45,"If they make a fool of me,
there's going to be hell to pay."
52:49,"Do we understand each other,
Marshall Lee Simmons?"
52:51,"Yes, ma'am."
52:53,Good.
53:01,"-Never seen 'em.
-Never seen 'em?"
53:13,"Well,"
53:15,"there hasn't been
another filling station for..."
53:18,"160 miles, you know."
53:23,"You never saw a blue sedan
with black tires?"
53:25,Nope.
53:26,"Two men and a woman,
headed northbound?"
53:30,"If it's Bonnie and Clyde you looking for,
I didn't see 'em."
53:34,"And if I did, all the luck to 'em."
53:39,They're only taking from the banks
53:40,"who are taking from the poor folk,
like me."
53:58,Well?
54:11,"Oh, Lord."
54:13,"Now what? I done told you all
I'm gonna tell you about Bonnie and Clyde."
54:21,"There's a peace officer,"
54:22,"he died in a puddle of himself
back in Dallas."
54:33,"He was trying to get the shells
out of his pockets..."
54:36,"when his head was blown off,
Easter Sunday morning."
54:41,"His family will be
on the breadline next week."
54:44,All luck to 'em?
54:47,All luck to 'em?
54:51,Pancho!
54:52,"-Is that really all you got to say, son?
-Pancho!"
55:06,They come through here yesterday.
55:08,"Asked me
where the nearest migrant camp was."
55:11,Showed 'em on the state map.
55:17,"Black tires, blue sedan."
55:21,"The woman was carrying
a white bunny rabbit."
55:29,"Gas prices these days
got everybody a little riled."
56:11,"-What?
-Well, you're the more sociable type."
56:14,Meaning I'm the more full of shit.
56:21,You boys hiring?
56:22,I was gonna ask you the same.
56:25,My partner and I...
56:26,"been on the road a long while.
Business went under in Fort Worth."
56:29,"-Foreclosed. Damn banks.
-It says so in the Bible."
56:33,The banks is the Devil.
56:35,"Say, my daughter"
56:36,"and her boyfriend been moving
camp to camp, looking for work."
56:40,Would've come through in a new Ford sedan.
56:43,"Wouldn't have happened to see them,
would you?"
56:45,Two boys and a red-haired girl.
56:48,"-Tiny thing.
-They didn't come through here."
56:56,Trade for some pump water?
56:58,"Much obliged, mister. Good luck to you."
57:05,They like me.
57:15,"Well, those are some first-rate mud pies,
right there."
57:30,I had a little girl like you.
57:32,She's all grown up now.
57:35,Got a baby of her own. A boy.
57:53,Hey.
57:56,Can I ask you something?
58:00,"Have you seen these two come around here,"
58:02,dressed up real nice?
58:06,"These are bad folks.
They hurt other people."
58:10,"And if we don't find 'em,
they're gonna hurt more people."
58:16,Have you seen 'em here?
58:25,Okay.
58:39,Masterful.
58:41,"Well, why don't you get out
and beat the hell out of everybody?"
58:46,The lady gave it to me.
59:29,Still warm?
59:34,"Butts over here, spread out."
59:44,Hand-rolled Durham.
59:47,"She puffs Camels, right?"
59:50,Yeah.
59:52,Clyde smokes Luckies.
59:55,Always has that third man on watch.
59:58,"Usually near the car, away from 'em."
1:00:02,But which one is he?
1:00:03,"Well, three broke out,"
1:00:06,only one's still with 'em.
1:00:09,"Hamilton maybe, like you said."
1:00:12,"Well, maybe I was wrong."
1:00:15,"Sorry, I didn't catch that. You were what?"
1:00:18,"Hamilton, he's a…"
1:00:20,"He's a front-runner, a peacock.
Old Durham over there, he's a follower."
1:00:25,You got all that from their file?
1:00:27,"You track a wolf and you track a dog,
soon you know the difference."
1:00:31,"Our third man over there,
that's Clyde's watchdog."
1:00:39,"You know, he may not drink, but..."
1:00:42,she sure does.
1:00:44,Little girl's in serious pain. Laudanum.
1:00:54,I love Clara Bow.
1:01:26,"Stuck, it looks like."
1:01:41,You folks need some help?
1:02:02,"Oh, Lord, help me."
1:02:05,"Hi, sweetie."
1:02:36,Kansas or Panhandle?
1:02:43,Check the file. See if any...
1:02:46,of the escapees have family nearby.
1:02:58,You know you got a radio in this thing?
1:03:00,That ain't factory.
1:03:02,How much that set you back?
1:03:04,You'd have to ask Gladdie.
1:03:06,"It's an intrusion
on a man's peace and quiet."
1:03:08,Not that I've had any since Lubbock.
1:03:18,"Oh yeah, that's a good one."
1:03:28,This is an emergency alert.
1:03:30,"Police are not releasing details,
but it has been reported"
1:03:33,"that two officers have been shot
on a country road in a rural area"
1:03:36,"just north of Commerce, Oklahoma."
1:03:37,How far is that?
1:03:43,Twenty miles.
1:04:03,This don't look promising.
1:04:09,How are we today?
1:04:10,"Well, it's never good when
a peace officer goes down in the line."
1:04:15,"We need to get through, sir. Now."
1:04:18,"Only the Bureau has
multi-state jurisdiction."
1:04:20,We need to stay the trail.
1:04:22,This paper is worthless up here.
1:04:24,"So, unless you're government agents"
1:04:26,"or Oklahoma police officers,
you're not passing this roadblock."
1:04:30,Turn this vehicle around.
1:04:52,Goddammit.
1:04:58,"Hey!
What the hell do you think you're doing?"
1:05:00,Hey! Come back here!
1:05:03,They need dope for the girl.
1:05:06,What's the closest large town?
1:05:08,"You know what, Pancho?
Maybe I should drive."
1:05:13,What town?
1:05:29,What's that?
1:05:31,Expense report.
1:05:35,It's how much we...
1:05:38,It's how much we cost.
1:05:42,How many bullets you got in you?
1:05:44,"Hell, I don't know."
1:05:48,"Sixteen, I think."
1:05:50,"You know, a man can't..."
1:05:53,"pass bullets through him
like he can kidney stones."
1:05:57,You...
1:05:59,"It might be good to have a doctor
look at you sometime."
1:06:02,"It might be good to have a doctor
look at you sometime."
1:06:05,I ain't got no bullets in me.
1:06:07,Because I was covering you.
1:06:15,"Clyde's ahead of us on the road.
How long we gonna just sit here?"
1:06:19,I don't know. You got a better idea?
1:06:22,I don't know if it's better.
1:06:24,The file said there was one convict
1:06:27,"tried to make that Eastham escape,
but missed the bus."
1:06:31,Wade McNabb.
1:06:33,"-Why?
-Well..."
1:06:34,"if you were a free man, wouldn't you try
to meet up with your friends?"
1:06:38,McNabb's only in for firearms.
1:06:41,"He's not a killer.
Lee Simmons could get him furloughed."
1:06:44,Lady Governor would have to sign for it.
1:06:46,"I'd wager she's not too happy
about us expanding our jurisdiction."
1:06:51,I'm just saying.
1:06:53,Maney.
1:06:58,Bonnie Parker.
1:07:02,I've seen ten of 'em today.
1:07:05,"Yeah, it's the..."
1:07:08,"-It's the fashion.
-All the rage."
1:07:18,"-Where you going?
-Nature calls."
1:07:21,Jiminy Christmas. You just went!
1:08:51,"Hello, Bonnie!"
1:09:06,"-Get in the picture, now!
-Bonnie and Clyde!"
1:09:16,It's Bonnie and Clyde!
1:09:21,"It's them, around the corner!"
1:09:23,Grab a shotgun.
1:09:30,I'm gonna back us out of here. Come on.
1:09:40,Son of a...
1:09:43,"They parked in the back.
One of 'em went in."
1:09:46,"Wasn't Ray Hamilton, neither.
It was Henry Methvin,"
1:09:49,"-the third man in the jailbreak.
-I know, I saw him. You let him go?"
1:09:53,"Well, I had my eye on Clyde."
1:09:55,"Clyde? You had your--
You had your eye on Clyde?"
1:09:59,You had a shot?
1:10:02,Why didn't you take him?
1:10:04,Too many people. Goddamn fan club.
1:10:12,"Bonnie, we love you!"
1:10:14,We love you!
1:11:12,Damn.
1:11:44,Right there!
1:11:49,I can't see 'em!
1:11:57,Frank!
1:12:43,Yeah.
1:13:17,"They stopped
for a nice breakfast this morning."
1:13:20,French toast and coffee.
1:13:23,"Clyde ordered himself a soft-boiled egg
off the à la carte menu."
1:13:28,Cute little diner in Amarillo.
1:13:31,"-Amarillo?
-Yeah."
1:13:35,Clyde drove 400 miles last night?
1:13:38,Four hundred and fifty.
1:13:43,"Do you ever think, maybe..."
1:13:46,Maybe it ain't in us no more?
1:14:31,"He got through a thousand-man dragnet
to deliver a bunny to Momma."
1:14:41,What do we do now?
1:14:42,I just had the one idea.
1:14:52,Pancho!
1:15:51,"Thank you, sir."
1:15:58,"They tell me
you're from the highway department, but..."
1:16:03,I know who you really are.
1:16:08,I know a killer when I see one.
1:16:10,"I'm sure you would, Mr. Barrow."
1:16:15,"Look, mister."
1:16:18,I'm...
1:16:21,"I know y'all are gonna have to kill
my boy."
1:16:25,It ain't your fault.
1:16:27,He's gone past the point of redemption.
1:16:31,There's something I wanna say.
1:16:36,Here.
1:16:39,He wasn't born that way.
1:16:42,He wasn't born with no dark soul.
1:16:47,My little Huck Finn.
1:16:50,That's what me and Cumie called him.
1:16:53,He loved bicycles.
1:16:57,"What he really wanted to be
was a musician."
1:17:00,"I mean, sure, he liked to dress fine
and get the girls"
1:17:03,"and all like that, but it..."
1:17:05,"You know, he wasn't a bad boy."
1:17:07,I had high hopes.
1:17:10,"People don't always know who they are...
until it's too late."
1:17:15,"Oh, you mean one turn on the trail, huh?"
1:17:18,That what you mean?
1:17:20,He stole a chicken.
1:17:23,"He stole a goddamn chicken, mister,"
1:17:26,"and the law took him for a bad seed.
And from that day forward,"
1:17:30,he was dogged by the law.
1:17:32,"-Dogged him?
-Yes, sir!"
1:17:36,Dogged or watched him?
1:17:37,"I guess it's all the same to you.
You're a cop."
1:17:40,"Yes, I am."
1:17:51,Growing up all I ever…
1:17:54,"-All I ever wanted to be was a preacher.
-Preacher?"
1:17:59,You expect me to believe that?
1:18:03,I was saving up for the seminary.
1:18:06,Working for a sharecropper in San Saba.
1:18:10,"Word got out
that I was pretty handy with a pistol."
1:18:14,"The owner, McSwain, called me up
to the porch one day and wanted to know"
1:18:18,if I wanted to make $150.
1:18:22,"I laughed and said,
“Who do I have to kill?”"
1:18:28,And he kept staring at me.
1:18:30,That's when I knew...
1:18:33,"he wasn't talking
about killing a coyote or a polecat."
1:18:39,"He was talking about his business partner
he wanted dead."
1:18:45,I told him I was gonna...
1:18:47,tell his business partner.
1:18:49,That wasn't too smart.
1:18:50,"Well, I was 16!"
1:18:53,"Like I said, I was saving up
for the seminary."
1:18:59,"Couple weeks later, he..."
1:19:01,"asked me to put some groceries
in his house."
1:19:05,"Before I could go in,
he pulled a scattergun."
1:19:09,Shot me in my head...
1:19:12,my back...
1:19:14,and my leg.
1:19:17,"For whatever reasons I still don't know,
he stepped right over me and went inside."
1:19:22,"Maybe to reload. I don't know, but I..."
1:19:25,"I scrambled away.
Hid in an irrigation ditch."
1:19:29,"I would've died there,
except for a colored field hand..."
1:19:33,"came along, found me,"
1:19:35,"carried me home.
My momma took care of me all summer."
1:19:42,"Come fall, I..."
1:19:43,I packed up for the seminary.
1:19:47,"At least, that's what I told 'em."
1:19:50,"And on my way out of town,
I rode over to McSwain's."
1:19:54,Rang the yard bell. He came out.
1:19:57,"And I shot that son of a bitch dead,
right there on that same porch."
1:20:02,And there went my calling.
1:20:08,"Turned out,
McSwain was a wanted man himself..."
1:20:12,and I became the law.
1:20:14,"One turn on the trail, huh?"
1:20:16,"Yes, sir."
1:20:17,One turn.
1:20:20,How come you're telling me all this?
1:20:25,"You ever think maybe there was something
in Clyde..."
1:20:28,"that made him steal that chicken
in the first place?"
1:20:33,Maybe he was hungry.
1:20:38,Maybe we were all hungry.
1:20:45,I won't argue that.
1:20:48,He ain't gonna surrender.
1:20:51,You're just gonna hang him anyhow.
1:20:55,He'd rather be brought down on the run.
1:21:00,"You know, your boy may not have been...
born with a dark soul, but he has one now."
1:21:06,"You're not hearing me, mister."
1:21:09,I'm trying to say something.
1:21:12,It ain't easy for me to say.
1:21:15,"I know there's only one way
that this thing is ever gonna end."
1:21:20,"And I'm asking you, please..."
1:21:25,"just end it now, damn it."
1:21:28,End it for my family.
1:21:47,"You call Lee Simmons.
Get him to furlough Wade McNabb."
1:21:53,What a fine idea.
1:22:14,"-You remember, right?
-That's what I'm talking about."
1:22:26,"I couldn't believe it when Billy Mays
said he was letting you out."
1:22:30,"Sixty days. And if I get a job
and I do good behavior in that time,"
1:22:33,it could be full parole.
1:22:35,"But it ain't good behavior
I got on my mind tonight."
1:22:39,My kind of place.
1:22:46,"How are you, darling?"
1:22:52,"So, is it true?
Do you really know Clyde Barrow?"
1:22:54,"I knew his brother Buck, too,
before they shot him dead."
1:22:56,What are we gonna do with you?
1:22:57,"-I can think of a few things, darling.
-Oh yeah?"
1:23:03,"Good to be off the farm, Wade?"
1:23:15,"-They wouldn't tell me your name.
-Don't need it."
1:23:18,I dig.
1:23:22,"Say you order me a do-over, slick."
1:23:27,Or not.
1:23:29,Where's the water closet?
1:23:44,So what do y'all need me to do?
1:24:09,"Say,
you bringing the cattle to market, Dad?"
1:24:16,"I swear, big man."
1:24:17,"They're planning to skin out for Mexico.
That is the word. What do you know, Joe?"
1:24:24,"Son, suppose you cut
the junior gangster act and get serious."
1:24:27,"Otherwise,
there's nothing you can do for me."
1:24:29,"I'll have Lee Simmons give you a ride
back to the farm tonight."
1:24:33,"Yes, sir."
1:24:34,"Let me tell you something, mister."
1:24:38,"You come to the wrong place
to dog Wade-Boy."
1:24:40,"That's right, old man."
1:24:42,"You see, Wade-Boy runs with Clyde."
1:24:46,"And around here, Clyde is king."
1:24:50,Watch those fancy shoes.
1:24:58,"It's a real mess, you get it point-blank,
but I'm happy to do it for you."
1:25:02,"A lot of nerve you got, trying to..."
1:25:05,"rob a fella while he's having himself
a pleasant relief."
1:25:08,Get in that stall.
1:25:13,"Stay in there till I come back
and tell you different."
1:25:21,"Clyde might be king,
but I'm a Texas Ranger, you little shit."
1:25:28,Billie Mace is set to fix Bonnie's hair.
1:25:30,"-When?
-Tomorrow. Dinnertime."
1:25:33,"Might look like two girls.
Sometimes Clyde wears a wig."
1:25:38,"-He got y'all chasing your own tails.
-Son, if you're telling the truth..."
1:25:43,"you'll finish out your term
in a nice, civilized federal pen."
1:25:48,"But you do wrong by me,"
1:25:49,"you'll be back on the farm,
breaking rocks..."
1:25:52,and getting your teeth stove-in.
1:25:55,What took you so long?
1:25:57,There's a fella in the toilet.
1:26:16,Are you Billie Mace?
1:26:23,You must be Billy Mace.
1:26:57,"Hey, Granddad."
1:26:59,Wanna race again?
1:27:13,"Didn't your momma teach you
to tie your shoes?"
1:27:31,"-We gonna see each other again?
-No, sir."
1:27:38,Git!
1:27:42,"""Git."" Downright poetic."
1:27:49,"""Headed for greener pastures."
1:27:51,"See you next time around."""
1:27:59,McNabb warned 'em.
1:28:38,McNabb! Open up the goddamn door!
1:29:26,Goddamn animals.
1:29:57,Did I get that boy killed?
1:29:59,"No, sir."
1:30:01,You did not.
1:30:05,"He would have been out
in nine months on his own."
1:30:11,Fella did not...
1:30:13,have to die.
1:30:16,"Maybe so,
but that fella made his own choices."
1:30:22,"See, Frank..."
1:30:24,"that's the difference
right there between you and me."
1:30:29,You could always hide...
1:30:32,"behind some notion
of right and wrong."
1:30:36,"Me,
I never particularly liked the weight..."
1:30:40,"of the deciding
who gets to live and who doesn't."
1:30:46,"There's differences between us, Maney,"
1:30:49,"but hiding
behind something ain't one of 'em."
1:30:54,"You know, counting McNabb,
they've killed 13."
1:30:58,And people call 'em heroes.
1:31:00,"-Who cares what they call--
-I care!"
1:31:04,People idolize them.
1:31:07,We need to end this.
1:31:11,"It's never easy,"
1:31:13,"it's never pretty,"
1:31:15,"but there's always blood
at the end of the road, you know that."
1:31:19,You know that the same as me.
1:31:25,"I seen a lot a blood...
but it ain't theirs."
1:31:28,"Goddamnit, Maney, why the hell…"
1:31:32,Why the hell you even come?
1:32:17,I had to come.
1:32:22,Though I don't exactly know why.
1:32:32,"It's gonna look like we set McNabb up
to be killed."
1:32:37,If Ma finds out...
1:32:42,I don't think I can protect you or myself.
1:32:46,"You need to come back to Austin
so we can sort this out."
1:32:49,"I understand, Lee."
1:33:20,"If you're ready to go home,
I'll drive you."
1:33:24,Take me to greener pastures.
1:33:27,"I'll just get a bottle and sit there
and wait for Clyde to show up."
1:33:34,"Does that mean anything, you think?
""Headed for greener pastures."""
1:33:40,"Is he headed for a state
he hasn't hit yet?"
1:33:42,Could be.
1:33:45,What states have warrants for him?
1:33:48,"No, better still, what states don't?"
1:33:53,New Mexico...
1:33:56,"Colorado,"
1:33:58,Louisiana.
1:34:00,Outlaws always go home.
1:34:03,"Maybe we just been looking
at the wrong home."
1:34:08,"Methvin, where's he from?"
1:34:12,"-Kansas.
-He still have family there?"
1:34:15,"No, his dad..."
1:34:18,lives in Bienville Parish.
1:34:20,East of Shreveport.
1:34:46,"Owner lets folk squat
in exchange for labor."
1:34:50,Henry's daddy hauls wood for 'em.
1:34:57,That's his truck.
1:35:01,Let's go!
1:35:03,Ivy Methvin.
1:39:17,They're playing house.
1:39:19,She's a little bitty thing.
1:39:28,So's he.
1:40:03,You all right?
1:40:06,Yeah.
1:40:09,Fix the room back.
1:40:32,Probably best they weren't home.
1:40:34,"We got no jurisdiction to arrest
in these parts."
1:40:37,"Now, we weren't there to arrest them,
Maney."
1:40:40,"Well, then I suggest we bring in
a local sheriff next time."
1:40:44,"Okay, what if he's in on the hand?"
1:40:47,"A corrupt sheriff down this way
isn't exactly remarkable."
1:40:50,One way to find out.
1:40:56,You said you seen Clyde.
1:40:58,"Yes, sir."
1:40:59,Where? North Highway?
1:41:01,"-Most recently, two miles from--
-How do you know it him?"
1:41:06,My name is...
1:41:07,Flavius Kern.
1:41:08,I am the Barrow family parson. May I?
1:41:12,Thank you.
1:41:14,"Now, nobody knows I'm here,
and you never saw me."
1:41:19,"But, the family is grateful to you"
1:41:24,"because the kids,
they're good kids. They're..."
1:41:29,"They got in a little over their heads,"
1:41:32,"but word is there's some heat on 'em
down here."
1:41:35,"And I know you never saw 'em,
and you never heard they was"
1:41:38,"in your parish,
and we'd like to keep it that way."
1:41:41,"Clyde will try to show his appreciation
to you, but the family..."
1:41:49,would like to show theirs.
1:41:56,"Call it a contribution
to the parish church."
1:42:01,"Now,
I won't take up any more of your time."
1:42:10,Your boy use a shotgun on that gator or...
1:42:13,"No, we used a gig, like this here."
1:42:15,"Listen to me, papere. I see the dogs
in Bienville, I'll shoot 'em dead."
1:42:20,"Take your bribe and go home,
or I'll shoot your ass, too."
1:42:24,We're not crooks here.
1:42:25,"Well, then, you are just the gentlemen
we're looking for."
1:42:29,Timber!
1:42:35,Mr. Ivy.
1:42:37,"Some men over there looking for somebody
to cut and haul wood."
1:42:43,Say they pay fair.
1:42:45,"You need some more hands,
me and my boy, we needs the work."
1:42:50,Work right here.
1:42:52,Get to it.
1:42:54,"Yes, sir."
1:43:22,"-What the hell is this?
-I'm Sheriff Jordan."
1:43:25,"-This is my deputy, Mr. Oakley.
-Well, who are you fellas?"
1:43:28,Doesn't concern you.
1:43:31,"All you need to know is Bonnie and Clyde
are going down hard, Mr. Methvin."
1:43:35,"If not by the gun, then by the chair."
1:43:39,"-And your boy Henry is going with them.
-My boy didn't kill nobody."
1:43:42,"Killed a highway patrolman
near Grapevine, Texas."
1:43:46,"We have a witness,"
1:43:47,"ballistics, and the whole book."
1:43:50,Wiretaps.
1:43:52,"We know
they're gonna be coming to see you."
1:43:54,"We're gonna give your son
a chance to live."
1:43:56,How?
1:43:58,"Well, he's gonna have to put 'em
on the spot."
1:44:01,"He does, we'll put him on the ground,
instead of in it."
1:44:04,"-Meaning you'll let him go?
-As far as Texas is concerned, yes, sir."
1:44:17,They might be by in a day or two.
1:44:23,"When you get your boy alone, you tell him
to get separated first chance he gets."
1:44:28,"-They'll come right back to see him.
-We'll be waiting."
1:44:31,"-Why should I trust you?
-Because I said."
1:44:39,That's just how he's built.
1:44:43,"Well, they got a rule."
1:44:45,"If they get separated,
they wait a couple days"
1:44:47,"for the air to clear
and then meet up back at my house."
1:44:52,Clyde won't be taken alive.
1:44:54,"Neither will your boy, sir,
unless he takes his one chance now."
1:45:00,I like my house.
1:45:01,"-Excuse me?
-I like my house!"
1:45:04,"Clyde bought it for me,
and I don't want y'all shooting it up."
1:45:07,"They'll be around for Henry.
There ain't but one way in, one way out."
1:45:11,That's Ringgold Road.
1:45:13,Ringgold Road.
1:45:16,"Once my boy gets clear, you..."
1:45:19,"Well, you can kill 'em there."
1:45:22,All right.
1:46:20,Take two.
1:46:25,"-Two.
-There you go."
1:46:29,"Looks like we're outnumbered
by Texans, Henderson."
1:46:32,"Well, we need these Dallas boys,
the only ones"
1:46:34,who can make a positive identification.
1:46:39,"Old Ivy said that car's loaded
with firepower."
1:46:41,"They got machine guns, hand grenades,
a thousand rounds of shells."
1:46:45,It's an armory on four wheels.
1:46:46,"-Well, we'll find out.
-Gonna have us a hunt."
1:46:49,Gonna skin us some deer.
1:46:51,"Dang,
if I don't have an Arkansas Straight."
1:46:57,"Dallas paper gave me a camera
to film it when it happens."
1:47:01,Said he'd pay me. Can y'all believe that?
1:47:05,What the hell is this world coming to?
1:47:07,"-Well, there we go.
-Three sevens?"
1:47:12,"Maybe we should put six bills in the pot,
homme. Make it interesting."
1:47:15,"No. Cap says no money in the game,
nor drinking on Sundays."
1:47:21,Can't be much fun.
1:47:22,"Yeah, well, there's a place
for me in heaven, I'll tell you that."
1:47:28,What's he doing out there?
1:47:29,He likes to be alone sometimes.
1:47:38,"Sheriff Smoot said you and Hamer killed
more than 50 men between you."
1:47:48,Killed more than that in one evening.
1:47:52,I didn't mean to pry.
1:47:54,"It's all right, kid. Ante up, gents."
1:48:15,I was young. Younger than you.
1:48:20,"South Texas, a place called Candelario."
1:48:25,"Ranger Company C. Had about 60 bandits
pinned down in a dry wash."
1:48:29,"These fellas burned half a dozen ranches,"
1:48:33,killed a dozen...
1:48:34,and raped just about as many.
1:48:39,"Anyway, every time we'd ride in there"
1:48:41,"to take 'em,
we'd yell out, ""Manos arribas."""
1:48:45,"You know, ""Hands up."""
1:48:48,"Well, they'd..."
1:48:50,"fire on us, and we'd lose a man.
Went on like that for two days."
1:48:55,"So they sent down... young Captain Hamer,"
1:49:00,my friend Pancho.
1:49:03,"Cap says... ""What's going on down here?"""
1:49:07,"""Any time we yell out, 'manos arribas,'
like the law tells us to..."
1:49:13,"they open up on us."""
1:49:16,"Cap says, “We're going in there
afore dawn and, this time,"
1:49:18,"don't no-damn-body yell out
'manos arribas.' Just shoot 'em."""
1:49:31,"Well, that night..."
1:49:33,"them bandits were celebrating, drunk."
1:49:37,"Most of 'em asleep by the fire.
And we went in."
1:49:42,Some of the boys refused to go.
1:49:44,Refused to just start shooting men.
1:49:50,"But I went with Frank.
Like I said, he's my friend."
1:49:56,He gave me the nod.
1:49:59,We let 'em have it.
1:50:00,"We shot that arroyo all to hell
before most of them fellas even woke up."
1:50:10,I was... jittery.
1:50:17,"A mule came out
from behind a cactus, and I..."
1:50:22,shot the man riding it half a dozen times.
1:50:28,Turned out to be a...
1:50:31,13-year-old boy just...
1:50:34,trying to run away.
1:50:40,I still see his face.
1:50:48,"Whole thing was over in five minutes.
Counted 54 dead."
1:50:53,"Counting was over, Cap sat on a rock,
holstered his gun, and said..."
1:50:59,"""Manos arribas, you sons of bitches."""
1:51:08,"Came back,"
1:51:11,governor gave us all medals.
1:51:32,My boy got loose.
1:52:05,"When he comes, he gonna be coming"
1:52:07,"from the south,
which will bring him by you."
1:52:10,"-I figure you fellas got it from here.
-Ivy..."
1:52:14,"Turn your truck around,
park it the wrong side."
1:52:17,What?
1:52:19,"-You're staying with us.
-That wasn't part of the deal."
1:52:22,"The deal ain't done till it's done.
Now, park it."
1:52:25,"Jack up the front right bumper
and take off your tire."
1:52:32,Clyde'll slow down and help him change it.
1:52:35,"-What?
-Stash these cars."
1:52:38,How do I know I ain't gonna get shot?
1:53:28,You okay?
1:53:30,"Yeah. Yes, sir."
1:53:32,We need you to identify these two.
1:53:35,"Nobody said nothing
about having to pull the trigger,"
1:53:40,which means you don't have to.
1:53:41,"-I'll be all right.
-You sure?"
1:53:45,Yeah.
1:54:10,"When they get here,
y'all stay behind the blind."
1:54:16,"I'll present myself.
You fire on my command."
1:54:21,We stay in the blind?
1:54:23,Yeah.
1:54:27,You walk out there?
1:54:30,"That's an order, Gault."
1:55:06,"Maney,"
1:55:09,"for the record,
you only move like you're 75."
1:55:28,"The reason I passed your house
that day was 'cause I..."
1:55:34,I wanted to spare you this.
1:55:39,"That said, I'm..."
1:55:42,real glad you're here.
1:55:48,"Me, too, Pancho."
1:55:51,"Me, too."
1:56:10,Ivy! Get out there!
1:56:17,Hurry up.
1:56:21,It's them.
1:56:24,Ford V-8.
1:56:31,Ted?
1:56:33,"-Yeah.
-You better look."
1:56:39,Yeah. It's Clyde.
1:56:41,This is it!
1:57:17,"-Hey, Ivy. Need some help with that?
-Yeah."
1:57:20,"Let me help you, then."
1:57:26,Stick 'em up.
1:59:14,Manos arribas.
1:59:59,Get back!
2:01:16,"Mr. Hamer? Excuse me, Mr. Hamer?"
2:01:19,"There's a fella on the phone
from the Associated Press in New York."
2:01:22,"He says he'll give you $1,000
for a phone interview right now."
2:01:27,Got him on the line in the back.
2:01:33,Mr. Hamer?
2:01:37,Shame on you.
2:02:22,The nation has been freed
2:02:24,"from the worst killing rampage
in its history."
2:02:27,"Retribution has been served,
and J. Edgar Hoover"
2:02:30,has issued a formal announcement
2:02:31,that the crime spree of Bonnie and Clyde--
2:02:41,"Care to comment on your role
in the apprehension of Bonnie and Clyde?"
2:02:44,"I knew Hamer
and Gault would get the job done,"
2:02:46,and that's why I chose 'em.
2:02:48,Bottom line!
