﻿Time,Subtitle,Translation
1:22,[man] Do you find me sadistic?,내가 가학적이라고 생각해?
1:31,"You know,","""빌"""
1:33,"I'll bet I could fry an egg
on your head right now.","네 머리가 너무 뜨거워
달걀프라이도 할 수 있겠어"
1:42,"You know, Kiddo…","있잖아, 키도"
1:46,"I'd like to believe you're aware enough, even now,","내 바람이지만
이런 상황에서도 잘 알 거야"
1:52,to know that there's nothing sadistic in my actions.,"내 행동이 전혀
가학적이지 않다는 것 말이야"
2:00,"Well, maybe towards those other jokers.","저 멍청이들한테라면
그럴 수도 있지만"
2:06,But not you.,너한텐 아니야
2:11,"No, Kiddo. At this moment…",오히려 지금 이 순간
2:17,this is me at my most… masochistic.,난 어느 때보다도 피학적이라고
2:24,"Bill,",빌
2:26,"-it's your ba--
-[gunshot]","당신 아기… ""쿠엔틴 타란티노의 네 번째 영화"""
5:42,[woman] Coming!,나가요!
5:45,"Sarah, I cannot believe you are early.","세라, 일찍 왔네"
6:51,"What you gonna
do now, huh? What you got?",어쩌게? 어쩔 건데?
6:54,"I got your ass!
Remember that? Huh? Remember?","넌 끝났어, 포기해!"
7:05,"Okay. Come on, bitch.","좋아, 덤벼"
7:09,Come on. Bring it on.,덤벼 와봐
7:52,"Mommy, I'm home. Hey, baby.","- 엄마, 다녀왔습니다
- 우리 딸"
7:54,How was school?,학교는 어땠어?
7:58,"Mommy, what happened to you
and the TV room?","엄마, 얼굴이 왜 그래요?
거실은 왜 이렇고요?"
8:03,"That good-for-nothing dog of yours
got his little ass","네 쓸모없는 강아지가 거실에 들어와
바보처럼 굴지 뭐니"
8:06,in the living room and acted a damn fool.,"거실에 들어와
바보처럼 굴지 뭐니"
8:08,"That's what happened, baby.",결국 이렇게 됐단다
8:10,"-Barney did this?
-Baby,",바니가 이랬다고요?
8:12,"now, you can't come in here.","아가, 이리 오면 안 돼"
8:13,"There's broken glass everywhere,
and you could cut yourself.","사방에 깨진 유리라
다칠 수 있거든"
8:23,"This is an old friend of Mommy's
I ain't seen in a long time.","엄마의 오랜 친구야
오랜만에 만났단다"
8:27,"Hi, honey.",안녕
8:29,I'm [bleep],난 ***야
8:30,What's your name?,이름이 뭐니?
8:35,Her name is Nikki.,니키야
8:38,Nikki.,니키
8:40,Such a pretty name for such a pretty girl.,얼굴도 예쁘고 이름도 예쁘구나
8:45,"How old are you, Nikki?","몇 살이지, 니키?"
8:49,"Nikki, [bleep] asked you a question.","니키, ***가 묻잖아"
8:54,I'm four.,4살이에요
8:56,"Four years old, eh?",4살이구나
8:59,"You know, I had a little girl once.",나도 한때 딸이 있었단다
9:04,She'd be about four now.,"살아 있다면
지금쯤 4살이었을 거야"
9:10,"Now, baby, me and Mommy's friend
got some grown-up talk to talk about.",아가 어른끼리 할 얘기가 있단다
9:15,So you can go in your room now.,네 방에 가서
9:16,"And I want you to leave us alone
till I tell you to come out. Okay?","엄마가 부를 때까지
거기 있어, 알겠니?"
9:22,Nikkia!,니키!
9:24,In your room. Now.,"네 방으로 가, 당장"
9:39,You want some coffee?,커피 마실래?
9:41,[chuckles] Yeah. Sure.,"그래, 좋지"
9:51,"[The Bride] This Pasadena homemaker's
name is Jeannie Bell.","패서디나에 사는
이 전업주부의 이름은 지니 벨"
9:54,Her husband is Dr. Lawrence Bell.,로런스 벨 박사의 아내다
9:56,"But back when we were acquainted
four years ago, her name was Vernita Green.","하지만 4년 전에
이 여자 이름은 버니타 그린이었다"
10:02,"Her code name was Copperhead. Mine, Black Mamba.","코드명은 '코퍼헤드'였고
난 '블랙 맘바'였다"
10:06,Do you have a towel?,수건 있어?
10:09,[Vernita] Yeah.,그래
10:14,Thanks.,고마워
10:15,"You still take cream and sugar, right?","설탕이랑 크림, 둘 다 넣지?"
10:17,Yeah.,그래
10:21,"So I suppose it's a little late
for an apology, huh?",사과하기엔 너무 늦었겠지?
10:24,You suppose correctly.,알긴 아네
10:26,"Look, bitch, I need to know","망할 계집애 우리 딸 앞에서
계속 이 짓 할 거야?"
10:29,"if you're gonna start any more shit
around my baby girl.","우리 딸 앞에서
계속 이 짓 할 거야?"
10:31,You can relax for now.,걱정 마
10:35,"I'm not gonna murder you
in front of your child, okay?","네 딸 앞에서
널 죽이진 않을 테니까"
10:40,"That's being more rational than Bill led me to believe
you were capable of.","빌이 얘기했던 것보다
훨씬 이성적이네"
10:44,"It's mercy, compassion,
and forgiveness I lack.","나한테 없는 건
자비, 동정, 용서야"
10:48,Not rationality.,이성이 아니라
10:55,"[Vernita] Look,",이봐
10:56,I know I fucked you over.,너한테 몹쓸 짓 한 거 알아
10:58,"I fucked you over bad.
I wish to God I hadn't, but I did.","끔찍한 짓을 했지
그게 아니면 좋겠지만 사실이야"
11:03,"-You have every right to want to get even.
-[The Bride] No.",되갚아 주고 싶은 마음 이해해 아니
11:08,No.,아니지
11:09,"To get even, even-steven…",똑같이 되갚으려면
11:13,"I would have to kill you,",너도 죽이고
11:16,"go up to Nikki's room, kill her.",방으로 가서 니키도 죽이고
11:19,"Then wait for your husband,
the good Dr. Bell, to come home, and kill him.","네 남편이 오길 기다렸다가
그 사람도 죽이겠지"
11:24,"That would be even, Vernita.",그게 되갚음이야
11:26,That'd be about square.,그래야 공평하다고
11:29,"Look, if I could go back
in a machine, I would.","타임머신이 있다면
과거로 돌아가겠어"
11:32,But I can't.,근데 그런 건 없잖아
11:35,"All I can tell you is
that I'm a different person now.","내가 해줄 수 있는 말은
다른 사람이 되었다는 거야"
11:38,"Oh, great.",잘됐다
11:41,"-I don't care.
-Be that as it may,","- 상관 안 해
- 어찌 됐든"
11:44,"I know I don't deserve your mercy
or your forgiveness.","네 자비나 용서를 구할 자격이
없다는 건 알지만"
11:47,"However, I beseech you
for both on behalf of my daughter.","이렇게 애원할게
내 딸을 봐서라도 우릴 살려줘"
11:52,"Bitch, you can stop right there.","망할 것, 거기까지만 해"
11:56,"Just because I have no wish to murder you
before the eyes of your daughter","네 딸 보는 앞에서
널 죽일 생각이 없을 뿐"
12:00,"does not mean that parading her
around in front of me is gonna inspire sympathy.","딸 사진 들이민다고
없던 동정심까지 생기진 않아"
12:05,You and I have unfinished business.,이건 반드시 청산해야 할 과거야
12:08,"And not a goddamn fucking thing
you've done in the subsequent four years,",네가 지난 4년간 뭘 했든
12:12,"including getting knocked up,
is gonna change that.",애를 낳았든 그 사실이 달라지진 않아
12:17,So when do we do this?,그래서 언제 할 건데?
12:20,It all depends.,네가 결정해
12:22,When do you want to die?,언제 죽을래?
12:25,"Tomorrow?
The day after tomorrow?",내일? 모레?
12:28,"How about tonight, bitch? Splendid. Where?","- 오늘 밤 어때?
- 좋지, 장소는?"
12:32,"There's a baseball diamond
where I coach our little league about a mile from here.","내가 어린이 야구단 가르치는
야구장이 이 근처에 있어"
12:36,"We meet there around 2:30
in the morning,","검은색으로만 입고
새벽 2시 30분에 거기서 만나"
12:38,"dressed all in black,
your hair in a black stocking.","검은색으로만 입고
새벽 2시 30분에 거기서 만나 머리도 검은 스타킹으로 감싸고"
12:42,And we have us a knife fight.,무기는 칼
12:45,We won't be bothered.,우리 말고는 아무도 없을 거야
12:47,Now…,이제
12:49,[chuckles] I have to fix Nikki's cereal.,니키한테 시리얼 좀 줘야겠어
13:00,"Bill always said you were
one of the best ladies he ever saw","빌은 날붙이에 관한 한
네가 일인자랬어"
13:03,"-with an edged weapon.
-Fuck you, bitch.","빌은 날붙이에 관한 한
네가 일인자랬어 웃기고 있네"
13:07,I know he didn't qualify that shit.,빌이 뭘 알아?
13:09,"So you can just kiss my motherfucking ass,
Black Mamba.","농담 작작 해라, 블랙 맘바"
13:14,Black Mamba.,블랙 맘바
13:16,"I should have been
motherfucking Black Mamba.","블랙 맘바는 내가
더 어울리는데 말이야"
13:19,"Weapon of choice? Hey, if you want to stick with
your butcher knife, that's fine with me.","무기는 뭐로 할래?
식칼을 고집한다면 그것도 좋고"
13:24,"Very funny, bitch.",재미있네
13:27,"-Very funny!
-[gunshot]",아주 재미있어!
14:26,"It was not my intention to do this
in front of you.","네가 보는 앞에서
이럴 생각 없었어"
14:31,"For that, I'm sorry.",그 점은 미안하다
14:35,But you can take my word for it.,하지만 분명히 말하는데
14:40,Your mother had it coming.,네 엄마 탓이야
14:57,When you grow up…,이다음에 커서도
15:01,if you still feel raw about it…,상처가 아물지 않으면
15:08,I'll be waiting.,기다리고 있을게
15:13,"[man, speaking Japanese]
For those regarded as warriors,",모름지기 무사란
15:16,when engaged in combat,결투에 임할 때
15:19,"the vanquishing of thine enemy
can be the warrior's only concern.","적을 쓰러트릴 생각에만
전념해야 한다"
15:26,"Suppress all human emotion
and compassion…","인간의 일체 감정과
동정심은 억누른 채"
15:36,"kill whoever stands in thy way,",방해하는 자가 있다면
15:39,"even if that be Lord God,","그것이 신이나 부처라 해도
무조건 없애라"
15:43,or Buddha himself.,"""제거 대상 5인"" ""1. 오렌 이시이
코튼마우스"""
15:49,"This truth lies at the heart
of the art of combat.",그것이 결투의 근본이다
16:20,"[man, on radio] Y'all, come on out
to Dallas, ya hear?",모두 댈러스로 오세요
16:22,"This is rockabilly rhythms on KTRN,
Wichita Falls. And next,","""4년 6개월 전
텍사스주 엘패소"""
16:27,we got some record.,다음은 그 유명한
16:28,"Very own wild man, Charlie Feathers.","우리의 와일드 맨
찰리 페더스의 곡입니다"
17:09,"give me the gory details,
son number one.","상황을 자세히 말해 봐, 첫째 아들"
17:12,"It's a goddamn massacre, Pop.","학살이 따로 없어요, 아버지"
17:16,"They wiped out the whole wedding party,
execution style.","처형 스타일로
결혼식에 온 모두를 죽였습니다"
17:22,Give me a figure.,그게 다 몇인데?
17:23,Nine dead bodies.,9명요
17:25,And we're talking the whole shebang.,모조리 다 죽였어요
17:28,Bride. Groom. Reverend.,"신부, 신랑, 목사"
17:33,Reverend's wife.,목사 부인
17:35,"Hell, they even shot
that old colored fella that plays the organ.","오르간 연주하는
늙은 흑인까지 모두요"
17:40,"It would appear to me
somebody objected to this union","결혼에 반대하는 자가
침묵을 지키지 못해"
17:42,and wasn't able to hold their peace.,저지른 일 같군
17:49,"Good gravy, Marie.",아이고 맙소사
17:58,"What'd I tell you, Pop?",제가 뭐랬어요?
18:00,"It's like a goddamn
Nicaraguan death squad.","망할 니카라과 암살단이라도
왔다 간 것 같다니까요"
18:03,"You better shit-can that blasphemy, boy.",염병할 신성모독 그만해라
18:06,"-You're in a house of worship.
-Sorry, Pop.","- 여긴 예배당이야
- 죄송해요, 아버지"
18:11,"Well, this is definitely
the work of professionals.",전문가 짓인 건 분명해
18:14,I'd guesstimate Mexican mafia hit squad.,"내 생각엔
멕시코 마피아 암살단이야"
18:19,"Four, maybe five strong.",강한 놈으로 네다섯쯤 됐겠지
18:21,How can you tell?,어떻게 아세요?
18:24,"Well, a sure and steady hand did this.","총 잡은 손이
안정되고 흔들림이 없어"
18:28,This ain't no squirrelly amateur.,아마추어나 부들부들 떨지
18:31,This is the work of a salty dog.,솜씨가 노련하다고
18:34,"You can tell by the cleanliness
of the carnage.","아주 깔끔하게
아수라장을 만들어놨잖아"
18:37,"Now, a kill-crazy rampage,
though it may be,",보기엔 미쳐 날뛴 것 같지만
18:40,all the colors are kept inside the lines.,모두 순서대로 정돈돼 있어
18:44,"If you was a moron,
you could almost admire it.",바보가 보면 감탄할 지경인걸
18:59,Who's the bride?,신부가 누구야?
19:01,[Edgar] Don't know.,모르겠어요
19:03,"The name on the marriage certificate
is Arlene Machiavelli.","혼인신고서상으로는
알린 마키아벨리인데"
19:08,That's a fake.,가명입니다
19:10,"We've all just been calling her
""The Bride"" on account of the dress.","웨딩드레스를 입어
그냥 신부라 부르고 있어요"
19:13,[Earl] You can tell she was pregnant.,딱 봐도 임신했군
19:16,Man would have to be a mad dog,이런 미녀의
19:18,"to shoot a goddamn
good-looking gal like that in the head.","머리통을 박살 내다니
미친개였나 보군"
19:24,Look at her.,봐
19:28,Hay-colored hair. Big eyes.,건초색 머리에 큰 눈
19:33,She's a little blood-spattered angel.,피투성이 천사로군
19:39,"-Son number one?
-Yeah?","- 첫째 아들?
- 네?"
19:42,This tall drink of cocksucker ain't dead.,이 멀대 같은 년 안 죽었어
22:21,I might never have liked you.,널 좋아한 적이 있나 싶다
22:25,"Point in fact, I despise you.",실은 널 경멸하지
22:30,"But that shouldn't suggest
that I don't respect you.","그렇다고 널
존중하지 않는 건 아냐"
22:37,"Dying in our sleep is a luxury
that our kind is rarely afforded.","잠자다 죽는 건
우리 같은 사람한텐 사치지"
22:44,My gift to you.,내 선물이야
22:54,For fuck's sake.,빌어먹을
22:59,"Hello, Bill.","안녕, 빌"
23:02,[Bill] What's her condition?,어때?
23:04,Comatose.,혼수상태예요
23:07,[Bill] Where is she?,지금 어디 있어?
23:09,I'm standing over her right now.,제가 지금 내려다보고 있어요
23:12,[Bill] That's my girl.,잘했어
23:17,"[Bill] Elle,
you're going to abort the mission.","엘, 임무를 중단해야겠어"
23:19,[Elle] What?,뭐라고요?
23:21,[Bill] We owe her better than that.,우리 모두 진 빚이 있잖아
23:22,"Oh, you don't owe her shit!",당신은 빚진 거 없어요!
23:24,"-[Bill] Will you keep your voice down?
-You don't owe her shit!",목소리 좀 낮춰 당신은 빚진 거 없어요
23:28,[Bill] May I say one thing?,한마디만 하지
23:30,[Elle] Speak.,말해요
23:33,"[Bill] Y'all beat the hell out of
that woman. But you didn't kill her.","너희한테 그렇게 맞고도
죽지 않았어"
23:37,And I put a bullet in her head. But her heart just kept on beating.,"내가 머리에 총알을 박았는데도
심장이 멈추지 않았지"
23:43,"Now, you saw that yourself","아름답고 푸른
네 눈으로 직접 봤잖아"
23:44,"with your own beautiful
blue eye, did you not?","아름답고 푸른
네 눈으로 직접 봤잖아 안 그래?"
23:50,"We've done a lot of things
to this lady.",지금까지 한 것으로 충분해
23:53,"And if she ever wakes up,
we'll do a whole lot more.","만약 의식을 되찾으면
그땐 더한 짓도 해줘야겠지"
23:59,But one thing we won't do,우린 다른 건 몰라도
24:01,"is sneak into her room
in the night like a filthy rat","더러운 쥐처럼
한밤중에 몰래 들어가"
24:06,and kill her in her sleep.,자는 사람을 죽이진 않아
24:09,And the reason we won't do that thing,"왜냐, 그건 말이지"
24:12,is because that thing would lower us.,우리 품위를 떨어트리는 짓이거든
24:17,"Don't you agree, Miss Driver?","안 그런가, 드라이버?"
24:21,[Elle] I guess.,아마 그렇겠죠
24:23,[Bill] Do you really have to guess?,아마 그렇다?
24:25,"[Elle sighs] No. I don't really
have to guess. I know.","아뇨, 당신 말이 맞아요 알아요"
24:33,"[Bill] Come on home, honey.","집으로 와, 자기"
24:36,[Elle] Affirmative.,알겠어요
24:39,[Bill] I love you very much.,내가 많이 사랑해
24:42,"[Elle] I love you, too.",나도 사랑해요
24:47,Bye-bye.,안녕
24:59,"Thought that was
pretty fucking funny, didn't you?",재미있어 죽겠지?
25:05,"Word of advice, shithead.","하나만 충고하지, 망할 계집애"
25:08,Don't you ever wake up.,절대 깨어나지 마
25:46,"-[Bill] At this moment, this is me…
-[gun cocks]",오히려 지금 이 순간
25:51,at my most masochistic.,난 어느 때보다도 피학적이라고
25:53,"-[The Bride] Bill, it's your b--
-[firing]","빌, 당신 아기…"
26:58,"Oh, my baby.",우리 아기
27:27,[quietly] Four years.,4년
27:30,Four years.,4년
28:01,"The price is $75 a fuck, my friend.",한 번 하는 데 75달러
28:03,"You getting your freak on or what? Oh, yeah, boy.","- 할 거야, 말 거야?
- 하고말고"
28:11,"[man] Twenty, 40, 60, 75. Yeah. Now, here's the rules.
[clears throat]","20, 40, 60, 75, 좋았어"
28:16,"Rule number one.
No punching her.","규칙을 말해줄게
첫째, 때리는 건 안 돼"
28:18,"Nurse comes in tomorrow
and she got her a shiner or less some teeth, jig's up.","내일 간호사한테 눈 멍들고
이 부러진 거 들키면 난 끝이거든"
28:22,"So no knuckle sandwiches
under no circumstances.","그러니 어떤 상황에서도
주먹질은 안 돼"
28:25,"And by the way,
this little cunt's a spitter.","참, 이 계집은 침을 뱉어
반사운동 같은 거지"
28:27,"It's a motor-reflex thing.
But spit or no, no punching.","참, 이 계집은 침을 뱉어
반사운동 같은 거지 혹시 그런 일이 있더라도
때리면 안 돼"
28:30,"Now, are we absolutely, positively clear
on rule number one?",약속 지킬 수 있겠어?
28:32,"-Yeah.
-Good. Now, rule number two.","- 그래
- 좋아 둘째, 키스 마크를 남겨선 안 돼"
28:35,"No monkey bites no hickeys.
In fact, no leaving no marks of no kind.","둘째, 키스 마크를 남겨선 안 돼 키스뿐 아니라
어떤 마크도 안 되지"
28:39,"After that, it's all good, buddy.",이것 외엔 다 맘대로 해도 돼
28:43,"Now, her plumbing down there
don't work no more. So feel free to come in her
all you want.","더는 임신을 못 하니까
안에다 사정해도 돼"
28:46,"Keep the noise down. Try not to make
a mess. I'll be back in 20.","조용히, 깨끗하게 놀고 있어
20분 있다 올게"
28:51,Yeah.,좋았어
28:52,"Oh, shit.",맞다
28:54,"By the way,
not all the time, but sometimes","늘 그런 건 아닌데 가끔 밑이 모래만큼
뻑뻑할 때가 있거든"
28:57,"this chick's cooch can get drier
than a bucket of sand.","가끔 밑이 모래만큼
뻑뻑할 때가 있거든"
28:59,"If she dry, you just lube up with this
and you'll be good to go.","그럴 땐 이걸 발라
그럼 문제없어"
29:04,"Bon appetite, good buddy.","맛있게 먹어, 친구"
29:15,"Oh, yeah.",그래
29:20,"Oh, goddamn. You are the best-looking girl
I've had today.",오늘 품은 여자 중 제일 예쁘군
30:13,"Yo, stud! Time's up, buddy.","이봐, 시간 다 됐어"
30:15,"Coming in, ready or not.",나 들어간다
30:17,"Hey, buddy, did you have
yourself a good time, man?","야, 재미 많이 봤냐?"
30:52,"-Where's Bill?
-[grunting]",빌 어디 있어?
30:55,Where's Bill?,빌 어디 있어?
30:58,"-Please stop hitting me.
-Where's Bill?","- 제발 그만 때려
- 빌 어디 있어?"
31:02,"-[man] I don't know who Bill is!
-Bullshit!",그런 사람 몰라! 거짓말!
31:13,"Well, ain't you the slice of cutie pie
they said you was?",소문대로 예쁜 아가씨가 들어왔네
31:17,"Jane Doe, huh?
Oh, we don't know shit about you, do we?",이름 없음? 신원 미상이라고?
31:19,"Well, I'm from Huntsville, Texas.",난 텍사스 헌츠빌에서 왔어
31:22,"My name is Buck, and I'm here to fuck.","이름은 벅, 떡 치러 왔지"
31:29,Your name is Buck.,네 이름 벅이지?
31:34,And you came here to fuck.,여기 떡 치러 왔지?
31:37,"-Right?
-Wait a minute. Wait.","여기 떡 치러 왔지? 잠깐만, 잠깐…"
32:06,Pussy wagon.,'계집 자석'?
32:08,You fucker.,망할 자식
32:37,Texas. Okay.,"텍사스, 좋아"
34:26,Wiggle your big toe.,엄지발가락 움직여
34:33,Wiggle your big toe.,엄지발가락 움직여
34:43,Wiggle your big toe.,엄지발가락 움직여
34:51,Wiggle your big toe.,엄지발가락 움직여
34:58,Wiggle your big toe.,엄지발가락 움직여
35:00,"As I lay in the back of Buck's truck,
trying to will my limbs out of entropy…","벅의 트럭 뒷좌석에 앉아
위축된 근육을 회복하면서…"
35:05,Wiggle your big toe.,엄지발가락 움직여
35:07,"…I could see the faces
of the cunts who did this to me.","날 이렇게 만든
망할 계집들을 떠올렸다"
35:11,And the dicks responsible.,망할 자식들도
35:15,"Members all
of the Deadly Viper Assassination Squad.",이들은 모두 데들리 바이퍼 암살단이었다
35:22,"When fortune smiles
on something as violent and ugly as revenge,","행운의 여신이 복수만큼
난폭하고 추한 것에 미소 지을 때"
35:27,"it seems proof like no other
that not only does God exist,","신은 정말 존재하고
우리가 신의 뜻대로 산다는 걸"
35:31,you're doing his will.,느낄 수 있다
35:33,"At a time when I knew
the least about my enemies,",적에 관해 아무것도 모르던 시절
35:36,"the first name on my death list,","첫 번째 제거 대상인
오렌 이시이는"
35:38,"O-Ren Ishii, was the easiest to find.","첫 번째 제거 대상인
오렌 이시이는 누구보다도 찾기 쉬웠다"
35:42,"But, of course, when one manages
the difficult task",갖은 고생 끝에
35:44,"of becoming queen of the Tokyo underworld,",도쿄 지하 세계의 여왕이 됐으니
35:47,"one doesn't keep it a secret, does one?",누군들 떠벌리고 싶지 않을까?
36:03,"[The Bride] O-Ren Ishii was born
on an American military base in Tokyo, Japan.","오렌 이시이는 일본 도쿄에 있는
미군 기지에서 태어났다"
36:10,"The half-Japanese, half-Chinese
American Army brat","어머니는 일본인
아버지는 중국계 미군으로"
36:13,"made her first acquaintance
with death at the age of nine.","오렌이 처음 죽음을 목격한 건
9살 때였다"
36:17,"It was at that age she witnessed
the death of her parents at the hands","그것은 바로 부모의 죽음으로 그 일을 지시한 건 일본에서
가장 무자비한 야쿠자 두목"
36:21,"of Japan's most ruthless yakuza boss,
Boss Matsumoto.","그 일을 지시한 건 일본에서
가장 무자비한 야쿠자 두목 마츠모토였다"
39:41,Mommy.,엄마?
40:52,[The Bride] She swore revenge.,오렌은 복수를 맹세했고
40:55,"Luckily for her, Boss Matsumoto
was a pedophile.","운 좋게도 마츠모토 두목은
소아성애자였다"
41:02,"[The Bride] At 11, she got her revenge.","11살이 되던 해
오렌은 복수에 성공했다"
41:09,"[speaking Japanese]
Look at me Matsumoto,","마츠모토, 날 봐"
41:14,take a good look at my face.,내 얼굴을 잘 보란 말이야
41:20,Look at my eyes.,내 눈을 봐
41:25,Look at my mouth.,내 입을 봐
41:27,Do I look familiar?,생각나는 사람 없어?
41:32,Do I look like somebody you murdered!,당신이 죽인 누군가를 닮지 않았어?
42:49,"[The Bride] By 20, she was one of the top female assassins
in the world.","20살이 된 오렌은 세계적인
여성 암살자가 되어 있었다"
43:42,"[The Bride] At 25,
she did her part in the killing","25살이 되던 해, 오렌은
배 속에 있던 내 딸을 포함해"
43:44,"of nine innocent people,
including my unborn daughter,","25살이 되던 해, 오렌은
배 속에 있던 내 딸을 포함해 무고한 사람 9명을
죽이는 일에 가담했다"
43:50,"in a small wedding chapel
in El Paso, Texas.","텍사스주 엘패소에 있는
작은 결혼 예배당이었다"
43:54,"But on that day four years ago,",하지만 4년 전 그날
43:58,she made one big mistake.,"오렌은 한 가지
큰 실수를 저질렀다"
44:02,She should have killed ten.,9명이 아닌 10명을 죽였어야 했다
44:05,"However,
before satisfaction would be mine,",하지만 복수를 하기 전에
44:09,first things first.,먼저 할 일이 있다
44:12,Wiggle your big toe.,엄지발가락을 움직여
44:21,Hard part's over.,어려운 부분은 끝났어
44:24,"Now,
let's get these other piggies wiggling.","자, 이제 다른 꿀꿀이들을
움직여 보는 거야"
45:02,Welcome to Air O. May I help you?,"오 항공에 잘 오셨습니다
뭘 도와드릴까요?"
45:04,Okinawa. One-way.,오키나와행 편도 한 장이요
45:34,[The Bride] Hi.,안녕하세요
45:35,[speaking Japanese] Welcome.,어서 오세요
45:42,[speaking English] Welcome.,어서 오세요
45:45,You English?,영국인?
45:47,Almost. American.,"비슷해요, 미국인이죠"
45:49,"American. Welcome, American.","미국인이군요
어서 오세요, 미국인"
45:53,Domo.,'도모'
45:54,My English very good.,난 영어를 아주 잘한답니다
45:57,"You said ""domo.""
Can you speak Japanese?",방금 '도모'라고 했는데 일본어 할 줄 알아요?
46:00,"No. No. Just a few words
I learned since yesterday.","아뇨, 어제 처음으로
몇 단어 배웠어요"
46:06,"-May I sit at the bar?
-[bartender] Oh, sure, sure. Please sit.","- 바에 앉아도 되나요?
- 그럼요, 앉으세요"
46:13,What other words did you learn?,또 어떤 단어를 배웠죠?
46:16,Oh. Just a minute.,잠시만요
46:19,"[yelling in Japanese] We have a customer.
Bring out some tea, quickly. quickly.","손님 오셨다!
차 가져와, 어서!"
46:23,"[man, speaking Japanese]
I'm watching my soap operas.",나 드라마 봐야 돼요
46:26,"[muttering in Japanese]
Oh shit! Lazy bastard…",젠장! 저 게으른 놈
46:30,"[yelling] Screw your soap opera…
hurry up!",망할 드라마 끄고 당장 가져와!
46:32,[man] The tea's hot. Why don't you serve it yourself for once?,"차는 뜨겁단 말이에요
직접 가져가시든가요!"
46:36,"[speaking English]
Shut up! Get your ass out here!","닥쳐, 당장 나오지 못해?"
46:40,Excuse me.,죄송합니다
46:44,What other Japanese do you know?,또 어떤 일본어를 아시죠?
46:47,Oh. Let's see. Arigato.,"어디 보자 - '아리가토'
- '아리가토' 좋아요!"
46:51,Arigato. Good!,"- '아리가토'
- '아리가토' 좋아요!"
46:55,"Uh-- I already said ""domo"", right? [bartender] Yeah. Yeah, yeah, yeah.","- '도모'는 이미 했죠?
- 네"
47:00,Konn-itch-iwa.,'고네치와'?
47:03,Kohn-nee-chee-wah.,'곤니치와'
47:05,"Konnichiwa.
Please repeat.",해보세요
47:06,Konnichiwa.,'곤니치와'
47:08,"Perfect. Good, good, good.","완벽해요, 아주 좋습니다"
47:11,You say Japanese word like you Japanese.,"누가 들으면
일본 사람인 줄 알겠어요"
47:13,Now you're making fun of me!,"- 놀리시네
- 아녜요!"
47:15,"No, no, no. Serious business.","- 놀리시네
- 아녜요! 저 진지합니다"
47:18,Pronunciation very good.,발음이 아주 좋아요
47:21,"You say ""arigato"" like we say ""arigato.""","마치 일본 사람처럼
'아리가토'를 발음한다니까요"
47:29,"Well, thank you. I mean… -Arigato.
-[man exclaims]","감사합니다
아니, '아리가토'"
47:34,You should learn Japanese.,일본어를 배워봐요
47:36,Very easy.,아주 쉽죠
47:38,"[chuckles] No kidding.
I heard it was kind of hard.",제가 듣기론 어렵다던데요
47:40,[bartender] Most difficult.,엄청 어렵죠
47:42,But you have Japanese tongue.,그런데 아가씨는 재능이 있어요
47:48,[bartender] Okay. Okay.,"좋아요, 좋아"
47:50,"[speaking Japanese]
Sorry to have kept you waiting.",오래 기다리셨습니다
47:52,"[speaking English] Oh, my God.",이런…
47:56,"[yelling in Japanese]
Hey, what the hell happened to the tea.","이놈아! 차 어떻게 됐어?
당장 가지고 나와!"
48:01,"Hurry up, goddammit!","차 어떻게 됐어?
당장 가지고 나와!"
48:07,[muttering in Japanese] Lazy oaf…,게으른 놈…
48:14,[speaking Japanese] What d'ya want?,뭐로 드려요?
48:17,I beg your pardon?,뭐라고요?
48:20,To drink.,음료요
48:22,"Oh, yes. A bottle of warm sake, please.","네, 따뜻한 사케 한 병 주세요"
48:26,Warm sake?,따뜻한 사케?
48:28,Very good! [speaking Japanese] One warm sake!,아주 좋습니다! 한 병 내와!
48:31,"[speaking Japanese]
Sake? In the middle of the day?",사케? 이런 대낮에?
48:35,"[speaking Japanese]
Day, night, afternoon, who gives a damn?","대낮이든 한밤중이든
무슨 상관이야?"
48:38,Get the sake! Get the sake!,당장 가져와!
48:40,"How come I always have
to get the sake?","왜 늘 나한테만
사케 심부름 시켜요?"
48:42,You listen well…,잘 들으세요
48:44,"For thirty years, you make the fish,
I get the sake.","30년 동안 아저씨는 회 뜨고
난 사케를 준비했어요"
48:47,"If this were the military,",여기가 군대였다면
48:49,I'd be General by now!,난 지금쯤 장군이 됐을 거라고요!
48:53,"Oh, so you'd be General, huh?",네 주제에 장군?
48:56,"If you were General,
I'd be Emperor,",네가 장군이면 난 황제다!
48:59,and you'd still get the sake.,"게다가 네가 장군이어도
사케는 네 몫이야"
49:03,So shut up and get the sake. [speaking English] Do you understand?,"그러니 닥치고 사케 가져와!
아시겠어요?"
49:06,"[speaking Japanese]
I'm not bald, okay? I shaved my head. [speaking English]
Do you understand me?","이거 대머리 아니고 민 거예요
아시겠어요?"
49:13,[speaking English] Sorry.,죄송합니다
49:15,[speaking Japanese] What was I saying? Oh!,무슨 얘길 했더라?
49:18,[speaking English] First time in Japan?,일본엔 처음이세요?
49:22,What brings you to Okinawa?,오키나와엔 무슨 일로 오셨죠?
49:25,I came to see a man.,남자를 만나러 왔어요
49:27,"Oh, yeah.",그래요?
49:29,You have a friend live in Okinawa?,오키나와에 친구가 사나 보죠?
49:32,"-Not quite.
-[chopping]",그렇진 않아요
49:34,[bartender] Not friend?,친구가 아니라고요?
49:36,I never met him.,만난 적이 없거든요
49:37,[bartender] Never?,한 번도요?
49:39,Who is he? May I ask?,이름이 뭔지 물어봐도 될까요?
49:44,Hattori Hanzo.,핫토리 한조
49:58,"[speaking Japanese]
What do you want with Hattori Hanzo?",핫토리 한조는 왜 만나려는 거죠?
50:03,[speaking Japanese] I need Japanese steel.,일본도가 필요해요
50:08,"[speaking Japanese]
Why do you need Japanese steel?",일본도가 왜 필요하죠?
50:12,[speaking Japanese] I have vermin to kill.,죽여야 할 쥐새끼가 있거든요
50:18,"[speaking English] You must have big rats,
you need Hattori Hanzo's steel.","핫토리 한조 칼로 죽여야 한다니
아주 큰 쥐인가 보군요"
50:27,[speaking English] Huge.,엄청 크죠
51:56,May I?,만져봐도 될까요?
51:58,You may.,그래요
52:03,Wait.,잠깐
52:05,Try the second one down.,위에서 두 번째 것을 잡아봐요
53:00,Funny.,재미있네요
53:02,You like samurai swords…,아가씨는 사무라이 검을 좋아하고
53:07,I like baseball.,난 야구를 좋아하고
53:18,"[speaking Japanese]
I wanted to show you these.",여길 보여주고 싶었지
53:21,However…,그런데
53:24,"someone as you, who knows
so much, must surely know,","많이 알고 있는 걸로 봐서
이미 알 것 같은데"
53:28,"I no longer make
instruments of death.",난 이제 살인 도구는 만들지 않아
53:34,"What I have here,",여기 이건
53:36,"I keep for their aesthetic
and sentimental value.","추억이 담긴 아름다운 물건이라
보관해 둔 것이야"
53:43,Yet proud as I am of my life's work…,"평생 검 만드는 일에
자부심을 느꼈지"
53:50,I have retired.,하지만 이젠 은퇴한 몸이야
54:04,"[The Bride, speaking English]
Then give me one of these.",그럼 이 중 하나를 주세요
54:06,"[Hattori, speaking English] These
are not for sale.",이건 파는 게 아니야
54:10,"I didn't say, ""Sell me."" I said, ""Give me.""","팔라고 한 적 없어요
달라고 했어요"
54:16,Why should I help you?,내가 왜 아가씨를 도와야 하지?
54:20,"Because my vermin is
a former student of yours.","내가 없애려는 쥐새끼가
당신 제자거든요"
54:27,"And considering the student,",제자가 그렇게 된 건
54:30,"I'd say you have
a rather large obligation.",사부인 당신 책임이 크죠
55:31,[speaking Japanese] You can sleep here.,여기서 지내
55:34,"It will take me a month
to make the sword.","검이 완성될 때까지
한 달쯤 걸릴 거야"
55:40,I suggest you spend it practicing.,그때까진 수련에 정진해
57:13,[speaking Japanese] I've completed doing…,28년 전
57:17,"what I swore an oath to God,
28 years ago…","다시는 하지 않겠다고
신께 맹세한 일을"
57:23,to never do again.,오늘 끝냈네
57:30,"I have created
""something that kills people.""",사람을 죽이는 것을 만든 것이지
57:35,"And in that purpose, I was a success.",그 목적에 있어선 난 성공했어
57:44,"I've done this because philosophically,",내가 이걸 만든 이유는
57:50,I am sympathetic to your aim.,자네 목표에 공감하기 때문이야
57:56,"I can tell you with no ego,
this is my finest sword.","어떤 자부심도 없이 말하건대
이건 내 최고의 작품이야"
58:03,"If on your journey,
you should encounter God,","자네 앞을 가로막는 것이
설령 신이라 한들"
58:08,God will be cut.,이걸로 벨 수 있을 거야
58:22,Yellow-haired warrior… Go.,노랑머리 무사여 가라
58:27,Domo.,'도모'
58:50,"[The Bride]
It was one year after the massacre in El Paso, Texas,","텍사스주 엘패소의
대학살이 있고 나서 1년 후"
58:54,"that Bill backed his Nippon progeny
financially and philosophically","빌은 자신의 일본계 제자를
금전, 철학적으로 지원했고"
58:58,"in her Shakespearean-in-magnitude
power struggle with the other yakuza clans","오렌은 누가 도쿄 암흑가를
지배하느냐를 놓고"
59:02,"over who would rule vice
in the city of Tokyo.","다른 야쿠자 조직과
대규모 전쟁을 펼쳤다"
59:06,"When the final sword was sheathed,",마지막 검이 검집에 꽂혔을 때
59:09,"it was O-Ren Ishii
and her powerful posse,","오렌 이시이와
오렌의 막강한 패거리"
59:13,"the Crazy 88, that proved the victor.",'크레이지 88'이 승자로 결정됐다
59:19,"[The Bride] The pretty lady
to O-Ren's right,",오렌 우측에 앉은 미녀
59:21,"who's dressed like
she's a villain on Star Trek,","'스타 트렉' 악당처럼
차려입은 이 여자는"
59:24,"is O-Ren's lawyer,
best friend, and second lieutenant,","오렌의 변호사이자
절친한 친구 겸 오른팔로"
59:27,"the half-French,
half-Japanese Sofie Fatale.","프랑스와 일본 혼혈인
소피 파탈이다"
59:32,Another former protégée of Bill's.,소피 역시 빌의 제자다
59:38,"[The Bride] The young girl
in the school girl uniform","교복을 입은 이 소녀는
오렌의 경호원으로"
59:40,"is O-Ren's personal bodyguard,
17-year-old Gogo Yubari.","교복을 입은 이 소녀는
오렌의 경호원으로 17세 고고 유바리다"
59:45,"Gogo may be young,
but what she lacks in age,",고고는 어리지만 부족한 나이를 광기로 채우고 있다
59:49,she makes up for in madness.,부족한 나이를 광기로 채우고 있다
59:51,"[speaking Japanese]
Do you like Ferraris?",페라리 좋아해?
59:57,"[speaking Japanese]
Ferrari… Italian trash.",그거 이태리산 똥차잖아
1:00:09,Do you want to screw me?,나랑 하고 싶어?
1:00:12,"Don't laugh. Do you want to
screw me, yes or no?","웃지 마!
하고 싶어, 안 하고 싶어?"
1:00:17,Yes.,하고 싶어
1:00:22,"How 'bout now, big boy?",지금도?
1:00:24,Do you still wish to penetrate me…,이래도 내 몸에 들어올래?
1:00:29,or is it I who has penetrated you?,아니지 내 물건이 아저씨 몸에 들어갔네?
1:00:34,[The Bride] See what I mean?,무슨 말인지 알겠지?
1:00:38,"The bald guy in the black suit
and the Kato mask","검은 양복에 케이토 마스크를 쓴
이 대머리는 조니 모"
1:00:41,"is Johnny Mo, the head general
of O-Ren's personal army,","검은 양복에 케이토 마스크를 쓴
이 대머리는 조니 모 오렌의 친위대 크레이지 88을
이끄는 사령관이다"
1:00:45,the Crazy 88.,"오렌의 친위대 크레이지 88을
이끄는 사령관이다"
1:00:48,"And, just in case you were wondering,",혹시 여러분 중에
1:00:51,"how could a half-breed
Japanese-Chinese American","어떻게 일본과 중국 피가
반반씩 섞인 미국인 여자가"
1:00:55,"become the boss of all bosses
in Tokyo, Japan?","도쿄를 호령하는 두목이 됐는지
궁금한 사람이 있다면"
1:01:00,I'll tell you.,말해주겠다
1:01:01,"The subject of O-Ren's blood
and nationality",오렌의 혈통과 국적이
1:01:04,"came up before the council only once,",문제시된 것은 단 한 번
1:01:07,"the night O-Ren assumed power
over the crime council.","오렌이 조직 간부 회의에서
권력을 장악했을 때다"
1:01:12,"[The Bride] The man who seems bound
and determined to break the mood is Boss Tanaka.","곧 분위기를 깰 것 같은
이 남자는 타나카다"
1:01:17,And what Boss Tanaka thinks is…,타나카의 생각은 이랬다
1:01:24,"[yelling in Japanese] Boss Tanaka!
What's the meaning of this outburst?",타나카! 무슨 짓인가?
1:01:28,This is a time for celebration!,여긴 축하하는 자리야!
1:01:29,"[speaking in Japanese]
And what exactly are we celebrating?",정확히 뭘 축하하는 거지?
1:01:34,The perversion of our illustrious council?,우리 조직이 더럽혀진 거?
1:01:38,"Tanaka, have you gone mad?
I will not tolerate this!","타나카, 자네 미쳤나? 못 참겠군!"
1:01:43,"You're disrespecting our sister.
Apologize!",자매를 모욕하다니! 사과하게!
1:01:46,"[O-Ren, speaking in Japanese] Tanaka-San,
of what perversion do you speak?","타나카 씨
뭐가 더럽혀졌다는 거죠?"
1:01:57,"My father,",우리 아버지는
1:01:59,"along with yours, and along with yours,
started this council.","자네 아버지들과 함께
이 조직을 세웠어"
1:02:03,"And while you laugh
like stupid donkeys,","자네들이 멍청한 원숭이처럼
웃고 있을 때"
1:02:06,"-they weep in the afterlife…
-Shut up!",그분들은 지하에서 울고 계셔! 닥쳐!
1:02:11,…over the perversion committed today.,조직이 더럽혀졌다며 우신다고
1:02:13,Outrageous!,헛소리 좀 작작 하지 그래!
1:02:16,"Tanaka, it is you who insults the council!
Bastard!",자네가 우릴 더럽히고 있어! 재수 없는 놈!
1:02:21,"-Fuck face!
-Gentlemen.",개자식! 여러분
1:02:26,"Tanaka obviously has something
on his mind.",타나카 씨가 불만이 많은가 봅니다
1:02:33,"By all means, allow him to express it.",속 시원히 얘기하게 두세요
1:02:38,"I speak,
of the perversion done to this council,",당신이 더럽힌 이 조직
1:02:44,"which I love,",내겐 소중해
1:02:46,"more than my own children,",내 자식보다 소중하지
1:02:49,"by making a Chinese Jap-American
half-breed bitch its leader!","그런데 오만 피가 섞인 잡종이
우리를 이끌다니 기가 막히는군!"
1:03:14,"[speaking Japanese]
So that you understand how serious I am,","내가 얼마나 진지한지
잘들 모르는 것 같으니"
1:03:21,"-I'm going to say this in English.
-[gasps]",지금부턴 영어로 말하겠습니다
1:03:37,"-[speaking English] As your leader…
-[Sofie translating]",여러분의 리더로서
1:03:40,"I encourage you from time to time,
and always in a respectful manner,","여러분께 정중하게
권장하는 바입니다"
1:03:44,to question my logic.,내게 의문을 가져도 좋아요
1:03:46,"If you're unconvinced a particular plan of action
I've decided is the wisest,","내 결정이 과연 현명한지
확신이 안 선다면"
1:03:49,"tell me so.
But allow me to convince you.","얘기를 하세요
내가 설명해 줄 테니까"
1:03:52,"And I promise you, right here and now, no subject will ever be taboo.","이 자리에서 약속하는데
금기시되는 주제는 없을 겁니다"
1:03:58,"Except, of course, the subject that was
just under discussion.","방금 논의된 사항을
제외하고 말이죠"
1:04:04,The price you pay,내 중국 혈통이나
1:04:06,"for bringing up either
my Chinese or American heritage as a negative is,","미국 국적에 관해
부정적인 얘길 하는 사람은"
1:04:11,I collect your fucking head.,머리통을 바쳐야 할 거예요
1:04:13,Just like this fucker here.,바로 여기 이 새끼처럼
1:04:18,"Now, if any of you sons of bitches","그러니까 네놈들 중에
이의 있는 놈 또 있으면"
1:04:20,"got anything else to say,
now's the fucking time!","그러니까 네놈들 중에
이의 있는 놈 또 있으면 지금 당장 말해!"
1:04:27,I didn't think so.,없을 줄 알았어
1:04:32,"[speaking Japanese]
Gentlemen, this meeting is adjourned.",이상으로 회의를 마치죠
1:04:35,"One ticket to Tokyo, please.",도쿄행 편도 한 장요
1:07:12,Moshi moshi.,여보세요
1:07:14,"[speaking Japanese] They are in a meeting.
Can you call back again later?","지금 회의 중이시라
나중에 연락하시겠어요?"
1:07:19,"Your wife is with you?
Yes, I understand. Yes.","사모님도 같이 계신가요?
알겠습니다, 네"
1:08:15,"[speaking Japanese]
Thank you for coming.",어서 오세요!
1:08:30,We've prepared special dishes for you.,"오늘은 특별한 식사를
준비해 놨습니다"
1:08:37,Please come this way.,이쪽으로 오세요!
1:09:13,"[speaking Japanese]
No, it's not like that.","아니, 그게 아니라!"
1:09:15,"So, in between the legs of the old guy,",그 할아범 가랑이에서
1:09:18,the face of an old lady appeared.,웬 할멈 얼굴이 나타난 거야
1:09:20,So here's the reason.,왠지 알아?
1:09:21,"She saw the Johnson
is pointing up straight.","할아범 막대기가
꼿꼿이 서 있었던 거지"
1:09:33,Gogo.,고고
1:11:49,"[speaking Japanese]
You have to say ""Yes, yes, yes""",뭘 요구하든 무조건 들어줘요
1:11:52,"-to any selfish demands they make.
-They demand ridiculous things.",뭘 요구하든 무조건 들어줘요 그래도 너무 심하잖아요
1:11:55,"Shut up. Do you know what would
happen if they heard you?","조용히 해요, 들으면 어쩌려고?"
1:11:57,"-What's gonna happen?
-Did you hear about the Tanaka clan?","- 어떻게 되는데요?
- 타나카 얘기 몰라요?"
1:11:59,"-You're gonna get your head chopped off.
-No, I don't want that.",목 잘리고 싶어요? 싫어요!
1:12:50,"[Sofie, speaking Japanese]
Yes, it's me.","네, 접니다"
1:12:55,"And if you give us a contact number,
we will get back to you.","번호를 남겨주시면
저희가 연락드리죠"
1:13:12,[speaking English] Hey! You.,"이봐, 거기"
1:13:14,"[speaking Japanese]
Who do you remind me of?",누구랑 닮았는데 누구더라?
1:13:18,"-Charlie Brown!
-[all laugh]",찰리 브라운!
1:13:21,"You're right,
he does look like Charlie Brown.","맞아요, 찰리 브라운 닮았어요"
1:13:24,"Charlie Brown,
four pepperoni pizzas.",찰리 브라운! 페퍼로니 피자 4판
1:13:27,That's not on our menu.,그건 메뉴에 없어요
1:13:28,"-I don't care, bring them, goddammit!
-Bring them goddammit!","- 무조건 가져와, 젠장!
- 갖고 와!"
1:13:32,"Hey, hey, Charlie, give me a kiss.","찰리, 키스해 줘!"
1:13:36,[The Bride] O-Ren Ishii!,오렌 이시이!
1:13:39,"[speaking Japanese]
You and I have unfinished business!",우리 청산할 과거가 있을 텐데!
1:15:12,"[speaking Japanese]
Charlie Brown, beat it.","찰리 브라운, 꺼져"
1:15:22,Miki.,미키
1:15:41,"-[speaking Japanese] Tear the bitch apart!
-[all yell]",찢어 죽여라!
1:17:14,"[The Bride] So, O-Ren…",오렌
1:17:16,any more subordinates for me to kill?,"내가 죽여야 할 부하가
아직 남았나?"
1:17:21,[Gogo] Hi!,안녕!
1:17:23,"[The Bride, speaking Japanese]
Gogo, right?",고고였나?
1:17:26,Bingo.,맞아
1:17:28,"[speaking Japanese]
And you're Black Mamba.",넌 블랙 맘바고
1:17:32,[The Bride] Our reputations precede us.,서로 명성은 익히 들은 것 같군
1:17:36,Don't they?,그러게?
1:17:40,"[The Bride, speaking English] Gogo,",고고
1:17:42,"I know you feel you must
protect your mistress.","주인을 지켜야 하는
네 입장은 아는데"
1:17:46,But I beg you…,이렇게 간청할게
1:17:49,walk away.,그냥 가
1:17:57,[speaking Japanese] You call that begging?,그게 간청이야?
1:18:05,You can beg better than that.,간청하려면 제대로 해
1:21:22,Is that what I think it is?,이거 그거 맞아?
1:21:24,"You didn't think it was gonna be
that easy, did you?","그렇게 쉬울 거라곤
생각하지 않았겠지?"
1:21:27,"You know, for a second there,",사실은 잠시나마
1:21:31,"yeah, I kind of did.","그래, 쉬울 거라 생각했어"
1:21:35,Silly rabbit.,멍청하긴
1:21:37,"-Trix are for--
-Kids.","- 속임수는…
- 애들용이지"
1:28:08,"This is what you get
for fucking around with yakuzas!","야쿠자랑 어울려 다니면
이렇게 되는 거야!"
1:28:13,Go home to your mother!,엄마 젖이나 더 먹어!
1:29:13,"[speaking Japanese] Those of you
lucky enough to still have your lives,","운 좋게도 아직
숨이 붙어있는 놈들은"
1:29:16,take them with you!,죽기 전에 모두 꺼져!
1:29:20,"However,",대신
1:29:23,leave the limbs you've lost.,"잘린 팔다리는
여기 두고 가야 할 거야"
1:29:28,They belong to me now.,그건 이제 내 거니까
1:29:37,"[speaking English] Except you, Sofie!","넌 빼고, 소피!"
1:29:40,You stay right where you are.,거기 그대로 있어
1:29:44,"[woman, in Japanese] What are you going
to do about this place after all this?","이런 난장판을 만들어 놓다니
이걸 다 어떻게 치우려고요!"
1:29:55,My place…,내 가게가…
1:30:37,"[O-Ren, speaking English]
Your instrument is quite impressive.",굉장한 검이군
1:30:44,"[speaking Japanese]
Where was it made?",어디서 만들었지?
1:30:47,"-Okinawa.
-[bamboo fountain clunking]",오키나와
1:30:51,"[O-Ren, speaking Japanese]
Whom in Okinawa made you this steel?",오키나와에 있는 누구?
1:30:54,"[The Bride, speaking English]
This is Hattori Hanzo steel.",핫토리 한조
1:30:57,[speaking Japanese] You lie!,거짓말!
1:31:11,"[speaking Japanese]
Swords, however, never get tired.",검은 피곤한 법이 없지
1:31:15,I hope you've saved your energy.,아직 힘이 남아있길 바라
1:31:22,If you haven't…,그렇지 않다면
1:31:25,you might not last five minutes.,5분도 못 버틸 테니까
1:31:29,"But as last looks go,",물론 이런 죽음은
1:31:32,you could do worse.,그리 나쁘지 않아
1:34:13,"[speaking English] Silly Caucasian girl
likes to play with samurai swords.","어리석은 백인 계집애가
사무라이 검을 갖고 놀다니"
1:34:20,"You may not be able
to fight like a samurai…","사무라이처럼
싸울 수 없을진 몰라도"
1:34:26,but you can at least die like a samurai.,사무라이처럼 죽을 순 있을 거야
1:34:59,"[speaking Japanese]
Attack me… with everything you have.",덤벼 전력을 다해서
1:35:59,"[speaking Japanese]
For ridiculing you earlier…",앞서 조롱한 거
1:36:04,I apologize.,사과할게
1:36:15,[speaking Japanese] Accepted.,받아들이지
1:36:33,[speaking Japanese] Ready?,준비됐어?
1:36:39,[speaking Japanese] Come on.,덤벼
1:37:13,[speaking Japanese] That really was a…,정말 핫토리 한조의…
1:37:20,Hattori Hanzo sword.,검이었구나
1:39:19,"[man, shouting in Japanese]
Come and give us a hand!",여기 좀 도와줘!
1:39:28,[Bill] Sofie…,소피
1:39:30,Sofie…,소피
1:39:32,My Sofie…,나의 소피
1:39:34,I'm so sorry.,정말 유감이야
1:39:40,"Please.
Please forgive my betrayal.",배신한 것 용서해 주세요
1:39:43,[Bill] No more of that.,그런 말 마
1:39:45,But still…,그래도…
1:39:47,[Bill] But still nothing…,'그래도'는 없어
1:39:51,"except my aching heart
over what she's done","예쁘고 총명한 소피한테 이런 일이 생겨
내 가슴이 아플 뿐이야"
1:39:55,to my beautiful and brilliant Sofie.,"이런 일이 생겨
내 가슴이 아플 뿐이야"
1:39:59,"[The Bride]
I've kept you alive for two reasons.",널 살려둔 이유는 두 가지야
1:40:02,The first reason is information.,"첫째, 정보를 얻기 위해서지"
1:40:04,"[speaking French] Burn in hell,
you stupid blonde! I'll tell you nothing!","지옥에나 떨어져
멍청한 금발 계집애! 난 입 안 열어!"
1:40:11,"[The Bride, speaking English]
But I am gonna ask you questions.",그래도 난 물어볼 거야
1:40:15,"And every time you don't give me answers,",그리고 네가 대답을 안 할 때마다
1:40:19,I'm gonna cut something off.,하나씩 잘라낼 거야
1:40:23,"And I promise you,",장담하는데
1:40:25,they will be things you will miss!,없으면 무척 아쉬울 것들이지
1:40:29,"-Give me your other arm!
-[Sofie screams]",남은 팔 내밀어!
1:40:34,"[The Bride] I want all the information
on the Deadly Vipers.",데들리 바이퍼에 관해 모두 털어놔
1:40:39,[Bill] If you had to guess… [The Bride] What they've been doing…,"- 한번 추측해 봐
- 그동안 뭘 했고…"
1:40:41,[Bill] …why she left you alive… [The Bride] …and where I can find them.,"- 널 살려준 이유
- 지금 어디에 있는지"
1:40:44,[Bill] …what would be your guess?,이유가 뭘까?
1:40:48,Guessing won't be necessary.,추측할 필요도 없어요
1:40:51,She informed me.,제게 말해주더군요
1:40:55,"She said I could keep my wicked life
for two reasons.","제 악한 목숨을 살려주는 이유는
두 가지랬어요"
1:41:00,"[The Bride] As I said before,",앞서 말했듯이
1:41:02,"I've allowed you to keep
your wicked life for two reasons.","네 악한 목숨을 살려주는 이유는
두 가지야"
1:41:06,And the second reason is,"두 번째 이유는 빌에게 가서
오늘 있었던 모든 일을"
1:41:09,"so you can tell him, in person,
everything that happened here tonight.","두 번째 이유는 빌에게 가서
오늘 있었던 모든 일을 말해주길 바라기 때문이지"
1:41:16,"I want him to witness
the extent of my mercy","불구가 된 네 몸을 보면
내가 얼마나 자비로운지"
1:41:19,by witnessing your deformed body.,빌은 깨달을 거야
1:41:23,"I want you to tell him
all the information you just told me.","방금 네가 내게 말한 모든 걸
빌한테 얘기해"
1:41:27,I want him to know what I know.,"내가 안다는 걸
빌도 알았으면 하니까"
1:41:30,"I want him to know
I want him to know.","빌이 알기를 바란다는 것도
빌이 알았으면 하니까"
1:41:34,And I want them all to know,다른 녀석들도 알아야만 해
1:41:37,they'll all soon be as dead as O-Ren.,"다들 오렌처럼
곧 죽을 거라는 걸 말이야"
1:42:07,"[Hattori Hanzo, speaking Japanese]
Revenge is never a straight line.",복수는 직선이 아니네
1:42:15,It's a forest.,숲이지
1:42:18,"And like a forest,
it's easy to lose your way,","숲에 들어갔을 때처럼
길을 잃기 쉬워"
1:42:21,"to get lost, to forget
where you came in.",어디로 들어왔는지 잊기 쉽지
1:42:28,That woman deserves her revenge.,그 여자는 복수해 마땅해
1:42:37,And…,그리고
1:42:40,we deserve to die.,우린 죽어 마땅하고
1:42:45,She must suffer to her last breath.,"그 계집은 마지막 순간까지
고통을 느껴야 해"
1:43:02,How did you find me?,날 어떻게 찾았어요?
1:43:05,[Bill] I'm the man.,나잖아
1:43:11,"[Bill] One more thing, Sofie.","한 가지만 더, 소피"
1:43:14,Is she aware her daughter is still alive?,"자기 딸이 살아있는 걸
알고 있던가?"
