﻿Time,Subtitle,Translation
2:41,INIHAHANDOG NG NETFLIX,"‎""NETFLIX 제공"""
3:44,MAKALIPAS ANG PITONG TAON,"‎""7년 후"""
5:11,Magandang umaga. Magandang umaga.,"‎- 안녕, 좋은 아침
‎- 좋은 아침"
5:13,Tapusin ko lang 'to.,‎이것만 마저 할게
5:15,"Paalis na rin ako.
Magkikita pa kami ni Leo.","‎괜찮아, 어차피 나갈 거야
‎레오 만나야 해"
5:17,Mag-almusal ka muna.,‎아침부터 먹어
5:21,"Maaga darating 'yung mga t-shirt suppliers
baka mabigla si Leo","‎티셔츠 납품 업체에서 일찍 온댔어 ‎레오가 버거워할지 몰라
‎주지사님이 지지자들과 만날"
5:24,at kailangan ko pang tingnan ang lugar,"‎레오가 버거워할지 몰라
‎주지사님이 지지자들과 만날"
5:25,para sa pagbisita ng gobernador.,‎식당도 확인해 봐야 하고
5:28,"Alam mo, hayaan mo muna si Leo, ha.",‎나라면 그냥 레오한테 맡기겠다
5:32,"Siya ang SK, hindi ikaw. Para matuto rin siya.","‎공무원은 자기가 아니라 레오야
‎레오도 좀 배우라고 해"
5:37,Hindi lang naman kay Leo importante ito. Pati ako.,"‎레오만을 위해서 이러는 건 아니야
‎나한테도 중요한 행사야"
5:41,Naniniwala ako na si Gob ang pag-asa ng bayan.,"‎난 정말 주지사님이
‎우리 나라의 희망이라고 믿어"
5:43,"Alam mo, kahit sino man 'yang
""pag-asa ng bayan"" na 'yan",‎우리 나라의 희망이 누구든지
5:46,Sigurado ako nag-aalmusal 'yun ngayon.,‎지금 분명 아침을 먹고 있을 거야
5:50,Kaya dapat ikaw rin.,‎그러니까 당신도 먹어
5:52,Huwag ka nang makikisali sa mga ganyan.,"‎정치에 너무 깊이
‎발 담그지도 말고"
5:56,Pare-pareho lang ang mga politiko na 'yan.,‎정치인들은 다 똑같아
5:58,Paninira lang 'yan.,‎그거 가짜 뉴스야
6:00,Si Villanueva? Sana nga.,"‎비야누에바 관련 뉴스?
‎그랬으면 좋겠다"
6:06,"O, anak.","‎안녕, 우리 아기, 이리 와"
6:08,Kumusta tulog mo?,"‎우리 아기, 잘 잤어?"
6:11,Anak...,‎우리 딸
6:13,"Ano ang pinaka-importanteng
meal of the day?",‎하루 중 가장 중요한 끼니가 뭐지?
6:17,Almusal!,‎아침요!
6:26,Gob pwede magtanong?,"‎- 질문해도 돼요?
‎- 주지사님!"
6:27,Sige.,"‎- 주지사님!
‎- 네"
6:28,"Gob ang plataporma niyo
ay kontra ilegal na droga","‎이번 선거에
‎마약 퇴치 운동을 내거셨는데"
6:30,"gaano ka-totoo
na kasosyo niyo si Mr. De La Vega","‎우리 나라 최대 규모의
‎마약 공급상 혐의를 받는"
6:33,"na sinasabing isa sa mga pinaka-malaking
drug supplier sa bansa?","‎데 라 베가 씨랑
‎사업 파트너 관계 아니신가요?"
6:36,Hindi ko siya kasosyo! Tapos!,"‎파트너 관계 아닙니다!
‎절대 아니에요!"
6:40,"'Pag naupo ako sa pwesto, sisiguraduhin kong makukulong
'yung mga De La Vega na 'yan.","‎전 악당들과 맞서 싸우려고
‎애쓰고 있는데..."
6:47,"Unggoy ka! Hindi ka mananalo
kundi dahil sa'kin!","‎이 멍청한 놈아! 나 아니었으면
‎넌 그 자리에 못 올랐어"
6:54,Boss! May regalo ako sayo.,"‎보스!
‎보스께 드릴 선물이 있습니다"
7:10,"Boss,
ito 'yung sinasabi ko sa inyong regalo.","‎보스, 제가 잡은 배신자들이에요"
7:27,"Kayong dalawang traydor kayo, ha!",‎배신자 두 마리
7:31,Ang lalakas ng loob niyo.,"‎배짱은 좋네, 그거 하나는 인정해"
7:33,Pero ang gusto kong malaman...,‎그런데 내가 진짜 궁금한 건
7:36,sino ang tunay na traydor?,‎진짜 배신자가 누구인가 하는 거야
7:40,Tama! Kaya katapusan niyo na!,‎그래! 너희 둘은 끝이야!
7:45,"Tingnan mo itong dalawang ito, si Kaleb at si Victor.",‎모두 케일럽이랑 빅터 좀 봐
7:49,"'Yang dalawang 'yan, hindi magkasundo. Magkasalungat sila.","‎얘들은 서로 못 잡아먹어 안달인
‎물과 불 같은 관계지만"
7:52,Sa isang bagay lang sila nagkakapareho...,‎한 가지 공통점이 있어
7:56,meron akong tiwala sa kanila.,‎충성심이 있다는 거야
7:59,Tama! Kailangan talaga ng tiwala!,"‎그래!
‎우리한테 필요한 건 충성이다"
8:04,Wala akong tiwala sa iyo!,‎충성?
8:06,Niloloko mo ako!,‎남의 뒤통수나 치는 개자식아!
8:11,Akala mo kaya mo ko ha! Ha!,‎내가 모를 줄 알았어?
8:20,Kayong dalawa!,‎이제 너희 둘 차례야!
8:23,Tapusin na sila!,‎여자애들이 처리해!
8:24,"Boss, binigay na namin ang mga pangalan.","‎보스, 이름은 다 불었잖아요"
8:32,Sige. Balik tayo sa problema. Pag-usapan natin 'yang si Villanueva.,"‎좋아, 본론으로 넘어가 보자
‎비야누에바란 놈"
8:38,Masyado siyang masatsat.,‎말이 너무 많아
8:40,"Masyado siyang maingay, pati ating mga kliyente
natatakot na tuloy.","‎시끄러워 죽겠어
‎걔 때문에 우리 고객들이 불안해해"
8:45,"Kaya, kailangan siyang patahimikin.",‎그러니까 입 다물게 해 줘야지
8:47,Kailangan ngayon na.,‎당장 처리해야 해요
8:49,Mas madaling sabihin kaysa gawin.,‎말이야 쉽지
8:50,"Kung papayagan niyo ko,",‎허락해 주시면
8:51,ako na at mga tao ko ang bahala.,"‎당장 저희 애들 끌고 가서
‎처리하겠습니다"
8:53,Ikaw ang bahala? Parang nung nangyari kay Santiago?,"‎처리?
‎산티아고를 처리했던 것처럼?"
8:56,"Hoy gago, tinapos ko 'yon!","‎잘 들어, 멍청한 놈아
‎난 임무를 완수했어!"
8:59,Seryoso ka? Tanga ka ba?,"‎케일럽, 진심이야?
‎너 그렇게 멍청하냐?"
9:02,Lahat tayo iniimbistigahan dahil sa’yo!,"‎너 때문에
‎우리 다 수사받고 있잖아"
9:05,"-Sa katangahan mo...
-Sir.","‎- 네가 또 망쳤다고
‎- 보스"
9:09,Sige. Salamat po.,"‎- 그래
‎- 감사합니다, 보스"
9:13,Siguraduhin mo na ma-iligpit ang mga ahas na 'yan.,"‎기어 다니는 뱀 같은
‎그 교활한 놈들을 다 처리해"
9:20,Lahat sila! Okay?,"‎죽여 버리라고, 알겠어?"
9:32,Bakit?,‎왜죠?
9:36,"Anong ""bakit""?",‎그게 대체 뭔 질문이냐?
9:38,"Ba't mo hinahayaan si Kaleb
na ilagay tayo sa alanganin?","‎왜 케일럽이 일 그르치며
‎돌아다니게 놔두시냐고요"
9:40,"Tapos ako naman
ang laging sumasalo ng mga problema.","‎걔 뒤처리는
‎제가 다 해야 한다고요"
9:46,"Victor, Victor...",‎빅터
9:50,"Sa mundong ito,
lahat tayo may lugar.","‎이 세상엔
‎저마다의 자리란 게 있다"
9:53,"At sa pamilyang ito, ako ang masusunod.","‎그리고 우리 패밀리에서
‎결정은 내가 내린다"
9:59,Naiintindihan mo ba ako?,‎알아들어?
10:01,Uulitin ko.,‎마지막으로 묻는다
10:03,Naiintindihan mo ba ako?,‎알아들어?
10:07,Opo.,‎네
10:32,"-Paalam!
-Paalam Min-min!","‎- 잘 가!
‎- 잘 가, 민민! ‎안녕!"
10:38,"Anak, upo ka nang maayos ah.","‎딸, 안전띠 매"
10:41,"-Tara?
-Opo.","‎- 준비됐어?
‎- 네, 엄마"
10:47,"'Nay, tingnan mo oh!","‎엄마, 보세요!"
10:48,"Wow, ang galing naman ng anak ko. Mana ka talaga sa'kin.","‎와! 우리 딸은 정말 똑똑해
‎엄마를 닮아서 그래"
10:55,"O, hon!","‎안녕, 자기야!"
10:56,Kakasundo ko lang dito kay Min-min.,‎학교에서 민민 데리고 나왔어
10:59,"'Tay! O, anak!","‎- 안녕하세요, 아빠!
‎- 안녕, 우리 딸!"
11:01,"Masaya ba sa klase kanina? Kwentuhan mo ako mamaya, ha?","‎학교는 재밌었어?
‎이따 얘기해줘, 응?"
11:03,"O, pauwi na kami. Uwi ka nang maaga ha?","‎집으로 가는 중이야
‎부탁인데, 일찍 올래?"
11:07,"Oo, may inaayos lang ako
para sa kampanya. Tapos, uwi na rin ako. Ingat kayo!","‎가고 있어, 조심히 들어가"
11:12,Mahal kita. Mahal din kita.,"‎- 사랑해
‎- 나도 사랑해, 끊어!"
11:26,Sarap! Sarap!,"‎- 맛있다!
‎- 맛있다!"
11:29,Talaga ba?,‎정말?
11:30,"Pareho talaga kayong
dalawang mag-ama ha.",‎둘이 똑같아
11:32,"-Masarap 'Nay!
-Bolero kayo, bolero kayong dalawa!","‎- 엄마, 정말 맛있어요
‎- 둘이 맨날 나만 놀리잖아"
11:36,Masarap 'di ba?,‎맛있지?
11:40,"Gob, masasabi niyo po ba","‎주지사님, 데 라 베가 패밀리랑
‎연루됐다는 혐의가"
11:41,"na ang mga alegasyong kasosyo ninyo
ang mga De La Vega, ay gawa-gawa lang?","‎주지사님, 데 라 베가 패밀리랑
‎연루됐다는 혐의가 ‎전부 가짜 뉴스라고
‎확답할 수 있으신가요?"
11:45,Oo naman.,‎그럼요
11:46,"At ito pa, bakit init na init ba ang mga
reporter sa pamilyang De La Vega?","‎하나만 묻죠, 데 라 베가 패밀리를
‎왜 과장 보도 하시죠?"
11:50,Sinisiraan lang siya.,"‎주지사님을
‎나빠 보이게 하려는 거야"
11:52,May tiwala pa rin ako sa kanya.,"‎난 아직도 주지사님이
‎좋은 분이라고 믿어"
11:55,Siya ang sagot sa bansa natin.,‎우리 나라의 희망이셔
12:05,Ba't ka nakasimangot?,‎표정이 왜 그래?
12:09,Nakasimangot?,‎무슨 표정?
12:12,"Ayan oh, itsura mo.",‎찡그리고 있잖아
12:14,Mukha kang naiinis.,‎짜증 난 사람처럼
12:17,Ganito lang talaga mukha ko.,‎내 표정은 항상 이래
12:20,Talaga lang?,‎정말?
12:24,"Tagal na nating magkasama,
'di mo pa rin ako kilala?","‎4년을 같이 살았는데
‎아직도 날 몰라?"
12:28,Talaga lang ha.,"‎네, 그러시겠죠"
12:30,Alam mo...,‎있잖아
12:32,Sobrang inspirasyon ko talaga si Gob.,"‎생각해 보니까, 주지사님은
‎참 영감을 주는 분이셔"
12:35,"Naniniwala talaga ako
sa mga pinaglalaban niya.","‎주지사님이 내세운 명분을
‎나도 옳다고 믿어"
12:38,Siya ang sagot sa bansa natin.,"‎우리 나라의 희망이시지
‎그렇고말고"
12:45,Ewan ko sa'yo. Iaakyat ko lang si Min-min.,"‎맘대로 생각해
‎민민이나 위층에 눕혀야겠다"
12:48,Ano ba...,‎자기야
12:52,Hindi ka mabiro?,"‎진지함 좀 내려놔, 농담이야"
13:11,Mahigpit ho ang bantay.,‎경비는 철통같아요
13:14,"May walong sibilyan, malapit sa restawran.","‎식당 주변에
‎사복 경찰 8명 배치했어요"
13:17,Uy tito!,‎작은아버지!
13:19,Leo. Mauna na'ko.,"‎- 레오
‎- 난 가 볼게"
13:21,Uy tita.,"‎안녕하세요, 작은어머니"
13:23,"Tita, maraming salamat po
at nakarating po kayo ah.",‎와 주셔서 정말 감사해요
13:29,"Ano tito, handa ka na ba?","‎작은아버지, 준비되셨어요?"
13:31,Oo naman. Ikaw? Kabado ka 'no?,"‎그럼, 넌 어때? 긴장했구나?"
13:34,"'Di naman po.
Ikaw 'yung kabado eh.","‎아니거든요
‎작은아버지야말로 긴장했네요"
13:36,Ako ba?,"‎- 내가?
‎- 그런데, 작은아버지"
13:38,"Kuya, ano po 'yan?","‎아저씨, 그건 뭐예요?"
13:40,"-Anak...
-Ah, ito ba?","‎- 딸?
‎- 이거?"
13:42,"'Di ba sabi ko sa yo,
'wag ka lalayo kay nanay?","‎딸! 엄마한테
‎딱 붙어 있으라고 그랬지?"
13:44,Pasyensya na po.,‎죄송해요
13:46,Okay lang. Pasensya na kayo manong pulis.,"‎괜찮아, 죄송해요, 경관님"
13:49,"Okay lang po mam.
Walang problema.","‎괜찮아요, 사모님, 정말 괜찮아요"
13:54,Mag-iikot na muna kami ah?,"‎자기야, 주변이나 둘러보고 올게"
13:56,"Oo, sige.",‎그래
13:57,Ikaw na bahala maghintay kay Gob.,"‎당신은 여기서
‎당신 남자 친구나 기다려"
14:00,Sige.,‎알았어
14:01,"Kita tayo mamaya. Salamat. Sige, mamaya.","‎- 이따 봐
‎- 고마워, 이따 봐"
14:03,"Sige, anak. Paalam po, tita.","‎- 안녕, 딸
‎- 가세요, 작은어머니, 가세요!"
14:31,Gusto mo ba sa bahay nalang tayo kumain?,‎그냥 집에 가서 먹을래?
14:43,Siguraduhin mong walang sabit.,"‎- 이번엔 조용히 처리해
‎- 네, 보스"
14:46,"Pupunta ako ng ibang bansa
kasama ng mga kasosyo natin.","‎난 사업 파트너들을 만나러
‎곧 출국할 거야"
14:48,"Pagtapos mo kay Gob, balik ka agad dito.",‎주지사 처리하면 돌아와
14:51,Opo.,‎알겠습니다
14:54,Sir!,‎대장님!
15:20,"Usod, usod.",‎비켜
15:22,Ano ba ‘yan!,‎조심 좀 하세요!
15:24,"Asan 'to? Sino, sir?","‎- 그 여자 어디 갔어?
‎- 누구요, 대장님?"
15:26,Siya! Asan siya?,‎이 여자! 어디 갔냐고!
15:29,Nakaalis na sir.,‎방금 자리를 떴어요
15:34,Ikutin niyo 'to. Hanapin niyo siya.,"‎주변을 뒤져 봐, 알겠지?
‎여자를 찾아라"
15:36,Opo. Tara.,"‎알겠습니다, 가자"
15:42,"Kailangan natin tingnan
ang mga batas na makasisiguradong","‎정부가 쓸데없는 일에
‎돈을 낭비하지 못하도록"
15:46,hindi wawaldasin ng gobyerno ang pera ng bayan.,‎감시하는 법들을 만들어야 합니다
15:51,'Yan ang maipapangako ko.,‎그건 약속하겠습니다
15:52,Maniwala kayo na,‎저를 뽑아 주시면
15:55,"'pag inupo niyo ako,",‎앞으로는 정부가
15:56,"ako ang magiging kakampi ng mga
maliliit na negosyanteng tulad niyo.","‎앞으로는 정부가 ‎소상공인을 돕기 위해
‎발 벗고 나설 테지만"
16:00,Pero... kailangan nating magtulung-tulong.,"‎그러려면 우리가 모두 잘해야 하고
‎여러분의 선택이 중요합니다"
16:04,"Kaya mga kaibigan,
sa darating na eleksyon...","‎그러니까 동지 여러분
‎다가오는 선거일을 잊지 마시고..."
16:10,Nanunuod ako!,‎보고 있잖아!
16:11,Puro ka nalang si Gob.,‎주지사 생각만 하지?
16:13,"Suot mo na nga 'yung mukha ni Gob,
Gob ka pa rin.",‎벌써 얼굴 찍힌 티셔츠까지 입었네
16:16,"Malaki na naitulong mo sa kanya,
okay na 'yun.",‎그 정도 했으면 됐잖아?
16:19,"Mali ba na sumusuporta ako
sa isang politikong matino?","‎정직한 정치인을 지지하는 게
‎잘못된 거야?"
16:22,Siya lang kasi ang pag-asa ng... Pag-asa ng bayan. Alam ko na 'yan.,"‎- 저분은 나라의 희망...
‎- 나라의 희망? 나도 알아"
16:26,"Paulit-ulit ko nalang 'yan
naririnig sa'yo.",‎맨날 그 소리만 하잖아
16:29,"Eh ano bang problema? Wala. Wala naman,","‎- 그럼 뭐가 문제인데?
‎- 문제없어, 없다고"
16:33,"Pero simula kasi nung nalaman mong
mangangampanya dito si Gob,","‎주지사가 여기에서
‎선거 운동을 시작한 이후로"
16:36,"wala ka nalang ginawa kundi
bigyan siya ng importansiya kaysa sa pamilya mo.","‎당신 가족보다 주지사한테
‎더 관심을 쏟는 것 같아서 그래"
16:41,"Gusto ko lang makatulong. Pero wala ka ng oras para
sa'min ni Min-min.","‎- 주지사님 이미지를 개선해야 해
‎- 나랑 민민은 방치하고?"
17:07,'Wag po! 'Wag po!,"‎그러지 마세요, 제발요"
17:18,Tama na.,‎그만해
17:26,"Maawa ka, maawa na kayo.",‎제발 자비를 베푸세요
17:33,Anong kailangan mo?,‎원하는 게 뭐야?
17:34,Balita?,‎상황 보고?
17:36,Sino ka para pakialamanan ako?,‎네가 뭔데 캐물어?
17:42,Gusto ko lang tumulong. Magpapadala ako ng mga tao.,"‎돕고 싶어서 그래, 애들 좀 보낼게"
17:46,Bukas ang dating nila.,‎내일 도착할 거야
17:47,"Hindi ko kailangan ng tulong mo, gago ka!","‎야! 누가 도와 달랬어?
‎멍청한 놈아!"
17:52,Puta!,"‎아, 씨!"
17:55,Ulitin mo ulit.,‎한 방 더 먹여
18:03,Ano ba!,‎그만!
18:07,Tingnan mo ginawa mo.,‎네가 한 짓을 좀 봐
18:10,Hinimatay oh.,‎기절했잖아
18:14,Gagong unggoy 'to.,‎덜떨어진 놈아
18:23,Pasensya na.,‎미안하게 됐네
18:26,Gumising ka. Huy.,"‎날 위해 정신 차려 볼래?
‎정신 좀 차릴래?"
18:31,Gising!,‎정신 차려!
18:35,"Makinig ka,",‎잘 들어
18:38,"kahit anong sabihin mo,",‎네가 무슨 말을 하든
18:41,walang kwenta 'yun.,‎어차피 그건 안 중요해
18:45,Lahat ng 'to?,‎이거 다
18:48,Palabas lang lahat 'to.,‎보여 주기식 쇼야
18:51,"Gusto mong malaman kung
anong susunod kong gagawin?","‎이제부터 내가 할 걸 얘기해 줄게
‎알겠지?"
18:54,Kukunin ko 'yun,‎저 막대기를 집어서
18:58,at ipapasok ko sa pwet mo.,‎네 똥구멍에 쑤셔 박을 거야
19:11,Ito na.,‎간다
19:19,Putangina!,‎대박이네!
19:22,Victor!,‎빅터!
19:26,"Ang sabi ko, iligpit mo ang traydor.",‎뱀을 잡으라고 했지
19:34,Kumanta na ba 'yan?,‎이름은 불었어?
19:39,Kailangan ko ng pangalan.,‎난 이름을 원한다
19:46,Wala. Walang binigay.,"‎아니요, 이름은 안 나왔어요, 보스"
20:06,Lakasan mo!,‎더 세게 때려 봐!
20:28,Ayoko na ng ganito. Ang ano? Tayo?,"‎- 그만하고 싶어
‎- 뭐? 우리 사귀는 거?"
20:35,Hindi. 'Yung patayan.,"‎아니, 사람들 죽이는 거"
20:41,Ayoko nang pumatay.,‎그만 죽이고 싶어
20:45,"Parte na 'to ng buhay natin, na hindi nating pwedeng takasan.","‎우리 삶의 일부라는 거 알잖아
‎여기선 못 빠져나가"
20:51,Lalo ka na.,‎너는 더더욱 그렇지
20:59,Sige,‎있잖아
21:00,"ganito,",‎이렇게 하자
21:02,may isa pa tayong misyon.,‎임무가 하나 남았어
21:04,"Pagkatapos nun, pangako","‎약속하는데, 이거 끝나면"
21:06,kakausapin ko siya.,‎보스한테 얘기해 볼게
21:10,Okay?,‎알겠지?
21:14,Alam mo namang mahal kita.,‎내가 사랑하는 거 알잖아
22:05,Linisin niyo 'to.,"‎여기 엉망이다, 좀 치워"
22:36,Hindi na ako aalis.,‎오늘은 아무 데도 안 갈게
22:41,"Napaisip ako
sa mga sinabi mo kahapon",‎자기가 어제 한 말을 생각해 봤어
22:45,kaya ngayon... pamilya muna.,‎그래서 오늘은 가족과 보낼 거야
22:54,"Pinag-isipan ko rin 'yung
sinabi mo kahapon.","‎나도 자기가 어제 한 말을
‎생각해 봤어"
22:57,At alam ko... hindi mo naabutan si Gob dahil sa'kin,"‎자기도 나 때문에
‎주지사님을 못 뵀는데"
23:03,at alam kong sobrang importante 'yun sayo.,"‎자기한테 주지사님은
‎정말 큰 의미가 있는 분이잖아"
23:06,"Kaya babawi ako,",‎그래서 화해의 의미로
23:09,"Mamaya magluluto ako ng masarap
na hapunan.",‎특별한 저녁 식사를 차려 줄게
23:12,Bati na tayo?,‎우리 다 풀린 거지?
23:36,Ayos. Isang beses ko lang 'to sasabihin.,"‎좋아, 딱 한 번만 말한다"
23:40,"Wala akong pakialam
kung tao kayo ni Victor.",‎너희는 빅터가 보냈지만
23:42,"Habang nandito kayo, sa'kin kayo susunod.",‎여기 왔으면 내 명령을 따라야 해
23:46,Kuha?,‎알아들어?
23:48,Mabuti.,‎좋아
23:51,Meron tayong pagkakataon mamaya kay Gob.,"‎주지사가 오늘
‎다음 장소로 이동할 거야"
23:54,"Miru, magsama ka ng limang tao.","‎미루, 애들 다섯을 데려가"
23:57,"Sundan niyo siya
at tapusin niyo na ang trabaho.","‎주지사의 뒤를 밟다가
‎기회 생기면 쳐"
24:01,Sir?,"‎- 네?
‎- 당장 처리해야 할"
24:02,"May mas importante
akong kailangang gawin","‎- 네?
‎- 당장 처리해야 할 ‎더 중요한 일이 생겨서 그래"
24:04,agad.,‎더 중요한 일이 생겨서 그래
24:06,"'Yun ang uunahin ko at ng mga
maiiwang tao.","‎나랑 남은 애들은
‎그것부터 처리한다"
24:10,Naintindihan niyo ba? Pero sir?,"‎- 알아듣겠어?
‎- 하지만, 대장님"
24:15,"Sundin mo nalang ako, Miru.","‎시키는 대로 해, 미루"
24:18,Opo.,‎알겠습니다
24:21,Sige.,‎좋다
24:23,"Sa mga naiwan,",‎남은 사람들한텐
24:24,"Pinadala ko ang litrato ng isang babae, dalawang lalake,
at bata sa bawat isa sa inyo.","‎여자 하나, 남자 둘, 아이 하나의
‎사진을 보냈다"
24:28,Tandaan niyo ang mga mukhang 'yan.,‎얼굴을 잘 기억해
24:30,Simple lang ang misyon.,‎임무는 간단하다
24:32,Hanapin niyo sila at dalhin sa'kin.,‎그 인간들을 찾아서 나한테 데려와
24:35,"Wala akong palalagpasing pagkakamali,
kaya ayusin niyo.","‎이번 임무는
‎절대 실패해선 안 된다"
24:45,Ano pang ginagawa niyo dito? Alis!,‎뭘 멍하니 서 있어? 가!
24:53,Bantayan mo 'yung mga 'yun.,‎쟤들 잘 지켜봐
24:56,Wala akong tiwala sa Victor na 'yun.,‎빅터 자식은 못 믿어
25:05,"Makikita mo talaga na maganda
kalalabasan ng kampanya natin eh.","‎너희도 보다시피
‎우리 선거 운동은 잘 끝날 거야"
25:09,"Grabe 'yung tito mo, ang laki ng
tinulong niya sa'tin.","‎너희 작은아버지께서
‎도움을 정말 많이 주셨지"
25:11,Grabe. Lakas.,"‎- 사실...
‎- 대단해"
25:13,"May kailangan ka pa bang tulong
para bukas?",‎많은 걸 하셨어
25:15,Ano bang schedule bukas?,‎내일 일정은 뭐야?
25:17,May kailangan pa ba tayong gawin? Siguro 'yung trapal...,"‎- 이제 뭐가 남았지?
‎- 방수포 인쇄"
25:22,"Walang papalag,
siya lang ang kailangan namin! Tara na, tara na!","‎꼼짝 마! 얘만 데리고 가면 돼
‎물러서!"
25:25,Tara!,‎따라오지 마!
25:50,Tank.,‎탱크
25:52,Tama na.,‎그 정도면 됐어
26:12,Anong nagawa ko?,‎제가 뭘 잘못했죠?
26:16,Maawa ka sa'kin. Parang awa mo na!,"‎좀 봐주세요, 제발요!"
26:23,Pasensya na sa abala.,"‎귀찮게 해서 미안해
‎그런데 있잖아"
26:28,Alam kong pagod ka na,‎피곤한 건 알겠는데
26:31,"pero kailangan kong masiguro na
makuha ko lahat ng kailangan ko.","‎너한테 필요한 정보를
‎다 뽑아내야 해"
26:36,"Kahit ano gagawin ko! Parang awa mo na,
pakawalan mo na ako!","‎뭐든 할게요! 뭐든지요
‎제발 풀어만 주세요!"
26:41,"Ayoko na, ayoko na.","‎더는 못 견디겠어요, 제발요"
26:46,Maawa ka!,‎제발요!
26:47,Ayoko na.,‎더는 못 하겠어요
26:53,Alam ko.,‎알아
26:55,'Wag. 'Wag! 'Wag. 'Wag!,"‎안 돼요, 그러지 마세요!"
26:58,‘Wag!,‎그러지 마세요!
27:08,"Tama na! -Shhhhhhhh!
-Tama na! Tama na!",‎더는 못 견디겠다고요!
27:12,"-Ayoko na!
-Manahimik ka. Tahimik.","‎- 더는 못 견뎌요!
‎- 조용, 조용히 해"
27:14,Ayoko na!,‎더는 못 하겠어요
27:17,"Ayoko na, maawa ka!","‎제발, 그만하세요!"
27:22,Malapit nang matapos.,‎거의 다 끝났어
27:30,Ito ang paborito ko. 'Wag! 'Wag! 'Wag!,"‎- 난 이게 제일 좋더라
‎- 안 돼요! 하지 마세요!"
27:33,Sasabi... gagawin ko lahat!,‎뭐든 할게요!
28:51,Ayun!,‎저기 있다!
30:10,"Hawak niyo na, nakawala pa!","‎다 잡았는데
‎너희가 그냥 풀어 준 꼴이잖아!"
30:15,Wala kayong sinabi sa babaeng 'to!,"‎너희들 다 합친 것보다
‎위험한 여자야!"
30:21,'Wag niyong gayahin 'tong mga tangang 'to.,‎이 덜떨어진 놈들을 보고 배워라
30:24,Ayusin niyo!,‎조심하라고!
30:31,"Makinig kayo, at sundan niyo lang ako.","‎잘 들어, 내가 이끌면
‎너희는 따라오기나 해"
30:42,Bert!,‎버트!
30:45,"Min-min, Bert! Kailangan nating umalis!","‎민민, 버트! 여기서 나가야 해!"
30:47,Ano? Teka.,‎뭐? 잠깐
30:48,"-Teka!
-'Yung mga importanteng bagay lang ha! -Maria!
-Mag-impake na tayo!",‎귀중품만 챙겨
30:54,"-Bilis! Patawad anak!
-'Nay!","‎- 서둘러! 미안해, 딸
‎- 엄마!"
30:57,Hoy! Anong nangyayari ha? Natatakot si Min-min!,"‎- 엄마!
‎- 왜 그래? 민민이 겁먹었잖아"
31:00,"Maria, magpaliwanag ka nga!","‎마리아, 무슨 일인지 말해 봐"
31:02,Bert! Natatakot si Min-min!,"‎- 버트!
‎- 얘가 겁먹었잖아"
31:04,'Wag ka nang magtanong! Makinig nalang kayo sa’kin!,"‎캐묻지 말고
‎그냥 시키는 대로 해!"
31:06,Magpaliwanag ka nga muna! Ano ba!,‎빨리 무슨 일인지 설명부터 해 봐 ‎천천히 해! 진정하라고!
31:10,Wala na tayong oras! Halika na!,"‎시간이 없어! 제발, 가야 해!"
31:14,"Huwag kang matakot anak,
andito ang nanay.","‎우리 딸, 괜찮아
‎엄마가 여기 있잖아, 응?"
31:17,"Nandito lang ako, huwag ka nang umiyak...","‎엄마가 여기 있으니까 울지 마
‎울지..."
31:23,"Bert, ‘wag!","‎- 버트, 가지 마!
‎- 엄마!"
31:32,Patawad.,‎죄송해요
31:36,Anong kailangan niyo?,‎원하는 게 뭐야?
31:39,'Nay!,‎엄마!
31:44,"-Anong kailangan niyo?
-Siya.","‎- 원하는 게 뭐야?
‎- 저 여자!"
31:45,"-Sino ka...
-Lily! Ibaba mo 'yung baril!","‎- 너 누구야?
‎- 총 내려놔, 릴리"
31:47,Lily? Sino si Lily?,‎릴리? 릴리는 또 누구고?
31:48,Kilala mo ako. Ibaba mo 'yan.,‎내 성격 알잖아? 내려놔!
31:53,Hindi sila kasali dito. Sinabi nang ibaba mo 'yung baril!,"‎- 가족은 끌어들이지 마
‎- 총 내려놓으라고, 릴리"
31:56,Ibaba mo!,‎내려놔!
31:57,'Nay!,‎엄마!
32:05,'Nay!,‎엄마!
32:07,'Nay! 'Nay!,‎엄마!
32:10,'Nay!,‎엄마!
32:10,'Wag mong idamay ang pamilya ko! Bitawan mo sila!,‎우리 가족한테 손대지 마!
32:15,"-'Tay!
-Min-min!","‎- 아빠!
‎- 민민!"
32:18,Min-min!,"‎- 민민!
‎- 안 돼!"
32:30,Ngayon alam mo na kung anong pakiramdam.,‎이제 어떤 느낌인지 알겠지?
32:41,Lily! Tapusin mo na.,"‎릴리, 끝장내!"
32:43,Hindi sila ang pakay natin.,‎우리 목표물이 아니잖아
32:45,Ikaw!,‎네가 해!
32:57,"Kahit saan ka magtago Lily,
mahahanap kita!","‎어디로 가든지
‎꼭 찾아내 줄게, 릴리"
32:59,Narinig mo 'ko?,‎알겠어?
33:00,Pagbabayaran mo 'to!,‎넌 못 숨어!
33:02,Min-min!,‎민민!
33:05,"-Kasalanan mo 'to Lily!
-Min-min!","‎- 다 네 탓이야, 릴리
‎- 민민!"
33:40,Maria! Sa likod mo!,"‎마리아, 뒤를 조심해!"
34:50,Ano nang balita? Tapos na ba?,‎상황은 어때? 끝났어?
34:52,May mas malaki tayong problema.,‎더 큰 문제가 생겼어요
34:54,Anong nangyayari?,‎무슨 일인데?
34:56,Patay na silang lahat.,‎전부 죽었어요
34:58,Anong patay na silang lahat?,"‎전부 죽었다는 게
‎대체 무슨 뜻이야?"
35:02,Pero buhay pa siya.,‎그 여자가 아직 살아 있어요
35:04,Sino siya?,‎그 여자가 누군데?
35:05,Lily. Buhay pa si Lily!,"‎릴리요, 릴리가 살아 있어요!"
35:22,Min!,‎민!
35:25,Min-min!,‎민민!
35:29,Min!,‎민!
35:53,Sir. Bumalik na kayo.,"‎- 대장님
‎- 철수해"
35:56,Magkita tayo sa bodega. Pero hindi pa kami tapos dito...,"‎- 아지트에서 만나자
‎- 아직 주지사를 처리 못 했어요"
35:58,Ngayon na!,‎빨리 오라고!
36:02,Bilisan mo!,‎더 빨리 가!
36:51,Ayoko nang pumatay.,‎사람들 죽이는 거 그만할래
36:52,Isang misyon nalang.,‎임무가 하나 남았어
36:54,"Pagkatapos nun, pangako,","‎약속하는데, 이거 끝나면"
36:56,kakausapin ko siya.,‎보스한테 얘기해 볼게
37:01,Alam mo namang mahal kita.,‎내가 사랑하는 거 알잖아
37:08,Salamat po.,‎고마워요
37:18,"Kahit saan ka magtago Lily,
mahahanap kita! Narinig mo ako?","‎어디로 가든지 꼭 찾아내 줄게
‎릴리, 알겠어?"
37:22,Pagbabayaran mo 'to!,‎넌 못 숨어!
37:23,Ngayon alam mo na kung anong pakiramdam.,‎이제 어떤 느낌인지 알겠지?
37:25,Min-min!,‎민민!
38:38,Ano ka?,‎뭐야?
38:41,Retirado na'ko!,‎나 은퇴했어!
38:45,Kung may papatrabaho ka sa akin,‎무슨 일로 왔는지는 모르겠지만
38:48,"diyan sa labas, maraming pwede.","‎그런 일 해 줄 사람은
‎나 말고도 많아"
38:58,Ay putangina!,"‎아, 환장하겠네!"
39:02,"Sir Greg,",‎그레그 스승님
39:04,kailangan ko ng matutuluyan.,‎머물 곳이 필요해요
39:06,Lily!,‎릴리!
39:08,Maraming murang hotel diyan sa labas.,‎도시에 싼 호텔 많아
39:10,"180 Pesos lang,
de-aircon ka na,",‎180페소만 내면 에어컨 딸린 방에
39:13,"-libreng almusal...
-Sir Greg!","‎- 조식까지...
‎- 스승님!"
39:15,"Kung ano man 'yan,",‎무슨 일로 왔는지
39:16,"ayokong malaman, at ayokong makialam.","‎알고 싶지도 않고
‎휘말리고 싶지도 않아"
39:20,Tapos.,‎얘기는 끝났어
39:30,Huling pabor na 'to.,‎마지막 부탁이에요
39:32,Aray ko po!,‎정말 귀찮아 죽겠네!
39:36,"Hindi niyo ba akong pwedeng bigyan ng konting katahimikan
sa putanginang buhay na 'to?","‎무덤으로 기어들어 가기 전에
‎평온하고 조용히 좀 살게 해 주라"
39:41,Huling pabor?,‎마지막 부탁?
39:43,Ang sabi mo nung huli 'yun na 'yung huling pabor mo,"‎마지막 부탁이라고?
‎저번 부탁이 마지막인 줄 알았는데"
39:46,"at 'yun na 'yun, ‘di ba?",‎다 끝난 줄 알았다고
39:50,"Alam mo,",‎있잖아
39:52,"buong puso kitang mahal,",‎널 정말로 사랑하지만
39:56,pero ayaw na ng puso ko...,‎내 심장도 나이를 먹어서
39:59,pagod na. Ayaw na ng gulo.,‎예전 같지가 않아
40:03,"Sa totoo ko lang, gusto ko nang
lumayas sa sinumpang bayan natin.","‎이 망할 나라를
‎그냥 뜨고 싶을 때도 있어"
40:07,Gusto ko nang lumayo sa pamilya na 'yan,"‎그 패밀리랑 조직
‎그리고 거기에 연관된"
40:12,"at sa lahat ng putanginang
nakasawsaw diyan.",‎인간들이랑 싹 작별하고 싶다고
40:23,"Kasama ka dun, ‘di ba?",‎그 조직의 일원이셨잖아요
40:28,"Ngayon andito ako,
nagbabalita sa naganap na","‎저는 오늘, 참혹한 학살이 벌어진"
40:31,malagim na krimen.,‎사건 현장에 나와 있습니다
40:33,"May patay na mag-ama kabilang na ang ilang 'di kilalang
armadong mga lalake.","‎현장에 출동한 경찰과
‎수사관에게 얻어낸 정보에 따르면"
40:36,Ito pa lang ang nakuhang impormasyon galing sa mga pulis dito.,"‎한 부녀와 신원 미상의 남성들이
‎죽었다고 합니다"
40:59,Kumusta sitwasyon diyan?,‎그쪽 상황은 어때?
41:01,"Boss, may ibang mga reporter na dito","‎보스, 기자들이 현장에 출동했고"
41:04,"at 'yung ibang patay, positibong
makilalang mga tao niyo.","‎죽은 남자 몇 명은
‎보스의 부하로 보입니다"
41:09,Ayusin niyo 'yan.,‎해결해
41:11,Siguraduhin niyong hindi kami sasabit.,‎우리까지 주목받지 않게 하라고
41:14,Maraming patay...,‎죽은 남자는 대부분 보스의 부하고
41:17,"tapos, 'yung isa, bata pa.",‎여자애도 죽었어요
41:19,Hindi ba narinig mo ang sinabi ko?,‎내 말 못 들었어?
41:22,"Ayusin niyo.
'Pag hindi, babalikan ko kayo.","‎해결 못 하면
‎네가 대가를 치를 거다"
41:30,Okay boss. Ako na po'ng bahala.,"‎네, 보스, 처리하겠습니다"
42:03,Hindi ba patay ka na?,‎넌 한 번 죽은 몸 아니었나?
42:11,Si Lily 'yun.,‎그건 릴리죠
42:16,Oo nga.,‎내 말이 그거잖아
42:19,"Ano,",‎그래서 이젠 어쩔 거야?
42:22,zombie ka?,‎네가 무슨 좀비라도 돼?
42:28,Si Kaleb.,‎케일럽 때문이에요
42:33,Kaleb? Zombie?,‎케일럽? 걔가 좀비야?
42:39,Ano namang kinalaman niya tungkol dito?,‎이 일이랑 걔가 무슨 상관인데?
42:45,Papatayin ko siya.,‎케일럽을 죽일 거예요
42:49,Papatayin?,‎죽이겠다고?
42:52,Bakit?,‎왜?
42:56,Gaganti ka?,‎복수하려고?
43:02,Makinig ka ha...,‎잘 들어
43:05,wala kang mapapala sa ganti-ganti na 'yan. Wala.,"‎복수해서 좋을 거 하나도 없어
‎하나도"
43:15,"Kung ako sa'yo, pumunta ka nalang sa probinsya.","‎나라면 지방이나 작은 마을에
‎자리 잡겠다"
43:20,Bata ka pa.,‎넌 아직 젊잖아
43:23,"Humanap ka ng matinong lalake,",‎좋은 남자 찾아서
43:26,magpamilya ka,‎가정 꾸리고
43:28,at mamuhay nang masaya.,‎영원히 행복하게 살아
43:34,Ginawa ko na 'yon.,‎그렇게 했어요
43:35,'Yun naman pala eh! Anong ginagawa mo dito?,‎그럼 대체 여기서 뭐 하는 건데?
43:41,"Bumalik ka na dun. Doon, may... Pinatay sila ni Kaleb.","‎- 가정으로 돌아가, 가정엔...
‎- 케일럽이 죽였어요"
43:54,Sige.,"‎그래, 그렇구나"
43:58,"Sige,",‎알겠어
44:00,dito ka na muna.,‎당분간 여기 머물러
44:06,Sir Greg.,‎그레그 스승님
44:10,Meron pa?,‎또 뭐야?
44:15,Patay na si Lily.,‎릴리는 죽었어요
44:18,Ako si Maria.,‎제 이름은 마리아예요
44:23,Lily. Maria.,‎릴리니 마리아니
44:26,"Kung gusto mo, birheng Maria pa.","‎차라리 그냥
‎동정 마리아라고 하지 그래"
44:30,Anak ng puta.,‎난 그래도 상관없으니까
44:33,Uso pa ba 'yun?,‎이게 요즘 유행인가?
44:37,Sige!,‎알겠어
44:38,Ako si Hesus!,"‎그럼 난 예수 하지, 뭐"
45:22,'Di na ako aalis.,‎내 여행 일정은 취소한다
45:27,Bakit?,‎왜죠?
45:29,Alis muna kayo.,‎나가 있어
45:32,Bakit? Anong nangyari?,‎이번엔 뭐죠?
45:34,Alam mo ba...,‎이게 믿어져?
45:37,"na buhay pa
'yung putanginang Lily na 'yun?","‎그 망할 계집 릴리가
‎아직 살아 있대"
45:44,"Kaleb, Kaleb, Kaleb.",‎케일럽
45:49,"At ang buong akala natin, naayos niya na 'yung problemang ‘to","‎저희는 케일럽이
‎그 문제를 처리했다고"
45:53,matagal na.,‎내내 믿고 있었잖아요
45:55,"Una, si Gob...",‎처음엔 주지사
45:59,"tapos 'yung mga hayop na traydor,
ngayon meron pang ganito?","‎다음엔 빌어먹을 배신자들
‎그리고 이 일까지"
46:07,"Ganito,",‎제 말을 들어 보세요
46:10,ituloy mo ang alis mo.,‎여행은 가세요
46:18,Ako nang bahala dito.,‎일은 제가 처리할게요
46:21,Katulad ng lagi kong ginagawa.,‎항상 그래 왔던 것처럼요
46:44,Anong kailangan mo?,‎원하시는 게 뭐죠?
46:49,Iligpit mo siya.,‎이 여자를 처리해
46:54,Sino siya?,‎누구인데요?
46:55,"Dati kong tauhan galing sa Black Rose, parang ikaw.","‎너처럼 흑장미파에 몸담았던
‎예전 동료야"
47:01,Pero mas magaling.,‎실력은 너보다 나을지 몰라
47:05,Saan?,‎위치는요?
47:07,Manong Greg.,‎그레그 영감탱이네
47:10,Pero may kasunduan ang pamilya sa kanya.,‎우리 패밀리랑 협정을 맺어서
47:12,'Di natin siya pwedeng galawin.,‎그 늙은이는 건드릴 수 없어
47:14,'Wag mo kong biguin. Siguraduhin mong maiintindihan niya.,"‎날 실망하게 하지 마
‎영감한테 잘 알아듣게 설명하고"
47:49,Uy ang swerte ko naman!,‎이게 웬 떡이야!
47:51,"Dalawang magandang babae
ang bumisita sa'kin sa isang araw.","‎몸매 끝내주는 예쁜 아가씨를
‎하루에 둘이나 보다니"
47:59,Ikaw siguro 'yung bagong syota ni Kaleb 'no?,"‎케일럽이 요즘 데리고 노는
‎여자인가 보네"
48:05,"Alam mo naman ang kasunduan
namin ng pamilya niya.","‎내가 케일럽 패밀리랑 맺은
‎협정 알지?"
48:08,Alam ko.,‎알아요
48:16,Talaga?,‎진심이야?
48:19,Talagang itong poging mukhang ito,"‎세상 하직하기 전에
‎마지막으로 보고 싶은 게"
48:23,"ang gusto mong huling makita
bago ka mamatay?","‎정말 이 몸의
‎잘생긴 얼굴이란 말이야?"
48:28,Bogart!,‎보가트!
49:29,Hindi kita ginalaw. 'Yun ang kasunduan 'di ba?,"‎당신한텐 손 안 댔어요
‎그게 협정 내용 맞죠?"
49:34,Salamat! Ang galing mo!,"‎뭐, 고마워, 솜씨가 좋네!"
49:37,"Biruin mo, napatumba mo
si Bogart na doble ang laki sayo?","‎두 배는 큰 남자를 때려눕히다니
‎대단해!"
49:54,Dalin na 'to sa ospital!,‎얘 좀 병원으로 데려가!
53:25,Alam mo ba 'yung gulong dinala mo dito?,"‎자기가 얼마나 큰 문제를
‎끌고 들어왔는지 알아?"
53:31,Pasensya na sir.,"‎죄송해요, 스승님"
53:34,May yosi ba kayo?,‎담배 있어요?
53:41,'Wag ka sa'kin humingi ng paumanhin.,‎나한테 사과하지 말고
53:45,Kay Bogart dapat.,‎보가트한테 사과해
53:50,Bugbog sarado ng isang babae.,"‎여자한테 죽도록 얻어맞은 건
‎보가트니까"
53:54,Babae rin ako.,‎저도 여자예요
53:59,"Pero Lily, seryoso ah,","‎아니, 릴리, 진짜로"
54:01,'di ganyan ang turo ko sa'yo.,"‎내가 널 이것보단
‎잘 가르쳤던 것 같은데"
54:07,"Maria, sir.","‎전 마리아예요, 스승님"
54:09,"Sige, Maria na nga.","‎그래, 알았어, 마리아"
54:15,Naaalala ko pa si Lily eh.,‎나한테는 아직 릴리야
54:22,Patay na si Lily.,‎릴리는 죽었어요
54:37,Bert. Kailangan na nating umalis!,‎버트! 여기서 나가야 해!
54:39,"-'Nay!
-Patawad anak!","‎- 엄마!
‎- 미안해, 딸"
54:41,...natatakot si Min-min!,‎민민이 겁먹었잖아
54:43,"'Wag ka nang magtanong, parang awa mo na,
makinig nalang kayo sa'kin!","‎캐묻지 말고
‎그냥 시키는 대로 해!"
54:50,Anong kailangan niyo?,‎원하는 게 뭐야?
54:51,"-Sino kayo?
-Lily, ibaba mo 'yung baril!","‎- 너 누구야?
‎- 총 내려놔, 릴리"
54:53,Lily? Sino si Lily?,‎릴리? 릴리는 또 누구고?
54:55,Kilala mo ako.,‎내 성격 알잖아?
54:56,Ibaba mo na!,‎내려놔!
54:57,"-Hindi sila kasali dito.
-'Nay!","‎- 가족은 끌어들이지 마
‎- 엄마!"
54:59,'Nay! 'Nay!,‎엄마!
55:05,'Nay!,‎엄마!
55:07,'Nay!,‎엄마!
55:08,'Nay!,‎엄마!
55:10,'Nay! 'Wag mong gawin! 'Wag!,"‎- 엄마!
‎- 그러지 마!"
55:12,'Nay!,‎엄마!
55:13,"Lily! Sinabi nang ibaba mo
'yung putanginang baril!","‎당장 총 내려놔, 릴리!
‎내려놓으라고!"
55:15,'Nay!,‎엄마!
55:16,'Nay!,‎엄마!
55:18,'Nay!,‎엄마!
55:20,'Nay!,"‎- 엄마!
‎- 민민!"
55:21,"-Min-min!
-'Nay!",‎엄마!
55:22,'Tay!,"‎- 아빠
‎- 민민!"
55:51,Sabi mo sa'kin...,‎저번에 말씀하셨죠?
55:53,"walang magandang mangyayari
sa paghihiganti.",‎복수해서 좋을 거 하나도 없다고
55:59,"may magandang mangyayari
pa ba sa buhay ko?","‎그런데 저한테도 여전히
‎좋은 일이 생길 수 있을까요?"
56:05,"Alam mo,",‎있잖아
56:08,"kahit tinuring kitang anak,",‎내가 널 킬러로 키우긴 했지만
56:13,"nagawa pa rin kitang gawing
isang mamamatay tao.",‎넌 나한테 딸과 다름없는 존재였어
56:20,"Lahat tayo namamatayan
ng mahal sa buhay...","‎누구나 언젠가는
‎사랑하는 사람을 잃게 돼"
56:24,"lalo na ang buhay natin dati,","‎우리처럼 사는 사람이라면
‎더더욱 그렇지"
56:27,dapat nga manhid na tayo eh.,‎거기에 무감각해져야 해
56:29,Pero... nung gabing 'yun hindi ko kinayang...,"‎그런데 그날 밤은
‎나도 가슴이 찢어지는 것 같았어"
56:36,inutos nilang iligpit ka.,‎내가 널 쓰러트려야 했으니까
56:42,Kaya ako nagretiro...,‎그래서 은퇴한 거야
56:46,"Salamat, sir Greg.","‎고마워요, 그레그 스승님"
56:50,Walang anuman.,‎도움이 됐다니 기쁘다
56:53,Kumusta mo nalang ako kay Hesus...,‎예수님한테 안부나 전해 줘
56:58,O kay Satanas.,‎사탄한테 전해도 되고
57:09,Okay na.,"‎끝났다, 릴리는 죽었어"
57:15,Nagawa kong talikuran ang lahat.,‎난 모든 걸 뒤로하고 떠났어
57:35,"Pero ang kapalit,",‎그 대신에
57:38,hindi kita pwedeng ipaghiganti.,‎너에 대한 복수는 포기해야 했지
57:47,"'Wag kang maniwalang walang
magandang mangyayari sa buhay mo.","‎너한테 좋은 일이
‎생기지 않을 거라는 생각은 버려"
57:52,Hanggang humihinga ka pa,‎숨이 붙어 있는 한
57:55,siguradong meron 'yan.,"‎행복해질 기회는
‎얼마든지 있으니까"
57:58,Kailangan ko ng gamit.,‎필요한 연장이 몇 개 있어요
58:19,Nasunog 'yung pabrika.,‎공장이 잿더미가 됐어
58:27,"Alam ko, Victor.","‎알아, 빅터"
58:30,"Madali naman tayong makakakuha
ng bagong himpilan ng operasyon kaya 'wag mo akong sermonan.","‎작업장 하나쯤은 금방 구하니까
‎설교하지 마!"
58:34,Sige. Ako nang bahala sa lahat.,"‎뭐, 좋아, 이제 내가 지휘한다"
58:38,"At sinong nagsabing pwede
mong gawin 'yun?",‎대체 누구 명령인데?
58:40,Hindi ako papayag na patuloy mong sirain...,"‎네가 우리를 위험에 빠트리는 거
‎더는 용납..."
58:42,Anong hindi ka papayag?,‎용납 못 한다고?
58:45,Akala mo kung sino ka ha!,‎네까짓 게 뭔데?
58:47,"Huling beses ko nang sasabihin 'to Victor, 'wag kang makialam!","‎마지막으로 경고한다, 빅터
‎내 일에 참견하지 마!"
58:51,Ganyan. Diyan mo itutok.,"‎얘 좀 봐라, 그래, 거기야"
58:57,"Sige, kalabitin mo.","‎응, 방아쇠를 당겨"
59:00,Ganyan nga.,‎잘하네
59:01,"Sabi na eh, 'di mo kaya.","‎그럴 줄 알았어, 넌 못 해"
59:04,"Alam mo ba,",‎질문 하나만 하자
59:06,kung bakit pinatay ni Cain si Abel?,‎카인이 왜 아벨을 죽였는지 알아?
59:10,"Kasi tulad mo, walang bayag si Abel.",‎아벨이 너 같은 겁쟁이였거든
59:16,Papatayin kita Victor!,"‎죽여 버린다, 빅터!"
59:19,Narinig mo? Isang araw papatayin kita!,‎알겠어? 언젠가 죽여 버릴 거라고!
59:31,"Patay na siya dati. Siguraduhin mong
mananatili na siyang ganun.","‎한 번 죽었던 여자니까
‎계속 죽어 살게 해 주자"
59:35,"At Miru, 'wag mo akong bibiguin ulit.","‎미루, 이번엔 절대
‎실망하게 하지 마"
59:40,"Hindi pa rin naglalabas ng report ang mga
imbestigador tungkol sa sanhi ng sunog","‎어젯밤 늦게, 한 공장을 집어삼킨
‎화재의 원인을"
59:43,"na tumupok sa isang pabrika
kagabi sa Sta. Cruz, Manila.","‎어젯밤 늦게, 한 공장을 집어삼킨
‎화재의 원인을 ‎수사관들이
‎아직 밝히지 않고 있습니다"
59:47,"Samantalang kumpirmado naman
ng aming mga sources na may mga nasawi sa nasabing insidente.","‎저희 소식통에 따르면
‎다수의 사상자가 나왔다고 합니다"
59:52,"Ayon sa paunang ulat, nagsimula ang sunog
pasado alas-12 ng madaling araw...","‎초동 조사 보고서에 따르면
‎화재는 자정을 지나 시작됐고"
59:57,Wow!,"‎저희가 현장에 도착했을 땐
‎이미 진압된 상태..."
1:00:00,Sikat ah!,"‎유명인이 다 됐네, 자기야!"
1:00:11,Oh! Nasa ulo ng mga balita!,‎보여? 헤드라인으로 떴어!
1:00:22,Tara.,‎따라와
1:00:46,Mabuti nang maingat.,‎혹시 몰라서 준비했어
1:00:48,"Alam mo na, hindi mo na kasi
masabi ang panahon ngayon.",‎요즘엔 조심해서 나쁠 거 없거든
1:00:53,Teka lang.,‎잠깐만
1:01:01,"Ang patay nga eh, nabubuhay pa 'di ba?","‎죽은 사람도
‎살아 돌아오는 세상이니까, 응?"
1:01:08,Alam kong hindi nila ako magagalaw.,‎그래도 나한텐 누구도 손 못 대
1:01:11,Gusto ba nilang maging target sila,"‎세계 최고의 ‎용병들한테 공격당할
‎자신이 있으면 그래도 되지만"
1:01:13,"ng pinakamagagaling na mamamatay
tao sa buong mundo?","‎용병들한테 공격당할
‎자신이 있으면 그래도 되지만"
1:01:16,Ang ganda niyan.,‎그거 마음에 든다
1:01:19,Ako yata nagturo sa kanila.,‎난 최강의 킬러들을 길러냈어
1:01:22,Akala ko ba nagretiro ka na?,‎은퇴하신 거 아니었어요?
1:01:25,Oo nga kaso anong magagawa ko kung sikat ako?,"‎은퇴는 했지만 어쩌겠어?
‎킬러들 사이에서 내가 유명한걸"
1:01:30,Eh lagi sila dito eh nag-iinuman nagkukwentuhan,"‎킬러들이 여기 몰려와서
‎술 마시고 떠들고 그래"
1:01:36,at para makita itong mukhang ito.,"‎다 이 잘생긴 얼굴 보려고
‎그러는 거지"
1:01:49,Kailangan ko rin pala ng bestida.,‎드레스도 한 벌 필요해요
1:01:52,Ano bang balak mo?,‎대체 무슨 꿍꿍이야?
1:03:18,Hindi ko maintindihan.,‎이해가 안 돼
1:03:20,Hindi ka naman maganda.,‎넌 예쁘지도 않은데
1:03:27,Bumaba na pala ang pamantayan niya.,‎케일럽이 보는 눈을 낮췄나 보네
1:03:31,Galing sa'yo? Nagtaas nga eh.,‎너랑 비교하면? 난 업그레이드지
1:03:35,Wala nang mas bababa pa sa'yo.,‎넌 내 밑이라고
1:03:40,"'Wag mo nang sayangin ang pagod mo, sabihin mo nalang sa'kin kung nasaan siya.","‎헛소리 그만하고
‎케일럽이 어디 있는지나 말해"
1:03:45,'Wag mong intindihin si Kaleb. Ako ang intindihin mo.,"‎대장님은 걱정하지 말고
‎나나 걱정해"
1:06:37,Ikaw pala si Lily.,‎릴리인가 보네
1:06:44,Maganda ka para sa taong patay na.,‎죽은 사람치고는 섹시하네!
1:06:51,Kumusta na ang bagong buhay mo ngayon?,‎새 인생은 좀 어때?
1:06:57,Kulang pinadala mo.,‎애들을 좀 더 보내지 그랬어
1:06:59,Akala kasi ni boss kaya na ni Miru 'yun.,"‎보스는 미루 정도면
‎충분하다고 생각하셨나 봐"
1:07:03,Malas talaga siguro si boss sa mga babae.,"‎보스의 여자 운은
‎정말 최악이라니까"
1:07:05,Malas... 'yung mga patay sa banyo.,"‎운이 진짜 지지리 없는 애는
‎화장실에 죽어 있어"
1:07:16,Si Kaleb?,‎케일럽은 어디 있지?
1:07:32,Ayos na tayo?,‎이거면 된 건가?
1:07:35,Kumusta mo nalang ako sa pamilya mo ah?,‎가족한테 안부 전해 줘
1:08:15,Gusto ko asikasuhin mo si Gob.,‎네가 주지사를 처리해
1:08:17,Tapusin mo na.,‎임무를 완수해라
1:08:20,Paano si Lily?,‎릴리는 어쩌고요?
1:08:22,Si Kaleb na ang bahala sa kanya.,‎케일럽이 처리할 거야
1:08:23,"Ni hindi nga naayos 'to ni Kaleb dati eh,",‎케일럽은 예전에도 실패했잖아요
1:08:24,"paano ka nakakasisigurong
kaya niya ngayon?","‎왜 이번엔 성공할 거라고
‎생각하시는 거죠?"
1:08:27,Ipaubaya mo na si Lily kay Kaleb.,‎릴리는 케일럽이 처리하게 놔둬
1:08:32,Dun ka lang sa kaya mo.,‎분에 넘치는 일을 할 생각 말고
1:08:36,"Alam mo,",‎있잖아요
1:08:37,"pagod na pagod na'ko sa
pangmamaliit mo sa'kin... Hoy!","‎보스가 절 무시하시는 것도
‎이제 지긋지긋..."
1:08:43,"Iho. Ingat ka kung magsasalita ka sa'kin
ng ganyan.",‎너! 말을 가려서 해라
1:08:50,Mahaba ang pasensya ko pero hindi ako makapapayag na...,"‎난 인내심이 강하지만
‎조직 운영 방식까지"
1:08:55,"didiktahan mo ako kung paano patatakbuhin
'tong pamilyang ‘to.","‎이래라저래라 참견하는 꼴은
‎못 봐주니까"
1:09:05,"Victor,",‎빅터
1:09:07,tanggapin mo na ang kapalaran mo.,‎네 운명을 받아들여
1:09:10,Hindi mo pamumunuan ang pamilyang 'to.,"‎넌 우리 패밀리의
‎우두머리가 될 수 없어"
1:09:16,Asikasuhin mo si Gob.,‎주지사에 집중해
1:09:37,Iha...,‎자기야
1:09:40,Kumusta ang lakad mo kagabi?,‎어젯밤 데이트는 재밌었어?
1:09:50,Pwede ka pang umatras.,‎지금이라도 손 털 수 있어
1:09:57,May pera naman akong nakatabi diyan.,‎꿍쳐 둔 돈이 있으니까
1:10:02,Magsimula ka kaya ulit?,‎새 출발을 도와줄게
1:10:04,"Tamang tama.
Bagong buhay, bagong pangalan?","‎새 인생을 살기엔 충분해
‎이름도 새로 파고?"
1:10:16,Mamayang gabi.,‎오늘 밤에 다 끝내자
1:10:19,Sa piyer.,‎부두에서 만나
1:10:49,Gusto mong tumulong 'di ba? Ngayon na 'yung pagkakataon mo.,"‎날 돕고 싶어?
‎그러면 지금이 기회야"
1:10:52,"Sa piyer, mamayang gabi!",‎오늘 밤에 부두로 나와
1:11:02,Maghanda kayong lahat.,‎모두 준비시켜
1:11:03,Opo.,"‎네, 대장님"
1:11:06,"Gusto ko, wala kayong iiwang buhay.",‎한 놈도 살려 둬선 안 돼
1:11:10,Paano si Kaleb?,‎케일럽은 어쩌죠?
1:11:12,Walang makakaligtas.,‎한 놈도 살려 둬선 안 된다고
1:11:19,"Si Kaleb ang may kasalanan ng lahat ng
problema ng putanginang pamilyang 'to.","‎이 패밀리가 문제투성이인 것도
‎다 케일럽 때문이야"
1:11:24,"Habang siya ang nasusunod
lulubog lang tayo nang lulubog,","‎케일럽이 패밀리를 이끌면 ‎계속 나락으로 떨어질 텐데
‎그 꼴은 못 봐"
1:11:27,at hindi ako papayag na bumagsak tayo.,"‎계속 나락으로 떨어질 텐데
‎그 꼴은 못 봐"
1:11:30,Hindi ako papayag.,‎절대 못 보지
1:12:25,"Balita ko, kailangan mo ng tulong.",‎도움이 필요하시다고 들었어요
1:12:30,Asan 'yung putanginang boss mo?,‎빅터는 대체 어디 있는데?
1:13:46,Nandito na siya!,‎그 여자가 나타났어요
1:13:49,Pumwesto na kayo... Ako ang nagbibigay ng utos!,"‎- 자리 잡아
‎- 명령은 네가 아니라 내가 내려!"
1:13:51,"Walang gagalaw
hangga't 'di ko sinasabi.","‎내가 움직이라고 할 때까지
‎물러나 있어"
1:15:00,Mukhang 'di na yata kaya ng mga tao mo ah.,‎부하들이 고전하는 것 같네요
1:15:04,Mas magaling ka sa'kin? Laban sa isa?,"‎- 나보다 잘할 수 있을 것 같아?
‎- 적이 한 명인데요?"
1:15:09,Oo naman.,‎당연하죠
1:15:14,"Kung mano-mano,",‎일대일로 붙으면
1:15:17,sigurado akong tumba ka.,"‎네 대가리쯤이야
‎릴리가 쉽게 뜯어 버릴걸"
1:15:58,Balita?,‎상황 보고해
1:16:00,Ano na?,‎상황 보고하라
1:16:17,"Sir, wala ng sumasagot.","‎대장님, 모두 답이 없습니다"
1:16:21,"Ano, pupwesto na ba kami ngayon?",‎이제 자리 잡을까요?
1:16:29,Sige.,‎그래
1:16:31,Tingnan natin kung gaano ka kagaling.,‎얼마나 잘하는지 보자
1:16:42,Anong hinihintay nila?,‎공격 안 하고 뭐 하는 거야?
1:17:34,"Si Hesus 'to,",‎여보세요
1:17:36,sino po sila?,‎나 예수 그리스도인데
1:17:38,"Manong Greg,
sabi na nga ba ikaw 'yan eh.","‎그레그, 너일 줄 알았다"
1:17:40,Kala ko ba retirado ka na.,‎은퇴했다고 믿고 있었는데
1:17:42,Oo nga.,"‎뭐, 은퇴는 했지"
1:17:44,"Pero ito, nagbabantay lang para pantay ang laban, 'di ba?","‎공정한 게임을 위해
‎심판을 보고 있는 거야"
1:17:48,Pinatay mo 'yung mga tao ko.,‎우리 부하들을 죽였더라?
1:17:50,"Labag 'yan sa kasunduan!
Naaalala mo ‘di ba?","‎그건 엄연한 협정 위배야
‎협정 기억하잖아, 그레그!"
1:17:53,Hindi kita ginalaw! 'Di ba 'yun ang kasunduan?,"‎너한텐 손 안 댔잖아
‎그게 우리 협정이었지"
1:17:56,Putanginang matanda ka talaga!,‎뒤통수나 치는 빌어먹을 노친네
1:17:59,Tingin ko matutuwa pa si Ricardo,‎리카르도가 내게 고마워할 거야
1:18:01,"kapag nalaman niyang pinatay ko
ang mga ahas na pinaghahanap niya.","‎그토록 찾던 야비한 놈들을
‎내가 처리해 줬으니까"
1:18:05,"Sige, sige, sige. Anong tinutumbok mo?","‎응, 알겠는데
‎하려는 말이 대체 뭐야?"
1:18:07,"May tenga ang lupa, may pakpak ang balita","‎난 사방에 귀가 깔렸어
‎그리고 소문이란 건 말이야"
1:18:12,'pak' 'pak' 'pak'!,‎아주 빨리 퍼진단다
1:18:14,Manahimik ka puta!,‎입 닥쳐!
1:18:16,Tangina mo Greg! Putangina mo!,"‎엿 먹어, 그레그! 엿 먹으라고!"
1:20:01,Ang buong akala ko patay ka na.,"‎오랜 세월
‎네가 죽은 줄만 알았는데"
1:20:03,Ang babaeng minahal ko,‎내가 사랑했던 여자
1:20:06,at pinagkatiwalaan.,‎내가 믿었던 여자
1:20:09,Pinatay mo ang pamilya ko.,‎넌 내 가족을 죽였어
1:20:14,Wala kang karapatang magka-pamilya.,‎넌 그런 가족을 가질 자격 없어
1:21:28,"Lily, napansin mo ba?","‎주변을 둘러봐, 릴리"
1:21:31,"Ilan ang pinatay mo
para lang umabot sa'kin?","‎나 하나 잡겠다고
‎내 부하를 얼마나 많이 죽였는지"
1:21:40,Hindi pa ba halata?,‎지금쯤이면 확실히 깨달았을 거야
1:21:43,Hindi mo matatakasan ang kamatayan!,‎넌 죽음을 피할 수 없어!
1:21:58,Dahil ikaw si kamatayan.,‎네가 곧 죽음이었구나
1:22:02,Alam ko.,‎나도 알아
1:23:35,Ipaghiganti mo ang kapatid mo.,‎네 형제의 복수를 해라
