﻿Time,Subtitle,Translation
2:33,"Hot water, please.",뜨거운 물 부탁해요
2:38,Excuse me?,네?
2:42,MAN: He said car is closed.,끝났답니다
2:58,He get for you.,가져올 거요
3:00,Thank you. You're welcome.,"- 고맙습니다
- 아니에요"
3:04,American?,미국인이오?
3:05,Guilty.,안타깝게도요
3:14,First time to Turkey?,터키는 처음인가요?
3:16,"No, no, no, no.",아니에요
3:22,Been here...,오래전에
3:25,a long time ago.,와봤어요
3:27,Different life. Mmm.,다른 삶을 살 때였죠
3:30,Now you come back. Yes.,"- 그럼 돌아온 거군요
- 맞아요"
3:33,Looking for something.,뭘 좀 찾으려고요
3:35,Hmm. Hey.,이봐
3:44,My brother.,내 동생이
3:45,He say...,말하기를
3:48,you can find whatever you wish in Turkey. Yeah? Uh-huh.,"터키에서는 원하는 무엇이든
찾을 수 있다는군요"
3:52,How about a man who kidnapped his own daughter,자기 딸을 유괴해서
3:55,and took her away from her American mother?,"미국인 엄마와 생이별시킨 남자도
찾을 수 있으려나요?"
4:01,An abusive man.,폭력적인 남자죠
4:02,So not a real man. No love for the child.,"남자라고 할 수도 없죠
아이를 사랑해서가 아니라"
4:06,"Just a need to punish his ex-wife,",그저 전처에게 벌을 주려고
4:09,"to take the one thing away from her that meant everything to her,",가장 소중한 것을 빼앗은 거예요
4:13,with no intention of returning the child.,애를 돌려줄 마음도 없죠
4:16,Do you think that...?,그 남자도...
4:18,Excuse me.,잠시만요
4:22,Do you think I could find that man in Turkey?,"그 남자도 터키에서
찾을 수 있을까요?"
4:25,Or maybe...,아니면
4:27,on his way to Turkey?,터키로 가는 중에?
4:29,"I, uh...",나라면
4:32,would not be looking for such a man.,그런 남자는 안 찾을 것 같군요
4:37,It would be...,아마도
4:40,...dangerous.,위험할 테니까
4:44,For you.,조심하셔야죠
4:47,Men like him would think that.,그런 남자는 그렇게 생각하겠죠
4:49,"And, God as my witness, I would give him a chance.","맹세하는데
나는 그에게 기회를 줄 겁니다"
4:54,To stop.,그만하고
4:57,To reconsider.,다시 생각해보라고요
4:59,To think about the worst thing that could ever happen to him.,자기가 어떤 험악한 꼴을 당할지
5:03,To imagine that.,상상해보라고 말이죠
6:09,There are two kinds of pain in this world.,세상에는 두 종류의 고통이 있지
6:18,Pain that hurts.,괴롭기만 한 고통과
6:22,Pain that alters.,변하게 하는 고통
6:27,[IN TURKISH] Today,오늘
6:30,you get to choose.,너는 하나를 골라야 해
7:12,Baby.,우리 아가
7:15,"Oh, baby.",아가
7:17,"Oh, my God.",세상에
7:20,"Oh, God. Mom!","- 이럴 수가
- 엄마!"
7:22,"Oh, my baby.",우리 딸
7:27,GRACE: Are you okay? GIRL: Mm-hmm.,괜찮니?
7:34,"The State Department doesn't know a thing about it, Grace.","우리 딸 국무부에서도 아는 게 없어
그레이스"
7:37,No one does.,아무도 몰라
7:38,"Just that 45 minutes ago, someone delivered your daughter","그냥 45분 전에 누군가 자네 아이를
아래층에 데려다 놓았더군"
7:42,to the desk downstairs.,"누군가 자네 아이를
아래층에 데려다 놓았더군"
7:47,"GRACE: Oh, I love you so much. I love you, I love you.",예쁜 우리 딸
9:15,SAM: My favorite driver. Always on time like clockwork.,"내가 제일 좋아하는 기사야
늦는 법이 없다니까"
9:21,"Samuel. Ah, Roberto,","새뮤얼 로버트, 이거 드나드는 것도
일이구먼"
9:24,it's not easy getting in and out here.,"로버트, 이거 드나드는 것도
일이구먼"
9:26,Copy Center?,복사 가게로요?
9:29,Yes.,"- 거기로 갈까요?
- 그렇지"
9:31,Lift off.,출격하게나
9:49,How am I today?,오늘 어떻냐고?
9:52,"The same, only worse.",이건 뭐 나빠지기만 해
9:54,"Every day, I know less.",날이 갈수록 모르는 것만 늘지
9:58,[IN YIDDISH ACCENT] Welcome to the club.,저도 그래요
10:17,Thanks for the Lyft.,운전 고맙네
10:32,And a piece of advice.,조언 하나 해주지
10:34,Always be nice to anybody who has access,"조언 하나 해주지 자네 칫솔 건드릴 수 있는
사람에게는 늘 잘해줘야 해"
10:37,to your toothbrush. [McCALL CHUCKLES],"자네 칫솔 건드릴 수 있는
사람에게는 늘 잘해줘야 해"
10:43,[DISTANT SIREN WAILING] MAN [SIGHING]: Okay.,좋아
10:45,Thank you for this interview and opportunity.,면접 기회를 주셔서 감사합니다
10:47,"Now, as you can see from my résumé...",제 이력서에도 나와 있듯이...
10:50,"No, no, no, no, no, no.",아니야
10:52,[SIGHS] Thank you for this opportunity.,기회를 주셔서 감사합니다
10:56,"I have admired your company's position towards the environment for quite some time,","환경 보호를 중시하는 귀사를
오랫동안 존경해왔으며"
10:59,and to be a part of that...,제가 입사할 수 있다면...
11:01,YOUNG WOMAN: Ma.,엄마
11:02,"Ma, I got accepted.","엄마, 나 합격했어"
11:04,"[CHUCKLES] Yeah, I got accepted, Ma.","그래, 합격했다고"
11:06,"I got... ""It is with great pleasure","그래, 합격했다고 '2019년 공과대학에
입학하셨다는 소식을'"
11:08,"""that we write to offer you admission","'2019년 공과대학에
입학하셨다는 소식을'"
11:10,"to the College of Engineering, class of 2019."" Ma!",'전하게 되어 축하드리며...'
11:13,"[VOICE FADING] Ma, Ma, I gotta finish high school first. Yeah.",'전하게 되어 축하드리며...' 고등학교를 먼저 마쳐야 해
11:16,"MAN: I don't get to choose when I go, Tommy.","고등학교를 먼저 마쳐야 해 내가 가고 싶을 때
가는 게 아니야, 토미"
11:19,TOMMY: Right. The Army does that.,알았어요 군에서 정해주는 거지
11:21,I'll text you when I'm at the gate.,게이트에서 문자할게
11:23,"Love you, Dad. I love you both.","- 사랑해요, 아빠
- 둘 다 사랑해"
11:24,Where you headed?,어디로 가세요?
11:26,Iraq.,이라크요
11:28,First tour?,처음인가요?
11:30,"Yes, sir.",맞아요
11:32,I'll be there to pick you up when you get back.,돌아오시면 모시러 가죠
11:35,Thank you.,고마워요
11:54,Assalamu alaikum.,'앗살라무 알라이쿰'
11:56,FATIMA: Alaikum assalam.,'알라이쿰 앗살람'
11:57,How they coming? Left you something upstairs.,"- 잘돼요?
- 위층에 뭐 가져다 놨어요"
12:00,Did you? Mm-hmm.,그래요?
12:02,"Thank you, Fatima.","고마워요, 파티마"
12:03,"You coming to the potluck? Yes, I'm coming.","- 모여서 식사할 건데 올 거예요?
- 가야죠"
12:06,Plates and napkins. All right.,"- 그릇이랑 냅킨이랑
- 그래요"
12:08,Napkins and plates.,냅킨이랑 그릇 가지고요
12:10,And forks.,포크도 가지고 갈게요
14:20,[IN FRENCH] Why are you doing this?,왜 이러는 겁니까?
14:23,I got your name on a piece of paper in my pocket.,"내 주머니에
당신 이름이 적힌 쪽지가 있거든"
14:26,It's all that matters.,그게 이유야
14:29,"Hey, hey, hey. Look at me.",나를 봐
14:36,"No, no, no, no, no. Stop talking.",그만 떠들어
14:38,This is happening. [SPEAKS FRENCH],어쩔 수 없는 거야
14:40,Your son's gonna be home any second.,곧 아들이 돌아오겠지
14:42,[MAN SOBBING] Right?,그렇지?
14:44,Open your mouth. No. No.,"- 입 벌려
- 제발요"
14:47,"[YELLS, SPEAKS FRENCH] Open your mouth.",벌리라고
15:00,BOY: You know what? Weathermen are the best. GIRL: Princess hairdressers are the best.,"- 기상캐스터가 최고야
- 헤어드레서가 최고거든!"
15:03,"Weathermen are the best. No, dolphin trainers.","- 기상캐스터가 최고라고
- 아니, 돌고래 조련사가 최고야"
15:04,Because you get to play with...,"- 기상캐스터가 최고라고
- 아니, 돌고래 조련사가 최고야 - 왜냐면 돌고래랑...
- 돌고래 조련사가 짱이야"
15:06,Dolphin trainers are totally the best.,"- 왜냐면 돌고래랑...
- 돌고래 조련사가 짱이야"
15:08,BOY: And you don't have to know anything... The princess hairdressers are the best. ...because there are screens on the sides,"그리고 아무것도 몰라도 돼
옆이랑 앞에 스크린이 있어서"
15:12,"and the front, and you don't even see anything.",뭘 볼 필요도 없다고
15:14,They are the best. You get to curl their hair...,"- 진짜 최고라고
- 머리를 말아서..."
15:34,Hey.,안녕하세요
15:36,Mr. McCall.,맥콜 씨
15:39,"Ordered a book last week. Oh, uh, yeah.","- 지난주에 책 주문했는데요
- 그렇죠"
15:49,McCall...,어디 보자
15:50,I... I don't see it.,없네요
15:54,I'll be right back.,잠시만요
16:02,GRACE: Man with the list.,리스트 좋아하시죠?
16:04,"""Hundred Books Everyone Should Read.""",'반드시 읽어야 할 백 권의 책'
16:06,Guilty as charged.,안타깝게도 맞아요
16:07,"""In Search of Lost Time.""",'잃어버린 시간을 찾아서'
16:08,Came in yesterday.,어제 들어왔어요
16:09,McCALL: Thank you.,고마워요
16:11,What number?,몇 권 남았어요?
16:14,Last one.,이게 마지막이에요
16:17,"Well, I hope you start another list.","다른 리스트도
도전하시면 좋겠네요"
16:19,"Me, too. How much? Uh, 40, please.","- 그러게요, 얼마죠?
- 40달러요"
16:23,Thank you.,고마워요
16:28,Sign is down?,표지판이 없네요?
16:31,Sale sign.,가게 판다는 거요
16:33,"Oh, a change of circumstances.",상황이 바뀌어서요
16:35,Not going anywhere now.,이제 안 떠나도 돼요
16:56,MAN [WHISPERING]: I don't want a drink.,마시기 싫어
16:58,I don't want a drink. I don't want a drink.,마실 수는 없어
17:05,"""God...",'주여'
17:06,"""grant me the serenity to accept the things ""that I cannot change,","'바꿀 수 없는 것들을
받아들이는 평정심과'"
17:10,"""the courage to change the things I can...",'바꿀 수 있는 것을 바꾸는 용기'
17:15,"...and the wisdom to know the difference.""","'그 둘을 분별하는 지혜를
주시옵소서'"
17:22,"Would you, um...",저기...
17:24,would you mind taking me back where you picked me up?,날 태웠던 데로 돌아가주실래요?
17:48,"MAN: Just, other foot. [WOMAN CRYING] Right there.",거의 다 왔어
17:53,Come on. [WOMAN WHIMPERS] You got it.,"그래, 잘했어"
17:56,"Easy, easy. [GRUNTING, GASPING]",조심
17:58,One step. Keep going.,한 걸음만 더
18:05,There you go.,그렇지
18:12,Could you just help her get in her apartment?,아파트 안까지 좀 부탁할게요
18:15,Thanks.,고마워요
18:54,"Stop cheating, bro.",눈알 그만 굴려
19:03,"How you doing? I'm the, uh, Lyft driver",안녕하세요?
19:05,that you called to take home your girlfriend.,"애인분 모시라고 부르셨던
기사입니다"
19:07,"Not a girlfriend, man. Just an intern. Oh. I'm sorry.","애인 아니에요, 그냥 인턴이죠"
19:10,"The, uh, credit card was invalid.",죄송하지만 신용카드가 안 돼서요
19:13,Shithead.,꼴통아
19:15,"Let you hang with us 'cause your daddy's a client,","아빠가 클라이언트라
우리랑 놀게 해줬더니"
19:18,and you fuck up the first thing.,제대로 하는 게 없냐?
19:20,Come in.,들어와요
19:29,There you go. Wow.,여기요
19:33,I heard about these. I've never seen one before.,들은 적은 있는데 처음 보네요
19:35,"Yeah, well, now you have. Yeah.","- 구경 실컷 해요
- 네"
19:38,"Look, pay yourself whatever and, uh, give yourself a nice tip, huh?","비용은 알아서 청구하고
팁도 두둑이 가져가요"
19:42,Thank you. Thank you.,고맙네요
19:44,You're not gonna ask me if she got home okay?,"그녀가 집에 잘 갔는지
안 물어보나요?"
19:49,She get home okay?,"- 잘 갔나요?
- 아니요"
19:51,No. Took her to Mass General.,"- 잘 갔나요?
- 아니요 종합병원에 데려다줬어요
지금 심폐 소생을 받고 있죠"
19:52,They're pumping her stomach as we speak.,"종합병원에 데려다줬어요
지금 심폐 소생을 받고 있죠"
19:57,What's her name?,그분 이름이 뭐죠?
19:59,"You don't know, do you?",모르죠?
20:01,Okay.,좋아
20:03,"This is the point where usually I'd, uh,",보통이면 지금쯤
20:05,"give you a chance to do the right thing, but not tonight.","옳은 일을 하도록 기회를 주는데
오늘은 관두지"
20:08,"Tonight, I'm gonna need your cameras,",너희가 그녀에게 한 짓을 촬영한
20:10,"cell phones, anything you might've used",너희가 그녀에게 한 짓을 촬영한 카메라와 휴대폰을 내놔라
20:12,to record what you did to her.,카메라와 휴대폰을 내놔라
20:45,"You knocked on the wrong door tonight, pops.",아저씨 잘못 걸렸어
21:01,Jesus Christ!,"- 젠장!
- 세상에"
21:03,Come here. [MAN WHIMPERS],덤벼
21:15,Get up.,일어나
21:18,"Get up. [MAN GROANING, WHIMPERING]",어서!
21:23,Don't start crying now. Give me your phone.,울지 말고 휴대폰 내놔
21:27,Right or left?,오른쪽 아니면 왼쪽?
21:29,[CRYING] I don't know what you mean. Handed. Are you right- or left-handed?,"- 무슨 말씀이세요?
- 오른손잡이야, 왼손잡이야?"
21:32,Right. Call 911.,"- 오른손요
- 911 불러"
21:35,You tell them the truth about what happened in here tonight.,"그리고 오늘 밤 일을
사실대로 말해"
21:37,Your daddy's money is not gonna save you this time.,"이번엔 아빠 돈으로
빠져나오지 않는 거야"
21:39,"You understand? Yes, sir.","- 알았지?
- 알겠습니다"
21:40,You know her name?,그 여자 이름을 아나?
21:43,No.,몰라요
21:45,Her name is Amy. Give me your left hand.,"이름은 에이미야
왼손 내놔"
21:51,Give me your left hand.,왼손 내놔
21:57,I expect a five-star rating. You understand?,"리프트 별점 다섯 개 기대할게
알았지?"
22:00,"Yes, sir.",알았어요
22:02,"Not for me, though. For who?","나를 위해서가 아니라
누구를 위해서?"
22:04,For Amy.,에이미요
22:05,That's right. For who? For Amy. For who?,"- 그렇지, 누구?
- 에이미요"
22:07,For Amy. [YELLS] [BONE CRACKS],"- 누구?
- 에이미..."
22:16,"Make sure I get a five-star rating, junior.","별점 다섯 개 잊지 마, 2세"
22:18,MAN: Fuck.,젠장
23:33,"McCALL: Hello, Susan.","안녕, 수전"
23:35,SUSAN [CHUCKLING]: What?,깜짝이야
23:38,How in God's name did you know it was me?,나인 줄 어떻게 알았어?
23:40,[LAUGHS] I could smell you.,"나인 줄 어떻게 알았어? - 냄새가 났거든
- 뭐?"
23:42,"I... For God's sake, I just peed.","- 냄새가 났거든
- 뭐? 세상에, 방금 소변 봤다고"
23:44,"[CHUCKLES] Yeah, but you ate asparagus vinaigrette","세상에, 방금 소변 봤다고 하지만 간장 소스랑
아스파라거스 비네그레트를 먹었지"
23:48,with soy sauce.,"하지만 간장 소스랑
아스파라거스 비네그레트를 먹었지"
23:49,"[LAUGHING] Oh, you.",못 말려
23:51,"Oh, I smelled your perfume. How are you? Mmm. Oh...","향수 향기였어
어떻게 지냈어?"
23:55,Better now.,"- 별일 없지?
- 방금 좋은 일은 생겼지"
23:56,"Ah, very good.",기쁘네
23:57,"Brought you something. Ah, soup.","- 뭐 좀 가져왔어
- 수프!"
23:59,How'd that thing in Turkey turn out? Ah. Happy ending. Hmm.,"- 터키 일은 어떻게 됐어?
- 해피 엔딩이었지"
24:03,No pun intended.,물론 한쪽에만
24:04,"Well, I guess that means you owe me dinner.",그럼 나한테 저녁 사야겠네
24:07,"I didn't agree to pay for dinner. I, uh...",그런 약속 한 적 없는데
24:09,"What, you gonna try and weasel out of it?","그런 약속 한 적 없는데 - 입 닦으려는 거야?
- 그럴 리가..."
24:11,I'm not weaseling. I just...,"- 입 닦으려는 거야?
- 그럴 리가..."
24:12,"Oh, no, no, no, my friend. I don't work for free.","이러면 곤란하지
난 공짜로 일 안 한다고"
24:17,How's Brian?,브라이언은 어때?
24:22,"He's good. Oh, he's got a new book out.","잘 지내
맞다, 새 책 냈어"
24:23,Yeah? Mm-hmm.,그래?
24:25,"Maybe I should read it, huh? Oh, yeah.","- 내가 읽어봐야겠군?
- 당연하지"
24:27,"You know, if geopolitics of Nepal",1816년 수골리 조약 이전
24:29,"prior to the 1816 Sugauli Treaty is your bag, definitely.","네팔의 지정학이 관심사라면
당연히 읽어야지"
24:34,Friendship has its limits. So does matrimony.,"- 우정에도 한계는 있는 법이지
- 부부 사이도 그래"
24:37,I haven't read it yet.,나도 아직 안 읽었어
24:40,Doubt I ever will.,읽을 날이 올까 모르겠네
24:42,You here on business?,일 때문에 온 거야?
24:44,Meetings.,회의들이 있어서
24:47,"Meetings, huh?",회의들이라
24:49,"Well, birthdays are the hardest.",생일이 제일 힘든 법이지
24:56,I know I always think of my brother on his.,"내 동생 생일만 되면
그 녀석 생각이 그렇게 나"
24:58,Yeah.,그래
25:00,"[CHUCKLES] I was, uh, folding laundry the other day,",저번에 세탁물 개다가 깨달았는데
25:03,"and, uh, I realized that I didn't have","저번에 세탁물 개다가 깨달았는데 비비언이 봤던 옷들이
하나도 남지 않았더군"
25:07,any clothes left that Vivienne had ever seen.,"비비언이 봤던 옷들이
하나도 남지 않았더군"
25:11,I can't say that's a bad thing.,다행일지도 모르지
25:14,What?,뭐?
25:16,"She didn't appreciate my taste in clothing, either.","비비언도 내 패션 감각을
마음에 안 들어 했지"
25:20,"I'd buy something, the next day it was missing.","비비언도 내 패션 감각을
마음에 안 들어 했지 내가 옷을 사면
다음 날 사라지곤 했어"
25:23,"I'd ask her about it, and she'd say she didn't know what I was talking about, and...","비비언에게 물어보면
무슨 소리냐고 되물었어"
25:27,But she'd act like she didn't know what I was talking about.,"비비언에게 물어보면
무슨 소리냐고 되물었어 영문을 모르는 척했지만
뻔히 보였어"
25:30,"I could tell. I mean, she's: ""I don't know what happened","영문을 모르는 척했지만
뻔히 보였어 '당신이 늘 샀던 보라색 셔츠?
나도 모르는데'"
25:32,"to those purple shirts that you used to buy.""","'당신이 늘 샀던 보라색 셔츠?
나도 모르는데'"
25:35,And then I'd put one on that she liked.,"'당신이 늘 샀던 보라색 셔츠?
나도 모르는데' 비비언이 좋아하는 걸
입는 수밖에 없었지"
25:46,What? I didn't say anything.,"- 왜?
- 아무 말 안 했어"
25:51,SUSAN: I'm sorry if I made a mistake coming to you on Vivienne's birthday.,괜히 비비언 생일에 왔나 봐
25:56,"I just... Robert, I've been thinking.","난 그냥... 로버트, 내 말 좀 들어봐"
25:59,"Maybe you should go back, huh?",돌아가는 게 어때?
26:05,"It's great, you helping all these random people and everything, but...","아무 사람들이나
도와주는 것도 멋지긴 한데"
26:10,it's not gonna fill that hole in your heart.,"네 안의 공허함은
채우지 못할 거야"
26:16,"Go home, huh?",집으로 돌아가
26:18,Make peace with it.,그리고 받아들여
26:24,That's what Vivienne would have wanted.,비비언도 원하는 바일 거야
26:28,"Oh, hey. [WHISTLES]",택시다
26:38,Always a gentleman. That's right.,"- 역시 신사라니까
- 당연하지"
26:40,"Hey, I'm obligated to tell you these things,",이런 걸 말해주는 건 내 의무라고
26:43,being I'm the only friend you got.,난 네 유일한 친구니까
26:49,"SUSAN: Airport, please.",공항으로 가주세요
27:17,"Hey, Mr. McCall, maybe you could find out who did this to Fatima's garden.","파티마의 정원을 누가 이랬는지
맥콜 씨가 좀 찾아줘요"
27:26,Kids.,애들이에요
27:49,"What up, man? How you doing?","- 안녕하세요
- 잘 지내냐?"
27:57,Hey. You should make the building do that.,빌딩 주인한테 하라고 해요
28:00,It's what they supposed to.,그 사람 할 일이잖아요
28:02,"Ah, ""supposed to do"" and ""will do""","그 사람 할 일이잖아요 할 일과 진짜 하는 건
전혀 다른 거란다, 마일스"
28:06,"are two different things, Miles.","할 일과 진짜 하는 건
전혀 다른 거란다, 마일스"
28:08,"Yeah, but you live here, right? That's right. I pay the rent, too.","- 그래도 여기 살잖아요?
- 맞아, 집세도 내지"
28:12,"You should let somebody else do this, then.",다른 사람이 하라고 해요
28:14,"Like who? Shit, I don't know.","- 누구?
- 나야 모르죠"
28:17,Anybody. Huh?,누구든지요
28:19,Not a tenant. You're right.,세입자 말고요
28:21,"I guess anybody could do it, but nobody does, Miles.","맞아, 누구든 할 수 있겠지만
아무도 안 하지, 마일스"
28:24,Ends up with everybody complaining,그리고 모두가 불평하겠지
28:26,because nobody did what anybody could've done,"누구든 할 수 있는 일을
아무도 안 했으니까"
28:30,or should've done to begin with.,누군가 먼저 해야 했던 일을
28:33,Yeah.,맞아요
28:35,A'ight.,알았어요
28:39,"You know they got, uh...",저기에
28:40,they got painting companies around here.,페인트 회사 있는 거 알아요?
28:42,"I know they charge $600, $700 to do the job.",600에서 700달러를 줘야 해
28:44,I know that. [SCOFFS],그건 알지
28:46,Word?,네
28:49,"Shit, I'll do this for 350.",나라면 350에 할 텐데
28:51,[CHUCKLES] You? Yeah. [LAUGHS],"- 네가?
- 네"
28:56,What? Nothing.,"- 왜요?
- 아니야"
28:57,"What, I look handicapped or something?",내가 어디 불편해 보여요?
28:59,"Yo, it's a quick dip and roll. It ain't rocket science.","후딱 붓질만 하면 되잖아요
어려운 것도 아니고"
29:02,"No, you're right.",그렇긴 하지
29:04,"I'm an artist, man.",난 예술가라고요
29:07,I go to Bridgeview Arts.,브리지뷰 예술학교에 다녀요
29:11,Why aren't you in school?,왜 학교에 안 있는데?
29:14,I don't be doing all them everyday classes.,지겨운 수업 같은 건 안 들어요
29:18,"You know, I got a... got a special talent.",특별한 재능이 있거든요
29:21,"Yes, you do.",그렇지
29:23,And it takes talent to make money.,돈을 벌려면 재능이 필요하지
29:27,"But it takes brains to keep it, Miles.","하지만 잃지 않으려면
똑똑히 굴어야 해, 마일스"
29:31,"Yeah, well, I'm out here, uh, making my money, man.",돈 벌려고 나와 있는 거예요
29:34,"Short money, Miles.","충분하지 않아, 마일스"
29:35,That's short money.,푼돈이지
29:39,I tell you what.,있잖아
29:43,350's a little high...,350은 조금 세지만
29:46,but I appreciate the offer.,말은 고맙다
29:50,A'ight.,알았어요
29:52,All right? A'ight.,"- 괜찮지?
- 네"
29:56,"It's gonna be a lot of work, man.",고생 좀 하실걸요
29:59,"All right, Mr. McCall. All right.","- 가볼게요, 맥콜 씨
- 그래"
30:23,"So you still out here doing this? Yes, I am.","- 아직도 하는 거예요?
- 그래"
30:26,You ain't covering nothing. Not yet.,"- 아무것도 안 칠했네요?
- 아직은"
30:30,What is this? Walmart paint?,뭐예요? 월마트 페인트?
30:32,Primer. You gotta prime it before you paint it.,"밑칠 페인트야
먼저 밑칠을 해야 하지"
30:35,They don't teach you that in art school?,예술학교에서 안 배웠니?
30:38,"Yeah, I knew that.",나도 알아요
30:42,I've been thinking about your offer.,말씀 생각해봤어요
30:45,"Been, uh, calibrating, uh...",조금 조정해서...
30:50,250.,250요
30:53,250? Yeah.,"- 250?
- 네"
30:55,"250, I'll take care of all of this for you.",250이면 내가 다 해결할게요
30:58,For 250? Yeah.,"- 250에?
- 네"
31:01,All right.,대신 조건이 있어
31:03,But you can only work on it after school.,대신 조건이 있어 학교 마치고 해야 해
31:06,Sh... Don't curse.,"- 이런 젠...
- 욕은 안 돼"
31:08,What time you get out?,학교는 언제 끝나지?
31:10,"3:15. Okay, after school, 3:15. Deal?","- 3시 15분요
- 학교 끝나고 3시 15분, 어때?"
31:14,Okay? A'ight.,"- 됐어?
- 알았어요"
31:19,"But cash, a'ight? [LAUGHING] Okay, cash.","- 대신 현금으로 줘요
- 그러지"
31:22,"Don't be checking me, a'ight? I'll be checking for you.","- 감시하지는 말아요
- 관심을 가져주는 거지"
31:25,A'ight.,알았어요
31:28,Miles.,마일스
31:30,"Stay off them corners, son.",뒷골목은 가지 마라
31:34,Gun oil on his lips.,입술에 총기름이 묻었고
31:37,Nine-millimeter at his feet was registered to the victim.,"발치에 있던 9mm 권총은
희생자 이름으로 등록됐어요"
31:41,No other prints in the house.,타인 지문은 발견되지 않았고요
31:43,You have questions?,질문 있나요?
31:45,"Well, Mr. Calbert did work for us,","칼버트 씨는
우리 쪽 사람이었더군요"
31:47,"and when something occurs to one of ours, the agency is obligated to look into it.","우리 쪽 사람에게 변이 생기면
당연히 살펴봐야 하고요"
31:51,"So yes, you will be hearing from us.",그러니 곧 연락드리죠
31:53,"Thank you. [HUSHED] Susan, Susan.","- 고마워요
- 수전"
31:54,"Keep it locked down until we get there, please.","우리가 갈 때까지
현장 통제해주세요"
31:56,DAVE [OVER COMPUTER]: I can't find a file on this guy.,"우리가 갈 때까지
현장 통제해주세요 희생자 파일을 못 찾겠어요
언제 우리 쪽이 됐죠?"
31:58,When did he become one of ours?,"희생자 파일을 못 찾겠어요
언제 우리 쪽이 됐죠?"
32:00,I don't know.,나도 몰라
32:01,Upstairs kept him off the radar for some reason. BRIAN: Susan.,"- 무슨 이유인지 위에서 숨겼어
- 수전"
32:04,"Car's here. Car's here. Oh. Oh, hey.","- 차가 왔어
- 그래?"
32:06,"Oh, you look great. It's okay?","- 차가 왔어
- 그래? - 멋지네
- 괜찮아?"
32:07,"Well, what about a tie? Um... You need a tie, darling.","넥타이는 왜 안 했어?
잊으면 안 되지"
32:10,[OVER COMPUTER] I'd do what she says. Uh... SUSAN: You have one?,"- 거역하지 마세요, 브라이언
- 가지고 있어?"
32:12,Got it. Great. That's perfect.,"- 있어
- 그래, 잘됐네"
32:13,"All right, I'll see you later.",그럼 다녀올게
32:15,"Have fun, sweetheart. Bye-bye.","- 잘하고 와
- 갈게"
32:16,"Yeah, I'm gonna have to go over there and cross the T's. You want to come?",그쪽으로 넘어가서 살펴봐야겠어
32:20,"Oh, damn, and leave this shitty office?","가고 싶어? 이 거지 같은 사무실을
벗어나라고요?"
32:22,"You know, Brussels has the best chocolates.",브뤼셀 초콜릿이 최고예요
32:25,"Mmm. Well, we'll go. We'll find out.",가보면 알겠지
32:27,"SAM: Today, I broke a personal best: successive days alive.","오늘 내 기록을 깼지
연속 생존 일수 말이야"
32:34,All right.,좋아
32:36,"Here, I got photographic evidence.",사진 증거를 보여주지
32:38,"That's the portrait of my sister, Magda.","이게 바로
내 누이 마그다의 초상화네"
32:42,I was nine. The war came.,내가 아홉 살 때 전쟁이 터졌지
32:45,"Like most families, we were separated.","다른 가족들처럼
우리도 뿔뿔이 흩어졌어"
32:49,"My sister, Magda, and I were sent to different camps.","마그다와 나는
다른 수용소로 보내져서"
32:53,I never saw her again.,다시는 보지 못했지
32:56,"60 years later, I'm in Paris,",60년 후 파리에서
33:00,and I see somebody auctioning my painting.,"60년 후 파리에서 누군가 내 그림을
경매에 내놓는 걸 봤지"
33:06,12 million. Can you imagine?,"1천2백만에 말이야
믿어지나?"
33:08,"""You got to have proof,"" they say, ""to get it back.""","증거가 있어야
되찾을 수 있다고 하더군"
33:12,Now I got here the proof.,이제 증거가 생겼지
33:16,Wait till the judge sees this.,어서 판사에게 보여주고 싶군
33:20,Looks like there's coming a storm.,폭풍이 오려는 모양이야
33:23,"MAN: It's time for your check-up, Sam.","검진받을 시간이에요, 새뮤얼"
33:27,"Hello, sweetheart.",잘 있었나?
33:34,He's still obsessed with the painting. Tried to help him years ago.,"아직도 그림에 집착하고 계시죠
몇 년 전에 도와드리려고 했어요"
33:38,"He said he, uh, had proof it was his even way back then.",그때도 증거가 있다고 하셨죠
33:41,He didn't.,아니에요
33:43,"No record, no bill of sales.",기록도 매매 증서도 없어요
33:46,He just keeps going back to court to hear the same thing.,"법원에 가셔봤자
늘 같은 얘기만 들으시는 거죠"
33:50,"Guess it gives him something to focus on, I suppose.",덕분에 매달릴 일이 생긴 거예요
33:53,"It helps when you have nobody left, yeah?",혼자가 됐을 때는 위안이 되잖아요
34:04,McCALL: I thought the reading went great.,"""워싱턴 D.C."""
34:06,"BRIAN: Embarrassing, actually.","낭독 훌륭하던데 - 끔찍했지
- 아니야"
34:07,McCALL: No. BRIAN: I signed two books.,"- 끔찍했지
- 아니야 사인한 책은 두 권이 전부야"
34:09,That's all. [McCALL LAUGHING],사인한 책은 두 권이 전부야
34:13,You sure we can't drop you off at the airport?,고마워 정말 공항에 안 내려줘도 되겠어?
34:15,"No, I'm fine, Brian. Thank you.","괜찮아, 브라이언
고마워"
34:17,Thanks so much for coming. All right.,"- 와줘서 고맙네
- 그래"
34:18,Good night. Good night.,"- 잘 가
- 자네도"
34:20,"Listen, do me a favor. Yeah?","- 부탁이 하나 있어
- 그래?"
34:21,See what you can find out. Yeah?,좀 살펴봐줘
34:24,"Oh, another dinner, then.",저녁 또 사야겠네?
34:25,I'll see what I can do. Yeah?,"- 알아볼게
- 그래?"
34:27,I do fly off to Brussels tomorrow.,"- 내일 브뤼셀 가야 해
- 은퇴한 줄 알았는데"
34:29,"Thought you were retired. Oh, I am.","- 내일 브뤼셀 가야 해
- 은퇴한 줄 알았는데 그랬지, 네가 죽었던 것처럼"
34:31,Just like you're dead. [McCALL LAUGHING],"그랬지, 네가 죽었던 것처럼"
34:33,Okay. Good night.,그래
34:34,McCALL: Very good. Good night.,"- 안녕
- 잘 가"
34:42,"FATIMA [OUTSIDE]: I saw you painting yesterday, Miles.","어제 페인트칠하던데, 마일스"
34:45,MILES: It's primer. It ain't paint.,페인트칠이 아니라 밑칠한 거예요
34:49,So all this bullshit under there... it don't show through.,"그래야 이 거지 같은 게
보이지 않거든요"
34:54,FATIMA: My brother painted that.,내 동생이 그린 거야
34:57,It's the place we grew up.,우리 고향의 풍경이지
35:00,"Yeah? Well, you live here now.","그래요?
이젠 여기가 집이잖아요"
35:36,Powder of some sort.,무슨 가루예요
35:47,Hard drive contents and cell records?,"하드드라이브 데이터랑
휴대폰 내역은요?"
35:51,You'll have them later today.,오늘 늦게 받으실 수 있어요
36:01,Susan.,수전
36:04,Okay. Thank you.,"응, 고마워"
36:07,"You okay? Yeah, I'm fine.","- 괜찮아요?
- 그래"
36:11,SUSAN: Merci.,고마워요
36:15,Right behind you.,"같이 가요 ""이스라엘 & 로즈 호로비츠
레지던스"""
36:30,SAM: I don't know.,모르겠군
36:32,Seems to me the judge... he didn't even pay any attention to me.,"판사는 내 말을
귓등으로도 안 듣는 듯해"
36:39,"I mean, uh, he hardly looked at all the evidence I had.",내 증거들을 거의 보지도 않았어
36:45,"Well, that's it.",여기까지인 듯해
36:46,"It was a very rare painting, Sam.","희귀한 그림이잖아요, 새뮤얼"
36:49,Maybe... maybe that's the reason,어쩌면
36:51,why it looks so familiar to you.,그래서 낯익게 보이는 건지 몰라요
37:09,"This is my sister, Magda.",내 누이 마그다네
37:12,"Was younger, but that's the only picture survived.","더 어렸을 적이지만
그 사진밖에 안 남았어"
37:17,My uncle commissioned the portrait as a gift for her 12th birthday.,"누이의 열두 번째 생일 선물로
삼촌이 초상화를 의뢰했지"
37:24,"Was a young artist, just beginning, but, oh, you should have seen it.","막 활동을 시작한 젊은 화가였지만
실력이 대단했어"
37:30,"Not just the resemblance, but a spirit that shone through it.","모사만 잘하는 게 아니라
빛나는 영혼까지 담아냈어"
37:35,"It glowed, you know, like a beacon. [CHUCKLES]",불빛처럼 눈이 부셨지
37:40,"""My little brother,"" she'd say, ""my Sammy.""","누이는 나를
'우리 새미'라고 불렀지"
37:45,I could never protect her.,누이를 지키지 못했어
37:48,To lose her twice...,누이를 두 번 잃는 건
37:53,I can't imagine.,상상도 하기 싫어
37:57,"McCALL [OVER PHONE]: Hello, Susan.","""벨기에 브뤼셀"" 안녕, 수전"
37:58,SUSAN: Hey. I had no idea you were such an art lover.,미술 애호가이신 줄은 몰랐네
38:01,That information you wanted just came in.,부탁한 정보는 방금 구했어
38:04,Kind of surprising. Okay.,"부탁한 정보는 방금 구했어 - 조금 놀랍네
- 그래"
38:06,I'm sending it to you right now.,"- 조금 놀랍네
- 그래 - 지금 보내줄게
- 고마워"
38:07,McCALL: Good.,"- 지금 보내줄게
- 고마워"
38:08,Yeah? Hey.,"- 왔어?
- 네"
38:10,Calbert's bank records are fine.,칼버트의 은행 장부는 깨끗해요
38:13,"Texts, e-mails. No marital discord.","문자도 이메일도 별거 없고
부부 문제도 없었어요"
38:17,"No girlfriends, no boyfriends, no lovers.",여자든 남자든 애인도 없고요
38:20,Not even an inappropriate message to a coworker.,"직장 동료에게
수작 거는 문자조차 없어요"
38:22,And what about the wife?,아내 쪽은?
38:24,"[CHUCKLING] Oh, come on, Dave. Women fuck around, too.","이러지 마, 데이브
여자도 놀아날 수 있어"
38:30,"I mean, think about it.",생각해보라고
38:32,"When's the last time you sent your wife flowers, hmm?",아내에게 꽃 보낸 지 얼마나 됐지?
38:34,Noted. Noted. [CELL PHONE BUZZING],알아들었어요
38:40,Data on Calbert's hard drive just came in.,"칼버트의 하드드라이브 데이터가
왔어요"
38:43,"No, we'll talk about it on the plane.","아니, 비행기에서 얘기하자"
38:44,I want to get out of here as soon as we can.,"아니, 비행기에서 얘기하자 빨리 떠나고 싶은 마음뿐이야"
38:47,Run some theories by Stan.,스탠의 가설 좀 살펴봐
38:50,MAN: Pardon.,실례해요
38:57,"Oh, uh... watch.",조심하세요
39:00,SUSAN: Excusez-moi. Monsieur.,실례해요
39:02,Pardon. Merci.,"죄송해요, 고맙습니다"
39:05,Pardon.,실례해요
39:22,I'll see you downstairs at 6:00? You got it.,"- 여섯 시에 밑에서 볼까?
- 네"
39:25,"Oh, hey, and how about some of that delicious Belgian chocolate you're always talking about?","맞다, 맨날 들먹였던
벨기에 초콜릿은 어떻게 됐어?"
39:29,Or you're not getting on the plane.,"빈손으로 오면
비행기 못 탈 줄 알아"
39:34,Guess I'm going back out. [DOORS CLOSING],다시 나가야겠네
39:52,"Oh, crap.",젠장
39:58,"[LOCK BEEPS, CLICKS] Oh, great.",됐다
40:11,[IN ENGLISH] What do you want?,무슨 짓이에요?
40:13,"What do you...? No! [IN FRENCH] Get up, bitch!","- 안 돼!
- 일어나"
40:14,[SCREAMS] You're-you're hurting me!,"- 안 돼!
- 일어나 - 이러지 말아요!
- 돈은 어디 있지?"
40:16,Where is the money?,"- 이러지 말아요!
- 돈은 어디 있지?"
40:17,[IN FRENCH] I don't have any money!,돈 없어요!
40:19,[IN FRENCH] Where is the money?,돈 어디 있어?
40:26,[IN ENGLISH] Fucking why? Who the fuck are you?,무슨 짓이야? 너희 대체 누구야!
40:28,[MAN GAGGING] Come on!,너희 대체 누구야!
41:04,MILES: Brick will make this pop out.,벽돌은 튀어나올 거예요
41:07,Picasso this entire building.,건물 전체를 예술로 만들어드리죠
41:09,[LAUGHS] Picasso it?,예술로?
41:10,"Yeah. Yeah, okay.","- 네
- 좋아"
41:12,How much?,얼마지?
41:13,It's on the house. I like that.,"- 그냥 해드릴게요
- 맘에 드네"
41:22,You been drawing a long time?,그림은 오래 그렸니?
41:24,"Since, uh... about third grade.",3학년쯤부터요
41:28,What is this?,이건 뭐야?
41:32,That's how I sign my work.,내 작품에 남기는 사인이에요
41:34,"My brother, he was a boxer.",내 형이 권투 선수였죠
41:37,It's the right hand of God.,'신의 오른손'이에요
41:40,"He catch you with it, you know, you go to Heaven or, uh...",형한테 걸리면 천국에 가거나...
41:47,Okay.,그렇구나
41:50,He still fighting? Uh...,아직도 뛰니?
41:54,Somebody shot him.,누가 쐈어요
41:57,Coming back from the gym. Not even ganged up on or nothing.,"체육관에서 돌아오다가 당했어요
다구리 맞은 것도 아니에요"
42:02,Just wanted his gym bag.,그냥 운동 가방을 노린 거였죠
42:13,What?,왜요?
42:16,I didn't say anything.,아무 말 안 했어
42:19,Anyway...,아무튼
42:21,"My grandmother says, if you don't...",할머니가 말씀하셨는데
42:24,"remember somebody out loud,","누군가를
분명히 기억해주지 않으면"
42:27,they die twice. [CELL PHONE RINGING TWICE],두 번 잃는 거래요
42:32,Grandmother was wise.,현명하신 분이네
42:34,"Hey, Brian.","안녕, 브라이언"
42:35,"Y-Yeah, listen, I'm-I'm reading your book right now, and I can't believe you...","저기, 자네 책은 읽고 있는데
언제 그런 걸..."
42:55,Yeah.,그래
43:06,Yeah.,응
43:11,Got it.,알았어
43:16,"Yo, Mr. McCall, you good?","맥콜 씨, 괜찮아요?"
43:20,"Hey, yo, Mr. McCall.",맥콜 씨!
44:07,"Oh, thanks, Dave.","고맙네, 데이브"
44:29,"BRIAN: You know, the...",그게...
44:31,"the police in Brussels, th-they say that...",브뤼셀 경찰들이 그랬는데
44:35,"it happens in these hotels, these robberies.","이 호텔들에서 터진다는군
강도 사건들 말이야"
44:39,But she never wore any jewelry.,"하지만 보석 같은 걸
하고 있지도 않았고"
44:43,"Not even a watch, and...",시계조차도 안 찼는데...
44:49,Except for this.,이것뿐이었지
44:53,Here.,자
45:00,What did the agency say?,정보국에서는 뭐라고 해?
45:04,"Uh, they said... they'd do everything in their power.",모든 노력을 다하겠다고 했지
45:08,They're working with Interpol.,인터폴과 협력하고 있어
45:13,Promised to find whoever it was.,범인을 꼭 찾겠다는군
45:18,But...,근데...
45:23,I don't know what to do now.,뭘 어떻게 해야 할지 모르겠어
47:27,[IN FRENCH] Where's the phone?,폰 어디 있지?
47:32,Is it yours?,네 거야?
47:36,It's not mine!,내 거 아니야!
47:41,Where the fuck is it?,어디 있는 거야?
48:41,REPORTER: Things to remember as the storm continues its march northward.,"폭풍이 북쪽으로 진행한다는 걸
명심하세요"
48:44,We saw what Frances did,"폭풍이 북쪽으로 진행한다는 걸
명심하세요 폭풍 프란세스가 국토 남동부에
끼친 피해를 잊지 않으셨겠죠"
48:46,in the southeast part of the country.,"폭풍 프란세스가 국토 남동부에
끼친 피해를 잊지 않으셨겠죠"
48:48,It appears to be moving here as slowly as it left the Gulf Coast.,"걸프만을 떠나면서
천천히 이동하고 있지만"
48:51,That is what worries meteorologists now.,"기상학자들은
바로 그 점을 우려하고 있습니다"
48:53,"Even as the storm is moving up the Eastern Seaboard,","기상학자들은
바로 그 점을 우려하고 있습니다 폭풍이 동부 해안으로
이동하고 있지만"
48:56,every city and town that has been hit,"폭풍이 동부 해안으로
이동하고 있지만 모든 도시와 마을은
폭풍 해일을..."
48:58,[KNOCKING AT DOOR] has experienced storm surge...,"모든 도시와 마을은
폭풍 해일을..."
49:03,"...dangerous flood levels, because the storm...","폭풍으로 인한
위험한 수준의 홍수위로... ""복도 카메라 비활성화"""
49:08,National Guard has been deployed in several states to prepare for lootings...,"약탈에 대비하기 위해 여러 주에
주 방위군이 배치됐습니다"
49:49,SUSAN [OVER VIDEO]: Excusez-moi. Monsieur.,실례해요
49:51,Pardon. Merci.,"죄송해요, 고맙습니다"
49:59,DAVE [OVER VIDEO]: Watch.,조심하세요
50:01,SUSAN: Excusez-moi. Monsieur.,"실례해요, 죄송해요"
50:06,I'll see you downstairs at 6:00? DAVE: You got it.,"- 여섯 시에 밑에서 볼까?
- 네"
50:10,SUSAN: I'll see you downstairs at 6:00? DAVE: You got it.,"- 여섯 시에 밑에서 볼까?
- 네"
50:38,"McCALL: You got fat, Dave.","살 붙었군, 데이브"
51:02,DAVE: I was in the same lobby when that bomb went off.,"폭탄이 터졌을 때
저도 그 로비에 있었어요"
51:06,Looking right at you...,선배를 보고 있었죠
51:10,...when that hotel came down on us.,호텔이 우리 위로 무너질 때요
51:16,"You were there, and then you weren't.",그리고 사라지셨죠
51:19,Wasn't my day.,죽을 날이 아니었지
51:24,I went to your funeral.,선배 장례식에도 갔었어요
51:26,Grieved a long time over you.,오랫동안 슬퍼했다고요
51:34,"Susan, she knew?",수전도 아셨어요?
51:39,"I was your partner for seven years, Mac. I never kept anything from you.","7년 동안 파트너였잖아요
제가 뭐 하나 숨긴 적 있어요?"
51:42,"McCALL: I'm sorry, Dave.","미안해, 데이브"
51:44,I am.,정말이야
51:48,I never had a chance to say how sorry I was...,유감이라고 말할 기회도 없었죠
51:52,about Vivienne.,비비언 일 말이에요
51:57,You still at the beach?,아직도 해변에 사세요?
52:01,Not in a long time.,떠난 지 꽤 됐어
52:03,"Well, I got me that cabin.",그 오두막 샀어요
52:07,Take the wife and kids up a couple times a year.,"아내와 애들 데리고
1년에 두어 번 가요"
52:12,Wouldn't have any of it...,수전이 아니었으면
52:15,if it weren't for Susan.,꿈도 못 꿨겠죠
52:20,Life got...,인생이...
52:24,...dark.,어두워졌었죠
52:27,She talked me off that ledge I was heading over.,"벼랑 끝으로 향하던 나를
수전이 타일러줬죠"
52:30,Probably over a bowl of soup.,수프 한 그릇 놓고 그랬겠군
52:38,I owe her my life.,수전은 내 생명의 은인이에요
52:42,You ever talk to the boys?,팀원들이랑은 연락해?
52:45,"No, not for years. [CLICKS TONGUE]",몇 년 동안 안 했어요
52:51,"[CHUCKLES] Hell of a team we were, right?",우리 진짜 끝내주는 팀이었죠?
52:56,"She never pushed a button, Dave.",그녀는 버튼을 누르지 않았어
52:57,Who? Susan.,"- 누구요?
- 수전"
53:00,On the elevator.,엘리베이터에서
53:02,She never pushed her floor number. I checked all the video.,"자기 층 버튼을 누르지 않았어
모든 영상을 살펴봤지"
53:07,Backpackers got on first.,백팩 맨 둘이 먼저 탔지
53:09,They pushed number 16. She didn't have to.,"그들이 16층을 눌러서
수전은 안 눌러도 됐어"
53:13,They knew what floor she was on.,수전이 머물던 층수를 알았던 거야
53:17,They find 'em?,놈들은 찾았대?
53:20,Pieces of them.,일부는 찾았죠
53:22,Couple of tweakers. With sheets as long as my arm.,"약쟁이 놈들이에요
싸구려 마약이 양손 가득이더군요"
53:26,"My good arm, anyway.",제 손이 좀 크잖아요
53:29,Gas explosion.,가스 폭발이었죠
53:31,At least that's what they're calling it. What do you call it?,"- 그렇다고 하더군요
- 자네는 어떻게 생각해?"
53:35,Tying up loose ends.,뒤처리한 거죠
53:40,Autopsy report. Stab wound.,부검 보고서에 있는 자창
53:46,The lower third rib. DAVE: Close-quarter technique.,"- 세 번째 늑골 밑으로 2mm야
- 근접전 기술이군요"
53:49,Exactly. That was taught. This was no robbery.,"맞아, 훈련받은 거야
강도 같은 게 아니야"
53:54,Something else went on in that room.,뭔가 다른 게 있어
53:59,"Mac, whatever it is, whatever you need...","선배, 이게 무슨 사건이든"
54:04,I'm in.,나도 도울게요
54:07,I know.,알아
54:08,Same mud.,'죽어도'
54:13,Same blood.,'같이 죽는다'
54:37,"MILES: What's the deal, bruh?",뭐 하냐?
57:39,Listen. Uh... [CELL PHONE BUZZING],저기
57:43,York. McCALL: Dave.,"- 요크입니다
- 데이브"
57:48,"Listen, the gun... next to Calbert was on his right side.","칼버트 옆에 있던 총은
그의 오른쪽에 있었어"
57:57,He was right-handed. Why?,"오른손잡이였으니까요, 그런데요?"
57:59,His wife was shot by somebody left-handed.,아내는 왼손잡이가 쏜 거야
58:02,Somebody else was in that room.,누군가 거기 있었던 거지
58:07,Powder residue came from a latex glove.,"라텍스 장갑에서
잔여 화약이 검출됐어요"
58:10,"20,000 euros were found in the backpackers' flat.","백팩 맨 놈들 집에서
2만 유로가 발견됐고요"
58:15,"Hey, Bob. Dave.","- 안녕, 밥
- 데이브"
58:20,Those guys were set up.,누가 놈들을 이용한 거예요
58:21,Right. Agency assets are taken out all the time.,정보국 사람들은 종종 살해당하지
58:24,Opposite side loves sending a message.,"적들은 메시지를
보내기 좋아하니까"
58:29,Why stage it?,왜 자살로 꾸민 걸까?
58:32,They didn't know he was one of ours.,우리 쪽인 걸 몰랐군요
58:34,Susan was about to figure out who was in that room.,"수전은 그 방에 있던 사람을
밝혀내기 직전이었어"
58:37,"That's why she was killed, Dave.","그래서 죽은 거야, 데이브"
58:39,The two were connected.,연결된 사건이야
58:41,I'll get back to you when I know more.,더 알게 되면 연락하지
58:44,Keep me posted.,알겠어요
59:51,"Yo, man, elevator's closed.",엘리베이터 안 돼요
1:00:07,"MAN [IN OTHER ROOM]: Listen up, little nigga. You ready to put in work?","잘 들어, 새끼야
일할 준비 좀 됐냐?"
1:00:11,'Cause everybody in my camp put in work.,다들 몸이 근질거리거든
1:00:13,MAN 2: One down little nigga. MAN 1: Ain't no snitchin'.,"- 새끼 하나 보내는 거지
- 경찰에 꼰지르지 말고"
1:00:14,"Ain't no bullshittin'. MAN 3: Clock in, nigga.",제대로 하라고
1:00:52,"Yeah, baby, fucking hit that shit. You got it, little man. Pass that bump.",바로 그거야
1:00:55,"Let me get that, man.",나도 좀 빨자
1:01:01,"MAN 1: Hey, you all right, little nigga?","- 괜찮냐?
- 그래"
1:01:03,"MAN 2: Yeah, yeah. Yeah. MAN 1: Good?","- 괜찮냐?
- 그래 - 정말 괜찮아?
- 그래"
1:01:05,You sure? It's all that. MAN 2: A'ight.,"- 정말 괜찮아?
- 그래"
1:01:07,"Listen, man. You know you gotta",인마
1:01:08,"spin the bend tonight, right?","오늘 밤에 차 안에서
갈겨버리는 거 알지?"
1:01:10,You know you gotta spin the bend.,"- 갈겨버리는 거야
- 좋지"
1:01:12,Yeah. Didn't them niggas kill your brother?,"- 갈겨버리는 거야
- 좋지 네 형 죽인 새끼들 아니야?"
1:01:14,You gotta empty the whole thing on 'em. Yeah. Right.,"- 총알을 퍼부어버려
- 그래"
1:01:17,You gotta go take care of that tonight. Run down on them niggas.,"오늘 처리해야 해
새끼들 밟아버려"
1:01:21,Make sure you kill one of them ill niggas tonight.,그 새끼들 중 하나 죽여버려야 해
1:01:22,Make sure you empty that whole thing.,있는 총알 다 써버려
1:01:25,"Yo, listen.",잘 들어
1:01:27,Your mother already buried your brother.,"네 어머니는
이미 아들을 하나 잃었어"
1:01:30,Don't have her bury two sons.,둘째도 잃으시면 안 되잖아
1:01:33,You hear me? Yeah.,"- 알겠냐?
- 그래"
1:01:36,"Don't come back without it empty. That's a fact, B.","아주 벌집을 만들어버려
꼭 그래야 해"
1:01:41,"Shit. Let's go, Miles.","- 젠장
- 가자, 마일스"
1:01:43,Holy shit. Sit down. Sit down. Sit down.,"- 망할
- 앉아"
1:01:45,Sit down. Who the fuck is this nigga?,"- 망할
- 앉아 이 새끼 누구야?"
1:01:47,McCALL: I'm your father.,이 새끼 누구야? 네 엄마가 숨긴 네 아빠다
1:01:48,Your mommy just didn't tell you.,네 엄마가 숨긴 네 아빠다
1:01:50,"Let's go, Miles. Let's go, Miles.","가자, 마일스"
1:01:57,"Let's go, Miles.","어서, 마일스!"
1:01:59,MAN: Do you know this nigga?,아는 인간이야?
1:02:00,"Yo, where you going, B?",아는 인간이야? 어디 가는 거야?
1:02:03,Yeah?,이러기냐?
1:02:06,[SIGHING] Shit.,젠장
1:02:08,"Bam. Yo, who the fuck was that, yo?","- 탕
- 뭐 하는 놈이지?"
1:02:11,"[CLAMORING] MAN: Yo, what the fuck happened, yo?","- 이것 좀 봐
- 젠장 - 젠장, 뭐야?
- 뭐가 어떻게 되는 거야?"
1:02:14,"What the fuck is going on, yo? The fuck happened to you?","- 젠장, 뭐야?
- 뭐가 어떻게 되는 거야?"
1:02:16,"Come on. Yo, get the fuck off of me, man.","- 가자
- 손 치워요!"
1:02:20,Huh?,그래
1:02:21,Do you know where the fuck we at?,"- 우리가 어디 있는지 알아요?
- 나는 알지, 너는?"
1:02:23,I know. Do you? I know where we are.,"- 우리가 어디 있는지 알아요?
- 나는 알지, 너는? 똑똑히 알고 있지
이걸 바라는 거냐?"
1:02:25,This what you want? Is it what you want?,"똑똑히 알고 있지
이걸 바라는 거냐?"
1:02:27,I thought you wanted to draw. Isn't that what you said?,"정말 이러고 싶은 거야?
그림은 어떡하고? 그림 그리고 싶다며?"
1:02:29,Draw? Yeah.,"- 그림요?
- 그래"
1:02:31,Paint?,"- 그림요?
- 그래 - 미술요?
- 그래!"
1:02:32,Yeah.,"- 미술요?
- 그래!"
1:02:34,What the fuck is that gonna get me?,그런다고 뭐가 생기는데요?
1:02:36,That shit about to put food on my fucking ma's table?,"그런다고 집에
빵 한 조각 사 갈 수 있어요?"
1:02:42,That shit gonna pay the fucking bills?,전기세라도 낼 수 있어요?
1:02:46,Nah.,아니죠
1:02:48,You need to be a gangster. You need to be a killer.,"갱스터가 되겠다고?
킬러가 되겠다고?"
1:02:50,"Little Yummy, huh? You need them.",잘나가고 싶다는 거지?
1:02:52,"Okay, if that's what you want.","좋아, 그걸 바란단 말이지"
1:02:53,"If that's what makes you feel like a man, then be a real man.","남자답게 굴고 싶으면
진짜 남자가 되라고"
1:02:56,Let's get jumped in right now.,그냥 바로 시작하자
1:02:58,Here. Start with me. No.,"- 나부터 시작해봐
- 싫어요"
1:02:59,"No, start with me.","아니야, 해봐"
1:03:00,Here. Start with me. No.,"- 자, 어서
- 싫다고요"
1:03:02,"No, take it. No, no. Come on, killer. Come on, killer.","- 받으라고, 킬러
- 싫어요"
1:03:04,"Come on, killer. Put it right there.","- 내 머리에 겨눠
- 싫어요"
1:03:06,No. You know how to hold it? You know what you're doing?,"쥐는 법은 아나?
알고서 하는 짓이야?"
1:03:09,"Come on, killer.","어서, 킬러"
1:03:10,There you go.,그렇지
1:03:11,There you go. There you go.,잘했어
1:03:17,Five pounds of pressure-- that's all it takes.,5파운드의 압력이면 충분해
1:03:19,"Come on, gangster.","해보라고, 갱스터"
1:03:21,Five pounds of pressure-- that's all it takes.,5파운드의 압력이면 된다고
1:03:23,Five pounds of pressure. Fuck.,"- 5파운드면 돼
- 젠장"
1:03:25,That's all it takes.,그거면 끝이야
1:03:27,"All right. Come on, give it to me. You don't want it. Give it to me.","이리 줘, 됐으니까 내놔"
1:03:31,"Come on, give it to me. I ain't gonna do nothing to it.","나한테 줘
아무 짓도 안 할 테니까"
1:03:34,"See? You know what they are up there? They're liars, and so am I.","저놈들이 누군지 알아?
거짓말쟁이지, 나처럼 말이야"
1:03:37,"Hey, yo, yo, yo, yo, yo, yo. See? See what happens","저놈들이 누군지 알아?
거짓말쟁이지, 나처럼 말이야 잠시만요"
1:03:39,"when you deal with a liar? Hey, hey, hey, hey, hey, hey.","거짓말쟁이랑 엮이면
어떻게 되는지 보여줘? 이봐요"
1:03:41,"Huh? You see what happens when you deal with a liar? Yeah, yeah. Yeah, yeah, yeah, yeah.","- 잠깐만요
- 어떻게 엿 먹이는지?"
1:03:44,I lied to your little punk ass. A'ight. Now I'm-a kill you.,"- 넌 나한테 뒤통수 맞은 거야
- 알았어요"
1:03:46,What do you see when you look at me? Tell me.,"이제 널 죽일 거야
날 보면 뭐가 보이지?"
1:03:48,You better give me a right answer. I don't know.,"- 정답을 맞히는 게 좋을 거야
- 몰라요"
1:03:50,I don't know. What you see when you,"- 날 보면 뭐가 보이냐고, 킬러?
- 몰라요!"
1:03:51,"look at me, killer? I don't know!","- 뭐가 보여?
- 모른다고요!"
1:03:52,"What you see, Yummy? I don't know. You don't know? I don't know.","- 몰라?
- 몰라요"
1:03:54,I don't know. All right?,"몰라요, 모른다고요"
1:03:57,"""Man"" ain't spelled G-U-N, son.","총을 쥔다고
남자가 되는 게 아니야"
1:04:02,You got a choice. You got talent.,너에겐 선택권이 있고 재능이 있어
1:04:06,"You got a chance, and I don't want to hear about","기회가 있지
환경 탓도 하지 말고"
1:04:08,your environment and what your mama didn't give you,"기회가 있지
환경 탓도 하지 말고 엄마 탓도 하지 말고
백인 탓도 하지 마"
1:04:09,and the white man won't give you no shot.,"엄마 탓도 하지 말고
백인 탓도 하지 마"
1:04:11,You got a chance.,너에겐 기회가 있어
1:04:13,Use it while you still alive.,살아있을 때 써먹으라고!
1:04:15,You don't know what death is.,넌 죽음이 뭔지 몰라!
1:04:18,You have no idea what death is.,넌 쥐뿔도 모른다고!
1:04:22,Make a decision. All right.,"- 결정해라
- 알았어요"
1:04:32,"Hey, yo, Mr. McCall.",맥콜 씨
1:04:36,Why me? Why not you?,"- 왜 나예요?
- 왜 안 되는데?"
1:04:45,But... but why me?,그래도 왜 나예요?
1:04:48,Let's find out together.,같이 알아보자
1:04:55,"REPORTER: And with a storm this size, that surge could be as much as six feet.","이 정도 크기의 폭풍이라면
해일은 2m에 육박할 듯합니다"
1:04:59,It's the speed of the hurricane and that giant eye,"허리케인의 속도와 거대한 태풍의 눈으로 볼 때
해안은 완전히 침수될 수 있습니다"
1:05:01,that could absolutely deluge the coast.,"거대한 태풍의 눈으로 볼 때
해안은 완전히 침수될 수 있습니다"
1:05:27,Hello? MILES: Mr. McCall?,"- 네?
- 맥콜 씨?"
1:05:30,"Who is it? It's me, Miles.","- 누구야?
- 나예요, 마일스"
1:05:37,"I finished the bricks outside. Yeah, I saw it.","- 벽돌 다 끝냈어요
- 나도 봤어"
1:05:42,"Oh, uh, this is your change for the extra paint.","추가로 페인트 사고 남은
잔돈이에요"
1:05:47,That's all of it? Yeah.,"- 그게 다야?
- 네"
1:05:51,"So, anyway, uh...",아무튼...
1:05:55,"you have something to drink? Yes, I do.","- 마실 것 좀 있어요?
- 그래"
1:06:01,Would you like something to drink? Yeah.,"- 마실 것 좀 줄까?
- 좋아요"
1:06:03,Come on in.,들어와
1:06:07,Iced tea or water?,홍차 아니면 물?
1:06:09,"[SCOFFS] What I look like, Jackie Chan?",내가 무슨 성룡인 줄 알아요?
1:06:18,Thank you. You're welcome.,"- 고마워요
- 그래"
1:06:23,"Yo, you know they sell these in sets.",이거 세트로 파는 거 알죠?
1:06:26,Yeah.,알아
1:06:40,What you making? Arroz con pollo.,"- 뭐 만들어요?
- 아로스 콘 포요"
1:06:44,"Yeah, Moms makes the same thing.",엄마도 이거 만들어요
1:06:46,"Does she? Yeah, she puts some...","엄마도 이거 만들어요 - 그래?
- 엄마는 여기에..."
1:06:48,I'm not your moms.,난 네 엄마가 아니야
1:06:50,And that's not your pot.,이건 네 냄비도 아니고
1:06:52,And this is not your house.,여긴 네 집이 아니지
1:06:54,You understand?,"- 알겠지?
- 네"
1:06:55,Yeah. Yeah. Okay.,"- 좋아
- 네"
1:07:06,"Yo, this wall need a paint job.",벽에 페인트칠 좀 해야겠네요
1:07:08,"Yeah, it does. Yeah.","- 그렇지
- 네"
1:07:11,I could do it for you. Could you?,"- 제가 해드릴 수 있어요
- 그래?"
1:07:13,Yeah.,네
1:07:14,How much?,얼마?
1:07:17,If I could get a plate of that food...,저거 한 접시면 뭐...
1:07:21,"Yeah, man...",저기...
1:07:23,"No, seriously, uh, 115.",진짜로 말하면 115요
1:07:27,That cool?,괜찮아요?
1:07:30,"All right, I'll make a deal with you.","좋아, 거래를 하지"
1:07:33,"115, huh? Yeah.","- 115라고 했지?
- 네"
1:07:36,Here you go. Free.,"받아라, 공짜야"
1:07:40,Read that. Can you read?,"읽어, 읽을 수 있지?"
1:07:41,Yeah. What does it say?,"읽어, 읽을 수 있지? - 네
- 뭐라고 적혀 있지?"
1:07:45,"Ta-Nehisi Coates, ""Between the World and Me."" All right.","타네하시 코츠
'세상과 나 사이'"
1:07:48,"You read that, we got a deal.","그래, 읽으면 너한테 맡길게"
1:07:55,McCALL: Airport? MAN: Yeah.,"- 공항으로요?
- 네"
1:07:57,Is it somebody's birthday? My daughter.,"- 누구 생일인가요?
- 제 딸요"
1:08:01,Nice.,좋네요
1:08:06,How old is she?,따님이 몇 살이에요?
1:08:09,She's five.,다섯 살요
1:09:08,"Guess you don't fly that often, huh?",공항은 자주 안 가나 봐요?
1:09:12,Been driving in the opposite direction of Logan for the last three minutes.,"3분 동안
공항 반대 방향으로 몰았거든요"
1:09:47,WOMAN: Hey!,이봐요!
1:11:47,"Um, no crust, either. [CELL PHONE CHIMES]",껍질도 싫어요
1:11:49,"Eat up, sweetie. GIRL: Mom? Mom says I have to go","- 엄마?
- 어서 먹으렴 - 엄마가 나보고 치과 가래
- 엄마도 치과 안 가도 되잖아"
1:11:51,to the dentist. [KNOCKING AT DOOR] She never has to go to the dentist.,"- 엄마가 나보고 치과 가래
- 엄마도 치과 안 가도 되잖아"
1:11:54,That's gotta be the gardener? Grapes.,"- 정원사 왔나 봐
- 포도는요?"
1:11:56,Can I have a treat? You know where the grapes are.,"- 간식 먹어도 돼요?
- 포도 어디 있는지 알잖아"
1:12:01,"[SIGHING] Oh, my God.",세상에
1:12:03,My life... is so hard. [CHUCKLES],아빠 인생이 고달프구나
1:12:07,Here's your grapes.,"- 포도 여기 있다
- 네?"
1:12:10,Show me what you can do. But...,"- 네가 할 수 있잖아
- 너무해요"
1:12:11,Seriously? Seriously.,"- 네가 할 수 있잖아
- 너무해요 - 뭐가 너무해?
- 정말..."
1:12:13,Come on.,"- 뭐가 너무해?
- 정말..."
1:12:15,"Hi, baby.",우리 딸
1:12:18,Mommy made a nice map.,엄마가 멋진 지도를 만들었네
1:12:21,"""A. Maine."" Very good.","'A, 메인' 그렇지"
1:12:23,"""B. New Hams...""","'B, 뉴햄...'"
1:12:26,"""New Hamster.""",'뉴햄스터'
1:12:27,"Carol, who is it?","캐롤, 누구야?"
1:12:34,Carol?,캐롤?
1:12:38,"DAVE: It's New Hampshire, not New Hamster.",뉴햄스터가 아니라 뉴햄프셔야
1:12:40,"GIRL: But I like it as ""New Hamster."" Okay, you leave it ""New Hamster.""","- 근데 '뉴햄스터'가 더 좋아요
- 그럼 그냥 두자"
1:12:45,"CAROL: Honey, the front doorbell is broken.","자기야, 현관 벨이 고장 났네"
1:12:47,Your old Army buddy was at the back door for almost five minutes.,"당신 군대 친구분
거의 5분 동안 뒷문에 서 있었어"
1:12:50,"Actually, I was his team leader seven years.","친구가 아니라 지휘관이었죠
7년 동안요"
1:12:53,"[CHUCKLING] Oh, my... Baby, I'm so sorry. I must have forgot-- this is...","이런, 미안해
내가 깜빡했나 봐"
1:12:56,I got the days mixed up. This is Robert McCall.,"날짜를 헷갈렸네
이분은 로버트 맥콜"
1:12:59,"This is my wife, Carol. Hi.","- 여긴 제 아내 캐롤이에요
- 반가워요"
1:13:01,Hi. Pleasure to meet you. My pleasure. Thanks.,"- 반가워요, 로버트
- 반갑습니다"
1:13:03,"These are... these are our daughters. Molly, Alice. Hi. Hi.","- 우리 애들이에요, 몰리, 앨리스
- 안녕"
1:13:05,"Come here, baby. Come here. How are you?","- 이리 오렴
- 반갑구나"
1:13:07,Please make yourself at home. Say hi to...,"- 편하게 계세요
- 인사드리자"
1:13:08,"Oh, thank you. Thank you. Call him Mac.","- 고맙습니다
- 아니에요 맥콜 아저씨야
커피 좀 드려요?"
1:13:10,"Do you want some coffee? Uh, no. I'm fine, thank you.","맥콜 아저씨야
커피 좀 드려요? 아니야, 괜찮아"
1:13:12,"Sorry about the mess. We were just... No problem, no problem.","- 집이 난장판이네요
- 아닙니다"
1:13:14,I gotta get these two off to school.,"- 애들 학교 데려다줘야 해서요
- 그래요"
1:13:16,"Okay. Girls, let's go.","- 애들 학교 데려다줘야 해서요
- 그래요 얘들아, 가자
옷 갈아입어야지"
1:13:18,Out of these pajamas.,"얘들아, 가자
옷 갈아입어야지"
1:13:23,CAROL: Nice.,그래
1:13:24,"Robert, nice to meet you. Oh, my pleasure.","- 로버트, 반가웠어요
- 저도요"
1:13:27,CAROL: All righty. Sit down. Come here.,"- 이리 와, 딸
- 앉으세요"
1:13:28,Yep.,그래
1:13:30,CAROL: Take these off. Let's go.,어서 갈아입자
1:13:31,You all right? Yeah. Mm-hmm.,"- 괜찮으세요?
- 그럼"
1:13:37,You got a beautiful family. Thanks.,"- 정말 보기 좋은 가족이군
- 고마워요"
1:13:40,What's going on?,무슨 일이에요?
1:13:45,I took this off the guy...,이걸 찾아냈어
1:13:49,who tried to kill me yesterday.,어제 날 죽이려 한 놈에게서
1:13:51,It's like you said-- they're cleaning up.,"자네가 말한 대로
놈들은 정리하고 있어"
1:13:52,Everybody who's looking into the Brussels hit-- nobody's safe.,"브뤼셀 사건을
조사하는 모두가 위험해"
1:13:57,"You, your family.","자네, 자네 가족"
1:13:59,Nobody. That's military-grade encryption.,"모두가 위험해
군에서 암호화한 거야"
1:14:02,"You should take it to your office, run the numbers and, uh,","정보국으로 가져가서
번호를 조회해봐"
1:14:05,check the names against the passenger manifests,"비행 날짜 전후해서
브뤼셀을 드나든"
1:14:08,in and out of Brussels in the days surrounding the flight.,"비행 날짜 전후해서
브뤼셀을 드나든 승객 명단에서 이름을 대조해봐"
1:14:12,Whoever we're looking for made calls to that phone.,"우리가 찾고 있는 자가
그 휴대폰으로 전화했을 거야"
1:14:14,I'm on it. I'm on it.,알았어요
1:14:46,"Tell me I'm wrong, Dave.","내가 틀렸다고 말해, 데이브"
1:14:49,You gonna answer it?,안 받을 건가?
1:14:57,"What happened, Dave?","어떻게 된 거지, 데이브?"
1:15:05,You died. [CHUCKLES],선배는 죽었었죠
1:15:14,That's what happened.,그렇게 된 겁니다
1:15:18,"Three months after you... mmm, disappeared,",선배가 사라지고 석 달 후에
1:15:22,government shut us down. [SNIFFS],정부에서 우리를 해체시켰어요
1:15:25,I went private right after.,"그리고 전 바로
개인 사업을 시작했어요"
1:15:29,Doing the same things you and I did for God and country--,"우리가 미국을 위해 하던 일을
그대로 하는 거죠"
1:15:32,killing names on a piece of paper.,"서류에 적힌 이름을
찾아서 죽이는 일"
1:15:34,Only now...,단지 이제는
1:15:36,now there's a price next to them.,이름 옆에 가격이 붙었을 뿐이에요
1:15:38,We killed the enemy. Who said they were the enemy?,"- 우리는 적을 죽였어
- 적이라고 누가 그랬죠?"
1:15:41,Not us. Not me.,"우린 아니잖아요, 저도 아니고"
1:15:45,We just followed orders.,우리는 그저 명령을 따른 거예요
1:15:51,Mac...,선배
1:15:52,there are no good and bad people anymore.,"착한 놈과 나쁜 놈은
더 이상 없어요"
1:15:55,No.,없죠
1:15:56,No enemies. Just...,적은 없고...
1:16:01,unfortunates.,운 나쁜 이들만 있을 뿐
1:16:02,And Susan?,그럼 수전은?
1:16:07,Unfortunate.,운이 나빴죠
1:16:13,DAVE [VOICE-OVER]: No one knew the Brussels contract was a deep agency asset.,"브뤼셀 타깃이
정보국 사람인 건 누구도 몰랐어요"
1:16:20,Susan was gonna figure out who was in that dining room.,"수전은 그 거실에
누가 있었는지 밝혀내려 했어요"
1:16:23,"She was the only one who could have, right?","수전만이 할 수 있었죠, 그렇죠?"
1:16:26,Until you crawled out of your grave.,"선배가 무덤에서
기어 나오기 전까지는"
1:16:34,You get the chocolate?,초콜릿은 사 왔어?
1:16:40,"[SIGHING] Oh, fuck.",젠장
1:16:58,"Susan worked in a dangerous world, Mac.",수전은 위험한 바닥에서 일했어요
1:17:02,Could have happened anytime by anybody. But it wasn't anybody; it was you.,"- 누구한테든 당할 수 있었어요
- 하지만 자네였지"
1:17:06,Just...,제발...
1:17:12,"You spare me the righteous bullshit, all right?",훈계는 할 생각도 말아요
1:17:17,"You do what you have to do, and you move on.",그냥 할 일이나 하고 잊어요
1:17:19,"There's no moving on from this, Dave.","이걸 잊을 수는 없어, 데이브"
1:17:22,"We all gotta pay for our sins. Oh, yeah, what about you?","- 우린 모두 죗값을 치러야 해
- 그럼 선배는요?"
1:17:25,Do you deserve to die for yours? Hundred times over.,"- 선배는 죽을죄를 지었어요?
- 수백 번 죽어야 하지"
1:17:27,Oh. All right.,그렇군요
1:17:29,"Well, guess what.",그거 알아요?
1:17:31,There is no sin.,죄 같은 건 없어요
1:17:36,No virtue.,선도 없고요
1:17:40,It's just shit people do.,그저 엿같은 일뿐이죠
1:17:44,They trained us to kill people,우린 살인을 훈련받았고
1:17:47,"and risk our lives doing it, and then one day,",목숨을 걸었어요
1:17:49,you get a call saying they're done with you.,"그러다가 이제 빠지라는
전화를 받죠"
1:17:52,"""Thank you for your service. Here's a plaque.""","'수고 많았습니다
명판 챙겨 가세요'"
1:17:55,You need a job? Good luck.,일자리 구하기도 쉽지 않죠
1:17:57,You need medical insurance? See the VA.,"의료 보험이 필요해요?
재향 군인국을 봐요"
1:18:04,"See, one day, you're an asset.",처음엔 대우를 받다가
1:18:06,"The next, you're a fucking afterthought.",어느새 뒷전으로 밀려나죠
1:18:13,It was a natural evolution. It's who we were.,우리에게는 자연스러운 진화예요
1:18:17,It's what we did. It's what you did.,"우리가 한 짓이고
선배가 한 짓이죠"
1:18:20,Now it's what we do.,이제 우리가 할 뿐이죠
1:18:22,"""We""?",우리?
1:18:24,"It's not just me, Mac.",나 혼자라고 생각했어요?
1:18:29,It's all of us.,모두 함께예요
1:18:30,"Ari, Resnik, Kovac. All of us.","아리, 레즈닉, 코백, 모두요"
1:18:35,Family.,가족이군
1:18:56,Gentlemen. Mac.,"- 여러분
- 맥콜"
1:19:00,You look pretty good for a dead guy.,죽은 사람치곤 신수 훤하군요
1:19:03,"We all want you to know none of this is, uh, personal.","우리도 어쩔 수 없다는 걸
알아줘요"
1:19:08,"McCALL: What you do, what you become is not my concern.","너희가 무슨 일을 하든
내 알 바 아니지"
1:19:11,The world is full of so-called men like you.,"세상은 너희처럼
남자 행세 하는 자들로 가득하니까"
1:19:13,"And in a perfect world,",이치에 맞는 세상이라면
1:19:16,"everything we do comes with a price, but...",대가가 따르겠지만
1:19:19,this ain't a perfect world.,여기는 그런 세상이 아니야
1:19:21,People do bad things.,사람들은 나쁜 짓을 저지르고
1:19:23,"If you're lucky, you get a chance to...",운이 좋으면
1:19:26,set it right.,바로잡을 기회를 얻지만
1:19:27,"But most of the time, it goes unpunished.",대부분 무사히 빠져나가
1:19:32,This ain't one of them times.,하지만 이번은 아니야
1:19:35,"The mistake you made was you killed my friend,",내 친구를 죽인 건 실수였어
1:19:38,"so I'm going to kill each and every one of you,",그래서 너희 모두를 죽일 거다
1:19:41,and the only disappointment in it for me is that I only get to do it once.,"실망스러운 점은
한 번밖에 못 한다는 거지"
1:19:44,CAROL: Train's gotta go. [MOLLY CHUCKLES] Alice has music practice at 7:45.,"이제 가야 해, 앨리스는
7시 45분에 음악 연습이야"
1:19:48,"Hey, Ari, fellas. ARI: Hey, Carol.","- 아리, 모두, 안녕하세요
- 안녕하세요, 캐롤"
1:19:50,"CAROL: Robert, hope to see you again. Nice to meet you, too.","- 로버트, 나중에 또 봬요
- 반가웠어요"
1:19:57,"Dave said you could give me a lift to the, uh, station?","데이브가 그러는데
역까지 태워다주실 수 있다면서요?"
1:20:00,"Bye, Daddy. Bye, Dad.","- 안녕, 아빠
- 안녕"
1:20:03,Help and company? Let's go.,"동행도 해주시고
도움도 주시겠다고요? 좋죠"
1:20:07,See? Help and company.,봤나? 서로 돕고 사는 거지
1:20:10,CAROL: You take the little one. McCALL: Okay.,"- 둘째 챙겨주세요
- 좋아요"
1:20:18,Come on.,가자
1:20:25,[DOORS CLOSE] McCALL: See you at work.,일터에서 보자고
1:20:43,"Look, I don't think my wife had a favorite.","아내는 딱히 좋아하는 옷이
없었을 거예요"
1:20:47,She never gave a lot of thought to clothes.,옷에 별로 신경을 안 썼거든요
1:20:53,I'm fine.,난 괜찮아요
1:20:54,I'll bring something over in the morning.,아침에 뭐라도 가져갈게요
1:23:14,Who's coming after me?,누가 날 노리는 거지?
1:23:17,The men who killed Susan.,수전 죽인 놈들
1:23:21,Why?,왜?
1:23:24,Because you're a loose end.,뒤처리를 하는 거지
1:23:57,"What's up, Miles?","무슨 일이야, 마일스?"
1:23:59,"MILES: Hey, yo, what up, man?","무슨 일이야, 마일스? 별일 없죠?"
1:24:00,"Where are you? Yeah, I'm at your crib, actually.","- 어디야?
- 아저씨 집이에요"
1:24:04,"All right, listen, son. I don't have time right...","- 어디야?
- 아저씨 집이에요 마일스, 지금 급한 일이 있어서..."
1:24:06,Finishing up these walls.,벽 마무리하고 있어요
1:24:07,Going with the spearmint green.,벽 마무리하고 있어요 스피어민트 초록으로 하고 있어요
1:24:09,"Yo, you got any food around here? I'm starving.","먹을 게 있기는 한 거예요?
배고픈데"
1:24:19,McCALL: What's all that barking?,왜 짖는 거지?
1:24:22,Go to the window. Tell me what you see. Yeah.,"- 창문으로 가서 보이는 걸 말해
- 네"
1:24:27,"Hey, these dogs outside going crazy.",밖에 있는 개들 미쳤네요
1:24:29,Listen. Hey. Out toward the street--,잘 들어 거리 쪽에 뭐가 보이는지 말해
1:24:31,tell me what you see.,거리 쪽에 뭐가 보이는지 말해
1:24:33,"Oh, it's just some dude out here delivering pizza.",피자 배달부뿐이에요
1:24:37,Hang on.,기다려
1:25:07,"[DOORKNOB RATTLING] MILES [WHISPERING]: Hey, yo.",저기요
1:25:10,"Hey, yo, Mr. McCall.",맥콜 씨
1:25:13,Shit.,젠장
1:25:16,"Oh, shit.",망할
1:25:18,"Hey, Mr. McCall, I think somebody's trying to get ins...","맥콜 씨, 누군가 들어오려고..."
1:25:21,"Miles, listen to me real carefully.","마일스, 내 말 잘 들어라"
1:25:23,Go to the bedroom. Go to my bedroom. You'll see a bookshelf.,침실로 가면 책장이 있을 거다
1:25:26,"Go. Yo, what?","- 가
- 네?"
1:25:27,Just go.,"- 가
- 네? - 어서
- 무슨..."
1:25:28,"Hey, yo, what...? Miles.","- 어서
- 무슨... - 마일스
- 네"
1:25:30,A'ight. A'ight. Miles. See it?,"- 마일스
- 네 - 마일스
- 네 - 찾았니?
- 네"
1:25:33,Yeah. All right.,"- 찾았니?
- 네 좋아"
1:25:35,"Middle shelf, there's a book by Richard Wright, ""Native Son.""","책장 중간에 리처드 라이트가 쓴
'네이티브 선'이 있을 거다"
1:25:38,What? Listen. Just do what I tell you.,"- 네?
- 마일스 그냥 내 말대로 해"
1:25:40,"""Native Son."" ""Native Son.""","- '네이티브 선'
- 꺼내"
1:25:41,"Pull it out. What, you want me to read it?","- '네이티브 선'
- 꺼내 - 이거 읽으라고요?
- 책을 꺼내면"
1:25:43,Pull the book out. You'll see a button behind it.,버튼이 보일 거다
1:25:45,I want you to push the button. [DOOR OPENS],그 버튼을 눌러
1:25:53,You're gonna push the button. It'll open up.,버튼을 누르면 열릴 거고
1:25:55,You go inside. You close the door behind you.,들어가서 문을 닫아
1:26:00,MILES: A'ight.,알았어요
1:26:04,"MILES: Man. Oh, man, oh, man.",망할
1:26:30,"Yo, what is this place? All right, calm down, calm down.","- 여긴 뭐예요?
- 진정해"
1:26:34,Just sit down. Be quiet.,앉아서 소리 내지 마
1:26:36,Be very quiet. Don't move.,"아무 소리도 내지 마
움직이지도 말고"
1:26:45,"Hey, Mr. McCall.",맥콜 씨
1:26:47,"Yo, who are these people? Let me worry about that.","- 저놈들 누구예요?
- 그건 신경 쓰지 마"
1:27:03,Clear.,이상 무
1:27:19,[PANTING] Calm down.,침착해
1:27:21,Get in the hole. Go inside. All right.,"- 안쪽으로 들어가
- 네"
1:27:25,"Yo, man, I don't do well in small spaces, man.",폐소공포증 있단 말이에요
1:27:28,"Yo, I can't even breathe, man. Son, son, slow down.","- 숨도 못 쉰다고요
- 마일스, 진정해"
1:27:32,Fucking lungs is... is closing up and shit.,폐가 쪼그라들고 있어요
1:27:49,MILES: He's looking right at me.,날 보고 있어요
1:27:51,McCALL: Don't worry about him. It's a two-way mirror.,"걱정하지 마
저쪽은 거울이야"
1:27:52,You can see them. They can't see you.,"너는 저들을 볼 수 있지만
저들은 널 못 봐"
1:27:54,"Man, it's too dark in here.",여기 너무 깜깜해요
1:27:56,"Yo, I can't even feel my legs. I can't even see my feet.","다리에 감각이 없어요
발이 보이지도 않아요"
1:27:59,McCALL: Relax. Just breathe. Don't talk too loud.,"차분히 심호흡해
조용히 말하고"
1:28:06,Turn your phone off. They'll see the light.,"휴대폰을 꺼라
불빛이 보일 거야"
1:28:08,Turn it off.,어서 꺼
1:28:09,Fuck.,젠장
1:28:14,Fuck.,젠장
1:29:07,"McCALL: How you doing, Dave?","별일 없나, 데이브?"
1:29:09,You know who it is.,누군지 알겠지
1:29:11,"Listen, since you're in my house, water my plants for me, will you?","내 집에 있으니 부탁 좀 하지
화분에 물 좀 주겠나?"
1:29:14,'Cause I'm not gonna be back for a while.,한동안 안 돌아갈 거라서
1:29:28,"It's a mistake to go to war with us, McCall.",우리와 전쟁을 벌여서는 안 됐어요
1:29:31,"You got it backwards, Dave. You're going to war with me.","반대로 알고 있군
전쟁은 너희가 먼저 시작했어"
1:29:36,You know where I'll be.,내가 갈 곳은 알겠지
1:30:14,I know where he's headed.,어디로 갈지 알겠어
1:30:19,He's going home.,집으로 가는 거야
1:31:28,"Hey, kid.",안녕
1:31:32,Back up.,물러나
1:31:49,"The town's evacuated. How you doing, Officer?","대피령이 떨어졌습니다 수고 많으십니다
방금 2교대 근무가 끝났는데"
1:31:52,Just got off a double shift. Just gonna check,"수고 많으십니다
방금 2교대 근무가 끝났는데 가스 켜두고 왔는지만 확인할게요"
1:31:53,"and see if I left my gas on. All right, make it quick.",가스 켜두고 왔는지만 확인할게요 빨리하세요
1:31:57,Let the gray BMW through. MAN [OVER RADIO]: Copy that.,"- 회색 BMW 통과시켜
- 네"
1:32:57,What do we have here?,이건 또 뭐야?
1:33:04,I need you to turn around.,"""주 경찰"" 차 돌리세요"
1:33:06,Town's been evacuated.,대피하셔야 합니다
1:33:43,Where are you?,어디 계시려나
1:33:57,Slow down.,천천히
1:34:05,That was his wife's bakery.,저기가 그의 아내 빵집이었지
1:34:07,Go.,가자
1:34:13,Pull over here.,세워
1:34:32,DAVE: Clear the alley. Mac's house is back there.,"골목 확인해
맥콜 집은 뒤에 있다"
1:34:53,"MAN: Making entry, yellow house.",노란 집 진입한다
1:34:57,[OVER RADIO] All clear. Coming out.,"이상 무, 나가겠다"
1:35:12,Taking high ground.,고지대로 간다
1:36:02,I got movement-- 12:00.,12시 방향에 움직임
1:36:04,"[TWO GUNSHOTS] Kovac, move in.","코백, 전진해"
1:36:07,"[OVER RADIO] Ari, what's your sitrep? Locking down, south side.","- 아리, 상황 보고해
- 남측 봉쇄"
1:36:24,"KOVAC [OVER RADIO]: Making entry, north side.",북측 진입한다
1:37:57,[OVER RADIO] Kovac!,코백!
1:37:59,"Kovac, come back!","코백, 대답해!"
1:38:01,Shots fired!,"코백, 대답해! 발포다"
1:38:03,Shots fired! I'm going in. Going in.,진입하겠다
1:38:06,"York, you got eyes on him?","요크, 레즈닉이 시야에 잡히나?"
1:38:07,I see him.,보고 있어
1:38:18,"Making entry, north side.",북측 진입한다
1:38:21,Fuck.,젠장
1:38:32,"Ah, fuck.",빌어먹을
1:38:34,Kovac's down. He's gone. DAVE: Say again. Kovac.,"- 코백이 당했다
- 뭐라고?"
1:38:38,He's down. He's fucked.,코백이 뒈졌다고!
1:38:39,DAVE: Push towards the ocean.,바다 쪽으로 전진한다
1:38:42,Repeat-- push towards the ocean.,"바다 쪽으로 전진한다 반복한다, 바다 쪽으로 전진"
1:39:29,What the fuck?,뭐지?
1:40:14,Resnik! Somebody talk to me.,아리! 레즈닉! 아무도 없어?
1:40:17,Ari.,아리
1:40:20,Son of a bitch!,빌어먹을
1:40:32,Ari's down! Ari's down!,아리가 당했다!
1:40:35,And Mac made a fucking mess of him!,"아리가 당했어!
맥콜이 난도질을 해놨어!"
1:40:40,There's pictures of Susan everywhere.,여기저기에 수전 사진이야
1:40:42,"He's picking us apart, man.",우리를 산산조각 내고 있어
1:40:44,I need fucking eyes!,시야가 필요해!
1:41:34,Goddamn it!,젠장!
1:41:40,I'm on the southwest corner of the yellow building.,지금 노란 건물 남서쪽 코너인데
1:41:43,I got a blood trail-- looks like he's headed,"지금 노란 건물 남서쪽 코너인데 핏자국을 발견했어
중심가로 향하는 모양이야"
1:41:45,across the main drag. Rear of the bakery.,"핏자국을 발견했어
중심가로 향하는 모양이야 빵집 뒤쪽이야"
1:41:47,RESNIK [OVER RADIO]: Copy that.,알았어
1:42:53,"Move inside, Resnik. Move inside.","진입해, 레즈닉"
1:43:48,"Resnik, do you copy?","레즈닉, 들리나?"
1:43:51,Resnik!,레즈닉!
1:43:53,Come back!,대답해!
1:44:08,Fuck!,젠장!
1:44:23,"Just me and you, Dave.","이제 우리 둘뿐이야, 데이브"
1:44:25,[OVER RADIO] Nobody's left. Not exactly.,"- 아무도 안 남았어
- 그렇진 않아요"
1:44:38,DAVE: Remember what you taught me.,나한테 가르쳐줬잖아요
1:44:40,Always have a contingency plan.,항상 비상 대책을 준비하라고
1:44:49,"Come on, Mac.","나와요, 선배"
1:44:52,Show yourself.,얼굴 좀 봅시다
1:45:18,"DAVE: I don't know who the kid is, Mac, or if he means anything to you.","저 꼬맹이가 누구인지도 모르고
선배한테 중요한지도 모르지만"
1:45:22,I took the chance that he matters.,중요하다에 걸어보죠
1:45:26,I'll make it simple.,간단하게 합시다
1:45:28,"Step out, show yourself, and I won't kill the kid.",나오면 저놈은 살려주죠
1:45:44,The wind makes it interesting.,바람 때문에 재미있어지네요
1:45:48,Side mirror. [GUNSHOT],사이드 미러
1:45:52,Two more. Third one goes through the middle of the trunk.,"두 발 더 쏘죠
세 번째는 트렁크 중앙입니다"
1:46:02,Taillight.,미등
1:46:06,I was a hair off on that one. I might've hit the kid.,"살짝 빗나갔네요
녀석을 맞혔을지도 몰라요"
1:46:15,"All right! Time's up, Mac.","시간 다 됐어요, 선배"
1:46:30,"Nice move, Mac.","끝내줬어요, 선배"
1:46:32,But it's not gonna make any difference.,하지만 그런다고 달라질 건 없어요
1:46:37,"Where are you, you son of a bitch?",어디야? 이 개자식!
1:47:10,"Fuck you, Mac!",죽여버리겠어!
1:47:12,Fuck you!,뒈지라고!
1:47:15,"You couldn't save your wife, you couldn't save Susan,","넌 비비언도 수전도
구할 수 없었어"
1:47:19,and you're not gonna save this fucking kid.,"넌 비비언도 수전도
구할 수 없었어 이 꼬맹이 자식도 못 구하겠지"
1:47:22,Is that in your playbook?,그게 계획인가?
1:47:25,Is that in your fucking playbook?,그게 네놈 계획이냐고!
1:47:28,Show yourself!,나와!
1:49:19,"McCALL: All right, take your time.",천천히
1:49:21,Right here. Sit down right here.,여기 앉아
1:49:42,Put this on.,걸쳐
1:49:48,There you go.,그렇지
1:49:50,Let's see.,어디 보자
1:49:54,"Yeah, it went in and out.",관통했어
1:49:56,It's not bad.,괜찮을 거야
1:50:01,"Hey, yo. Yeah?","- 아저씨
- 응"
1:50:03,"My moms is gonna be pissed. Yeah, I'll talk to her.","- 엄마가 가만 안 둘걸요
- 내가 말씀드릴게"
1:50:07,"Yo, not at me, man.",내가 아니라
1:50:09,"At you. You talk to her, then.","- 아저씨한테요
- 그럼 네가 말씀드려라"
1:50:12,A'ight.,알았어요
1:50:13,"Count to three. One, two, three. Three.","- 셋 세, 하나, 둘 ,셋
- 셋"
1:50:19,It's all good. Yep.,"- 이제 됐어요
- 그래"
1:50:20,I got your back. [CHUCKLES] I appreciate it.,"- 내가 있잖아요
- 고맙다"
1:50:23,"Hey, Mr. McCall. Yeah?","- 맥콜 씨
- 왜?"
1:50:28,"Who are you, man?",대체 누구세요?
1:51:25,"MILES: Hey, Mr. McCall. Yeah?","- 맥콜 씨
- 응?"
1:51:27,I think the bleeding stopped.,출혈이 멈췄나 봐요
1:51:30,Good. Good.,잘됐네
1:51:37,Sit down.,앉아
1:51:38,This your place?,아저씨 집이에요?
1:51:40,"Yes, it is.",그래
1:51:41,"Come on, sit down.",와서 앉아
1:52:31,What are you drawing?,뭐 그리는 거야?
1:52:36,"I'm, uh...",그게...
1:52:39,I'm working on a superhero character.,슈퍼히어로 캐릭터야
1:52:42,What's his power? What's his power?,"- 무슨 능력을 가졌는데?
- 무슨 능력이라..."
1:52:46,He knows things before you do.,너보다 한발 앞서 알아차리지
1:52:48,"You know, he has, uh...",그리고...
1:52:51,"secret rooms, magic locks.",비밀 방과 신기한 자물쇠가 있고
1:52:54,"You know, shit like that.",뭐 그런 거야
1:52:56,S-St-Stuff like that.,그런 캐릭터야
1:52:58,He fly?,하늘도 날아?
1:53:00,Nah.,아니
1:53:02,He act-actually drives a Malibu.,근데 말리부를 몰아
1:53:05,[LAUGHING] That's funny?,재밌어?
1:53:07,Honestly... that's cool.,좀 쿨하네
1:53:10,Okay. [LAUGHS] I love it.,"- 그래?
- 재밌겠다"
1:53:12,"Oh, respect. I-I appreciate that.",고마워
1:53:53,"MAN: So... so you can understand, um,",잘 아시잖아요
1:53:57,"that when a resident, uh, says things",여기 분들이 얘기하실 때
1:54:00,"that are, um... that are grandiose by nature,",여기 분들이 얘기하실 때 본의 아니게 과장하신다는 걸요
1:54:06,we tend to dismiss it.,그래서 저희도 곧잘 흘려들어요
1:54:08,"So you can imagine how, um, surprised we were today when, uh... when, um...","그러니 저희가
오늘 얼마나 놀랐겠어요"
1:54:15,"If you could just give me a moment, okay?",잠시만 계세요
1:54:29,Here.,들어가세요
1:54:38,My Sammy?,우리 새미?
1:54:48,Magda. Oh!,마그다
